job_id,job_title,company,location,posted_date,role_category,salary_usd,description
213,Data Scientist,Junction Mobility,Remote,2025-08-19,Data Scientist,111000,"Junction Mobility is hiring a Data Scientist to help scale our data capabilities. In this role you'll design, build, and maintain solutions using Statistics, Python, A/B testing, Machine Learning, SQL, and Computer Vision. We're looking for someone with strong problem-solving skills, excellent communication, and a passion for data-driven decision making. Entry-level candidates with strong internship experience are encouraged to apply."
238,Business Data Analyst,Northwind Digital,"Los Angeles, CA",2025-08-19,Data Analyst,99500,"We are looking for a Business Data Analyst to join our growing team at Northwind Digital. You will work closely with cross-functional stakeholders to turn data into actionable insight. Key requirements include hands-on experience with MongoDB, Power BI, SQL, Excel, Data warehousing, Git, and Python. The ideal candidate is comfortable working in a fast-paced, collaborative environment and has a strong track record of delivering measurable business impact. 5+ years of professional experience required."
419,Data Scientist,Delta Freight Systems,"Berlin, Germany",2025-08-19,Data Scientist,118000,"Delta Freight Systems is hiring a Data Scientist to help scale our data capabilities. In this role you'll design, build, and maintain solutions using TensorFlow, Scikit-learn, Python, NLP, Deep Learning, R, and A/B testing. We're looking for someone with strong problem-solving skills, excellent communication, and a passion for data-driven decision making. 5+ years of professional experience required."
1009,Data Analyst,Riverstone Tech,"Seattle, WA",2025-08-19,Data Analyst,91500,"Join Riverstone Tech as a Data Analyst! You'll be responsible for building and maintaining systems that rely on Python, SQL, Excel, Power BI, and Google Cloud Platform. This is a great opportunity for someone who enjoys solving complex problems and working with a talented, supportive team. Minimum of 2 years in a similar role."
1208,Data Analyst,Delta Freight Systems,"Pune, India",2025-08-19,Data Analyst,24000,"Delta Freight Systems is hiring a Data Analyst to help scale our data capabilities. In this role you'll design, build, and maintain solutions using Excel, Tableau, Google Cloud Platform, Python, Power BI, Git, and Data warehousing. We're looking for someone with strong problem-solving skills, excellent communication, and a passion for data-driven decision making. Minimum of 2 years in a similar role."
1333,ETL Developer,Zenith Aerospace,"Berlin, Germany",2025-08-19,Data Engineer,108000,"As a ETL Developer at Zenith Aerospace, you will partner with engineering and product teams to deliver high-quality, reliable solutions. Required skills: Python, NoSQL, Spark, Redshift, and BigQuery. Bonus points if you have experience mentoring junior team members and contributing to a strong engineering culture. Minimum of 2 years in a similar role."
1692,Junior Data Analyst,Bluepeak Technologies,"Hyderabad, India",2025-08-19,Data Analyst,22000,"Bluepeak Technologies is hiring a Junior Data Analyst to help scale our data capabilities. In this role you'll design, build, and maintain solutions using SQL, A/B testing, Google Cloud Platform, Python, and Looker. We're looking for someone with strong problem-solving skills, excellent communication, and a passion for data-driven decision making. Entry-level candidates with strong internship experience are encouraged to apply."
336,Business Data Analyst,Fenwick Pharma,"San Francisco, CA",2025-08-20,Data Analyst,99500,"We are looking for a Business Data Analyst to join our growing team at Fenwick Pharma. You will work closely with cross-functional stakeholders to turn data into actionable insight. Key requirements include hands-on experience with R, Excel, Statistics, Tableau, Data warehousing, Python, and Power BI. The ideal candidate is comfortable working in a fast-paced, collaborative environment and has a strong track record of delivering measurable business impact. 5+ years of professional experience required."
386,Lead Data Scientist,Meridian Health Analytics,"Seattle, WA",2025-08-20,Data Scientist,190000,"Meridian Health Analytics is hiring a Lead Data Scientist to help scale our data capabilities. In this role you'll design, build, and maintain solutions using A/B testing, SQL, Python, AWS, Machine Learning, and TensorFlow. We're looking for someone with strong problem-solving skills, excellent communication, and a passion for data-driven decision making. Minimum of 2 years in a similar role."
434,Business Data Analyst,Junction Mobility,"San Francisco, CA",2025-08-20,Data Analyst,130500,"As a Business Data Analyst at Junction Mobility, you will partner with engineering and product teams to deliver high-quality, reliable solutions. Required skills: Excel, Python, Google Cloud Platform, Power BI, and Statistics. Bonus points if you have experience mentoring junior team members and contributing to a strong engineering culture. Minimum of 2 years in a similar role."
556,Deep Learning Engineer,Delta Freight Systems,Singapore,2025-08-20,ML Engineer,177500,"Delta Freight Systems is hiring a Deep Learning Engineer to help scale our data capabilities. In this role you'll design, build, and maintain solutions using Computer Vision, Kubernetes, Azure, Python, and Machine Learning. We're looking for someone with strong problem-solving skills, excellent communication, and a passion for data-driven decision making. Entry-level candidates with strong internship experience are encouraged to apply."
765,AI Engineer,Marlin Shipping,"Pune, India",2025-08-20,ML Engineer,52500,"We are looking for a AI Engineer to join our growing team at Marlin Shipping. You will work closely with cross-functional stakeholders to turn data into actionable insight. Key requirements include hands-on experience with Machine Learning, Kubernetes, AWS, Python, and Azure. The ideal candidate is comfortable working in a fast-paced, collaborative environment and has a strong track record of delivering measurable business impact. 3+ years of relevant experience preferred."
1352,Business Data Analyst,Summit Cloud Solutions,"Los Angeles, CA",2025-08-20,Data Analyst,71000,"Join Summit Cloud Solutions as a Business Data Analyst! You'll be responsible for building and maintaining systems that rely on Python, A/B testing, Tableau, SQL, Data warehousing, and Power BI. This is a great opportunity for someone who enjoys solving complex problems and working with a talented, supportive team. 5+ years of professional experience required."
1487,Data Scientist,Evergreen Logistics,"London, UK",2025-08-20,Data Scientist,118500,"As a Data Scientist at Evergreen Logistics, you will partner with engineering and product teams to deliver high-quality, reliable solutions. Required skills: Computer Vision, Statistics, NLP, and SQL. Bonus points if you have experience mentoring junior team members and contributing to a strong engineering culture. Ideal for candidates with 4-6 years of industry experience."
1749,Data Scientist,Hilltop Ventures,"Chicago, IL",2025-08-20,Data Scientist,98500,"Join Hilltop Ventures as a Data Scientist! You'll be responsible for building and maintaining systems that rely on Python, Machine Learning, Statistics, Spark, Computer Vision, Scikit-learn, and A/B testing. This is a great opportunity for someone who enjoys solving complex problems and working with a talented, supportive team. Minimum of 2 years in a similar role."
382,Lead Data Scientist,Fenwick Pharma,"Mumbai, India",2025-08-21,Data Scientist,56500,"Fenwick Pharma is hiring a Lead Data Scientist to help scale our data capabilities. In this role you'll design, build, and maintain solutions using TensorFlow, A/B testing, Machine Learning, Statistics, PyTorch, Python, and SQL. We're looking for someone with strong problem-solving skills, excellent communication, and a passion for data-driven decision making. Ideal for candidates with 4-6 years of industry experience."
489,Reporting Analyst,Riverstone Tech,"New York, NY",2025-08-21,Data Analyst,89000,"Riverstone Tech is hiring a Reporting Analyst to help scale our data capabilities. In this role you'll design, build, and maintain solutions using Power BI, R, Python, Excel, SQL, Statistics, and Data warehousing. We're looking for someone with strong problem-solving skills, excellent communication, and a passion for data-driven decision making. Ideal for candidates with 4-6 years of industry experience."
1130,Marketing Data Analyst,Falcon FinTech,"Mumbai, India",2025-08-21,Data Analyst,22000,"Falcon FinTech is hiring a Marketing Data Analyst to help scale our data capabilities. In this role you'll design, build, and maintain solutions using Power BI, SQL, Git, Data warehousing, Tableau, and Statistics. We're looking for someone with strong problem-solving skills, excellent communication, and a passion for data-driven decision making. 3+ years of relevant experience preferred."
570,ETL Developer,Delta Freight Systems,"Denver, CO",2025-08-22,Data Engineer,153500,"Join Delta Freight Systems as a ETL Developer! You'll be responsible for building and maintaining systems that rely on Spark, BigQuery, Snowflake, dbt, Kafka, and ETL. This is a great opportunity for someone who enjoys solving complex problems and working with a talented, supportive team. Entry-level candidates with strong internship experience are encouraged to apply."
708,Software Development Engineer,Redwood Bank,"Toronto, Canada",2025-08-22,Software Engineer,112500,"Join Redwood Bank as a Software Development Engineer! You'll be responsible for building and maintaining systems that rely on PostgreSQL, Java, Linux, and Docker. This is a great opportunity for someone who enjoys solving complex problems and working with a talented, supportive team. 5+ years of professional experience required."
858,ML Ops Engineer,Echo Streaming,"New York, NY",2025-08-22,ML Engineer,129000,"Echo Streaming seeks an experienced ML Ops Engineer to support our expanding analytics function. Day-to-day responsibilities include working with Python, Spark, Machine Learning, Deep Learning, Kubernetes, Scikit-learn, and AWS to build scalable, production-grade systems. We value curiosity, ownership, and clear communication. Minimum of 2 years in a similar role."
1664,Deep Learning Engineer,Lighthouse AI,"Boston, MA",2025-08-22,ML Engineer,191500,"Join Lighthouse AI as a Deep Learning Engineer! You'll be responsible for building and maintaining systems that rely on PyTorch, Docker, AWS, Spark, Kubernetes, TensorFlow, and Deep Learning. This is a great opportunity for someone who enjoys solving complex problems and working with a talented, supportive team. Ideal for candidates with 4-6 years of industry experience."
1993,Backend Engineer,Willow Health Systems,"Toronto, Canada",2025-08-22,Software Engineer,106500,"Join Willow Health Systems as a Backend Engineer! You'll be responsible for building and maintaining systems that rely on Git, Linux, Java, Agile, PostgreSQL, AWS, and REST API. This is a great opportunity for someone who enjoys solving complex problems and working with a talented, supportive team. Entry-level candidates with strong internship experience are encouraged to apply."
1132,Junior Data Analyst,Zenith Aerospace,Remote,2025-08-23,Data Analyst,76000,"We are looking for a Junior Data Analyst to join our growing team at Zenith Aerospace. You will work closely with cross-functional stakeholders to turn data into actionable insight. Key requirements include hands-on experience with Google Cloud Platform, SQL, Python, Data warehousing, and Excel. The ideal candidate is comfortable working in a fast-paced, collaborative environment and has a strong track record of delivering measurable business impact. Entry-level candidates with strong internship experience are encouraged to apply."
1277,Applied ML Engineer,Marlin Shipping,"San Francisco, CA",2025-08-23,ML Engineer,188000,"Marlin Shipping is hiring a Applied ML Engineer to help scale our data capabilities. In this role you'll design, build, and maintain solutions using TensorFlow, Machine Learning, PyTorch, Scikit-learn, Deep Learning, AWS, and Kubernetes. We're looking for someone with strong problem-solving skills, excellent communication, and a passion for data-driven decision making. Minimum of 2 years in a similar role."
1579,Data Analyst,Lumina Commerce,Remote,2025-08-23,Data Analyst,55000,"As a Data Analyst at Lumina Commerce, you will partner with engineering and product teams to deliver high-quality, reliable solutions. Required skills: Power BI, A/B testing, Python, Statistics, Tableau, Git, and SQL. Bonus points if you have experience mentoring junior team members and contributing to a strong engineering culture. 3+ years of relevant experience preferred."
368,ETL Developer,Sable Energy,"Atlanta, GA",2025-08-24,Data Engineer,99500,"Sable Energy is hiring a ETL Developer to help scale our data capabilities. In this role you'll design, build, and maintain solutions using Kafka, Hadoop, ETL, Spark, and Airflow. We're looking for someone with strong problem-solving skills, excellent communication, and a passion for data-driven decision making. 5+ years of professional experience required."
384,Platform Engineer,Riverstone Tech,"Boston, MA",2025-08-24,Software Engineer,123500,"As a Platform Engineer at Riverstone Tech, you will partner with engineering and product teams to deliver high-quality, reliable solutions. Required skills: Kubernetes, REST API, Git, Python, JavaScript, and AWS. Bonus points if you have experience mentoring junior team members and contributing to a strong engineering culture. Ideal for candidates with 4-6 years of industry experience."
453,Machine Learning Engineer,Bluepeak Technologies,"San Francisco, CA",2025-08-24,ML Engineer,166500,"We are looking for a Machine Learning Engineer to join our growing team at Bluepeak Technologies. You will work closely with cross-functional stakeholders to turn data into actionable insight. Key requirements include hands-on experience with TensorFlow, Kubernetes, NLP, Airflow, and Computer Vision. The ideal candidate is comfortable working in a fast-paced, collaborative environment and has a strong track record of delivering measurable business impact. Ideal for candidates with 4-6 years of industry experience."
565,Senior Software Engineer,Granite Data Partners,Remote,2025-08-24,Software Engineer,99000,"Join Granite Data Partners as a Senior Software Engineer! You'll be responsible for building and maintaining systems that rely on Linux, Git, Kubernetes, REST API, Docker, and Agile. This is a great opportunity for someone who enjoys solving complex problems and working with a talented, supportive team. Ideal for candidates with 4-6 years of industry experience."
604,Data Analyst,Juniper Cybersecurity,"Boston, MA",2025-08-24,Data Analyst,83500,"As a Data Analyst at Juniper Cybersecurity, you will partner with engineering and product teams to deliver high-quality, reliable solutions. Required skills: Looker, Power BI, Tableau, Statistics, Data warehousing, and ETL. Bonus points if you have experience mentoring junior team members and contributing to a strong engineering culture. Ideal for candidates with 4-6 years of industry experience."
758,Platform Engineer,Brightline Education,"Pune, India",2025-08-24,Software Engineer,46500,"Join Brightline Education as a Platform Engineer! You'll be responsible for building and maintaining systems that rely on AWS, Docker, Agile, and Java. This is a great opportunity for someone who enjoys solving complex problems and working with a talented, supportive team. 3+ years of relevant experience preferred."
801,Applied ML Engineer,Junction Mobility,"Chicago, IL",2025-08-24,ML Engineer,174500,"Join Junction Mobility as a Applied ML Engineer! You'll be responsible for building and maintaining systems that rely on Docker, Machine Learning, PyTorch, Python, Kubernetes, and Spark. This is a great opportunity for someone who enjoys solving complex problems and working with a talented, supportive team. Entry-level candidates with strong internship experience are encouraged to apply."
1049,Data Engineer,Vertex Insight Labs,"Los Angeles, CA",2025-08-24,Data Engineer,139500,"As a Data Engineer at Vertex Insight Labs, you will partner with engineering and product teams to deliver high-quality, reliable solutions. Required skills: Docker, dbt, Python, BigQuery, Airflow, and ETL. Bonus points if you have experience mentoring junior team members and contributing to a strong engineering culture. Ideal for candidates with 4-6 years of industry experience."
1807,Data Scientist II,Rustic Agritech,"Chicago, IL",2025-08-24,Data Scientist,142500,"Rustic Agritech is hiring a Data Scientist II to help scale our data capabilities. In this role you'll design, build, and maintain solutions using Python, A/B testing, Statistics, TensorFlow, and Deep Learning. We're looking for someone with strong problem-solving skills, excellent communication, and a passion for data-driven decision making. 5+ years of professional experience required."
1566,Marketing Data Analyst,Echo Streaming,Remote,2025-08-25,Data Analyst,58500,"As a Marketing Data Analyst at Echo Streaming, you will partner with engineering and product teams to deliver high-quality, reliable solutions. Required skills: Data warehousing, SQL, Git, and Statistics. Bonus points if you have experience mentoring junior team members and contributing to a strong engineering culture. 3+ years of relevant experience preferred."
1837,Senior Data Analyst,Juniper Cybersecurity,"Chicago, IL",2025-08-25,Data Analyst,83500,"Juniper Cybersecurity seeks an experienced Senior Data Analyst to support our expanding analytics function. Day-to-day responsibilities include working with Statistics, Tableau, A/B testing, and SQL to build scalable, production-grade systems. We value curiosity, ownership, and clear communication. Minimum of 2 years in a similar role."
1900,BI Analyst,Meridian Health Analytics,"Boston, MA",2025-08-25,Data Analyst,89500,"Join Meridian Health Analytics as a BI Analyst! You'll be responsible for building and maintaining systems that rely on Excel, SQL, Data warehousing, Tableau, and Statistics. This is a great opportunity for someone who enjoys solving complex problems and working with a talented, supportive team. Ideal for candidates with 4-6 years of industry experience."
395,Senior Data Analyst,Ivory Real Estate Tech,"Boston, MA",2025-08-26,Data Analyst,105500,"Ivory Real Estate Tech seeks an experienced Senior Data Analyst to support our expanding analytics function. Day-to-day responsibilities include working with A/B testing, Tableau, SQL, Power BI, and MongoDB to build scalable, production-grade systems. We value curiosity, ownership, and clear communication. 3+ years of relevant experience preferred."
643,Big Data Engineer,Brightline Education,"Bengaluru, India",2025-08-26,Data Engineer,48000,"Brightline Education is hiring a Big Data Engineer to help scale our data capabilities. In this role you'll design, build, and maintain solutions using Snowflake, Airflow, Docker, Azure, AWS, and Kafka. We're looking for someone with strong problem-solving skills, excellent communication, and a passion for data-driven decision making. 5+ years of professional experience required."
1002,Applied ML Engineer,Onyx Manufacturing,"Boston, MA",2025-08-26,ML Engineer,196000,"We are looking for a Applied ML Engineer to join our growing team at Onyx Manufacturing. You will work closely with cross-functional stakeholders to turn data into actionable insight. Key requirements include hands-on experience with PyTorch, Python, Deep Learning, Docker, TensorFlow, and Kubernetes. The ideal candidate is comfortable working in a fast-paced, collaborative environment and has a strong track record of delivering measurable business impact. Ideal for candidates with 4-6 years of industry experience."
1503,Data Analyst,Clearwater Consulting,"Bengaluru, India",2025-08-26,Data Analyst,26000,"As a Data Analyst at Clearwater Consulting, you will partner with engineering and product teams to deliver high-quality, reliable solutions. Required skills: Tableau, SQL, A/B testing, Power BI, Statistics, Excel, and Python. Bonus points if you have experience mentoring junior team members and contributing to a strong engineering culture. Entry-level candidates with strong internship experience are encouraged to apply."
673,Applied ML Engineer,Tundra Telecom,"San Francisco, CA",2025-08-27,ML Engineer,188500,"Join Tundra Telecom as a Applied ML Engineer! You'll be responsible for building and maintaining systems that rely on Deep Learning, Airflow, Python, PyTorch, and TensorFlow. This is a great opportunity for someone who enjoys solving complex problems and working with a talented, supportive team. Ideal for candidates with 4-6 years of industry experience."
1395,Cloud Data Engineer,Meridian Health Analytics,"London, UK",2025-08-27,Data Engineer,117000,"Meridian Health Analytics seeks an experienced Cloud Data Engineer to support our expanding analytics function. Day-to-day responsibilities include working with Docker, Airflow, SQL, AWS, NoSQL, and Python to build scalable, production-grade systems. We value curiosity, ownership, and clear communication. Minimum of 2 years in a similar role."
34,Big Data Engineer,Vantage Point Retail,"Chicago, IL",2025-08-28,Data Engineer,129000,"Vantage Point Retail is hiring a Big Data Engineer to help scale our data capabilities. In this role you'll design, build, and maintain solutions using Redshift, Google Cloud Platform, Python, AWS, Data warehousing, Kafka, and BigQuery. We're looking for someone with strong problem-solving skills, excellent communication, and a passion for data-driven decision making. Entry-level candidates with strong internship experience are encouraged to apply."
60,Deep Learning Engineer,Redwood Bank,"Boston, MA",2025-08-28,ML Engineer,194500,"Join Redwood Bank as a Deep Learning Engineer! You'll be responsible for building and maintaining systems that rely on Kubernetes, Azure, PyTorch, TensorFlow, NLP, and Machine Learning. This is a great opportunity for someone who enjoys solving complex problems and working with a talented, supportive team. Entry-level candidates with strong internship experience are encouraged to apply."
86,Software Development Engineer,Ivory Real Estate Tech,"Seattle, WA",2025-08-28,Software Engineer,133500,"Join Ivory Real Estate Tech as a Software Development Engineer! You'll be responsible for building and maintaining systems that rely on Python, JavaScript, Agile, Java, SQL, and REST API. This is a great opportunity for someone who enjoys solving complex problems and working with a talented, supportive team. 3+ years of relevant experience preferred."
151,Data Scientist II,Vantage Point Retail,"Denver, CO",2025-08-28,Data Scientist,101000,"Join Vantage Point Retail as a Data Scientist II! You'll be responsible for building and maintaining systems that rely on PyTorch, Python, SQL, Scikit-learn, NLP, TensorFlow, and Deep Learning. This is a great opportunity for someone who enjoys solving complex problems and working with a talented, supportive team. Entry-level candidates with strong internship experience are encouraged to apply."
533,Cloud Data Engineer,Riverstone Tech,"San Francisco, CA",2025-08-28,Data Engineer,160500,"Riverstone Tech is hiring a Cloud Data Engineer to help scale our data capabilities. In this role you'll design, build, and maintain solutions using Spark, ETL, Redshift, and Hadoop. We're looking for someone with strong problem-solving skills, excellent communication, and a passion for data-driven decision making. 3+ years of relevant experience preferred."
763,Software Engineer,Clearwater Consulting,"London, UK",2025-08-28,Software Engineer,97500,"Clearwater Consulting seeks an experienced Software Engineer to support our expanding analytics function. Day-to-day responsibilities include working with PostgreSQL, Git, C++, REST API, and Agile to build scalable, production-grade systems. We value curiosity, ownership, and clear communication. Minimum of 2 years in a similar role."
978,Platform Engineer,Redwood Bank,"Chicago, IL",2025-08-28,Software Engineer,112500,"Join Redwood Bank as a Platform Engineer! You'll be responsible for building and maintaining systems that rely on Kubernetes, Agile, JavaScript, NoSQL, Java, Git, and AWS. This is a great opportunity for someone who enjoys solving complex problems and working with a talented, supportive team. 3+ years of relevant experience preferred."
1430,ETL Developer,Marlin Shipping,"Berlin, Germany",2025-08-28,Data Engineer,119500,"As a ETL Developer at Marlin Shipping, you will partner with engineering and product teams to deliver high-quality, reliable solutions. Required skills: ETL, Hadoop, dbt, Spark, Airflow, BigQuery, and Snowflake. Bonus points if you have experience mentoring junior team members and contributing to a strong engineering culture. Ideal for candidates with 4-6 years of industry experience."
73,Business Data Analyst,Orbit Financial Services,"Seattle, WA",2025-08-29,Data Analyst,97000,"Orbit Financial Services is hiring a Business Data Analyst to help scale our data capabilities. In this role you'll design, build, and maintain solutions using SQL, Power BI, Python, Tableau, and MongoDB. We're looking for someone with strong problem-solving skills, excellent communication, and a passion for data-driven decision making. 3+ years of relevant experience preferred."
425,Business Data Analyst,Coral Reef Gaming,"Denver, CO",2025-08-29,Data Analyst,84500,"As a Business Data Analyst at Coral Reef Gaming, you will partner with engineering and product teams to deliver high-quality, reliable solutions. Required skills: Statistics, Power BI, Excel, and Looker. Bonus points if you have experience mentoring junior team members and contributing to a strong engineering culture. 3+ years of relevant experience preferred."
734,Backend Engineer,Harbor Robotics,"New York, NY",2025-08-29,Software Engineer,141500,"As a Backend Engineer at Harbor Robotics, you will partner with engineering and product teams to deliver high-quality, reliable solutions. Required skills: MongoDB, Git, Docker, and REST API. Bonus points if you have experience mentoring junior team members and contributing to a strong engineering culture. Minimum of 2 years in a similar role."
1144,Data Analyst,Cortex Systems,"Atlanta, GA",2025-08-29,Data Analyst,61500,"Cortex Systems is hiring a Data Analyst to help scale our data capabilities. In this role you'll design, build, and maintain solutions using Python, Excel, SQL, and Git. We're looking for someone with strong problem-solving skills, excellent communication, and a passion for data-driven decision making. 3+ years of relevant experience preferred."
1385,AI Engineer,Zenith Aerospace,"Los Angeles, CA",2025-08-29,ML Engineer,161000,"Join Zenith Aerospace as a AI Engineer! You'll be responsible for building and maintaining systems that rely on Deep Learning, Python, Machine Learning, PyTorch, Computer Vision, Kubernetes, and TensorFlow. This is a great opportunity for someone who enjoys solving complex problems and working with a talented, supportive team. 5+ years of professional experience required."
95,Data Analyst,Harbor Robotics,"Seattle, WA",2025-08-30,Data Analyst,71500,"As a Data Analyst at Harbor Robotics, you will partner with engineering and product teams to deliver high-quality, reliable solutions. Required skills: ETL, Power BI, Python, SQL, and MongoDB. Bonus points if you have experience mentoring junior team members and contributing to a strong engineering culture. Ideal for candidates with 4-6 years of industry experience."
205,Senior Software Engineer,Orbit Financial Services,"Austin, TX",2025-08-30,Software Engineer,123500,"Orbit Financial Services seeks an experienced Senior Software Engineer to support our expanding analytics function. Day-to-day responsibilities include working with Linux, SQL, Docker, Java, and C++ to build scalable, production-grade systems. We value curiosity, ownership, and clear communication. 3+ years of relevant experience preferred."
334,Software Engineer,Granite Data Partners,"Seattle, WA",2025-08-30,Software Engineer,148500,"As a Software Engineer at Granite Data Partners, you will partner with engineering and product teams to deliver high-quality, reliable solutions. Required skills: Python, Java, C++, AWS, Git, PostgreSQL, and Docker. Bonus points if you have experience mentoring junior team members and contributing to a strong engineering culture. 3+ years of relevant experience preferred."
1158,Senior Data Engineer,Nimbus Analytics,"Pune, India",2025-08-30,Data Engineer,50000,"Nimbus Analytics seeks an experienced Senior Data Engineer to support our expanding analytics function. Day-to-day responsibilities include working with Spark, AWS, Airflow, Snowflake, and SQL to build scalable, production-grade systems. We value curiosity, ownership, and clear communication. Ideal for candidates with 4-6 years of industry experience."
1939,Big Data Engineer,Gridline Utilities,"New York, NY",2025-08-30,Data Engineer,148000,"We are looking for a Big Data Engineer to join our growing team at Gridline Utilities. You will work closely with cross-functional stakeholders to turn data into actionable insight. Key requirements include hands-on experience with Spark, ETL, SQL, Python, Hadoop, Airflow, and Kafka. The ideal candidate is comfortable working in a fast-paced, collaborative environment and has a strong track record of delivering measurable business impact. Minimum of 2 years in a similar role."
23,Senior Software Engineer,Pixel & Co,Remote,2025-08-31,Software Engineer,99500,"As a Senior Software Engineer at Pixel & Co, you will partner with engineering and product teams to deliver high-quality, reliable solutions. Required skills: AWS, JavaScript, Git, MongoDB, and Java. Bonus points if you have experience mentoring junior team members and contributing to a strong engineering culture. Minimum of 2 years in a similar role."
94,Analytics Engineer,Delta Freight Systems,"London, UK",2025-08-31,Data Engineer,130000,"Delta Freight Systems seeks an experienced Analytics Engineer to support our expanding analytics function. Day-to-day responsibilities include working with Hadoop, ETL, Airflow, Spark, Kafka, AWS, and Python to build scalable, production-grade systems. We value curiosity, ownership, and clear communication. Minimum of 2 years in a similar role."
361,Analytics Engineer,Rustic Agritech,"Mumbai, India",2025-08-31,Data Engineer,56500,"As a Analytics Engineer at Rustic Agritech, you will partner with engineering and product teams to deliver high-quality, reliable solutions. Required skills: Snowflake, ETL, AWS, Kafka, and Python. Bonus points if you have experience mentoring junior team members and contributing to a strong engineering culture. 3+ years of relevant experience preferred."
829,Machine Learning Engineer,Fenwick Pharma,"Washington, DC",2025-08-31,ML Engineer,179000,"Fenwick Pharma is hiring a Machine Learning Engineer to help scale our data capabilities. In this role you'll design, build, and maintain solutions using Python, Git, Scikit-learn, and AWS. We're looking for someone with strong problem-solving skills, excellent communication, and a passion for data-driven decision making. Ideal for candidates with 4-6 years of industry experience."
267,Senior Data Analyst,Fenwick Pharma,"Boston, MA",2025-09-01,Data Analyst,93000,"Join Fenwick Pharma as a Senior Data Analyst! You'll be responsible for building and maintaining systems that rely on Python, Tableau, A/B testing, and Data warehousing. This is a great opportunity for someone who enjoys solving complex problems and working with a talented, supportive team. Minimum of 2 years in a similar role."
1094,Cloud Data Engineer,Sable Energy,Remote,2025-09-01,Data Engineer,113000,"Sable Energy seeks an experienced Cloud Data Engineer to support our expanding analytics function. Day-to-day responsibilities include working with Data warehousing, ETL, Snowflake, BigQuery, dbt, Redshift, and Spark to build scalable, production-grade systems. We value curiosity, ownership, and clear communication. Entry-level candidates with strong internship experience are encouraged to apply."
1650,AI Engineer,Bluepeak Technologies,"Seattle, WA",2025-09-01,ML Engineer,159000,"We are looking for a AI Engineer to join our growing team at Bluepeak Technologies. You will work closely with cross-functional stakeholders to turn data into actionable insight. Key requirements include hands-on experience with Machine Learning, PyTorch, TensorFlow, AWS, and Git. The ideal candidate is comfortable working in a fast-paced, collaborative environment and has a strong track record of delivering measurable business impact. 5+ years of professional experience required."
45,Backend Engineer,Nectar Foods,"Boston, MA",2025-09-02,Software Engineer,175000,"Join Nectar Foods as a Backend Engineer! You'll be responsible for building and maintaining systems that rely on Kubernetes, REST API, Java, JavaScript, Docker, and SQL. This is a great opportunity for someone who enjoys solving complex problems and working with a talented, supportive team. Minimum of 2 years in a similar role."
140,Big Data Engineer,Nimbus Analytics,"Bengaluru, India",2025-09-02,Data Engineer,55500,"Join Nimbus Analytics as a Big Data Engineer! You'll be responsible for building and maintaining systems that rely on Python, Hadoop, Spark, and Snowflake. This is a great opportunity for someone who enjoys solving complex problems and working with a talented, supportive team. Minimum of 2 years in a similar role."
517,Platform Engineer,Brightline Education,"Boston, MA",2025-09-02,Software Engineer,156500,"As a Platform Engineer at Brightline Education, you will partner with engineering and product teams to deliver high-quality, reliable solutions. Required skills: Docker, Agile, Java, Kubernetes, and Git. Bonus points if you have experience mentoring junior team members and contributing to a strong engineering culture. Minimum of 2 years in a similar role."
615,Software Development Engineer,Anchor Payments,"Chicago, IL",2025-09-02,Software Engineer,148500,"Anchor Payments seeks an experienced Software Development Engineer to support our expanding analytics function. Day-to-day responsibilities include working with PostgreSQL, Git, Java, JavaScript, Python, and Linux to build scalable, production-grade systems. We value curiosity, ownership, and clear communication. Ideal for candidates with 4-6 years of industry experience."
651,Reporting Analyst,Lumina Commerce,"Atlanta, GA",2025-09-02,Data Analyst,86000,"Lumina Commerce seeks an experienced Reporting Analyst to support our expanding analytics function. Day-to-day responsibilities include working with SQL, Tableau, ETL, Python, and Power BI to build scalable, production-grade systems. We value curiosity, ownership, and clear communication. 3+ years of relevant experience preferred."
752,Backend Engineer,Gridline Utilities,"Seattle, WA",2025-09-02,Software Engineer,129000,"As a Backend Engineer at Gridline Utilities, you will partner with engineering and product teams to deliver high-quality, reliable solutions. Required skills: MongoDB, Linux, REST API, and Kubernetes. Bonus points if you have experience mentoring junior team members and contributing to a strong engineering culture. 3+ years of relevant experience preferred."
1187,AI Engineer,Granite Data Partners,"Los Angeles, CA",2025-09-02,ML Engineer,156500,"Join Granite Data Partners as a AI Engineer! You'll be responsible for building and maintaining systems that rely on Docker, Machine Learning, TensorFlow, Python, AWS, Computer Vision, and Kubernetes. This is a great opportunity for someone who enjoys solving complex problems and working with a talented, supportive team. 5+ years of professional experience required."
250,Deep Learning Engineer,Ironclad Security,"Washington, DC",2025-09-03,ML Engineer,146000,"As a Deep Learning Engineer at Ironclad Security, you will partner with engineering and product teams to deliver high-quality, reliable solutions. Required skills: Computer Vision, TensorFlow, Scikit-learn, Docker, Python, AWS, and Machine Learning. Bonus points if you have experience mentoring junior team members and contributing to a strong engineering culture. Minimum of 2 years in a similar role."
535,Big Data Engineer,Hilltop Ventures,"New York, NY",2025-09-03,Data Engineer,202000,"Hilltop Ventures seeks an experienced Big Data Engineer to support our expanding analytics function. Day-to-day responsibilities include working with AWS, Spark, Redshift, Hadoop, and SQL to build scalable, production-grade systems. We value curiosity, ownership, and clear communication. Minimum of 2 years in a similar role."
1045,Big Data Engineer,Orbit Financial Services,Remote,2025-09-03,Data Engineer,126500,"Orbit Financial Services is hiring a Big Data Engineer to help scale our data capabilities. In this role you'll design, build, and maintain solutions using SQL, Python, Docker, Data warehousing, Spark, and dbt. We're looking for someone with strong problem-solving skills, excellent communication, and a passion for data-driven decision making. Ideal for candidates with 4-6 years of industry experience."
1426,Business Data Analyst,Bluepeak Technologies,Remote,2025-09-03,Data Analyst,84500,"As a Business Data Analyst at Bluepeak Technologies, you will partner with engineering and product teams to deliver high-quality, reliable solutions. Required skills: Git, Excel, Data warehousing, Looker, Power BI, A/B testing, and SQL. Bonus points if you have experience mentoring junior team members and contributing to a strong engineering culture. 5+ years of professional experience required."
1527,Cloud Data Engineer,Junction Mobility,"Bengaluru, India",2025-09-03,Data Engineer,37000,"Junction Mobility seeks an experienced Cloud Data Engineer to support our expanding analytics function. Day-to-day responsibilities include working with Hadoop, Docker, dbt, ETL, Redshift, and Data warehousing to build scalable, production-grade systems. We value curiosity, ownership, and clear communication. 5+ years of professional experience required."
1822,Software Development Engineer,Summit Cloud Solutions,"London, UK",2025-09-03,Software Engineer,97000,"As a Software Development Engineer at Summit Cloud Solutions, you will partner with engineering and product teams to deliver high-quality, reliable solutions. Required skills: Java, AWS, Linux, MongoDB, Agile, Git, and Docker. Bonus points if you have experience mentoring junior team members and contributing to a strong engineering culture. Minimum of 2 years in a similar role."
17,Software Engineer,Lattice Biotech,"Delhi, India",2025-09-04,Software Engineer,43500,"As a Software Engineer at Lattice Biotech, you will partner with engineering and product teams to deliver high-quality, reliable solutions. Required skills: JavaScript, Git, PostgreSQL, SQL, Kubernetes, and REST API. Bonus points if you have experience mentoring junior team members and contributing to a strong engineering culture. 3+ years of relevant experience preferred."
1180,AI Engineer,Pathfinder Travel Tech,"Toronto, Canada",2025-09-04,ML Engineer,138500,"Pathfinder Travel Tech is hiring a AI Engineer to help scale our data capabilities. In this role you'll design, build, and maintain solutions using Python, Scikit-learn, Azure, Deep Learning, Kubernetes, and Git. We're looking for someone with strong problem-solving skills, excellent communication, and a passion for data-driven decision making. Ideal for candidates with 4-6 years of industry experience."
1418,ETL Developer,Tundra Telecom,"Chicago, IL",2025-09-04,Data Engineer,153500,"Join Tundra Telecom as a ETL Developer! You'll be responsible for building and maintaining systems that rely on BigQuery, Azure, Airflow, and Kafka. This is a great opportunity for someone who enjoys solving complex problems and working with a talented, supportive team. 3+ years of relevant experience preferred."
294,Software Development Engineer,Pixel & Co,"London, UK",2025-09-05,Software Engineer,136000,"Join Pixel & Co as a Software Development Engineer! You'll be responsible for building and maintaining systems that rely on Docker, Java, MongoDB, and AWS. This is a great opportunity for someone who enjoys solving complex problems and working with a talented, supportive team. Minimum of 2 years in a similar role."
484,ML Ops Engineer,Orbit Financial Services,"Hyderabad, India",2025-09-05,ML Engineer,58500,"We are looking for a ML Ops Engineer to join our growing team at Orbit Financial Services. You will work closely with cross-functional stakeholders to turn data into actionable insight. Key requirements include hands-on experience with Docker, PyTorch, Spark, TensorFlow, Machine Learning, Python, and Deep Learning. The ideal candidate is comfortable working in a fast-paced, collaborative environment and has a strong track record of delivering measurable business impact. Minimum of 2 years in a similar role."
1034,Machine Learning Engineer,Harbor Robotics,"Mumbai, India",2025-09-05,ML Engineer,48500,"Harbor Robotics seeks an experienced Machine Learning Engineer to support our expanding analytics function. Day-to-day responsibilities include working with TensorFlow, Python, Spark, and PyTorch to build scalable, production-grade systems. We value curiosity, ownership, and clear communication. 5+ years of professional experience required."
1081,Full Stack Developer,Redwood Bank,"Atlanta, GA",2025-09-05,Software Engineer,109500,"As a Full Stack Developer at Redwood Bank, you will partner with engineering and product teams to deliver high-quality, reliable solutions. Required skills: JavaScript, Docker, Python, Java, SQL, and Git. Bonus points if you have experience mentoring junior team members and contributing to a strong engineering culture. 5+ years of professional experience required."
1137,ML Ops Engineer,Redwood Bank,"Chicago, IL",2025-09-05,ML Engineer,146000,"Redwood Bank seeks an experienced ML Ops Engineer to support our expanding analytics function. Day-to-day responsibilities include working with AWS, PyTorch, Git, Machine Learning, Deep Learning, Python, and TensorFlow to build scalable, production-grade systems. We value curiosity, ownership, and clear communication. 5+ years of professional experience required."
1908,Senior Data Engineer,Rustic Agritech,"Bengaluru, India",2025-09-05,Data Engineer,57500,"We are looking for a Senior Data Engineer to join our growing team at Rustic Agritech. You will work closely with cross-functional stakeholders to turn data into actionable insight. Key requirements include hands-on experience with BigQuery, ETL, Kafka, Python, Airflow, and Spark. The ideal candidate is comfortable working in a fast-paced, collaborative environment and has a strong track record of delivering measurable business impact. Ideal for candidates with 4-6 years of industry experience."
534,ETL Developer,Willow Health Systems,"Berlin, Germany",2025-09-06,Data Engineer,98500,"Willow Health Systems is hiring a ETL Developer to help scale our data capabilities. In this role you'll design, build, and maintain solutions using NoSQL, SQL, ETL, Snowflake, AWS, Python, and BigQuery. We're looking for someone with strong problem-solving skills, excellent communication, and a passion for data-driven decision making. Ideal for candidates with 4-6 years of industry experience."
619,Research Data Scientist,Coral Reef Gaming,"Toronto, Canada",2025-09-06,Data Scientist,132000,"Join Coral Reef Gaming as a Research Data Scientist! You'll be responsible for building and maintaining systems that rely on NLP, Statistics, Machine Learning, SQL, A/B testing, PyTorch, and R. This is a great opportunity for someone who enjoys solving complex problems and working with a talented, supportive team. Minimum of 2 years in a similar role."
745,Data Scientist,Opaline Cosmetics Analytics,"Atlanta, GA",2025-09-06,Data Scientist,101500,"Opaline Cosmetics Analytics seeks an experienced Data Scientist to support our expanding analytics function. Day-to-day responsibilities include working with Statistics, NLP, A/B testing, Computer Vision, and Deep Learning to build scalable, production-grade systems. We value curiosity, ownership, and clear communication. Entry-level candidates with strong internship experience are encouraged to apply."
1280,Reporting Analyst,Prism Media Analytics,"Boston, MA",2025-09-06,Data Analyst,108500,"As a Reporting Analyst at Prism Media Analytics, you will partner with engineering and product teams to deliver high-quality, reliable solutions. Required skills: Python, Power BI, ETL, Data warehousing, Excel, SQL, and R. Bonus points if you have experience mentoring junior team members and contributing to a strong engineering culture. Minimum of 2 years in a similar role."
1322,Applied Data Scientist,Quantum Retail Group,"Boston, MA",2025-09-06,Data Scientist,145000,"Join Quantum Retail Group as a Applied Data Scientist! You'll be responsible for building and maintaining systems that rely on Deep Learning, Scikit-learn, Machine Learning, TensorFlow, and A/B testing. This is a great opportunity for someone who enjoys solving complex problems and working with a talented, supportive team. 3+ years of relevant experience preferred."
1514,ETL Developer,Clearwater Consulting,"Chicago, IL",2025-09-06,Data Engineer,96500,"As a ETL Developer at Clearwater Consulting, you will partner with engineering and product teams to deliver high-quality, reliable solutions. Required skills: Redshift, Spark, SQL, Python, Airflow, and Google Cloud Platform. Bonus points if you have experience mentoring junior team members and contributing to a strong engineering culture. Minimum of 2 years in a similar role."
61,Data Scientist II,Keystone Auto Group,Remote,2025-09-07,Data Scientist,134500,"Join Keystone Auto Group as a Data Scientist II! You'll be responsible for building and maintaining systems that rely on AWS, Python, Tableau, Computer Vision, and Deep Learning. This is a great opportunity for someone who enjoys solving complex problems and working with a talented, supportive team. Ideal for candidates with 4-6 years of industry experience."
365,Data Analyst,Kestrel Media Group,"Pune, India",2025-09-07,Data Analyst,24500,"Kestrel Media Group is hiring a Data Analyst to help scale our data capabilities. In this role you'll design, build, and maintain solutions using Looker, Statistics, SQL, Data warehousing, and Python. We're looking for someone with strong problem-solving skills, excellent communication, and a passion for data-driven decision making. Ideal for candidates with 4-6 years of industry experience."
585,Full Stack Developer,Ivory Real Estate Tech,"San Francisco, CA",2025-09-07,Software Engineer,173000,"We are looking for a Full Stack Developer to join our growing team at Ivory Real Estate Tech. You will work closely with cross-functional stakeholders to turn data into actionable insight. Key requirements include hands-on experience with Python, Git, JavaScript, C++, MongoDB, and SQL. The ideal candidate is comfortable working in a fast-paced, collaborative environment and has a strong track record of delivering measurable business impact. Ideal for candidates with 4-6 years of industry experience."
1243,Marketing Data Analyst,Nova Insurance,"Pune, India",2025-09-07,Data Analyst,33000,"Nova Insurance is hiring a Marketing Data Analyst to help scale our data capabilities. In this role you'll design, build, and maintain solutions using Tableau, Python, Excel, and A/B testing. We're looking for someone with strong problem-solving skills, excellent communication, and a passion for data-driven decision making. 5+ years of professional experience required."
1817,Data Scientist II,Nova Insurance,"Boston, MA",2025-09-07,Data Scientist,123500,"As a Data Scientist II at Nova Insurance, you will partner with engineering and product teams to deliver high-quality, reliable solutions. Required skills: A/B testing, SQL, Python, Statistics, Scikit-learn, and R. Bonus points if you have experience mentoring junior team members and contributing to a strong engineering culture. Ideal for candidates with 4-6 years of industry experience."
1968,Software Development Engineer,Ivory Real Estate Tech,"Dublin, Ireland",2025-09-07,Software Engineer,95000,"We are looking for a Software Development Engineer to join our growing team at Ivory Real Estate Tech. You will work closely with cross-functional stakeholders to turn data into actionable insight. Key requirements include hands-on experience with AWS, Git, C++, and MongoDB. The ideal candidate is comfortable working in a fast-paced, collaborative environment and has a strong track record of delivering measurable business impact. 3+ years of relevant experience preferred."
559,Platform Engineer,Keystone Auto Group,"Delhi, India",2025-09-08,Software Engineer,35000,"Keystone Auto Group seeks an experienced Platform Engineer to support our expanding analytics function. Day-to-day responsibilities include working with AWS, PostgreSQL, JavaScript, Git, SQL, and Java to build scalable, production-grade systems. We value curiosity, ownership, and clear communication. 3+ years of relevant experience preferred."
562,Junior Data Analyst,Tundra Telecom,"San Francisco, CA",2025-09-08,Data Analyst,101500,"Join Tundra Telecom as a Junior Data Analyst! You'll be responsible for building and maintaining systems that rely on Excel, Looker, Statistics, Python, and Tableau. This is a great opportunity for someone who enjoys solving complex problems and working with a talented, supportive team. Minimum of 2 years in a similar role."
901,Deep Learning Engineer,DataForge Inc,"Bengaluru, India",2025-09-08,ML Engineer,57500,"We are looking for a Deep Learning Engineer to join our growing team at DataForge Inc. You will work closely with cross-functional stakeholders to turn data into actionable insight. Key requirements include hands-on experience with Kubernetes, Spark, Azure, AWS, Docker, and Python. The ideal candidate is comfortable working in a fast-paced, collaborative environment and has a strong track record of delivering measurable business impact. 3+ years of relevant experience preferred."
1148,Platform Engineer,Skyline Software,"Boston, MA",2025-09-08,Software Engineer,124500,"Skyline Software seeks an experienced Platform Engineer to support our expanding analytics function. Day-to-day responsibilities include working with Java, SQL, Git, and Kubernetes to build scalable, production-grade systems. We value curiosity, ownership, and clear communication. Ideal for candidates with 4-6 years of industry experience."
1433,Data Scientist II,Junction Mobility,"San Francisco, CA",2025-09-08,Data Scientist,210000,"As a Data Scientist II at Junction Mobility, you will partner with engineering and product teams to deliver high-quality, reliable solutions. Required skills: R, Python, A/B testing, Statistics, SQL, AWS, and Machine Learning. Bonus points if you have experience mentoring junior team members and contributing to a strong engineering culture. Ideal for candidates with 4-6 years of industry experience."
1733,ETL Developer,Quicksilver Payments,"Atlanta, GA",2025-09-08,Data Engineer,111500,"Quicksilver Payments is hiring a ETL Developer to help scale our data capabilities. In this role you'll design, build, and maintain solutions using SQL, Google Cloud Platform, Spark, and NoSQL. We're looking for someone with strong problem-solving skills, excellent communication, and a passion for data-driven decision making. 3+ years of relevant experience preferred."
557,Software Development Engineer,Harbor Robotics,"Mumbai, India",2025-09-09,Software Engineer,44000,"Harbor Robotics is hiring a Software Development Engineer to help scale our data capabilities. In this role you'll design, build, and maintain solutions using JavaScript, SQL, AWS, Java, and PostgreSQL. We're looking for someone with strong problem-solving skills, excellent communication, and a passion for data-driven decision making. Ideal for candidates with 4-6 years of industry experience."
907,ML Ops Engineer,Hilltop Ventures,"Denver, CO",2025-09-09,ML Engineer,124000,"Hilltop Ventures is hiring a ML Ops Engineer to help scale our data capabilities. In this role you'll design, build, and maintain solutions using Scikit-learn, Machine Learning, AWS, and Python. We're looking for someone with strong problem-solving skills, excellent communication, and a passion for data-driven decision making. Minimum of 2 years in a similar role."
954,Deep Learning Engineer,Fenwick Pharma,"Austin, TX",2025-09-09,ML Engineer,167500,"Fenwick Pharma is hiring a Deep Learning Engineer to help scale our data capabilities. In this role you'll design, build, and maintain solutions using TensorFlow, Python, Deep Learning, and Kubernetes. We're looking for someone with strong problem-solving skills, excellent communication, and a passion for data-driven decision making. 5+ years of professional experience required."
1254,Reporting Analyst,Lighthouse AI,"Washington, DC",2025-09-09,Data Analyst,81000,"We are looking for a Reporting Analyst to join our growing team at Lighthouse AI. You will work closely with cross-functional stakeholders to turn data into actionable insight. Key requirements include hands-on experience with Tableau, Python, Git, and Power BI. The ideal candidate is comfortable working in a fast-paced, collaborative environment and has a strong track record of delivering measurable business impact. 3+ years of relevant experience preferred."
9,Senior ML Engineer,Nova Insurance,"Denver, CO",2025-09-10,ML Engineer,173000,"We are looking for a Senior ML Engineer to join our growing team at Nova Insurance. You will work closely with cross-functional stakeholders to turn data into actionable insight. Key requirements include hands-on experience with Airflow, Scikit-learn, Machine Learning, Python, Spark, and Deep Learning. The ideal candidate is comfortable working in a fast-paced, collaborative environment and has a strong track record of delivering measurable business impact. Ideal for candidates with 4-6 years of industry experience."
58,Software Development Engineer,Opaline Cosmetics Analytics,Remote,2025-09-10,Software Engineer,142000,"As a Software Development Engineer at Opaline Cosmetics Analytics, you will partner with engineering and product teams to deliver high-quality, reliable solutions. Required skills: Java, C++, SQL, REST API, and MongoDB. Bonus points if you have experience mentoring junior team members and contributing to a strong engineering culture. Minimum of 2 years in a similar role."
805,AI Engineer,Summit Cloud Solutions,"Delhi, India",2025-09-10,ML Engineer,53500,"Summit Cloud Solutions seeks an experienced AI Engineer to support our expanding analytics function. Day-to-day responsibilities include working with Scikit-learn, Deep Learning, Machine Learning, and Kubernetes to build scalable, production-grade systems. We value curiosity, ownership, and clear communication. Ideal for candidates with 4-6 years of industry experience."
1268,Deep Learning Engineer,Willow Health Systems,Remote,2025-09-10,ML Engineer,152000,"Willow Health Systems is hiring a Deep Learning Engineer to help scale our data capabilities. In this role you'll design, build, and maintain solutions using Spark, Machine Learning, TensorFlow, and Deep Learning. We're looking for someone with strong problem-solving skills, excellent communication, and a passion for data-driven decision making. Ideal for candidates with 4-6 years of industry experience."
1473,Reporting Analyst,Falcon FinTech,"Delhi, India",2025-09-10,Data Analyst,27000,"Join Falcon FinTech as a Reporting Analyst! You'll be responsible for building and maintaining systems that rely on Git, SQL, Power BI, and ETL. This is a great opportunity for someone who enjoys solving complex problems and working with a talented, supportive team. Minimum of 2 years in a similar role."
1976,Data Scientist II,Bluepeak Technologies,Remote,2025-09-10,Data Scientist,121500,"As a Data Scientist II at Bluepeak Technologies, you will partner with engineering and product teams to deliver high-quality, reliable solutions. Required skills: Spark, Statistics, PyTorch, A/B testing, Machine Learning, and Computer Vision. Bonus points if you have experience mentoring junior team members and contributing to a strong engineering culture. 3+ years of relevant experience preferred."
288,ETL Developer,Junction Mobility,"San Francisco, CA",2025-09-11,Data Engineer,153500,"Junction Mobility is hiring a ETL Developer to help scale our data capabilities. In this role you'll design, build, and maintain solutions using Snowflake, AWS, Spark, and Docker. We're looking for someone with strong problem-solving skills, excellent communication, and a passion for data-driven decision making. Entry-level candidates with strong internship experience are encouraged to apply."
474,Lead Data Scientist,Keystone Auto Group,"San Francisco, CA",2025-09-11,Data Scientist,194500,"Join Keystone Auto Group as a Lead Data Scientist! You'll be responsible for building and maintaining systems that rely on Python, Machine Learning, TensorFlow, Statistics, Spark, and AWS. This is a great opportunity for someone who enjoys solving complex problems and working with a talented, supportive team. Minimum of 2 years in a similar role."
537,Software Development Engineer,Echo Streaming,"Seattle, WA",2025-09-11,Software Engineer,161500,"Join Echo Streaming as a Software Development Engineer! You'll be responsible for building and maintaining systems that rely on Git, AWS, REST API, JavaScript, Kubernetes, and SQL. This is a great opportunity for someone who enjoys solving complex problems and working with a talented, supportive team. Ideal for candidates with 4-6 years of industry experience."
897,Lead Data Scientist,Vertex Insight Labs,"New York, NY",2025-09-11,Data Scientist,156000,"Vertex Insight Labs is hiring a Lead Data Scientist to help scale our data capabilities. In this role you'll design, build, and maintain solutions using AWS, Machine Learning, Python, Spark, Deep Learning, and PyTorch. We're looking for someone with strong problem-solving skills, excellent communication, and a passion for data-driven decision making. Minimum of 2 years in a similar role."
1679,Full Stack Developer,Pathfinder Travel Tech,Singapore,2025-09-11,Software Engineer,116000,"Pathfinder Travel Tech is hiring a Full Stack Developer to help scale our data capabilities. In this role you'll design, build, and maintain solutions using Docker, Linux, REST API, AWS, PostgreSQL, SQL, and JavaScript. We're looking for someone with strong problem-solving skills, excellent communication, and a passion for data-driven decision making. Entry-level candidates with strong internship experience are encouraged to apply."
691,Senior ML Engineer,Nova Insurance,"Dublin, Ireland",2025-09-12,ML Engineer,121500,"We are looking for a Senior ML Engineer to join our growing team at Nova Insurance. You will work closely with cross-functional stakeholders to turn data into actionable insight. Key requirements include hands-on experience with Scikit-learn, Machine Learning, NLP, Python, and Kubernetes. The ideal candidate is comfortable working in a fast-paced, collaborative environment and has a strong track record of delivering measurable business impact. Entry-level candidates with strong internship experience are encouraged to apply."
963,Deep Learning Engineer,Prism Media Analytics,"Denver, CO",2025-09-12,ML Engineer,148500,"Prism Media Analytics seeks an experienced Deep Learning Engineer to support our expanding analytics function. Day-to-day responsibilities include working with Spark, Python, Computer Vision, Docker, PyTorch, Deep Learning, and Machine Learning to build scalable, production-grade systems. We value curiosity, ownership, and clear communication. Ideal for candidates with 4-6 years of industry experience."
980,Applied Data Scientist,Zenith Aerospace,"Bengaluru, India",2025-09-12,Data Scientist,54500,"Zenith Aerospace is hiring a Applied Data Scientist to help scale our data capabilities. In this role you'll design, build, and maintain solutions using A/B testing, SQL, Machine Learning, Spark, Scikit-learn, and Statistics. We're looking for someone with strong problem-solving skills, excellent communication, and a passion for data-driven decision making. Ideal for candidates with 4-6 years of industry experience."
1066,Applied Data Scientist,Marlin Shipping,"London, UK",2025-09-12,Data Scientist,99500,"Marlin Shipping is hiring a Applied Data Scientist to help scale our data capabilities. In this role you'll design, build, and maintain solutions using Statistics, Scikit-learn, SQL, Python, A/B testing, Deep Learning, and Spark. We're looking for someone with strong problem-solving skills, excellent communication, and a passion for data-driven decision making. Entry-level candidates with strong internship experience are encouraged to apply."
563,Research Data Scientist,Marlin Shipping,"Chicago, IL",2025-09-13,Data Scientist,132000,"Marlin Shipping seeks an experienced Research Data Scientist to support our expanding analytics function. Day-to-day responsibilities include working with Spark, Python, SQL, and NLP to build scalable, production-grade systems. We value curiosity, ownership, and clear communication. Minimum of 2 years in a similar role."
1215,Business Data Analyst,Skyline Software,"Berlin, Germany",2025-09-13,Data Analyst,58000,"Skyline Software is hiring a Business Data Analyst to help scale our data capabilities. In this role you'll design, build, and maintain solutions using Power BI, Tableau, Statistics, Data warehousing, and Excel. We're looking for someone with strong problem-solving skills, excellent communication, and a passion for data-driven decision making. 3+ years of relevant experience preferred."
1276,Research Data Scientist,Harbor Robotics,"San Francisco, CA",2025-09-13,Data Scientist,150000,"Join Harbor Robotics as a Research Data Scientist! You'll be responsible for building and maintaining systems that rely on Scikit-learn, Statistics, TensorFlow, and SQL. This is a great opportunity for someone who enjoys solving complex problems and working with a talented, supportive team. 5+ years of professional experience required."
1332,Lead Data Scientist,Summit Cloud Solutions,Remote,2025-09-13,Data Scientist,166500,"We are looking for a Lead Data Scientist to join our growing team at Summit Cloud Solutions. You will work closely with cross-functional stakeholders to turn data into actionable insight. Key requirements include hands-on experience with Python, PyTorch, Scikit-learn, A/B testing, Machine Learning, and SQL. The ideal candidate is comfortable working in a fast-paced, collaborative environment and has a strong track record of delivering measurable business impact. Minimum of 2 years in a similar role."
1695,Software Development Engineer,Nova Insurance,"Bengaluru, India",2025-09-13,Software Engineer,42500,"Nova Insurance seeks an experienced Software Development Engineer to support our expanding analytics function. Day-to-day responsibilities include working with Java, Git, JavaScript, SQL, AWS, REST API, and Kubernetes to build scalable, production-grade systems. We value curiosity, ownership, and clear communication. 3+ years of relevant experience preferred."
1960,Analytics Engineer,Nova Insurance,"Boston, MA",2025-09-13,Data Engineer,123500,"Nova Insurance is hiring a Analytics Engineer to help scale our data capabilities. In this role you'll design, build, and maintain solutions using Hadoop, Data warehousing, Python, Redshift, Azure, ETL, and SQL. We're looking for someone with strong problem-solving skills, excellent communication, and a passion for data-driven decision making. Ideal for candidates with 4-6 years of industry experience."
59,BI Analyst,Kestrel Media Group,"Hyderabad, India",2025-09-14,Data Analyst,34500,"As a BI Analyst at Kestrel Media Group, you will partner with engineering and product teams to deliver high-quality, reliable solutions. Required skills: SQL, Tableau, Excel, and Power BI. Bonus points if you have experience mentoring junior team members and contributing to a strong engineering culture. Ideal for candidates with 4-6 years of industry experience."
116,ML Ops Engineer,Marlin Shipping,"Bengaluru, India",2025-09-14,ML Engineer,57500,"Join Marlin Shipping as a ML Ops Engineer! You'll be responsible for building and maintaining systems that rely on Spark, PyTorch, Python, TensorFlow, Kubernetes, AWS, and Machine Learning. This is a great opportunity for someone who enjoys solving complex problems and working with a talented, supportive team. 3+ years of relevant experience preferred."
272,Backend Engineer,Delta Freight Systems,"Boston, MA",2025-09-14,Software Engineer,141500,"Join Delta Freight Systems as a Backend Engineer! You'll be responsible for building and maintaining systems that rely on JavaScript, AWS, Git, Java, Agile, REST API, and MongoDB. This is a great opportunity for someone who enjoys solving complex problems and working with a talented, supportive team. Minimum of 2 years in a similar role."
454,Machine Learning Engineer,Nova Insurance,"Mumbai, India",2025-09-14,ML Engineer,56500,"Join Nova Insurance as a Machine Learning Engineer! You'll be responsible for building and maintaining systems that rely on Docker, Scikit-learn, NLP, PyTorch, TensorFlow, Machine Learning, and Computer Vision. This is a great opportunity for someone who enjoys solving complex problems and working with a talented, supportive team. 3+ years of relevant experience preferred."
498,ETL Developer,Skyline Software,"New York, NY",2025-09-14,Data Engineer,169500,"Join Skyline Software as a ETL Developer! You'll be responsible for building and maintaining systems that rely on Spark, AWS, ETL, Python, Hadoop, and Docker. This is a great opportunity for someone who enjoys solving complex problems and working with a talented, supportive team. Ideal for candidates with 4-6 years of industry experience."
1565,Software Development Engineer,Kestrel Media Group,Remote,2025-09-14,Software Engineer,87500,"Kestrel Media Group is hiring a Software Development Engineer to help scale our data capabilities. In this role you'll design, build, and maintain solutions using Docker, Agile, C++, and SQL. We're looking for someone with strong problem-solving skills, excellent communication, and a passion for data-driven decision making. Minimum of 2 years in a similar role."
1892,BI Analyst,Gridline Utilities,Remote,2025-09-14,Data Analyst,90500,"As a BI Analyst at Gridline Utilities, you will partner with engineering and product teams to deliver high-quality, reliable solutions. Required skills: ETL, Tableau, Python, Excel, SQL, Power BI, and Statistics. Bonus points if you have experience mentoring junior team members and contributing to a strong engineering culture. Entry-level candidates with strong internship experience are encouraged to apply."
87,Software Engineer,Lumina Commerce,"Bengaluru, India",2025-09-15,Software Engineer,40000,"We are looking for a Software Engineer to join our growing team at Lumina Commerce. You will work closely with cross-functional stakeholders to turn data into actionable insight. Key requirements include hands-on experience with NoSQL, JavaScript, Git, PostgreSQL, Agile, and Linux. The ideal candidate is comfortable working in a fast-paced, collaborative environment and has a strong track record of delivering measurable business impact. Ideal for candidates with 4-6 years of industry experience."
302,Analytics Engineer,Onyx Manufacturing,"San Francisco, CA",2025-09-15,Data Engineer,150000,"As a Analytics Engineer at Onyx Manufacturing, you will partner with engineering and product teams to deliver high-quality, reliable solutions. Required skills: Spark, BigQuery, Snowflake, Airflow, and Python. Bonus points if you have experience mentoring junior team members and contributing to a strong engineering culture. 3+ years of relevant experience preferred."
309,Senior ML Engineer,Ironclad Security,"Dublin, Ireland",2025-09-15,ML Engineer,171500,"Ironclad Security seeks an experienced Senior ML Engineer to support our expanding analytics function. Day-to-day responsibilities include working with TensorFlow, Azure, Kubernetes, PyTorch, and Python to build scalable, production-grade systems. We value curiosity, ownership, and clear communication. 5+ years of professional experience required."
1047,Senior Software Engineer,Redwood Bank,"San Francisco, CA",2025-09-15,Software Engineer,175000,"As a Senior Software Engineer at Redwood Bank, you will partner with engineering and product teams to deliver high-quality, reliable solutions. Required skills: PostgreSQL, SQL, Python, JavaScript, Kubernetes, and AWS. Bonus points if you have experience mentoring junior team members and contributing to a strong engineering culture. 5+ years of professional experience required."
1591,Software Engineer,Quantum Retail Group,"Boston, MA",2025-09-15,Software Engineer,44000,"As a Software Engineer at Quantum Retail Group, you will partner with engineering and product teams to deliver high-quality, reliable solutions. Required skills: Java, Kubernetes, SQL, Agile, Python, and Docker. Bonus points if you have experience mentoring junior team members and contributing to a strong engineering culture. Entry-level candidates with strong internship experience are encouraged to apply."
1840,Reporting Analyst,Pixel & Co,Singapore,2025-09-15,Data Analyst,60000,"As a Reporting Analyst at Pixel & Co, you will partner with engineering and product teams to deliver high-quality, reliable solutions. Required skills: SQL, Excel, Tableau, Statistics, Power BI, and Python. Bonus points if you have experience mentoring junior team members and contributing to a strong engineering culture. Ideal for candidates with 4-6 years of industry experience."
628,Deep Learning Engineer,Prism Media Analytics,"Delhi, India",2025-09-16,ML Engineer,60500,"Prism Media Analytics is hiring a Deep Learning Engineer to help scale our data capabilities. In this role you'll design, build, and maintain solutions using NLP, PyTorch, Python, and Deep Learning. We're looking for someone with strong problem-solving skills, excellent communication, and a passion for data-driven decision making. Minimum of 2 years in a similar role."
948,Data Engineer,Summit Cloud Solutions,"San Francisco, CA",2025-09-16,Data Engineer,214000,"Summit Cloud Solutions seeks an experienced Data Engineer to support our expanding analytics function. Day-to-day responsibilities include working with AWS, Hadoop, Airflow, and ETL to build scalable, production-grade systems. We value curiosity, ownership, and clear communication. 3+ years of relevant experience preferred."
1201,Software Development Engineer,Sable Energy,"Los Angeles, CA",2025-09-16,Software Engineer,131000,"Join Sable Energy as a Software Development Engineer! You'll be responsible for building and maintaining systems that rely on Linux, JavaScript, Agile, AWS, and SQL. This is a great opportunity for someone who enjoys solving complex problems and working with a talented, supportive team. 3+ years of relevant experience preferred."
1445,Research Data Scientist,Harbor Robotics,"Chicago, IL",2025-09-16,Data Scientist,125000,"As a Research Data Scientist at Harbor Robotics, you will partner with engineering and product teams to deliver high-quality, reliable solutions. Required skills: SQL, Statistics, R, Deep Learning, PyTorch, and Computer Vision. Bonus points if you have experience mentoring junior team members and contributing to a strong engineering culture. Minimum of 2 years in a similar role."
1547,Cloud Data Engineer,Meridian Health Analytics,"Chicago, IL",2025-09-16,Data Engineer,91000,"Meridian Health Analytics seeks an experienced Cloud Data Engineer to support our expanding analytics function. Day-to-day responsibilities include working with Data warehousing, NoSQL, ETL, SQL, Kafka, and Snowflake to build scalable, production-grade systems. We value curiosity, ownership, and clear communication. 3+ years of relevant experience preferred."
1676,Big Data Engineer,Delta Freight Systems,"Bengaluru, India",2025-09-16,Data Engineer,51000,"We are looking for a Big Data Engineer to join our growing team at Delta Freight Systems. You will work closely with cross-functional stakeholders to turn data into actionable insight. Key requirements include hands-on experience with Hadoop, AWS, ETL, NoSQL, and Snowflake. The ideal candidate is comfortable working in a fast-paced, collaborative environment and has a strong track record of delivering measurable business impact. Ideal for candidates with 4-6 years of industry experience."
199,Big Data Engineer,Evergreen Logistics,"Delhi, India",2025-09-17,Data Engineer,41500,"As a Big Data Engineer at Evergreen Logistics, you will partner with engineering and product teams to deliver high-quality, reliable solutions. Required skills: SQL, Data warehousing, Python, Airflow, and ETL. Bonus points if you have experience mentoring junior team members and contributing to a strong engineering culture. 3+ years of relevant experience preferred."
1747,Senior Data Engineer,Bluepeak Technologies,"Berlin, Germany",2025-09-17,Data Engineer,97500,"As a Senior Data Engineer at Bluepeak Technologies, you will partner with engineering and product teams to deliver high-quality, reliable solutions. Required skills: Airflow, AWS, NoSQL, BigQuery, and Python. Bonus points if you have experience mentoring junior team members and contributing to a strong engineering culture. 5+ years of professional experience required."
1949,Senior Data Scientist,Ivory Real Estate Tech,"Austin, TX",2025-09-17,Data Scientist,148000,"We are looking for a Senior Data Scientist to join our growing team at Ivory Real Estate Tech. You will work closely with cross-functional stakeholders to turn data into actionable insight. Key requirements include hands-on experience with TensorFlow, Tableau, Statistics, Power BI, NLP, Spark, and Python. The ideal candidate is comfortable working in a fast-paced, collaborative environment and has a strong track record of delivering measurable business impact. Minimum of 2 years in a similar role."
1982,Junior Data Analyst,Pathfinder Travel Tech,Remote,2025-09-17,Data Analyst,64000,"We are looking for a Junior Data Analyst to join our growing team at Pathfinder Travel Tech. You will work closely with cross-functional stakeholders to turn data into actionable insight. Key requirements include hands-on experience with Excel, Power BI, A/B testing, Python, Data warehousing, Looker, and R. The ideal candidate is comfortable working in a fast-paced, collaborative environment and has a strong track record of delivering measurable business impact. 5+ years of professional experience required."
323,ETL Developer,Lighthouse AI,"Bengaluru, India",2025-09-18,Data Engineer,36500,"As a ETL Developer at Lighthouse AI, you will partner with engineering and product teams to deliver high-quality, reliable solutions. Required skills: Spark, SQL, AWS, dbt, BigQuery, and Python. Bonus points if you have experience mentoring junior team members and contributing to a strong engineering culture. Minimum of 2 years in a similar role."
670,Junior Data Analyst,Hilltop Ventures,"San Francisco, CA",2025-09-18,Data Analyst,110500,"As a Junior Data Analyst at Hilltop Ventures, you will partner with engineering and product teams to deliver high-quality, reliable solutions. Required skills: R, Python, SQL, Git, Tableau, Excel, and ETL. Bonus points if you have experience mentoring junior team members and contributing to a strong engineering culture. Entry-level candidates with strong internship experience are encouraged to apply."
1182,ML Ops Engineer,Prism Media Analytics,"Toronto, Canada",2025-09-18,ML Engineer,114500,"Prism Media Analytics seeks an experienced ML Ops Engineer to support our expanding analytics function. Day-to-day responsibilities include working with Deep Learning, Spark, Kubernetes, and Computer Vision to build scalable, production-grade systems. We value curiosity, ownership, and clear communication. Ideal for candidates with 4-6 years of industry experience."
1925,Software Engineer,Brightline Education,"San Francisco, CA",2025-09-18,Software Engineer,209500,"Join Brightline Education as a Software Engineer! You'll be responsible for building and maintaining systems that rely on C++, Agile, Java, Git, REST API, and Python. This is a great opportunity for someone who enjoys solving complex problems and working with a talented, supportive team. Ideal for candidates with 4-6 years of industry experience."
43,Software Development Engineer,Ironclad Security,"Hyderabad, India",2025-09-19,Software Engineer,32000,"Join Ironclad Security as a Software Development Engineer! You'll be responsible for building and maintaining systems that rely on PostgreSQL, Kubernetes, SQL, and Docker. This is a great opportunity for someone who enjoys solving complex problems and working with a talented, supportive team. 5+ years of professional experience required."
466,Senior Software Engineer,Nectar Foods,"New York, NY",2025-09-19,Software Engineer,135500,"Join Nectar Foods as a Senior Software Engineer! You'll be responsible for building and maintaining systems that rely on Git, Linux, C++, JavaScript, and Kubernetes. This is a great opportunity for someone who enjoys solving complex problems and working with a talented, supportive team. Minimum of 2 years in a similar role."
723,Marketing Data Analyst,Rustic Agritech,"Seattle, WA",2025-09-19,Data Analyst,81000,"Rustic Agritech seeks an experienced Marketing Data Analyst to support our expanding analytics function. Day-to-day responsibilities include working with MongoDB, SQL, Python, and Excel to build scalable, production-grade systems. We value curiosity, ownership, and clear communication. 3+ years of relevant experience preferred."
773,Data Scientist,Clearwater Consulting,"San Francisco, CA",2025-09-19,Data Scientist,175500,"We are looking for a Data Scientist to join our growing team at Clearwater Consulting. You will work closely with cross-functional stakeholders to turn data into actionable insight. Key requirements include hands-on experience with A/B testing, Python, Statistics, Machine Learning, TensorFlow, and PyTorch. The ideal candidate is comfortable working in a fast-paced, collaborative environment and has a strong track record of delivering measurable business impact. Entry-level candidates with strong internship experience are encouraged to apply."
868,Data Analyst,Pathfinder Travel Tech,"San Francisco, CA",2025-09-19,Data Analyst,94000,"Pathfinder Travel Tech seeks an experienced Data Analyst to support our expanding analytics function. Day-to-day responsibilities include working with ETL, Git, Excel, and Data warehousing to build scalable, production-grade systems. We value curiosity, ownership, and clear communication. Ideal for candidates with 4-6 years of industry experience."
1608,Platform Engineer,Northwind Digital,Remote,2025-09-19,Software Engineer,93500,"Join Northwind Digital as a Platform Engineer! You'll be responsible for building and maintaining systems that rely on Git, NoSQL, AWS, PostgreSQL, JavaScript, Agile, and MongoDB. This is a great opportunity for someone who enjoys solving complex problems and working with a talented, supportive team. Entry-level candidates with strong internship experience are encouraged to apply."
1726,ML Ops Engineer,Vertex Insight Labs,"Boston, MA",2025-09-19,ML Engineer,140500,"Vertex Insight Labs seeks an experienced ML Ops Engineer to support our expanding analytics function. Day-to-day responsibilities include working with AWS, Computer Vision, Machine Learning, NLP, and Python to build scalable, production-grade systems. We value curiosity, ownership, and clear communication. Entry-level candidates with strong internship experience are encouraged to apply."
1765,BI Analyst,Gridline Utilities,"Dublin, Ireland",2025-09-19,Data Analyst,59000,"Join Gridline Utilities as a BI Analyst! You'll be responsible for building and maintaining systems that rely on Looker, SQL, Excel, Python, Power BI, Tableau, and A/B testing. This is a great opportunity for someone who enjoys solving complex problems and working with a talented, supportive team. Ideal for candidates with 4-6 years of industry experience."
89,Data Scientist II,Clearwater Consulting,"Delhi, India",2025-09-20,Data Scientist,39000,"Join Clearwater Consulting as a Data Scientist II! You'll be responsible for building and maintaining systems that rely on Statistics, Scikit-learn, Machine Learning, Python, A/B testing, and SQL. This is a great opportunity for someone who enjoys solving complex problems and working with a talented, supportive team. Ideal for candidates with 4-6 years of industry experience."
500,AI Engineer,Evergreen Logistics,"Pune, India",2025-09-20,ML Engineer,47500,"Evergreen Logistics is hiring a AI Engineer to help scale our data capabilities. In this role you'll design, build, and maintain solutions using Python, NLP, Azure, Machine Learning, Git, and Kubernetes. We're looking for someone with strong problem-solving skills, excellent communication, and a passion for data-driven decision making. Entry-level candidates with strong internship experience are encouraged to apply."
1083,Research Data Scientist,Hilltop Ventures,"Berlin, Germany",2025-09-20,Data Scientist,117000,"As a Research Data Scientist at Hilltop Ventures, you will partner with engineering and product teams to deliver high-quality, reliable solutions. Required skills: Statistics, Python, A/B testing, SQL, Machine Learning, PyTorch, and Deep Learning. Bonus points if you have experience mentoring junior team members and contributing to a strong engineering culture. Minimum of 2 years in a similar role."
1294,Platform Engineer,Nectar Foods,"Toronto, Canada",2025-09-20,Software Engineer,95000,"Nectar Foods is hiring a Platform Engineer to help scale our data capabilities. In this role you'll design, build, and maintain solutions using Python, JavaScript, Git, and Agile. We're looking for someone with strong problem-solving skills, excellent communication, and a passion for data-driven decision making. 3+ years of relevant experience preferred."
3,Software Engineer,Delta Freight Systems,"Austin, TX",2025-09-21,Software Engineer,106000,"Delta Freight Systems is hiring a Software Engineer to help scale our data capabilities. In this role you'll design, build, and maintain solutions using JavaScript, Python, SQL, REST API, Docker, Java, and Git. We're looking for someone with strong problem-solving skills, excellent communication, and a passion for data-driven decision making. Minimum of 2 years in a similar role."
739,Data Analyst,Harbor Robotics,Singapore,2025-09-21,Data Analyst,64500,"Harbor Robotics is hiring a Data Analyst to help scale our data capabilities. In this role you'll design, build, and maintain solutions using R, Git, Excel, Statistics, ETL, Tableau, and A/B testing. We're looking for someone with strong problem-solving skills, excellent communication, and a passion for data-driven decision making. Minimum of 2 years in a similar role."
1127,Analytics Engineer,Coral Reef Gaming,"San Francisco, CA",2025-09-21,Data Engineer,148500,"Join Coral Reef Gaming as a Analytics Engineer! You'll be responsible for building and maintaining systems that rely on ETL, Python, AWS, and Snowflake. This is a great opportunity for someone who enjoys solving complex problems and working with a talented, supportive team. 3+ years of relevant experience preferred."
1219,Data Scientist,Keystone Auto Group,"Toronto, Canada",2025-09-21,Data Scientist,85000,"We are looking for a Data Scientist to join our growing team at Keystone Auto Group. You will work closely with cross-functional stakeholders to turn data into actionable insight. Key requirements include hands-on experience with Scikit-learn, PyTorch, Deep Learning, Spark, Statistics, and Python. The ideal candidate is comfortable working in a fast-paced, collaborative environment and has a strong track record of delivering measurable business impact. 3+ years of relevant experience preferred."
1361,Senior Data Scientist,Coral Reef Gaming,"San Francisco, CA",2025-09-21,Data Scientist,178000,"Join Coral Reef Gaming as a Senior Data Scientist! You'll be responsible for building and maintaining systems that rely on Computer Vision, Machine Learning, Statistics, SQL, A/B testing, and AWS. This is a great opportunity for someone who enjoys solving complex problems and working with a talented, supportive team. 5+ years of professional experience required."
1581,Data Scientist,Lighthouse AI,"Mumbai, India",2025-09-21,Data Scientist,53500,"We are looking for a Data Scientist to join our growing team at Lighthouse AI. You will work closely with cross-functional stakeholders to turn data into actionable insight. Key requirements include hands-on experience with Tableau, Scikit-learn, SQL, Computer Vision, A/B testing, Python, and Statistics. The ideal candidate is comfortable working in a fast-paced, collaborative environment and has a strong track record of delivering measurable business impact. 3+ years of relevant experience preferred."
225,Senior Software Engineer,Evergreen Logistics,"New York, NY",2025-09-22,Software Engineer,129000,"As a Senior Software Engineer at Evergreen Logistics, you will partner with engineering and product teams to deliver high-quality, reliable solutions. Required skills: C++, AWS, JavaScript, Java, and Kubernetes. Bonus points if you have experience mentoring junior team members and contributing to a strong engineering culture. 5+ years of professional experience required."
286,Junior Data Analyst,Riverstone Tech,"Delhi, India",2025-09-22,Data Analyst,28500,"Riverstone Tech is hiring a Junior Data Analyst to help scale our data capabilities. In this role you'll design, build, and maintain solutions using SQL, Excel, Git, Power BI, Tableau, and Looker. We're looking for someone with strong problem-solving skills, excellent communication, and a passion for data-driven decision making. 3+ years of relevant experience preferred."
610,Analytics Engineer,Pixel & Co,"Hyderabad, India",2025-09-22,Data Engineer,48000,"We are looking for a Analytics Engineer to join our growing team at Pixel & Co. You will work closely with cross-functional stakeholders to turn data into actionable insight. Key requirements include hands-on experience with SQL, Azure, Python, Hadoop, AWS, Docker, and Airflow. The ideal candidate is comfortable working in a fast-paced, collaborative environment and has a strong track record of delivering measurable business impact. Entry-level candidates with strong internship experience are encouraged to apply."
850,Backend Engineer,Onyx Manufacturing,"Pune, India",2025-09-22,Software Engineer,41500,"We are looking for a Backend Engineer to join our growing team at Onyx Manufacturing. You will work closely with cross-functional stakeholders to turn data into actionable insight. Key requirements include hands-on experience with JavaScript, Git, REST API, SQL, and Linux. The ideal candidate is comfortable working in a fast-paced, collaborative environment and has a strong track record of delivering measurable business impact. Entry-level candidates with strong internship experience are encouraged to apply."
1886,Research Data Scientist,Rustic Agritech,Singapore,2025-09-22,Data Scientist,140500,"Rustic Agritech seeks an experienced Research Data Scientist to support our expanding analytics function. Day-to-day responsibilities include working with Machine Learning, Tableau, R, NLP, SQL, and Deep Learning to build scalable, production-grade systems. We value curiosity, ownership, and clear communication. 5+ years of professional experience required."
29,Cloud Data Engineer,DataForge Inc,"Mumbai, India",2025-09-23,Data Engineer,43500,"We are looking for a Cloud Data Engineer to join our growing team at DataForge Inc. You will work closely with cross-functional stakeholders to turn data into actionable insight. Key requirements include hands-on experience with Redshift, Snowflake, SQL, and Airflow. The ideal candidate is comfortable working in a fast-paced, collaborative environment and has a strong track record of delivering measurable business impact. Minimum of 2 years in a similar role."
142,Lead Data Scientist,Skyline Software,Remote,2025-09-23,Data Scientist,131500,"As a Lead Data Scientist at Skyline Software, you will partner with engineering and product teams to deliver high-quality, reliable solutions. Required skills: A/B testing, Deep Learning, Python, and Statistics. Bonus points if you have experience mentoring junior team members and contributing to a strong engineering culture. Minimum of 2 years in a similar role."
233,Business Data Analyst,Northwind Digital,"Seattle, WA",2025-09-23,Data Analyst,86000,"As a Business Data Analyst at Northwind Digital, you will partner with engineering and product teams to deliver high-quality, reliable solutions. Required skills: Python, Git, Google Cloud Platform, SQL, Excel, and Looker. Bonus points if you have experience mentoring junior team members and contributing to a strong engineering culture. Minimum of 2 years in a similar role."
333,Data Scientist,Zenith Aerospace,Singapore,2025-09-23,Data Scientist,120500,"Join Zenith Aerospace as a Data Scientist! You'll be responsible for building and maintaining systems that rely on A/B testing, TensorFlow, Python, Machine Learning, Tableau, and R. This is a great opportunity for someone who enjoys solving complex problems and working with a talented, supportive team. 3+ years of relevant experience preferred."
359,Lead Data Scientist,Hilltop Ventures,"New York, NY",2025-09-23,Data Scientist,163000,"As a Lead Data Scientist at Hilltop Ventures, you will partner with engineering and product teams to deliver high-quality, reliable solutions. Required skills: Statistics, NLP, Machine Learning, Deep Learning, A/B testing, Python, and AWS. Bonus points if you have experience mentoring junior team members and contributing to a strong engineering culture. Minimum of 2 years in a similar role."
679,Senior Software Engineer,Prism Media Analytics,"Seattle, WA",2025-09-23,Software Engineer,135500,"Prism Media Analytics seeks an experienced Senior Software Engineer to support our expanding analytics function. Day-to-day responsibilities include working with MongoDB, Java, Linux, PostgreSQL, JavaScript, Docker, and Python to build scalable, production-grade systems. We value curiosity, ownership, and clear communication. Entry-level candidates with strong internship experience are encouraged to apply."
854,Senior Data Engineer,Hilltop Ventures,"Atlanta, GA",2025-09-23,Data Engineer,116500,"We are looking for a Senior Data Engineer to join our growing team at Hilltop Ventures. You will work closely with cross-functional stakeholders to turn data into actionable insight. Key requirements include hands-on experience with Azure, BigQuery, Data warehousing, SQL, Airflow, Python, and ETL. The ideal candidate is comfortable working in a fast-paced, collaborative environment and has a strong track record of delivering measurable business impact. Entry-level candidates with strong internship experience are encouraged to apply."
1062,Data Engineer,Zenith Aerospace,"Hyderabad, India",2025-09-23,Data Engineer,35000,"Zenith Aerospace seeks an experienced Data Engineer to support our expanding analytics function. Day-to-day responsibilities include working with BigQuery, Airflow, SQL, Snowflake, AWS, and Hadoop to build scalable, production-grade systems. We value curiosity, ownership, and clear communication. Minimum of 2 years in a similar role."
1177,Business Data Analyst,Tundra Telecom,"Seattle, WA",2025-09-23,Data Analyst,84500,"As a Business Data Analyst at Tundra Telecom, you will partner with engineering and product teams to deliver high-quality, reliable solutions. Required skills: Excel, Data warehousing, SQL, and Tableau. Bonus points if you have experience mentoring junior team members and contributing to a strong engineering culture. 3+ years of relevant experience preferred."
1444,Junior Data Analyst,Vantage Point Retail,"Los Angeles, CA",2025-09-23,Data Analyst,106000,"We are looking for a Junior Data Analyst to join our growing team at Vantage Point Retail. You will work closely with cross-functional stakeholders to turn data into actionable insight. Key requirements include hands-on experience with Data warehousing, Tableau, Excel, Power BI, SQL, R, and Statistics. The ideal candidate is comfortable working in a fast-paced, collaborative environment and has a strong track record of delivering measurable business impact. 5+ years of professional experience required."
1706,Backend Engineer,Marlin Shipping,"Los Angeles, CA",2025-09-23,Software Engineer,114000,"Marlin Shipping is hiring a Backend Engineer to help scale our data capabilities. In this role you'll design, build, and maintain solutions using JavaScript, Python, Java, Git, Agile, and Docker. We're looking for someone with strong problem-solving skills, excellent communication, and a passion for data-driven decision making. 5+ years of professional experience required."
1902,Lead Data Scientist,Lumina Commerce,"Delhi, India",2025-09-23,Data Scientist,63500,"Lumina Commerce seeks an experienced Lead Data Scientist to support our expanding analytics function. Day-to-day responsibilities include working with NLP, PyTorch, Deep Learning, Python, and Spark to build scalable, production-grade systems. We value curiosity, ownership, and clear communication. 5+ years of professional experience required."
539,Research Data Scientist,Hilltop Ventures,"New York, NY",2025-09-24,Data Scientist,173500,"Join Hilltop Ventures as a Research Data Scientist! You'll be responsible for building and maintaining systems that rely on Scikit-learn, Statistics, AWS, Machine Learning, and Python. This is a great opportunity for someone who enjoys solving complex problems and working with a talented, supportive team. Minimum of 2 years in a similar role."
1476,Research Data Scientist,Bluepeak Technologies,"Chicago, IL",2025-09-24,Data Scientist,155000,"Bluepeak Technologies seeks an experienced Research Data Scientist to support our expanding analytics function. Day-to-day responsibilities include working with R, A/B testing, Statistics, and Deep Learning to build scalable, production-grade systems. We value curiosity, ownership, and clear communication. 5+ years of professional experience required."
1557,Software Engineer,Kestrel Media Group,"Austin, TX",2025-09-25,Software Engineer,100500,"Kestrel Media Group is hiring a Software Engineer to help scale our data capabilities. In this role you'll design, build, and maintain solutions using Linux, Python, Agile, C++, REST API, JavaScript, and Java. We're looking for someone with strong problem-solving skills, excellent communication, and a passion for data-driven decision making. Entry-level candidates with strong internship experience are encouraged to apply."
784,Applied ML Engineer,Ivory Real Estate Tech,"Seattle, WA",2025-09-26,ML Engineer,160500,"As a Applied ML Engineer at Ivory Real Estate Tech, you will partner with engineering and product teams to deliver high-quality, reliable solutions. Required skills: PyTorch, Scikit-learn, Kubernetes, Python, and Machine Learning. Bonus points if you have experience mentoring junior team members and contributing to a strong engineering culture. 5+ years of professional experience required."
1434,Senior Data Analyst,Meridian Health Analytics,"Pune, India",2025-09-26,Data Analyst,32000,"We are looking for a Senior Data Analyst to join our growing team at Meridian Health Analytics. You will work closely with cross-functional stakeholders to turn data into actionable insight. Key requirements include hands-on experience with Excel, Power BI, R, and Looker. The ideal candidate is comfortable working in a fast-paced, collaborative environment and has a strong track record of delivering measurable business impact. Entry-level candidates with strong internship experience are encouraged to apply."
1511,Data Engineer,Falcon FinTech,"Mumbai, India",2025-09-26,Data Engineer,44000,"Falcon FinTech is hiring a Data Engineer to help scale our data capabilities. In this role you'll design, build, and maintain solutions using SQL, Spark, Redshift, and Data warehousing. We're looking for someone with strong problem-solving skills, excellent communication, and a passion for data-driven decision making. Minimum of 2 years in a similar role."
405,Analytics Engineer,Quantum Retail Group,"Seattle, WA",2025-09-27,Data Engineer,152500,"Join Quantum Retail Group as a Analytics Engineer! You'll be responsible for building and maintaining systems that rely on Python, BigQuery, Spark, and Airflow. This is a great opportunity for someone who enjoys solving complex problems and working with a talented, supportive team. 3+ years of relevant experience preferred."
750,Analytics Engineer,Ironclad Security,"Los Angeles, CA",2025-09-27,Data Engineer,128000,"Ironclad Security is hiring a Analytics Engineer to help scale our data capabilities. In this role you'll design, build, and maintain solutions using Redshift, Hadoop, ETL, Spark, Data warehousing, and BigQuery. We're looking for someone with strong problem-solving skills, excellent communication, and a passion for data-driven decision making. Entry-level candidates with strong internship experience are encouraged to apply."
1693,Senior Data Analyst,Quantum Retail Group,"New York, NY",2025-09-27,Data Analyst,95000,"As a Senior Data Analyst at Quantum Retail Group, you will partner with engineering and product teams to deliver high-quality, reliable solutions. Required skills: Looker, Excel, SQL, and Tableau. Bonus points if you have experience mentoring junior team members and contributing to a strong engineering culture. 3+ years of relevant experience preferred."
1741,AI Engineer,Cortex Systems,"San Francisco, CA",2025-09-27,ML Engineer,152000,"Cortex Systems seeks an experienced AI Engineer to support our expanding analytics function. Day-to-day responsibilities include working with TensorFlow, Kubernetes, Python, and Git to build scalable, production-grade systems. We value curiosity, ownership, and clear communication. Ideal for candidates with 4-6 years of industry experience."
1940,Lead Data Scientist,Marlin Shipping,"Seattle, WA",2025-09-27,Data Scientist,158500,"We are looking for a Lead Data Scientist to join our growing team at Marlin Shipping. You will work closely with cross-functional stakeholders to turn data into actionable insight. Key requirements include hands-on experience with Spark, Scikit-learn, Python, and SQL. The ideal candidate is comfortable working in a fast-paced, collaborative environment and has a strong track record of delivering measurable business impact. Entry-level candidates with strong internship experience are encouraged to apply."
246,Full Stack Developer,Vertex Insight Labs,"Seattle, WA",2025-09-28,Software Engineer,140000,"Vertex Insight Labs is hiring a Full Stack Developer to help scale our data capabilities. In this role you'll design, build, and maintain solutions using Python, REST API, Agile, Linux, JavaScript, and SQL. We're looking for someone with strong problem-solving skills, excellent communication, and a passion for data-driven decision making. 5+ years of professional experience required."
981,AI Engineer,Sable Energy,"Austin, TX",2025-09-28,ML Engineer,177500,"Join Sable Energy as a AI Engineer! You'll be responsible for building and maintaining systems that rely on Docker, TensorFlow, Scikit-learn, and Azure. This is a great opportunity for someone who enjoys solving complex problems and working with a talented, supportive team. Entry-level candidates with strong internship experience are encouraged to apply."
1759,BI Analyst,Lattice Biotech,Remote,2025-09-28,Data Analyst,73000,"Join Lattice Biotech as a BI Analyst! You'll be responsible for building and maintaining systems that rely on Python, Statistics, Tableau, Data warehousing, Excel, and Google Cloud Platform. This is a great opportunity for someone who enjoys solving complex problems and working with a talented, supportive team. Ideal for candidates with 4-6 years of industry experience."
342,Junior Data Analyst,Orbit Financial Services,"Atlanta, GA",2025-09-29,Data Analyst,93500,"Orbit Financial Services seeks an experienced Junior Data Analyst to support our expanding analytics function. Day-to-day responsibilities include working with Power BI, SQL, Excel, Statistics, and Git to build scalable, production-grade systems. We value curiosity, ownership, and clear communication. 5+ years of professional experience required."
714,Full Stack Developer,Nova Insurance,"Los Angeles, CA",2025-09-29,Software Engineer,136000,"As a Full Stack Developer at Nova Insurance, you will partner with engineering and product teams to deliver high-quality, reliable solutions. Required skills: AWS, Linux, Python, REST API, Agile, SQL, and JavaScript. Bonus points if you have experience mentoring junior team members and contributing to a strong engineering culture. Ideal for candidates with 4-6 years of industry experience."
899,Applied Data Scientist,Ivory Real Estate Tech,"Washington, DC",2025-09-29,Data Scientist,144000,"We are looking for a Applied Data Scientist to join our growing team at Ivory Real Estate Tech. You will work closely with cross-functional stakeholders to turn data into actionable insight. Key requirements include hands-on experience with Python, Machine Learning, R, and Scikit-learn. The ideal candidate is comfortable working in a fast-paced, collaborative environment and has a strong track record of delivering measurable business impact. Minimum of 2 years in a similar role."
1304,Data Scientist,Ivory Real Estate Tech,"Delhi, India",2025-09-29,Data Scientist,40500,"As a Data Scientist at Ivory Real Estate Tech, you will partner with engineering and product teams to deliver high-quality, reliable solutions. Required skills: Scikit-learn, Machine Learning, SQL, Python, and R. Bonus points if you have experience mentoring junior team members and contributing to a strong engineering culture. Ideal for candidates with 4-6 years of industry experience."
1731,Junior Data Analyst,Sable Energy,"Seattle, WA",2025-09-29,Data Analyst,112000,"Join Sable Energy as a Junior Data Analyst! You'll be responsible for building and maintaining systems that rely on A/B testing, Excel, Data warehousing, and Power BI. This is a great opportunity for someone who enjoys solving complex problems and working with a talented, supportive team. Minimum of 2 years in a similar role."
1221,Applied Data Scientist,Skyline Software,"Hyderabad, India",2025-09-30,Data Scientist,52000,"Skyline Software is hiring a Applied Data Scientist to help scale our data capabilities. In this role you'll design, build, and maintain solutions using A/B testing, Machine Learning, Scikit-learn, PyTorch, Deep Learning, Statistics, and SQL. We're looking for someone with strong problem-solving skills, excellent communication, and a passion for data-driven decision making. 5+ years of professional experience required."
658,Business Data Analyst,Redwood Bank,"Bengaluru, India",2025-10-01,Data Analyst,27500,"Redwood Bank seeks an experienced Business Data Analyst to support our expanding analytics function. Day-to-day responsibilities include working with R, Data warehousing, SQL, Python, ETL, and Power BI to build scalable, production-grade systems. We value curiosity, ownership, and clear communication. 5+ years of professional experience required."
1637,Deep Learning Engineer,Zenith Aerospace,"Bengaluru, India",2025-10-01,ML Engineer,49000,"Join Zenith Aerospace as a Deep Learning Engineer! You'll be responsible for building and maintaining systems that rely on Python, Computer Vision, Deep Learning, Git, Spark, NLP, and Docker. This is a great opportunity for someone who enjoys solving complex problems and working with a talented, supportive team. 5+ years of professional experience required."
1659,BI Analyst,Ironclad Security,"Boston, MA",2025-10-01,Data Analyst,78000,"We are looking for a BI Analyst to join our growing team at Ironclad Security. You will work closely with cross-functional stakeholders to turn data into actionable insight. Key requirements include hands-on experience with Statistics, Tableau, Excel, and Git. The ideal candidate is comfortable working in a fast-paced, collaborative environment and has a strong track record of delivering measurable business impact. Ideal for candidates with 4-6 years of industry experience."
1883,Business Data Analyst,Echo Streaming,"Austin, TX",2025-10-01,Data Analyst,85000,"We are looking for a Business Data Analyst to join our growing team at Echo Streaming. You will work closely with cross-functional stakeholders to turn data into actionable insight. Key requirements include hands-on experience with Looker, Excel, Statistics, Python, Power BI, and A/B testing. The ideal candidate is comfortable working in a fast-paced, collaborative environment and has a strong track record of delivering measurable business impact. 5+ years of professional experience required."
387,Senior Data Engineer,Echo Streaming,"Pune, India",2025-10-02,Data Engineer,47000,"Echo Streaming seeks an experienced Senior Data Engineer to support our expanding analytics function. Day-to-day responsibilities include working with BigQuery, Snowflake, Airflow, Spark, Data warehousing, Docker, and SQL to build scalable, production-grade systems. We value curiosity, ownership, and clear communication. Minimum of 2 years in a similar role."
596,Backend Engineer,Evergreen Logistics,"Delhi, India",2025-10-03,Software Engineer,37500,"We are looking for a Backend Engineer to join our growing team at Evergreen Logistics. You will work closely with cross-functional stakeholders to turn data into actionable insight. Key requirements include hands-on experience with PostgreSQL, Python, C++, and Git. The ideal candidate is comfortable working in a fast-paced, collaborative environment and has a strong track record of delivering measurable business impact. 3+ years of relevant experience preferred."
880,Platform Engineer,Granite Data Partners,"Washington, DC",2025-10-03,Software Engineer,150500,"As a Platform Engineer at Granite Data Partners, you will partner with engineering and product teams to deliver high-quality, reliable solutions. Required skills: MongoDB, Docker, Java, PostgreSQL, and JavaScript. Bonus points if you have experience mentoring junior team members and contributing to a strong engineering culture. 3+ years of relevant experience preferred."
1141,Analytics Engineer,Bluepeak Technologies,"Hyderabad, India",2025-10-03,Data Engineer,55000,"As a Analytics Engineer at Bluepeak Technologies, you will partner with engineering and product teams to deliver high-quality, reliable solutions. Required skills: Airflow, Azure, dbt, Kafka, Snowflake, and Redshift. Bonus points if you have experience mentoring junior team members and contributing to a strong engineering culture. Entry-level candidates with strong internship experience are encouraged to apply."
1690,BI Analyst,Nectar Foods,"Seattle, WA",2025-10-03,Data Analyst,95500,"Join Nectar Foods as a BI Analyst! You'll be responsible for building and maintaining systems that rely on SQL, Python, Excel, and Statistics. This is a great opportunity for someone who enjoys solving complex problems and working with a talented, supportive team. 3+ years of relevant experience preferred."
1927,Data Scientist II,Quicksilver Payments,"Austin, TX",2025-10-03,Data Scientist,125500,"Quicksilver Payments seeks an experienced Data Scientist II to support our expanding analytics function. Day-to-day responsibilities include working with Deep Learning, Machine Learning, TensorFlow, PyTorch, SQL, Power BI, and Statistics to build scalable, production-grade systems. We value curiosity, ownership, and clear communication. Minimum of 2 years in a similar role."
261,Senior Software Engineer,Quicksilver Payments,"Bengaluru, India",2025-10-04,Software Engineer,53500,"Quicksilver Payments is hiring a Senior Software Engineer to help scale our data capabilities. In this role you'll design, build, and maintain solutions using C++, PostgreSQL, JavaScript, and SQL. We're looking for someone with strong problem-solving skills, excellent communication, and a passion for data-driven decision making. 3+ years of relevant experience preferred."
780,AI Engineer,Brightline Education,"Hyderabad, India",2025-10-04,ML Engineer,52500,"Brightline Education is hiring a AI Engineer to help scale our data capabilities. In this role you'll design, build, and maintain solutions using Scikit-learn, PyTorch, Kubernetes, Machine Learning, Python, and Git. We're looking for someone with strong problem-solving skills, excellent communication, and a passion for data-driven decision making. Ideal for candidates with 4-6 years of industry experience."
1535,Deep Learning Engineer,Nimbus Analytics,"Berlin, Germany",2025-10-04,ML Engineer,122500,"We are looking for a Deep Learning Engineer to join our growing team at Nimbus Analytics. You will work closely with cross-functional stakeholders to turn data into actionable insight. Key requirements include hands-on experience with Python, Machine Learning, PyTorch, Spark, and Kubernetes. The ideal candidate is comfortable working in a fast-paced, collaborative environment and has a strong track record of delivering measurable business impact. 3+ years of relevant experience preferred."
1983,Software Engineer,Meridian Health Analytics,Singapore,2025-10-04,Software Engineer,89500,"Join Meridian Health Analytics as a Software Engineer! You'll be responsible for building and maintaining systems that rely on JavaScript, Git, REST API, and SQL. This is a great opportunity for someone who enjoys solving complex problems and working with a talented, supportive team. 3+ years of relevant experience preferred."
82,Business Data Analyst,Summit Cloud Solutions,"Toronto, Canada",2025-10-05,Data Analyst,68500,"Summit Cloud Solutions is hiring a Business Data Analyst to help scale our data capabilities. In this role you'll design, build, and maintain solutions using Tableau, Excel, Power BI, SQL, and Python. We're looking for someone with strong problem-solving skills, excellent communication, and a passion for data-driven decision making. Entry-level candidates with strong internship experience are encouraged to apply."
574,Senior Data Engineer,Juniper Cybersecurity,"Hyderabad, India",2025-10-05,Data Engineer,53000,"We are looking for a Senior Data Engineer to join our growing team at Juniper Cybersecurity. You will work closely with cross-functional stakeholders to turn data into actionable insight. Key requirements include hands-on experience with Data warehousing, Snowflake, dbt, ETL, and Kafka. The ideal candidate is comfortable working in a fast-paced, collaborative environment and has a strong track record of delivering measurable business impact. 5+ years of professional experience required."
682,ETL Developer,Tundra Telecom,"Chicago, IL",2025-10-05,Data Engineer,97500,"Tundra Telecom is hiring a ETL Developer to help scale our data capabilities. In this role you'll design, build, and maintain solutions using BigQuery, AWS, Google Cloud Platform, Snowflake, Airflow, dbt, and Python. We're looking for someone with strong problem-solving skills, excellent communication, and a passion for data-driven decision making. 5+ years of professional experience required."
800,Senior Data Scientist,Falcon FinTech,"San Francisco, CA",2025-10-05,Data Scientist,214500,"Falcon FinTech is hiring a Senior Data Scientist to help scale our data capabilities. In this role you'll design, build, and maintain solutions using Machine Learning, NLP, PyTorch, and Python. We're looking for someone with strong problem-solving skills, excellent communication, and a passion for data-driven decision making. Ideal for candidates with 4-6 years of industry experience."
1175,Research Data Scientist,Cortex Systems,"Washington, DC",2025-10-05,Data Scientist,162500,"Cortex Systems seeks an experienced Research Data Scientist to support our expanding analytics function. Day-to-day responsibilities include working with Machine Learning, Scikit-learn, Python, Spark, A/B testing, and NLP to build scalable, production-grade systems. We value curiosity, ownership, and clear communication. Minimum of 2 years in a similar role."
38,Backend Engineer,Fenwick Pharma,"Hyderabad, India",2025-10-06,Software Engineer,39500,"Fenwick Pharma seeks an experienced Backend Engineer to support our expanding analytics function. Day-to-day responsibilities include working with SQL, Python, Docker, and Java to build scalable, production-grade systems. We value curiosity, ownership, and clear communication. Ideal for candidates with 4-6 years of industry experience."
327,Research Data Scientist,Vantage Point Retail,"Denver, CO",2025-10-07,Data Scientist,149000,"Vantage Point Retail seeks an experienced Research Data Scientist to support our expanding analytics function. Day-to-day responsibilities include working with Scikit-learn, Statistics, Deep Learning, A/B testing, Python, TensorFlow, and Machine Learning to build scalable, production-grade systems. We value curiosity, ownership, and clear communication. 3+ years of relevant experience preferred."
341,Software Development Engineer,Onyx Manufacturing,"San Francisco, CA",2025-10-07,Software Engineer,164000,"Onyx Manufacturing is hiring a Software Development Engineer to help scale our data capabilities. In this role you'll design, build, and maintain solutions using Java, C++, Linux, JavaScript, Python, and REST API. We're looking for someone with strong problem-solving skills, excellent communication, and a passion for data-driven decision making. 3+ years of relevant experience preferred."
544,Software Engineer,Vertex Insight Labs,"Berlin, Germany",2025-10-07,Software Engineer,118000,"Join Vertex Insight Labs as a Software Engineer! You'll be responsible for building and maintaining systems that rely on Agile, Docker, Git, Linux, SQL, and Java. This is a great opportunity for someone who enjoys solving complex problems and working with a talented, supportive team. Ideal for candidates with 4-6 years of industry experience."
694,Senior Data Scientist,Zenith Aerospace,"San Francisco, CA",2025-10-07,Data Scientist,194500,"We are looking for a Senior Data Scientist to join our growing team at Zenith Aerospace. You will work closely with cross-functional stakeholders to turn data into actionable insight. Key requirements include hands-on experience with Statistics, Tableau, AWS, NLP, Machine Learning, and Python. The ideal candidate is comfortable working in a fast-paced, collaborative environment and has a strong track record of delivering measurable business impact. 3+ years of relevant experience preferred."
1558,Senior Software Engineer,Anchor Payments,"Denver, CO",2025-10-07,Software Engineer,140000,"We are looking for a Senior Software Engineer to join our growing team at Anchor Payments. You will work closely with cross-functional stakeholders to turn data into actionable insight. Key requirements include hands-on experience with Linux, NoSQL, Java, REST API, and C++. The ideal candidate is comfortable working in a fast-paced, collaborative environment and has a strong track record of delivering measurable business impact. Minimum of 2 years in a similar role."
1595,Lead Data Scientist,Clearwater Consulting,"San Francisco, CA",2025-10-07,Data Scientist,198000,"Clearwater Consulting is hiring a Lead Data Scientist to help scale our data capabilities. In this role you'll design, build, and maintain solutions using Python, Machine Learning, Tableau, and AWS. We're looking for someone with strong problem-solving skills, excellent communication, and a passion for data-driven decision making. 3+ years of relevant experience preferred."
1864,BI Analyst,Riverstone Tech,"Pune, India",2025-10-07,Data Analyst,25500,"Riverstone Tech is hiring a BI Analyst to help scale our data capabilities. In this role you'll design, build, and maintain solutions using Power BI, Looker, Tableau, R, and Google Cloud Platform. We're looking for someone with strong problem-solving skills, excellent communication, and a passion for data-driven decision making. Ideal for candidates with 4-6 years of industry experience."
1891,Applied ML Engineer,Coral Reef Gaming,"Austin, TX",2025-10-07,ML Engineer,206000,"Coral Reef Gaming is hiring a Applied ML Engineer to help scale our data capabilities. In this role you'll design, build, and maintain solutions using Machine Learning, AWS, Airflow, and Python. We're looking for someone with strong problem-solving skills, excellent communication, and a passion for data-driven decision making. 3+ years of relevant experience preferred."
1972,Senior Data Scientist,Redwood Bank,"San Francisco, CA",2025-10-07,Data Scientist,153000,"Redwood Bank is hiring a Senior Data Scientist to help scale our data capabilities. In this role you'll design, build, and maintain solutions using Deep Learning, NLP, PyTorch, Python, Computer Vision, Machine Learning, and TensorFlow. We're looking for someone with strong problem-solving skills, excellent communication, and a passion for data-driven decision making. Ideal for candidates with 4-6 years of industry experience."
152,Cloud Data Engineer,Skyline Software,"Toronto, Canada",2025-10-08,Data Engineer,72500,"As a Cloud Data Engineer at Skyline Software, you will partner with engineering and product teams to deliver high-quality, reliable solutions. Required skills: Python, dbt, BigQuery, Spark, SQL, Redshift, and ETL. Bonus points if you have experience mentoring junior team members and contributing to a strong engineering culture. 3+ years of relevant experience preferred."
807,Senior Data Scientist,Orbit Financial Services,Singapore,2025-10-08,Data Scientist,148000,"As a Senior Data Scientist at Orbit Financial Services, you will partner with engineering and product teams to deliver high-quality, reliable solutions. Required skills: Computer Vision, SQL, Python, PyTorch, NLP, and Scikit-learn. Bonus points if you have experience mentoring junior team members and contributing to a strong engineering culture. Minimum of 2 years in a similar role."
1053,Software Development Engineer,Zenith Aerospace,"Boston, MA",2025-10-08,Software Engineer,154000,"Zenith Aerospace seeks an experienced Software Development Engineer to support our expanding analytics function. Day-to-day responsibilities include working with Git, Agile, JavaScript, REST API, Kubernetes, and Docker to build scalable, production-grade systems. We value curiosity, ownership, and clear communication. 5+ years of professional experience required."
1167,Cloud Data Engineer,Lighthouse AI,Remote,2025-10-08,Data Engineer,111500,"Join Lighthouse AI as a Cloud Data Engineer! You'll be responsible for building and maintaining systems that rely on ETL, SQL, AWS, BigQuery, and Azure. This is a great opportunity for someone who enjoys solving complex problems and working with a talented, supportive team. 5+ years of professional experience required."
1887,Data Scientist II,Vertex Insight Labs,"Boston, MA",2025-10-08,Data Scientist,137000,"As a Data Scientist II at Vertex Insight Labs, you will partner with engineering and product teams to deliver high-quality, reliable solutions. Required skills: Machine Learning, Deep Learning, A/B testing, Statistics, and Scikit-learn. Bonus points if you have experience mentoring junior team members and contributing to a strong engineering culture. 5+ years of professional experience required."
161,Software Engineer,Tundra Telecom,"Bengaluru, India",2025-10-09,Software Engineer,65000,"Join Tundra Telecom as a Software Engineer! You'll be responsible for building and maintaining systems that rely on Java, Python, NoSQL, and JavaScript. This is a great opportunity for someone who enjoys solving complex problems and working with a talented, supportive team. 5+ years of professional experience required."
456,Lead Data Scientist,Delta Freight Systems,"Mumbai, India",2025-10-09,Data Scientist,60000,"Delta Freight Systems is hiring a Lead Data Scientist to help scale our data capabilities. In this role you'll design, build, and maintain solutions using TensorFlow, Machine Learning, Deep Learning, SQL, Python, and Computer Vision. We're looking for someone with strong problem-solving skills, excellent communication, and a passion for data-driven decision making. Ideal for candidates with 4-6 years of industry experience."
634,Platform Engineer,Brightline Education,"Mumbai, India",2025-10-09,Software Engineer,42000,"We are looking for a Platform Engineer to join our growing team at Brightline Education. You will work closely with cross-functional stakeholders to turn data into actionable insight. Key requirements include hands-on experience with Linux, Docker, Git, REST API, and Agile. The ideal candidate is comfortable working in a fast-paced, collaborative environment and has a strong track record of delivering measurable business impact. 5+ years of professional experience required."
237,AI Engineer,Nectar Foods,"Los Angeles, CA",2025-10-10,ML Engineer,153500,"Nectar Foods seeks an experienced AI Engineer to support our expanding analytics function. Day-to-day responsibilities include working with AWS, Machine Learning, PyTorch, Spark, Kubernetes, and Python to build scalable, production-grade systems. We value curiosity, ownership, and clear communication. Entry-level candidates with strong internship experience are encouraged to apply."
271,Cloud Data Engineer,Pixel & Co,"Los Angeles, CA",2025-10-10,Data Engineer,145000,"We are looking for a Cloud Data Engineer to join our growing team at Pixel & Co. You will work closely with cross-functional stakeholders to turn data into actionable insight. Key requirements include hands-on experience with Python, Airflow, ETL, Kafka, Redshift, Azure, and Snowflake. The ideal candidate is comfortable working in a fast-paced, collaborative environment and has a strong track record of delivering measurable business impact. Entry-level candidates with strong internship experience are encouraged to apply."
751,Business Data Analyst,Clearwater Consulting,"New York, NY",2025-10-10,Data Analyst,140500,"Join Clearwater Consulting as a Business Data Analyst! You'll be responsible for building and maintaining systems that rely on Tableau, Excel, Statistics, Power BI, Git, and Python. This is a great opportunity for someone who enjoys solving complex problems and working with a talented, supportive team. Ideal for candidates with 4-6 years of industry experience."
1867,Software Development Engineer,Ironclad Security,"Seattle, WA",2025-10-10,Software Engineer,179500,"We are looking for a Software Development Engineer to join our growing team at Ironclad Security. You will work closely with cross-functional stakeholders to turn data into actionable insight. Key requirements include hands-on experience with JavaScript, SQL, REST API, and PostgreSQL. The ideal candidate is comfortable working in a fast-paced, collaborative environment and has a strong track record of delivering measurable business impact. Minimum of 2 years in a similar role."
1934,Data Scientist II,Pixel & Co,"Bengaluru, India",2025-10-10,Data Scientist,39500,"We are looking for a Data Scientist II to join our growing team at Pixel & Co. You will work closely with cross-functional stakeholders to turn data into actionable insight. Key requirements include hands-on experience with Scikit-learn, Statistics, A/B testing, and AWS. The ideal candidate is comfortable working in a fast-paced, collaborative environment and has a strong track record of delivering measurable business impact. Minimum of 2 years in a similar role."
105,Big Data Engineer,Echo Streaming,"Hyderabad, India",2025-10-11,Data Engineer,53000,"Echo Streaming is hiring a Big Data Engineer to help scale our data capabilities. In this role you'll design, build, and maintain solutions using Python, AWS, ETL, and Docker. We're looking for someone with strong problem-solving skills, excellent communication, and a passion for data-driven decision making. Entry-level candidates with strong internship experience are encouraged to apply."
830,ML Ops Engineer,Brightline Education,"San Francisco, CA",2025-10-11,ML Engineer,235500,"Brightline Education is hiring a ML Ops Engineer to help scale our data capabilities. In this role you'll design, build, and maintain solutions using Azure, Deep Learning, Git, and Docker. We're looking for someone with strong problem-solving skills, excellent communication, and a passion for data-driven decision making. Minimum of 2 years in a similar role."
1072,Data Engineer,Skyline Software,"Berlin, Germany",2025-10-11,Data Engineer,105500,"Join Skyline Software as a Data Engineer! You'll be responsible for building and maintaining systems that rely on Spark, ETL, AWS, and Kafka. This is a great opportunity for someone who enjoys solving complex problems and working with a talented, supportive team. 3+ years of relevant experience preferred."
1082,Marketing Data Analyst,Falcon FinTech,Remote,2025-10-11,Data Analyst,71000,"Falcon FinTech seeks an experienced Marketing Data Analyst to support our expanding analytics function. Day-to-day responsibilities include working with Python, SQL, Data warehousing, Git, and Excel to build scalable, production-grade systems. We value curiosity, ownership, and clear communication. Minimum of 2 years in a similar role."
1562,Platform Engineer,Lighthouse AI,Singapore,2025-10-11,Software Engineer,111000,"Lighthouse AI seeks an experienced Platform Engineer to support our expanding analytics function. Day-to-day responsibilities include working with AWS, JavaScript, REST API, Java, Python, and Git to build scalable, production-grade systems. We value curiosity, ownership, and clear communication. Ideal for candidates with 4-6 years of industry experience."
496,Research Data Scientist,Nimbus Analytics,"Seattle, WA",2025-10-12,Data Scientist,139000,"As a Research Data Scientist at Nimbus Analytics, you will partner with engineering and product teams to deliver high-quality, reliable solutions. Required skills: SQL, TensorFlow, NLP, AWS, Statistics, and Machine Learning. Bonus points if you have experience mentoring junior team members and contributing to a strong engineering culture. Minimum of 2 years in a similar role."
554,Applied ML Engineer,Onyx Manufacturing,"Los Angeles, CA",2025-10-12,ML Engineer,177500,"As a Applied ML Engineer at Onyx Manufacturing, you will partner with engineering and product teams to deliver high-quality, reliable solutions. Required skills: Deep Learning, Python, Docker, Machine Learning, and PyTorch. Bonus points if you have experience mentoring junior team members and contributing to a strong engineering culture. Minimum of 2 years in a similar role."
1001,AI Engineer,Bluepeak Technologies,"Pune, India",2025-10-13,ML Engineer,41000,"We are looking for a AI Engineer to join our growing team at Bluepeak Technologies. You will work closely with cross-functional stakeholders to turn data into actionable insight. Key requirements include hands-on experience with Python, PyTorch, Deep Learning, and AWS. The ideal candidate is comfortable working in a fast-paced, collaborative environment and has a strong track record of delivering measurable business impact. Entry-level candidates with strong internship experience are encouraged to apply."
1102,ML Ops Engineer,Willow Health Systems,"Toronto, Canada",2025-10-13,ML Engineer,138500,"Willow Health Systems is hiring a ML Ops Engineer to help scale our data capabilities. In this role you'll design, build, and maintain solutions using Docker, AWS, PyTorch, Deep Learning, and NLP. We're looking for someone with strong problem-solving skills, excellent communication, and a passion for data-driven decision making. Ideal for candidates with 4-6 years of industry experience."
1209,Senior ML Engineer,Riverstone Tech,"Toronto, Canada",2025-10-13,ML Engineer,142500,"Riverstone Tech is hiring a Senior ML Engineer to help scale our data capabilities. In this role you'll design, build, and maintain solutions using TensorFlow, NLP, PyTorch, and Spark. We're looking for someone with strong problem-solving skills, excellent communication, and a passion for data-driven decision making. 5+ years of professional experience required."
1756,Data Scientist II,Coral Reef Gaming,"San Francisco, CA",2025-10-13,Data Scientist,230000,"We are looking for a Data Scientist II to join our growing team at Coral Reef Gaming. You will work closely with cross-functional stakeholders to turn data into actionable insight. Key requirements include hands-on experience with Scikit-learn, A/B testing, Deep Learning, and TensorFlow. The ideal candidate is comfortable working in a fast-paced, collaborative environment and has a strong track record of delivering measurable business impact. Minimum of 2 years in a similar role."
1771,Big Data Engineer,Nectar Foods,"Bengaluru, India",2025-10-13,Data Engineer,41500,"Nectar Foods seeks an experienced Big Data Engineer to support our expanding analytics function. Day-to-day responsibilities include working with SQL, AWS, NoSQL, and Hadoop to build scalable, production-grade systems. We value curiosity, ownership, and clear communication. Minimum of 2 years in a similar role."
112,Software Engineer,Sable Energy,"Delhi, India",2025-10-14,Software Engineer,42500,"We are looking for a Software Engineer to join our growing team at Sable Energy. You will work closely with cross-functional stakeholders to turn data into actionable insight. Key requirements include hands-on experience with JavaScript, AWS, Python, Java, Kubernetes, and MongoDB. The ideal candidate is comfortable working in a fast-paced, collaborative environment and has a strong track record of delivering measurable business impact. 3+ years of relevant experience preferred."
746,Backend Engineer,Sable Energy,Remote,2025-10-14,Software Engineer,151500,"Sable Energy seeks an experienced Backend Engineer to support our expanding analytics function. Day-to-day responsibilities include working with JavaScript, Java, Agile, Python, C++, and SQL to build scalable, production-grade systems. We value curiosity, ownership, and clear communication. Ideal for candidates with 4-6 years of industry experience."
779,Software Engineer,Willow Health Systems,"Delhi, India",2025-10-14,Software Engineer,43500,"Willow Health Systems seeks an experienced Software Engineer to support our expanding analytics function. Day-to-day responsibilities include working with Git, Python, REST API, C++, JavaScript, and Linux to build scalable, production-grade systems. We value curiosity, ownership, and clear communication. Ideal for candidates with 4-6 years of industry experience."
925,Senior Data Engineer,Zenith Aerospace,"Boston, MA",2025-10-14,Data Engineer,141000,"As a Senior Data Engineer at Zenith Aerospace, you will partner with engineering and product teams to deliver high-quality, reliable solutions. Required skills: AWS, Python, Hadoop, and SQL. Bonus points if you have experience mentoring junior team members and contributing to a strong engineering culture. Minimum of 2 years in a similar role."
1196,Cloud Data Engineer,Keystone Auto Group,"Washington, DC",2025-10-14,Data Engineer,111500,"Join Keystone Auto Group as a Cloud Data Engineer! You'll be responsible for building and maintaining systems that rely on Kafka, Python, Data warehousing, Redshift, ETL, and NoSQL. This is a great opportunity for someone who enjoys solving complex problems and working with a talented, supportive team. Entry-level candidates with strong internship experience are encouraged to apply."
1348,Deep Learning Engineer,Rustic Agritech,"Hyderabad, India",2025-10-14,ML Engineer,63500,"Rustic Agritech is hiring a Deep Learning Engineer to help scale our data capabilities. In this role you'll design, build, and maintain solutions using Kubernetes, Deep Learning, Computer Vision, PyTorch, Scikit-learn, and Docker. We're looking for someone with strong problem-solving skills, excellent communication, and a passion for data-driven decision making. 5+ years of professional experience required."
1881,Applied ML Engineer,Lattice Biotech,"Delhi, India",2025-10-14,ML Engineer,37500,"Lattice Biotech seeks an experienced Applied ML Engineer to support our expanding analytics function. Day-to-day responsibilities include working with TensorFlow, PyTorch, Scikit-learn, Docker, Computer Vision, Git, and Kubernetes to build scalable, production-grade systems. We value curiosity, ownership, and clear communication. 3+ years of relevant experience preferred."
284,Machine Learning Engineer,Nimbus Analytics,"Chicago, IL",2025-10-15,ML Engineer,153000,"As a Machine Learning Engineer at Nimbus Analytics, you will partner with engineering and product teams to deliver high-quality, reliable solutions. Required skills: PyTorch, Docker, AWS, and Git. Bonus points if you have experience mentoring junior team members and contributing to a strong engineering culture. 5+ years of professional experience required."
1301,Applied Data Scientist,Pixel & Co,Remote,2025-10-15,Data Scientist,143000,"Join Pixel & Co as a Applied Data Scientist! You'll be responsible for building and maintaining systems that rely on Statistics, A/B testing, NLP, Scikit-learn, and Computer Vision. This is a great opportunity for someone who enjoys solving complex problems and working with a talented, supportive team. 5+ years of professional experience required."
403,Deep Learning Engineer,Vertex Insight Labs,"Seattle, WA",2025-10-16,ML Engineer,192500,"We are looking for a Deep Learning Engineer to join our growing team at Vertex Insight Labs. You will work closely with cross-functional stakeholders to turn data into actionable insight. Key requirements include hands-on experience with Computer Vision, Python, PyTorch, Kubernetes, Docker, and Machine Learning. The ideal candidate is comfortable working in a fast-paced, collaborative environment and has a strong track record of delivering measurable business impact. 5+ years of professional experience required."
501,Backend Engineer,DataForge Inc,"Berlin, Germany",2025-10-16,Software Engineer,103500,"As a Backend Engineer at DataForge Inc, you will partner with engineering and product teams to deliver high-quality, reliable solutions. Required skills: Java, Docker, Git, Agile, REST API, JavaScript, and Kubernetes. Bonus points if you have experience mentoring junior team members and contributing to a strong engineering culture. Entry-level candidates with strong internship experience are encouraged to apply."
546,Big Data Engineer,Delta Freight Systems,"London, UK",2025-10-16,Data Engineer,117000,"As a Big Data Engineer at Delta Freight Systems, you will partner with engineering and product teams to deliver high-quality, reliable solutions. Required skills: Docker, Kafka, Snowflake, Hadoop, SQL, ETL, and Redshift. Bonus points if you have experience mentoring junior team members and contributing to a strong engineering culture. Minimum of 2 years in a similar role."
1372,Junior Data Analyst,Orbit Financial Services,Remote,2025-10-16,Data Analyst,73000,"We are looking for a Junior Data Analyst to join our growing team at Orbit Financial Services. You will work closely with cross-functional stakeholders to turn data into actionable insight. Key requirements include hands-on experience with Looker, Git, Tableau, and A/B testing. The ideal candidate is comfortable working in a fast-paced, collaborative environment and has a strong track record of delivering measurable business impact. 3+ years of relevant experience preferred."
345,Junior Data Analyst,Delta Freight Systems,"San Francisco, CA",2025-10-17,Data Analyst,110500,"Delta Freight Systems seeks an experienced Junior Data Analyst to support our expanding analytics function. Day-to-day responsibilities include working with Git, Python, SQL, Power BI, Excel, and Tableau to build scalable, production-grade systems. We value curiosity, ownership, and clear communication. 3+ years of relevant experience preferred."
699,Deep Learning Engineer,Vantage Point Retail,"Chicago, IL",2025-10-17,ML Engineer,159500,"We are looking for a Deep Learning Engineer to join our growing team at Vantage Point Retail. You will work closely with cross-functional stakeholders to turn data into actionable insight. Key requirements include hands-on experience with TensorFlow, Docker, Kubernetes, Computer Vision, and AWS. The ideal candidate is comfortable working in a fast-paced, collaborative environment and has a strong track record of delivering measurable business impact. Ideal for candidates with 4-6 years of industry experience."
1022,Applied ML Engineer,Keystone Auto Group,Remote,2025-10-17,ML Engineer,137000,"We are looking for a Applied ML Engineer to join our growing team at Keystone Auto Group. You will work closely with cross-functional stakeholders to turn data into actionable insight. Key requirements include hands-on experience with Docker, Kubernetes, PyTorch, and TensorFlow. The ideal candidate is comfortable working in a fast-paced, collaborative environment and has a strong track record of delivering measurable business impact. 5+ years of professional experience required."
1758,Big Data Engineer,Quicksilver Payments,"Seattle, WA",2025-10-17,Data Engineer,180500,"As a Big Data Engineer at Quicksilver Payments, you will partner with engineering and product teams to deliver high-quality, reliable solutions. Required skills: NoSQL, Airflow, Python, SQL, dbt, and ETL. Bonus points if you have experience mentoring junior team members and contributing to a strong engineering culture. 5+ years of professional experience required."
16,ETL Developer,Northwind Digital,"Atlanta, GA",2025-10-18,Data Engineer,114000,"Join Northwind Digital as a ETL Developer! You'll be responsible for building and maintaining systems that rely on Spark, ETL, Hadoop, Data warehousing, SQL, AWS, and Airflow. This is a great opportunity for someone who enjoys solving complex problems and working with a talented, supportive team. 5+ years of professional experience required."
155,BI Analyst,Pixel & Co,"Pune, India",2025-10-18,Data Analyst,28000,"We are looking for a BI Analyst to join our growing team at Pixel & Co. You will work closely with cross-functional stakeholders to turn data into actionable insight. Key requirements include hands-on experience with Power BI, Data warehousing, Tableau, and Git. The ideal candidate is comfortable working in a fast-paced, collaborative environment and has a strong track record of delivering measurable business impact. 5+ years of professional experience required."
157,Applied Data Scientist,Rustic Agritech,"San Francisco, CA",2025-10-18,Data Scientist,146000,"As a Applied Data Scientist at Rustic Agritech, you will partner with engineering and product teams to deliver high-quality, reliable solutions. Required skills: Python, Spark, A/B testing, and NLP. Bonus points if you have experience mentoring junior team members and contributing to a strong engineering culture. Entry-level candidates with strong internship experience are encouraged to apply."
1114,Data Engineer,DataForge Inc,"Austin, TX",2025-10-18,Data Engineer,110000,"DataForge Inc seeks an experienced Data Engineer to support our expanding analytics function. Day-to-day responsibilities include working with Spark, SQL, AWS, Snowflake, and NoSQL to build scalable, production-grade systems. We value curiosity, ownership, and clear communication. Ideal for candidates with 4-6 years of industry experience."
1431,Data Engineer,Delta Freight Systems,"Berlin, Germany",2025-10-18,Data Engineer,112500,"We are looking for a Data Engineer to join our growing team at Delta Freight Systems. You will work closely with cross-functional stakeholders to turn data into actionable insight. Key requirements include hands-on experience with Python, Spark, Azure, BigQuery, and Google Cloud Platform. The ideal candidate is comfortable working in a fast-paced, collaborative environment and has a strong track record of delivering measurable business impact. Ideal for candidates with 4-6 years of industry experience."
1523,Data Engineer,Evergreen Logistics,Remote,2025-10-18,Data Engineer,109500,"Evergreen Logistics is hiring a Data Engineer to help scale our data capabilities. In this role you'll design, build, and maintain solutions using SQL, Python, Snowflake, Data warehousing, BigQuery, and Google Cloud Platform. We're looking for someone with strong problem-solving skills, excellent communication, and a passion for data-driven decision making. Ideal for candidates with 4-6 years of industry experience."
1715,Research Data Scientist,Riverstone Tech,Remote,2025-10-18,Data Scientist,87000,"Join Riverstone Tech as a Research Data Scientist! You'll be responsible for building and maintaining systems that rely on SQL, Deep Learning, Statistics, A/B testing, and Python. This is a great opportunity for someone who enjoys solving complex problems and working with a talented, supportive team. Entry-level candidates with strong internship experience are encouraged to apply."
306,Business Data Analyst,Pixel & Co,"New York, NY",2025-10-19,Data Analyst,101000,"Pixel & Co seeks an experienced Business Data Analyst to support our expanding analytics function. Day-to-day responsibilities include working with Data warehousing, Python, R, and Git to build scalable, production-grade systems. We value curiosity, ownership, and clear communication. Ideal for candidates with 4-6 years of industry experience."
339,Junior Data Analyst,Gridline Utilities,"London, UK",2025-10-19,Data Analyst,71000,"As a Junior Data Analyst at Gridline Utilities, you will partner with engineering and product teams to deliver high-quality, reliable solutions. Required skills: Excel, R, SQL, Power BI, Statistics, A/B testing, and Looker. Bonus points if you have experience mentoring junior team members and contributing to a strong engineering culture. 3+ years of relevant experience preferred."
1439,Analytics Engineer,Nova Insurance,"Austin, TX",2025-10-19,Data Engineer,112500,"Join Nova Insurance as a Analytics Engineer! You'll be responsible for building and maintaining systems that rely on Docker, Spark, Airflow, Snowflake, and Kafka. This is a great opportunity for someone who enjoys solving complex problems and working with a talented, supportive team. Minimum of 2 years in a similar role."
1506,Lead Data Scientist,Quicksilver Payments,Singapore,2025-10-19,Data Scientist,124500,"Quicksilver Payments seeks an experienced Lead Data Scientist to support our expanding analytics function. Day-to-day responsibilities include working with Python, TensorFlow, Statistics, Machine Learning, NLP, and Scikit-learn to build scalable, production-grade systems. We value curiosity, ownership, and clear communication. Ideal for candidates with 4-6 years of industry experience."
1532,Junior Data Analyst,Juniper Cybersecurity,"San Francisco, CA",2025-10-19,Data Analyst,112500,"As a Junior Data Analyst at Juniper Cybersecurity, you will partner with engineering and product teams to deliver high-quality, reliable solutions. Required skills: ETL, Git, Data warehousing, and MongoDB. Bonus points if you have experience mentoring junior team members and contributing to a strong engineering culture. Ideal for candidates with 4-6 years of industry experience."
90,Analytics Engineer,Sable Energy,"Toronto, Canada",2025-10-20,Data Engineer,112500,"As a Analytics Engineer at Sable Energy, you will partner with engineering and product teams to deliver high-quality, reliable solutions. Required skills: AWS, SQL, Airflow, Python, Google Cloud Platform, and Snowflake. Bonus points if you have experience mentoring junior team members and contributing to a strong engineering culture. Entry-level candidates with strong internship experience are encouraged to apply."
804,Senior Data Engineer,Nectar Foods,"Hyderabad, India",2025-10-20,Data Engineer,40500,"Join Nectar Foods as a Senior Data Engineer! You'll be responsible for building and maintaining systems that rely on Snowflake, Redshift, Spark, Airflow, Hadoop, Python, and BigQuery. This is a great opportunity for someone who enjoys solving complex problems and working with a talented, supportive team. 5+ years of professional experience required."
864,Data Scientist,Summit Cloud Solutions,"New York, NY",2025-10-20,Data Scientist,157000,"Summit Cloud Solutions seeks an experienced Data Scientist to support our expanding analytics function. Day-to-day responsibilities include working with Spark, SQL, Machine Learning, Deep Learning, and AWS to build scalable, production-grade systems. We value curiosity, ownership, and clear communication. Minimum of 2 years in a similar role."
976,Senior Data Scientist,Lighthouse AI,"Pune, India",2025-10-20,Data Scientist,53500,"We are looking for a Senior Data Scientist to join our growing team at Lighthouse AI. You will work closely with cross-functional stakeholders to turn data into actionable insight. Key requirements include hands-on experience with Statistics, Python, Deep Learning, and NLP. The ideal candidate is comfortable working in a fast-paced, collaborative environment and has a strong track record of delivering measurable business impact. 5+ years of professional experience required."
1810,Applied Data Scientist,Opaline Cosmetics Analytics,"Washington, DC",2025-10-20,Data Scientist,129500,"We are looking for a Applied Data Scientist to join our growing team at Opaline Cosmetics Analytics. You will work closely with cross-functional stakeholders to turn data into actionable insight. Key requirements include hands-on experience with Machine Learning, Deep Learning, SQL, Spark, A/B testing, PyTorch, and Python. The ideal candidate is comfortable working in a fast-paced, collaborative environment and has a strong track record of delivering measurable business impact. Minimum of 2 years in a similar role."
1997,Senior Data Scientist,Prism Media Analytics,"Pune, India",2025-10-20,Data Scientist,43000,"Join Prism Media Analytics as a Senior Data Scientist! You'll be responsible for building and maintaining systems that rely on Python, NLP, TensorFlow, Scikit-learn, A/B testing, and AWS. This is a great opportunity for someone who enjoys solving complex problems and working with a talented, supportive team. Minimum of 2 years in a similar role."
128,Data Scientist II,Cortex Systems,"San Francisco, CA",2025-10-21,Data Scientist,178500,"We are looking for a Data Scientist II to join our growing team at Cortex Systems. You will work closely with cross-functional stakeholders to turn data into actionable insight. Key requirements include hands-on experience with Python, TensorFlow, SQL, Spark, Tableau, and AWS. The ideal candidate is comfortable working in a fast-paced, collaborative environment and has a strong track record of delivering measurable business impact. Minimum of 2 years in a similar role."
764,ML Ops Engineer,Bluepeak Technologies,"Austin, TX",2025-10-21,ML Engineer,166000,"Bluepeak Technologies seeks an experienced ML Ops Engineer to support our expanding analytics function. Day-to-day responsibilities include working with Spark, NLP, TensorFlow, Git, and Python to build scalable, production-grade systems. We value curiosity, ownership, and clear communication. 3+ years of relevant experience preferred."
870,Senior Data Analyst,Hilltop Ventures,"Austin, TX",2025-10-21,Data Analyst,71500,"We are looking for a Senior Data Analyst to join our growing team at Hilltop Ventures. You will work closely with cross-functional stakeholders to turn data into actionable insight. Key requirements include hands-on experience with A/B testing, Tableau, Git, and SQL. The ideal candidate is comfortable working in a fast-paced, collaborative environment and has a strong track record of delivering measurable business impact. 3+ years of relevant experience preferred."
1878,Senior Data Engineer,Fenwick Pharma,"Bengaluru, India",2025-10-21,Data Engineer,57500,"As a Senior Data Engineer at Fenwick Pharma, you will partner with engineering and product teams to deliver high-quality, reliable solutions. Required skills: AWS, Hadoop, Docker, Google Cloud Platform, ETL, Python, and Spark. Bonus points if you have experience mentoring junior team members and contributing to a strong engineering culture. 3+ years of relevant experience preferred."
1099,Marketing Data Analyst,Orbit Financial Services,"San Francisco, CA",2025-10-22,Data Analyst,72500,"We are looking for a Marketing Data Analyst to join our growing team at Orbit Financial Services. You will work closely with cross-functional stakeholders to turn data into actionable insight. Key requirements include hands-on experience with Statistics, Excel, Power BI, SQL, Looker, Data warehousing, and Tableau. The ideal candidate is comfortable working in a fast-paced, collaborative environment and has a strong track record of delivering measurable business impact. 5+ years of professional experience required."
1309,Research Data Scientist,Opaline Cosmetics Analytics,"Dublin, Ireland",2025-10-22,Data Scientist,117500,"We are looking for a Research Data Scientist to join our growing team at Opaline Cosmetics Analytics. You will work closely with cross-functional stakeholders to turn data into actionable insight. Key requirements include hands-on experience with SQL, Python, Deep Learning, Spark, NLP, A/B testing, and TensorFlow. The ideal candidate is comfortable working in a fast-paced, collaborative environment and has a strong track record of delivering measurable business impact. Ideal for candidates with 4-6 years of industry experience."
407,Data Scientist II,Rustic Agritech,"San Francisco, CA",2025-10-23,Data Scientist,136500,"We are looking for a Data Scientist II to join our growing team at Rustic Agritech. You will work closely with cross-functional stakeholders to turn data into actionable insight. Key requirements include hands-on experience with Scikit-learn, A/B testing, Machine Learning, and Python. The ideal candidate is comfortable working in a fast-paced, collaborative environment and has a strong track record of delivering measurable business impact. 5+ years of professional experience required."
1465,Data Engineer,Fenwick Pharma,"Berlin, Germany",2025-10-23,Data Engineer,117500,"Fenwick Pharma is hiring a Data Engineer to help scale our data capabilities. In this role you'll design, build, and maintain solutions using Spark, Kafka, BigQuery, Airflow, AWS, and Python. We're looking for someone with strong problem-solving skills, excellent communication, and a passion for data-driven decision making. Entry-level candidates with strong internship experience are encouraged to apply."
1723,Software Engineer,Lumina Commerce,"Washington, DC",2025-10-23,Software Engineer,141000,"Lumina Commerce is hiring a Software Engineer to help scale our data capabilities. In this role you'll design, build, and maintain solutions using Docker, JavaScript, Java, and Git. We're looking for someone with strong problem-solving skills, excellent communication, and a passion for data-driven decision making. Ideal for candidates with 4-6 years of industry experience."
1811,Senior Data Engineer,Falcon FinTech,Remote,2025-10-23,Data Engineer,130500,"We are looking for a Senior Data Engineer to join our growing team at Falcon FinTech. You will work closely with cross-functional stakeholders to turn data into actionable insight. Key requirements include hands-on experience with Airflow, Snowflake, Python, dbt, NoSQL, AWS, and Kafka. The ideal candidate is comfortable working in a fast-paced, collaborative environment and has a strong track record of delivering measurable business impact. 3+ years of relevant experience preferred."
164,Business Data Analyst,Falcon FinTech,"Hyderabad, India",2025-10-24,Data Analyst,30000,"Falcon FinTech seeks an experienced Business Data Analyst to support our expanding analytics function. Day-to-day responsibilities include working with Data warehousing, A/B testing, Looker, Power BI, R, and SQL to build scalable, production-grade systems. We value curiosity, ownership, and clear communication. Ideal for candidates with 4-6 years of industry experience."
431,Data Scientist,Summit Cloud Solutions,"San Francisco, CA",2025-10-24,Data Scientist,141500,"Summit Cloud Solutions is hiring a Data Scientist to help scale our data capabilities. In this role you'll design, build, and maintain solutions using Statistics, NLP, Deep Learning, and SQL. We're looking for someone with strong problem-solving skills, excellent communication, and a passion for data-driven decision making. 3+ years of relevant experience preferred."
568,Applied ML Engineer,Evergreen Logistics,"San Francisco, CA",2025-10-24,ML Engineer,167000,"We are looking for a Applied ML Engineer to join our growing team at Evergreen Logistics. You will work closely with cross-functional stakeholders to turn data into actionable insight. Key requirements include hands-on experience with Docker, PyTorch, Kubernetes, Machine Learning, Deep Learning, and Scikit-learn. The ideal candidate is comfortable working in a fast-paced, collaborative environment and has a strong track record of delivering measurable business impact. 5+ years of professional experience required."
582,BI Analyst,Opaline Cosmetics Analytics,"Hyderabad, India",2025-10-24,Data Analyst,29500,"We are looking for a BI Analyst to join our growing team at Opaline Cosmetics Analytics. You will work closely with cross-functional stakeholders to turn data into actionable insight. Key requirements include hands-on experience with Excel, Looker, Statistics, and Git. The ideal candidate is comfortable working in a fast-paced, collaborative environment and has a strong track record of delivering measurable business impact. 5+ years of professional experience required."
1161,Applied Data Scientist,Tundra Telecom,"Austin, TX",2025-10-24,Data Scientist,119500,"We are looking for a Applied Data Scientist to join our growing team at Tundra Telecom. You will work closely with cross-functional stakeholders to turn data into actionable insight. Key requirements include hands-on experience with Python, Statistics, Deep Learning, AWS, Scikit-learn, and NLP. The ideal candidate is comfortable working in a fast-paced, collaborative environment and has a strong track record of delivering measurable business impact. 3+ years of relevant experience preferred."
1826,Senior Data Engineer,Evergreen Logistics,Singapore,2025-10-24,Data Engineer,104000,"Join Evergreen Logistics as a Senior Data Engineer! You'll be responsible for building and maintaining systems that rely on Kafka, Snowflake, ETL, Data warehousing, dbt, and Hadoop. This is a great opportunity for someone who enjoys solving complex problems and working with a talented, supportive team. Minimum of 2 years in a similar role."
1870,Data Scientist II,Quantum Retail Group,"Delhi, India",2025-10-24,Data Scientist,47000,"Quantum Retail Group is hiring a Data Scientist II to help scale our data capabilities. In this role you'll design, build, and maintain solutions using Machine Learning, A/B testing, R, SQL, and Statistics. We're looking for someone with strong problem-solving skills, excellent communication, and a passion for data-driven decision making. Minimum of 2 years in a similar role."
14,Deep Learning Engineer,Fenwick Pharma,"Los Angeles, CA",2025-10-25,ML Engineer,193500,"As a Deep Learning Engineer at Fenwick Pharma, you will partner with engineering and product teams to deliver high-quality, reliable solutions. Required skills: Python, TensorFlow, Machine Learning, Git, Spark, AWS, and Computer Vision. Bonus points if you have experience mentoring junior team members and contributing to a strong engineering culture. Entry-level candidates with strong internship experience are encouraged to apply."
819,Cloud Data Engineer,Lumina Commerce,Remote,2025-10-25,Data Engineer,135000,"Join Lumina Commerce as a Cloud Data Engineer! You'll be responsible for building and maintaining systems that rely on Spark, Snowflake, SQL, and ETL. This is a great opportunity for someone who enjoys solving complex problems and working with a talented, supportive team. Ideal for candidates with 4-6 years of industry experience."
1364,Applied Data Scientist,Bluepeak Technologies,"Bengaluru, India",2025-10-25,Data Scientist,57500,"Bluepeak Technologies seeks an experienced Applied Data Scientist to support our expanding analytics function. Day-to-day responsibilities include working with AWS, Machine Learning, Python, and Computer Vision to build scalable, production-grade systems. We value curiosity, ownership, and clear communication. 5+ years of professional experience required."
1563,Reporting Analyst,Marlin Shipping,"Dublin, Ireland",2025-10-25,Data Analyst,63500,"As a Reporting Analyst at Marlin Shipping, you will partner with engineering and product teams to deliver high-quality, reliable solutions. Required skills: Tableau, SQL, Statistics, Python, Excel, Power BI, and A/B testing. Bonus points if you have experience mentoring junior team members and contributing to a strong engineering culture. 3+ years of relevant experience preferred."
874,Applied ML Engineer,Riverstone Tech,"Los Angeles, CA",2025-10-26,ML Engineer,166000,"Riverstone Tech is hiring a Applied ML Engineer to help scale our data capabilities. In this role you'll design, build, and maintain solutions using Scikit-learn, PyTorch, TensorFlow, and NLP. We're looking for someone with strong problem-solving skills, excellent communication, and a passion for data-driven decision making. 3+ years of relevant experience preferred."
904,BI Analyst,Willow Health Systems,"Delhi, India",2025-10-26,Data Analyst,30500,"Willow Health Systems is hiring a BI Analyst to help scale our data capabilities. In this role you'll design, build, and maintain solutions using Google Cloud Platform, Power BI, A/B testing, SQL, and Excel. We're looking for someone with strong problem-solving skills, excellent communication, and a passion for data-driven decision making. 5+ years of professional experience required."
1089,Senior Data Analyst,Kestrel Media Group,Remote,2025-10-26,Data Analyst,80500,"As a Senior Data Analyst at Kestrel Media Group, you will partner with engineering and product teams to deliver high-quality, reliable solutions. Required skills: Git, Python, Excel, Power BI, and Tableau. Bonus points if you have experience mentoring junior team members and contributing to a strong engineering culture. 5+ years of professional experience required."
1282,Business Data Analyst,Junction Mobility,"London, UK",2025-10-26,Data Analyst,65500,"As a Business Data Analyst at Junction Mobility, you will partner with engineering and product teams to deliver high-quality, reliable solutions. Required skills: Power BI, Excel, Python, and Statistics. Bonus points if you have experience mentoring junior team members and contributing to a strong engineering culture. Minimum of 2 years in a similar role."
1543,Data Engineer,Echo Streaming,"Atlanta, GA",2025-10-26,Data Engineer,140000,"We are looking for a Data Engineer to join our growing team at Echo Streaming. You will work closely with cross-functional stakeholders to turn data into actionable insight. Key requirements include hands-on experience with SQL, Python, NoSQL, Data warehousing, ETL, and Docker. The ideal candidate is comfortable working in a fast-paced, collaborative environment and has a strong track record of delivering measurable business impact. Ideal for candidates with 4-6 years of industry experience."
1890,Applied Data Scientist,Bluepeak Technologies,"San Francisco, CA",2025-10-26,Data Scientist,188000,"Join Bluepeak Technologies as a Applied Data Scientist! You'll be responsible for building and maintaining systems that rely on NLP, A/B testing, Machine Learning, SQL, Python, and Statistics. This is a great opportunity for someone who enjoys solving complex problems and working with a talented, supportive team. Ideal for candidates with 4-6 years of industry experience."
597,Software Development Engineer,Bluepeak Technologies,"Toronto, Canada",2025-10-27,Software Engineer,162000,"Join Bluepeak Technologies as a Software Development Engineer! You'll be responsible for building and maintaining systems that rely on JavaScript, Java, SQL, PostgreSQL, Git, AWS, and Agile. This is a great opportunity for someone who enjoys solving complex problems and working with a talented, supportive team. Entry-level candidates with strong internship experience are encouraged to apply."
831,BI Analyst,Ivory Real Estate Tech,"Bengaluru, India",2025-10-27,Data Analyst,24000,"Join Ivory Real Estate Tech as a BI Analyst! You'll be responsible for building and maintaining systems that rely on SQL, Tableau, Python, Excel, Statistics, and Git. This is a great opportunity for someone who enjoys solving complex problems and working with a talented, supportive team. 3+ years of relevant experience preferred."
1108,Senior Data Scientist,Nectar Foods,"Toronto, Canada",2025-10-27,Data Scientist,141000,"We are looking for a Senior Data Scientist to join our growing team at Nectar Foods. You will work closely with cross-functional stakeholders to turn data into actionable insight. Key requirements include hands-on experience with R, Statistics, SQL, Deep Learning, Python, PyTorch, and Machine Learning. The ideal candidate is comfortable working in a fast-paced, collaborative environment and has a strong track record of delivering measurable business impact. Ideal for candidates with 4-6 years of industry experience."
1455,Business Data Analyst,Ivory Real Estate Tech,"New York, NY",2025-10-27,Data Analyst,86000,"We are looking for a Business Data Analyst to join our growing team at Ivory Real Estate Tech. You will work closely with cross-functional stakeholders to turn data into actionable insight. Key requirements include hands-on experience with SQL, R, Excel, and ETL. The ideal candidate is comfortable working in a fast-paced, collaborative environment and has a strong track record of delivering measurable business impact. Minimum of 2 years in a similar role."
1704,Big Data Engineer,Vertex Insight Labs,"Bengaluru, India",2025-10-27,Data Engineer,40500,"As a Big Data Engineer at Vertex Insight Labs, you will partner with engineering and product teams to deliver high-quality, reliable solutions. Required skills: NoSQL, Spark, SQL, Python, BigQuery, and dbt. Bonus points if you have experience mentoring junior team members and contributing to a strong engineering culture. Ideal for candidates with 4-6 years of industry experience."
798,Software Development Engineer,Pathfinder Travel Tech,"Boston, MA",2025-10-28,Software Engineer,170000,"Pathfinder Travel Tech is hiring a Software Development Engineer to help scale our data capabilities. In this role you'll design, build, and maintain solutions using Docker, MongoDB, SQL, JavaScript, Git, and Linux. We're looking for someone with strong problem-solving skills, excellent communication, and a passion for data-driven decision making. 5+ years of professional experience required."
827,Senior Data Scientist,Sable Energy,"Hyderabad, India",2025-10-28,Data Scientist,50000,"Sable Energy is hiring a Senior Data Scientist to help scale our data capabilities. In this role you'll design, build, and maintain solutions using SQL, Spark, Machine Learning, A/B testing, Statistics, Python, and Deep Learning. We're looking for someone with strong problem-solving skills, excellent communication, and a passion for data-driven decision making. Ideal for candidates with 4-6 years of industry experience."
1272,Senior ML Engineer,Junction Mobility,Remote,2025-10-28,ML Engineer,193500,"As a Senior ML Engineer at Junction Mobility, you will partner with engineering and product teams to deliver high-quality, reliable solutions. Required skills: Git, Python, Machine Learning, and Kubernetes. Bonus points if you have experience mentoring junior team members and contributing to a strong engineering culture. 3+ years of relevant experience preferred."
1493,Lead Data Scientist,Ironclad Security,Remote,2025-10-28,Data Scientist,141000,"Ironclad Security is hiring a Lead Data Scientist to help scale our data capabilities. In this role you'll design, build, and maintain solutions using NLP, SQL, Machine Learning, and Python. We're looking for someone with strong problem-solving skills, excellent communication, and a passion for data-driven decision making. Minimum of 2 years in a similar role."
1827,Research Data Scientist,Lumina Commerce,"Dublin, Ireland",2025-10-28,Data Scientist,124000,"Lumina Commerce is hiring a Research Data Scientist to help scale our data capabilities. In this role you'll design, build, and maintain solutions using A/B testing, Scikit-learn, R, Spark, and Python. We're looking for someone with strong problem-solving skills, excellent communication, and a passion for data-driven decision making. Entry-level candidates with strong internship experience are encouraged to apply."
66,Senior Data Analyst,Redwood Bank,"Dublin, Ireland",2025-10-29,Data Analyst,83500,"Redwood Bank seeks an experienced Senior Data Analyst to support our expanding analytics function. Day-to-day responsibilities include working with Power BI, Google Cloud Platform, Data warehousing, SQL, and Tableau to build scalable, production-grade systems. We value curiosity, ownership, and clear communication. Minimum of 2 years in a similar role."
75,ETL Developer,Marlin Shipping,"New York, NY",2025-10-29,Data Engineer,107500,"Marlin Shipping seeks an experienced ETL Developer to support our expanding analytics function. Day-to-day responsibilities include working with Docker, Python, Azure, AWS, Spark, ETL, and Google Cloud Platform to build scalable, production-grade systems. We value curiosity, ownership, and clear communication. 3+ years of relevant experience preferred."
139,Business Data Analyst,Onyx Manufacturing,"Bengaluru, India",2025-10-29,Data Analyst,34000,"As a Business Data Analyst at Onyx Manufacturing, you will partner with engineering and product teams to deliver high-quality, reliable solutions. Required skills: SQL, Git, Data warehousing, Google Cloud Platform, Excel, and Python. Bonus points if you have experience mentoring junior team members and contributing to a strong engineering culture. 3+ years of relevant experience preferred."
184,Senior Data Analyst,Northwind Digital,Singapore,2025-10-29,Data Analyst,75500,"Join Northwind Digital as a Senior Data Analyst! You'll be responsible for building and maintaining systems that rely on Power BI, Statistics, Looker, Tableau, Data warehousing, SQL, and Python. This is a great opportunity for someone who enjoys solving complex problems and working with a talented, supportive team. Minimum of 2 years in a similar role."
621,Software Development Engineer,Quicksilver Payments,"Toronto, Canada",2025-10-29,Software Engineer,92500,"Quicksilver Payments seeks an experienced Software Development Engineer to support our expanding analytics function. Day-to-day responsibilities include working with Java, AWS, Git, and Kubernetes to build scalable, production-grade systems. We value curiosity, ownership, and clear communication. Entry-level candidates with strong internship experience are encouraged to apply."
638,Backend Engineer,Vantage Point Retail,Remote,2025-10-29,Software Engineer,113500,"As a Backend Engineer at Vantage Point Retail, you will partner with engineering and product teams to deliver high-quality, reliable solutions. Required skills: Kubernetes, MongoDB, SQL, and Python. Bonus points if you have experience mentoring junior team members and contributing to a strong engineering culture. Entry-level candidates with strong internship experience are encouraged to apply."
640,Full Stack Developer,Coral Reef Gaming,"Toronto, Canada",2025-10-29,Software Engineer,109500,"Coral Reef Gaming seeks an experienced Full Stack Developer to support our expanding analytics function. Day-to-day responsibilities include working with Git, Docker, PostgreSQL, Kubernetes, MongoDB, and C++ to build scalable, production-grade systems. We value curiosity, ownership, and clear communication. Minimum of 2 years in a similar role."
656,Senior Data Engineer,Echo Streaming,"San Francisco, CA",2025-10-29,Data Engineer,171000,"We are looking for a Senior Data Engineer to join our growing team at Echo Streaming. You will work closely with cross-functional stakeholders to turn data into actionable insight. Key requirements include hands-on experience with Airflow, ETL, Python, Google Cloud Platform, and SQL. The ideal candidate is comfortable working in a fast-paced, collaborative environment and has a strong track record of delivering measurable business impact. 5+ years of professional experience required."
730,ML Ops Engineer,Junction Mobility,"Mumbai, India",2025-10-29,ML Engineer,71000,"We are looking for a ML Ops Engineer to join our growing team at Junction Mobility. You will work closely with cross-functional stakeholders to turn data into actionable insight. Key requirements include hands-on experience with AWS, Kubernetes, Deep Learning, and Docker. The ideal candidate is comfortable working in a fast-paced, collaborative environment and has a strong track record of delivering measurable business impact. Minimum of 2 years in a similar role."
1611,Analytics Engineer,Anchor Payments,Remote,2025-10-29,Data Engineer,103000,"Anchor Payments is hiring a Analytics Engineer to help scale our data capabilities. In this role you'll design, build, and maintain solutions using SQL, Redshift, Python, Airflow, ETL, Kafka, and dbt. We're looking for someone with strong problem-solving skills, excellent communication, and a passion for data-driven decision making. Entry-level candidates with strong internship experience are encouraged to apply."
1880,Reporting Analyst,Juniper Cybersecurity,Remote,2025-10-29,Data Analyst,93500,"We are looking for a Reporting Analyst to join our growing team at Juniper Cybersecurity. You will work closely with cross-functional stakeholders to turn data into actionable insight. Key requirements include hands-on experience with R, Statistics, Python, and ETL. The ideal candidate is comfortable working in a fast-paced, collaborative environment and has a strong track record of delivering measurable business impact. Entry-level candidates with strong internship experience are encouraged to apply."
586,Backend Engineer,Quantum Retail Group,"New York, NY",2025-10-30,Software Engineer,156500,"Join Quantum Retail Group as a Backend Engineer! You'll be responsible for building and maintaining systems that rely on Agile, JavaScript, PostgreSQL, Git, Java, REST API, and Python. This is a great opportunity for someone who enjoys solving complex problems and working with a talented, supportive team. Ideal for candidates with 4-6 years of industry experience."
645,Big Data Engineer,Lumina Commerce,"Seattle, WA",2025-10-30,Data Engineer,89000,"Lumina Commerce is hiring a Big Data Engineer to help scale our data capabilities. In this role you'll design, build, and maintain solutions using Kafka, AWS, SQL, NoSQL, Snowflake, and Spark. We're looking for someone with strong problem-solving skills, excellent communication, and a passion for data-driven decision making. Entry-level candidates with strong internship experience are encouraged to apply."
834,BI Analyst,Willow Health Systems,"Hyderabad, India",2025-10-30,Data Analyst,29000,"As a BI Analyst at Willow Health Systems, you will partner with engineering and product teams to deliver high-quality, reliable solutions. Required skills: Data warehousing, Statistics, SQL, and Looker. Bonus points if you have experience mentoring junior team members and contributing to a strong engineering culture. Ideal for candidates with 4-6 years of industry experience."
979,ML Ops Engineer,Echo Streaming,"Atlanta, GA",2025-10-30,ML Engineer,122500,"Echo Streaming seeks an experienced ML Ops Engineer to support our expanding analytics function. Day-to-day responsibilities include working with Machine Learning, Kubernetes, Computer Vision, and TensorFlow to build scalable, production-grade systems. We value curiosity, ownership, and clear communication. 3+ years of relevant experience preferred."
982,AI Engineer,DataForge Inc,"Chicago, IL",2025-10-30,ML Engineer,148000,"DataForge Inc is hiring a AI Engineer to help scale our data capabilities. In this role you'll design, build, and maintain solutions using Kubernetes, Machine Learning, Deep Learning, Docker, AWS, Computer Vision, and Git. We're looking for someone with strong problem-solving skills, excellent communication, and a passion for data-driven decision making. Ideal for candidates with 4-6 years of industry experience."
1101,Machine Learning Engineer,Cortex Systems,"Los Angeles, CA",2025-10-30,ML Engineer,118000,"Join Cortex Systems as a Machine Learning Engineer! You'll be responsible for building and maintaining systems that rely on NLP, Python, PyTorch, Computer Vision, Scikit-learn, and Kubernetes. This is a great opportunity for someone who enjoys solving complex problems and working with a talented, supportive team. Minimum of 2 years in a similar role."
1189,Software Development Engineer,Gridline Utilities,Remote,2025-10-30,Software Engineer,96500,"Gridline Utilities seeks an experienced Software Development Engineer to support our expanding analytics function. Day-to-day responsibilities include working with Linux, Java, Python, JavaScript, AWS, Kubernetes, and SQL to build scalable, production-grade systems. We value curiosity, ownership, and clear communication. Entry-level candidates with strong internship experience are encouraged to apply."
1247,Cloud Data Engineer,Vertex Insight Labs,"San Francisco, CA",2025-10-30,Data Engineer,154000,"Vertex Insight Labs is hiring a Cloud Data Engineer to help scale our data capabilities. In this role you'll design, build, and maintain solutions using ETL, BigQuery, Kafka, Python, NoSQL, and Hadoop. We're looking for someone with strong problem-solving skills, excellent communication, and a passion for data-driven decision making. 5+ years of professional experience required."
1882,Deep Learning Engineer,Tundra Telecom,Singapore,2025-10-30,ML Engineer,142000,"Tundra Telecom seeks an experienced Deep Learning Engineer to support our expanding analytics function. Day-to-day responsibilities include working with TensorFlow, AWS, Python, and Computer Vision to build scalable, production-grade systems. We value curiosity, ownership, and clear communication. Minimum of 2 years in a similar role."
27,Research Data Scientist,Meridian Health Analytics,"Delhi, India",2025-10-31,Data Scientist,55500,"Meridian Health Analytics is hiring a Research Data Scientist to help scale our data capabilities. In this role you'll design, build, and maintain solutions using Python, Machine Learning, Computer Vision, A/B testing, TensorFlow, SQL, and PyTorch. We're looking for someone with strong problem-solving skills, excellent communication, and a passion for data-driven decision making. Minimum of 2 years in a similar role."
218,Data Engineer,Hilltop Ventures,"Denver, CO",2025-10-31,Data Engineer,105000,"Hilltop Ventures is hiring a Data Engineer to help scale our data capabilities. In this role you'll design, build, and maintain solutions using Python, SQL, Spark, NoSQL, dbt, AWS, and Airflow. We're looking for someone with strong problem-solving skills, excellent communication, and a passion for data-driven decision making. 3+ years of relevant experience preferred."
483,Big Data Engineer,Onyx Manufacturing,"Pune, India",2025-10-31,Data Engineer,46000,"We are looking for a Big Data Engineer to join our growing team at Onyx Manufacturing. You will work closely with cross-functional stakeholders to turn data into actionable insight. Key requirements include hands-on experience with SQL, BigQuery, ETL, Spark, Snowflake, Kafka, and AWS. The ideal candidate is comfortable working in a fast-paced, collaborative environment and has a strong track record of delivering measurable business impact. Entry-level candidates with strong internship experience are encouraged to apply."
705,Senior Data Analyst,Summit Cloud Solutions,"San Francisco, CA",2025-10-31,Data Analyst,114500,"Summit Cloud Solutions seeks an experienced Senior Data Analyst to support our expanding analytics function. Day-to-day responsibilities include working with Data warehousing, R, Python, SQL, Excel, Power BI, and Tableau to build scalable, production-grade systems. We value curiosity, ownership, and clear communication. Ideal for candidates with 4-6 years of industry experience."
718,Platform Engineer,Delta Freight Systems,"Bengaluru, India",2025-10-31,Software Engineer,54000,"We are looking for a Platform Engineer to join our growing team at Delta Freight Systems. You will work closely with cross-functional stakeholders to turn data into actionable insight. Key requirements include hands-on experience with Git, Docker, Python, Java, and Kubernetes. The ideal candidate is comfortable working in a fast-paced, collaborative environment and has a strong track record of delivering measurable business impact. 3+ years of relevant experience preferred."
1105,Marketing Data Analyst,Riverstone Tech,"Mumbai, India",2025-10-31,Data Analyst,24000,"Join Riverstone Tech as a Marketing Data Analyst! You'll be responsible for building and maintaining systems that rely on Excel, MongoDB, SQL, Git, Tableau, and Statistics. This is a great opportunity for someone who enjoys solving complex problems and working with a talented, supportive team. 3+ years of relevant experience preferred."
1357,Senior ML Engineer,Clearwater Consulting,"New York, NY",2025-10-31,ML Engineer,251000,"Join Clearwater Consulting as a Senior ML Engineer! You'll be responsible for building and maintaining systems that rely on AWS, PyTorch, TensorFlow, NLP, and Deep Learning. This is a great opportunity for someone who enjoys solving complex problems and working with a talented, supportive team. 3+ years of relevant experience preferred."
1398,ETL Developer,Nectar Foods,"Toronto, Canada",2025-10-31,Data Engineer,104500,"Nectar Foods is hiring a ETL Developer to help scale our data capabilities. In this role you'll design, build, and maintain solutions using Airflow, Snowflake, AWS, BigQuery, SQL, and Spark. We're looking for someone with strong problem-solving skills, excellent communication, and a passion for data-driven decision making. Minimum of 2 years in a similar role."
1447,Full Stack Developer,Kestrel Media Group,"Austin, TX",2025-10-31,Software Engineer,118500,"Kestrel Media Group is hiring a Full Stack Developer to help scale our data capabilities. In this role you'll design, build, and maintain solutions using Python, Docker, REST API, Kubernetes, Agile, AWS, and JavaScript. We're looking for someone with strong problem-solving skills, excellent communication, and a passion for data-driven decision making. Ideal for candidates with 4-6 years of industry experience."
1752,Big Data Engineer,Prism Media Analytics,"New York, NY",2025-10-31,Data Engineer,122000,"Prism Media Analytics seeks an experienced Big Data Engineer to support our expanding analytics function. Day-to-day responsibilities include working with Snowflake, Data warehousing, Airflow, and Python to build scalable, production-grade systems. We value curiosity, ownership, and clear communication. Ideal for candidates with 4-6 years of industry experience."
1930,Data Scientist,Ironclad Security,"Dublin, Ireland",2025-10-31,Data Scientist,127500,"As a Data Scientist at Ironclad Security, you will partner with engineering and product teams to deliver high-quality, reliable solutions. Required skills: Scikit-learn, PyTorch, Deep Learning, Python, and Machine Learning. Bonus points if you have experience mentoring junior team members and contributing to a strong engineering culture. 3+ years of relevant experience preferred."
110,Business Data Analyst,Ironclad Security,"Hyderabad, India",2025-11-01,Data Analyst,20000,"Ironclad Security seeks an experienced Business Data Analyst to support our expanding analytics function. Day-to-day responsibilities include working with SQL, Excel, Data warehousing, Google Cloud Platform, Power BI, and A/B testing to build scalable, production-grade systems. We value curiosity, ownership, and clear communication. 3+ years of relevant experience preferred."
383,Senior Data Scientist,Pixel & Co,"Berlin, Germany",2025-11-01,Data Scientist,132000,"Join Pixel & Co as a Senior Data Scientist! You'll be responsible for building and maintaining systems that rely on SQL, Statistics, Tableau, Python, Scikit-learn, and Machine Learning. This is a great opportunity for someone who enjoys solving complex problems and working with a talented, supportive team. 5+ years of professional experience required."
406,AI Engineer,Meridian Health Analytics,"Atlanta, GA",2025-11-01,ML Engineer,183500,"As a AI Engineer at Meridian Health Analytics, you will partner with engineering and product teams to deliver high-quality, reliable solutions. Required skills: Machine Learning, Python, Computer Vision, TensorFlow, PyTorch, Docker, and Kubernetes. Bonus points if you have experience mentoring junior team members and contributing to a strong engineering culture. Ideal for candidates with 4-6 years of industry experience."
889,Applied Data Scientist,Meridian Health Analytics,"New York, NY",2025-11-01,Data Scientist,191000,"As a Applied Data Scientist at Meridian Health Analytics, you will partner with engineering and product teams to deliver high-quality, reliable solutions. Required skills: Python, Statistics, AWS, and Deep Learning. Bonus points if you have experience mentoring junior team members and contributing to a strong engineering culture. Entry-level candidates with strong internship experience are encouraged to apply."
1394,Data Scientist,Lighthouse AI,"San Francisco, CA",2025-11-01,Data Scientist,175500,"Lighthouse AI is hiring a Data Scientist to help scale our data capabilities. In this role you'll design, build, and maintain solutions using A/B testing, NLP, SQL, Deep Learning, TensorFlow, Machine Learning, and PyTorch. We're looking for someone with strong problem-solving skills, excellent communication, and a passion for data-driven decision making. Entry-level candidates with strong internship experience are encouraged to apply."
1559,Cloud Data Engineer,Onyx Manufacturing,Singapore,2025-11-01,Data Engineer,111000,"Onyx Manufacturing is hiring a Cloud Data Engineer to help scale our data capabilities. In this role you'll design, build, and maintain solutions using Kafka, Airflow, ETL, and Snowflake. We're looking for someone with strong problem-solving skills, excellent communication, and a passion for data-driven decision making. Ideal for candidates with 4-6 years of industry experience."
1961,Senior Data Scientist,Pixel & Co,"Delhi, India",2025-11-01,Data Scientist,35500,"Join Pixel & Co as a Senior Data Scientist! You'll be responsible for building and maintaining systems that rely on Scikit-learn, Statistics, Deep Learning, Python, and Power BI. This is a great opportunity for someone who enjoys solving complex problems and working with a talented, supportive team. 5+ years of professional experience required."
12,Big Data Engineer,Northwind Digital,"Seattle, WA",2025-11-02,Data Engineer,184500,"Northwind Digital is hiring a Big Data Engineer to help scale our data capabilities. In this role you'll design, build, and maintain solutions using dbt, AWS, ETL, SQL, Python, and BigQuery. We're looking for someone with strong problem-solving skills, excellent communication, and a passion for data-driven decision making. Minimum of 2 years in a similar role."
416,Full Stack Developer,DataForge Inc,"Bengaluru, India",2025-11-02,Software Engineer,46500,"As a Full Stack Developer at DataForge Inc, you will partner with engineering and product teams to deliver high-quality, reliable solutions. Required skills: Java, AWS, Git, Linux, and SQL. Bonus points if you have experience mentoring junior team members and contributing to a strong engineering culture. Entry-level candidates with strong internship experience are encouraged to apply."
698,Applied ML Engineer,Marlin Shipping,"Bengaluru, India",2025-11-02,ML Engineer,48000,"Join Marlin Shipping as a Applied ML Engineer! You'll be responsible for building and maintaining systems that rely on AWS, Git, Machine Learning, Scikit-learn, and Kubernetes. This is a great opportunity for someone who enjoys solving complex problems and working with a talented, supportive team. 5+ years of professional experience required."
913,Platform Engineer,Tundra Telecom,"Los Angeles, CA",2025-11-02,Software Engineer,133000,"As a Platform Engineer at Tundra Telecom, you will partner with engineering and product teams to deliver high-quality, reliable solutions. Required skills: PostgreSQL, Docker, Python, Java, and Git. Bonus points if you have experience mentoring junior team members and contributing to a strong engineering culture. Entry-level candidates with strong internship experience are encouraged to apply."
1313,Lead Data Scientist,Meridian Health Analytics,"San Francisco, CA",2025-11-02,Data Scientist,193500,"We are looking for a Lead Data Scientist to join our growing team at Meridian Health Analytics. You will work closely with cross-functional stakeholders to turn data into actionable insight. Key requirements include hands-on experience with Scikit-learn, SQL, AWS, Machine Learning, NLP, and Power BI. The ideal candidate is comfortable working in a fast-paced, collaborative environment and has a strong track record of delivering measurable business impact. 5+ years of professional experience required."
1897,Analytics Engineer,Redwood Bank,"Bengaluru, India",2025-11-02,Data Engineer,49000,"Redwood Bank seeks an experienced Analytics Engineer to support our expanding analytics function. Day-to-day responsibilities include working with dbt, ETL, SQL, Redshift, and Python to build scalable, production-grade systems. We value curiosity, ownership, and clear communication. Entry-level candidates with strong internship experience are encouraged to apply."
1917,Junior Data Analyst,Onyx Manufacturing,"Boston, MA",2025-11-02,Data Analyst,88500,"We are looking for a Junior Data Analyst to join our growing team at Onyx Manufacturing. You will work closely with cross-functional stakeholders to turn data into actionable insight. Key requirements include hands-on experience with SQL, Excel, A/B testing, Looker, Tableau, and Power BI. The ideal candidate is comfortable working in a fast-paced, collaborative environment and has a strong track record of delivering measurable business impact. Entry-level candidates with strong internship experience are encouraged to apply."
1953,Reporting Analyst,DataForge Inc,"Toronto, Canada",2025-11-02,Data Analyst,57000,"DataForge Inc is hiring a Reporting Analyst to help scale our data capabilities. In this role you'll design, build, and maintain solutions using SQL, A/B testing, Excel, and MongoDB. We're looking for someone with strong problem-solving skills, excellent communication, and a passion for data-driven decision making. 3+ years of relevant experience preferred."
391,AI Engineer,Delta Freight Systems,"Hyderabad, India",2025-11-03,ML Engineer,49500,"As a AI Engineer at Delta Freight Systems, you will partner with engineering and product teams to deliver high-quality, reliable solutions. Required skills: AWS, TensorFlow, Deep Learning, Python, Machine Learning, Computer Vision, and NLP. Bonus points if you have experience mentoring junior team members and contributing to a strong engineering culture. 3+ years of relevant experience preferred."
445,ETL Developer,Zenith Aerospace,"Denver, CO",2025-11-03,Data Engineer,113500,"Zenith Aerospace seeks an experienced ETL Developer to support our expanding analytics function. Day-to-day responsibilities include working with Airflow, SQL, NoSQL, Hadoop, Docker, and Python to build scalable, production-grade systems. We value curiosity, ownership, and clear communication. 5+ years of professional experience required."
601,Backend Engineer,Tundra Telecom,"Austin, TX",2025-11-03,Software Engineer,91000,"Tundra Telecom seeks an experienced Backend Engineer to support our expanding analytics function. Day-to-day responsibilities include working with REST API, MongoDB, Git, Java, and JavaScript to build scalable, production-grade systems. We value curiosity, ownership, and clear communication. 5+ years of professional experience required."
724,Applied ML Engineer,Cortex Systems,"Boston, MA",2025-11-03,ML Engineer,188500,"As a Applied ML Engineer at Cortex Systems, you will partner with engineering and product teams to deliver high-quality, reliable solutions. Required skills: Machine Learning, Docker, Git, Scikit-learn, and Kubernetes. Bonus points if you have experience mentoring junior team members and contributing to a strong engineering culture. Ideal for candidates with 4-6 years of industry experience."
1530,Senior ML Engineer,Hilltop Ventures,"Bengaluru, India",2025-11-03,ML Engineer,48500,"We are looking for a Senior ML Engineer to join our growing team at Hilltop Ventures. You will work closely with cross-functional stakeholders to turn data into actionable insight. Key requirements include hands-on experience with PyTorch, TensorFlow, Python, Computer Vision, Deep Learning, and Machine Learning. The ideal candidate is comfortable working in a fast-paced, collaborative environment and has a strong track record of delivering measurable business impact. Minimum of 2 years in a similar role."
1819,Software Engineer,Anchor Payments,"Denver, CO",2025-11-03,Software Engineer,142000,"We are looking for a Software Engineer to join our growing team at Anchor Payments. You will work closely with cross-functional stakeholders to turn data into actionable insight. Key requirements include hands-on experience with AWS, Python, JavaScript, Agile, Git, Java, and Linux. The ideal candidate is comfortable working in a fast-paced, collaborative environment and has a strong track record of delivering measurable business impact. Ideal for candidates with 4-6 years of industry experience."
295,Software Development Engineer,Nova Insurance,"San Francisco, CA",2025-11-04,Software Engineer,129000,"We are looking for a Software Development Engineer to join our growing team at Nova Insurance. You will work closely with cross-functional stakeholders to turn data into actionable insight. Key requirements include hands-on experience with Agile, Kubernetes, JavaScript, and Java. The ideal candidate is comfortable working in a fast-paced, collaborative environment and has a strong track record of delivering measurable business impact. Ideal for candidates with 4-6 years of industry experience."
335,BI Analyst,Falcon FinTech,Remote,2025-11-04,Data Analyst,90000,"Falcon FinTech is hiring a BI Analyst to help scale our data capabilities. In this role you'll design, build, and maintain solutions using Tableau, Excel, Power BI, and Python. We're looking for someone with strong problem-solving skills, excellent communication, and a passion for data-driven decision making. 5+ years of professional experience required."
674,Cloud Data Engineer,Pathfinder Travel Tech,"Pune, India",2025-11-04,Data Engineer,45500,"Join Pathfinder Travel Tech as a Cloud Data Engineer! You'll be responsible for building and maintaining systems that rely on ETL, Snowflake, SQL, dbt, Kafka, Docker, and Airflow. This is a great opportunity for someone who enjoys solving complex problems and working with a talented, supportive team. Ideal for candidates with 4-6 years of industry experience."
169,Research Data Scientist,DataForge Inc,"Hyderabad, India",2025-11-05,Data Scientist,49000,"We are looking for a Research Data Scientist to join our growing team at DataForge Inc. You will work closely with cross-functional stakeholders to turn data into actionable insight. Key requirements include hands-on experience with Scikit-learn, Computer Vision, PyTorch, Statistics, SQL, and Machine Learning. The ideal candidate is comfortable working in a fast-paced, collaborative environment and has a strong track record of delivering measurable business impact. Minimum of 2 years in a similar role."
376,Senior Data Engineer,Summit Cloud Solutions,"Toronto, Canada",2025-11-05,Data Engineer,115500,"Summit Cloud Solutions seeks an experienced Senior Data Engineer to support our expanding analytics function. Day-to-day responsibilities include working with Spark, BigQuery, Hadoop, AWS, NoSQL, SQL, and Kafka to build scalable, production-grade systems. We value curiosity, ownership, and clear communication. Minimum of 2 years in a similar role."
1237,Big Data Engineer,Vantage Point Retail,"Chicago, IL",2025-11-05,Data Engineer,138000,"We are looking for a Big Data Engineer to join our growing team at Vantage Point Retail. You will work closely with cross-functional stakeholders to turn data into actionable insight. Key requirements include hands-on experience with dbt, AWS, Snowflake, Python, Spark, Airflow, and Redshift. The ideal candidate is comfortable working in a fast-paced, collaborative environment and has a strong track record of delivering measurable business impact. 5+ years of professional experience required."
69,Data Scientist II,Keystone Auto Group,"Bengaluru, India",2025-11-06,Data Scientist,46500,"Keystone Auto Group seeks an experienced Data Scientist II to support our expanding analytics function. Day-to-day responsibilities include working with R, NLP, Power BI, Deep Learning, PyTorch, and AWS to build scalable, production-grade systems. We value curiosity, ownership, and clear communication. Ideal for candidates with 4-6 years of industry experience."
346,ML Ops Engineer,Onyx Manufacturing,"London, UK",2025-11-06,ML Engineer,117000,"Join Onyx Manufacturing as a ML Ops Engineer! You'll be responsible for building and maintaining systems that rely on Scikit-learn, Kubernetes, Machine Learning, Spark, and AWS. This is a great opportunity for someone who enjoys solving complex problems and working with a talented, supportive team. Ideal for candidates with 4-6 years of industry experience."
505,Senior Data Engineer,Pathfinder Travel Tech,"Seattle, WA",2025-11-06,Data Engineer,136500,"As a Senior Data Engineer at Pathfinder Travel Tech, you will partner with engineering and product teams to deliver high-quality, reliable solutions. Required skills: Airflow, AWS, Python, Snowflake, and Data warehousing. Bonus points if you have experience mentoring junior team members and contributing to a strong engineering culture. 3+ years of relevant experience preferred."
943,Research Data Scientist,Granite Data Partners,"Toronto, Canada",2025-11-06,Data Scientist,73000,"Granite Data Partners seeks an experienced Research Data Scientist to support our expanding analytics function. Day-to-day responsibilities include working with Deep Learning, Machine Learning, R, and AWS to build scalable, production-grade systems. We value curiosity, ownership, and clear communication. Minimum of 2 years in a similar role."
1400,Business Data Analyst,Prism Media Analytics,"Austin, TX",2025-11-06,Data Analyst,75000,"Prism Media Analytics seeks an experienced Business Data Analyst to support our expanding analytics function. Day-to-day responsibilities include working with Power BI, Tableau, Python, and Looker to build scalable, production-grade systems. We value curiosity, ownership, and clear communication. Minimum of 2 years in a similar role."
68,Lead Data Scientist,Brightline Education,"Washington, DC",2025-11-07,Data Scientist,142000,"We are looking for a Lead Data Scientist to join our growing team at Brightline Education. You will work closely with cross-functional stakeholders to turn data into actionable insight. Key requirements include hands-on experience with R, Scikit-learn, Statistics, SQL, and Python. The ideal candidate is comfortable working in a fast-paced, collaborative environment and has a strong track record of delivering measurable business impact. Minimum of 2 years in a similar role."
711,Research Data Scientist,Ivory Real Estate Tech,Remote,2025-11-07,Data Scientist,118000,"We are looking for a Research Data Scientist to join our growing team at Ivory Real Estate Tech. You will work closely with cross-functional stakeholders to turn data into actionable insight. Key requirements include hands-on experience with Statistics, Scikit-learn, Spark, A/B testing, SQL, Python, and Tableau. The ideal candidate is comfortable working in a fast-paced, collaborative environment and has a strong track record of delivering measurable business impact. Ideal for candidates with 4-6 years of industry experience."
1012,Backend Engineer,Bluepeak Technologies,Remote,2025-11-07,Software Engineer,114500,"We are looking for a Backend Engineer to join our growing team at Bluepeak Technologies. You will work closely with cross-functional stakeholders to turn data into actionable insight. Key requirements include hands-on experience with Java, Python, AWS, C++, and SQL. The ideal candidate is comfortable working in a fast-paced, collaborative environment and has a strong track record of delivering measurable business impact. Minimum of 2 years in a similar role."
1750,Full Stack Developer,Coral Reef Gaming,"Atlanta, GA",2025-11-07,Software Engineer,121500,"As a Full Stack Developer at Coral Reef Gaming, you will partner with engineering and product teams to deliver high-quality, reliable solutions. Required skills: Java, MongoDB, JavaScript, and Docker. Bonus points if you have experience mentoring junior team members and contributing to a strong engineering culture. 5+ years of professional experience required."
1117,Software Development Engineer,Skyline Software,"Seattle, WA",2025-11-08,Software Engineer,161500,"As a Software Development Engineer at Skyline Software, you will partner with engineering and product teams to deliver high-quality, reliable solutions. Required skills: Python, AWS, REST API, Agile, and SQL. Bonus points if you have experience mentoring junior team members and contributing to a strong engineering culture. Ideal for candidates with 4-6 years of industry experience."
1123,Cloud Data Engineer,Quantum Retail Group,"Toronto, Canada",2025-11-08,Data Engineer,94000,"Quantum Retail Group seeks an experienced Cloud Data Engineer to support our expanding analytics function. Day-to-day responsibilities include working with AWS, Azure, Python, dbt, ETL, and Spark to build scalable, production-grade systems. We value curiosity, ownership, and clear communication. Entry-level candidates with strong internship experience are encouraged to apply."
1295,Research Data Scientist,Marlin Shipping,"Austin, TX",2025-11-08,Data Scientist,110500,"As a Research Data Scientist at Marlin Shipping, you will partner with engineering and product teams to deliver high-quality, reliable solutions. Required skills: R, Statistics, Deep Learning, PyTorch, Machine Learning, Tableau, and A/B testing. Bonus points if you have experience mentoring junior team members and contributing to a strong engineering culture. 3+ years of relevant experience preferred."
156,Senior Data Scientist,Echo Streaming,"Austin, TX",2025-11-09,Data Scientist,126500,"Join Echo Streaming as a Senior Data Scientist! You'll be responsible for building and maintaining systems that rely on NLP, R, PyTorch, A/B testing, and Python. This is a great opportunity for someone who enjoys solving complex problems and working with a talented, supportive team. Entry-level candidates with strong internship experience are encouraged to apply."
260,Reporting Analyst,Delta Freight Systems,"Austin, TX",2025-11-09,Data Analyst,78000,"We are looking for a Reporting Analyst to join our growing team at Delta Freight Systems. You will work closely with cross-functional stakeholders to turn data into actionable insight. Key requirements include hands-on experience with Python, Tableau, SQL, Statistics, R, and Power BI. The ideal candidate is comfortable working in a fast-paced, collaborative environment and has a strong track record of delivering measurable business impact. Minimum of 2 years in a similar role."
340,ML Ops Engineer,Zenith Aerospace,"Seattle, WA",2025-11-09,ML Engineer,174000,"Zenith Aerospace seeks an experienced ML Ops Engineer to support our expanding analytics function. Day-to-day responsibilities include working with Azure, Docker, Deep Learning, TensorFlow, Scikit-learn, Airflow, and Python to build scalable, production-grade systems. We value curiosity, ownership, and clear communication. Entry-level candidates with strong internship experience are encouraged to apply."
1061,Software Engineer,Sable Energy,"Hyderabad, India",2025-11-09,Software Engineer,53500,"As a Software Engineer at Sable Energy, you will partner with engineering and product teams to deliver high-quality, reliable solutions. Required skills: C++, Java, Linux, and Docker. Bonus points if you have experience mentoring junior team members and contributing to a strong engineering culture. Minimum of 2 years in a similar role."
1580,Senior Data Scientist,Brightline Education,"Seattle, WA",2025-11-09,Data Scientist,140000,"We are looking for a Senior Data Scientist to join our growing team at Brightline Education. You will work closely with cross-functional stakeholders to turn data into actionable insight. Key requirements include hands-on experience with PyTorch, SQL, Python, Deep Learning, and Scikit-learn. The ideal candidate is comfortable working in a fast-paced, collaborative environment and has a strong track record of delivering measurable business impact. 5+ years of professional experience required."
1648,Applied Data Scientist,Kestrel Media Group,"Los Angeles, CA",2025-11-09,Data Scientist,167500,"We are looking for a Applied Data Scientist to join our growing team at Kestrel Media Group. You will work closely with cross-functional stakeholders to turn data into actionable insight. Key requirements include hands-on experience with Deep Learning, SQL, Python, R, and Tableau. The ideal candidate is comfortable working in a fast-paced, collaborative environment and has a strong track record of delivering measurable business impact. 3+ years of relevant experience preferred."
332,Data Analyst,Prism Media Analytics,"Atlanta, GA",2025-11-10,Data Analyst,77500,"We are looking for a Data Analyst to join our growing team at Prism Media Analytics. You will work closely with cross-functional stakeholders to turn data into actionable insight. Key requirements include hands-on experience with Tableau, ETL, Power BI, Git, SQL, Statistics, and Python. The ideal candidate is comfortable working in a fast-paced, collaborative environment and has a strong track record of delivering measurable business impact. 3+ years of relevant experience preferred."
826,Backend Engineer,Vantage Point Retail,"Bengaluru, India",2025-11-10,Software Engineer,42500,"Vantage Point Retail seeks an experienced Backend Engineer to support our expanding analytics function. Day-to-day responsibilities include working with SQL, PostgreSQL, REST API, Java, Linux, NoSQL, and Git to build scalable, production-grade systems. We value curiosity, ownership, and clear communication. 5+ years of professional experience required."
1085,Full Stack Developer,Pixel & Co,"San Francisco, CA",2025-11-10,Software Engineer,185000,"Join Pixel & Co as a Full Stack Developer! You'll be responsible for building and maintaining systems that rely on AWS, Git, PostgreSQL, Agile, JavaScript, and C++. This is a great opportunity for someone who enjoys solving complex problems and working with a talented, supportive team. 5+ years of professional experience required."
1310,Deep Learning Engineer,Echo Streaming,Singapore,2025-11-10,ML Engineer,125000,"Join Echo Streaming as a Deep Learning Engineer! You'll be responsible for building and maintaining systems that rely on Deep Learning, Azure, TensorFlow, Python, Kubernetes, and NLP. This is a great opportunity for someone who enjoys solving complex problems and working with a talented, supportive team. 3+ years of relevant experience preferred."
1347,Data Analyst,Keystone Auto Group,"New York, NY",2025-11-10,Data Analyst,111500,"As a Data Analyst at Keystone Auto Group, you will partner with engineering and product teams to deliver high-quality, reliable solutions. Required skills: Power BI, Tableau, Statistics, Python, and A/B testing. Bonus points if you have experience mentoring junior team members and contributing to a strong engineering culture. 5+ years of professional experience required."
1570,Cloud Data Engineer,Lattice Biotech,"Delhi, India",2025-11-10,Data Engineer,37500,"We are looking for a Cloud Data Engineer to join our growing team at Lattice Biotech. You will work closely with cross-functional stakeholders to turn data into actionable insight. Key requirements include hands-on experience with Airflow, dbt, Python, Kafka, SQL, Azure, and Redshift. The ideal candidate is comfortable working in a fast-paced, collaborative environment and has a strong track record of delivering measurable business impact. Minimum of 2 years in a similar role."
22,Backend Engineer,Meridian Health Analytics,"Pune, India",2025-11-11,Software Engineer,37500,"As a Backend Engineer at Meridian Health Analytics, you will partner with engineering and product teams to deliver high-quality, reliable solutions. Required skills: Java, Docker, AWS, SQL, and Python. Bonus points if you have experience mentoring junior team members and contributing to a strong engineering culture. Ideal for candidates with 4-6 years of industry experience."
354,Research Data Scientist,Coral Reef Gaming,"Austin, TX",2025-11-11,Data Scientist,105000,"Coral Reef Gaming seeks an experienced Research Data Scientist to support our expanding analytics function. Day-to-day responsibilities include working with PyTorch, Machine Learning, A/B testing, and TensorFlow to build scalable, production-grade systems. We value curiosity, ownership, and clear communication. Entry-level candidates with strong internship experience are encouraged to apply."
589,Software Engineer,Quicksilver Payments,Remote,2025-11-11,Software Engineer,139000,"Join Quicksilver Payments as a Software Engineer! You'll be responsible for building and maintaining systems that rely on AWS, SQL, JavaScript, Python, Linux, Agile, and PostgreSQL. This is a great opportunity for someone who enjoys solving complex problems and working with a talented, supportive team. 3+ years of relevant experience preferred."
690,Lead Data Scientist,Opaline Cosmetics Analytics,"New York, NY",2025-11-11,Data Scientist,188000,"As a Lead Data Scientist at Opaline Cosmetics Analytics, you will partner with engineering and product teams to deliver high-quality, reliable solutions. Required skills: A/B testing, Python, TensorFlow, and Deep Learning. Bonus points if you have experience mentoring junior team members and contributing to a strong engineering culture. Minimum of 2 years in a similar role."
715,Research Data Scientist,Coral Reef Gaming,"Seattle, WA",2025-11-11,Data Scientist,171000,"As a Research Data Scientist at Coral Reef Gaming, you will partner with engineering and product teams to deliver high-quality, reliable solutions. Required skills: Python, Spark, NLP, PyTorch, R, and Statistics. Bonus points if you have experience mentoring junior team members and contributing to a strong engineering culture. Minimum of 2 years in a similar role."
820,Senior Data Engineer,Harbor Robotics,"New York, NY",2025-11-11,Data Engineer,181000,"We are looking for a Senior Data Engineer to join our growing team at Harbor Robotics. You will work closely with cross-functional stakeholders to turn data into actionable insight. Key requirements include hands-on experience with Google Cloud Platform, Spark, AWS, and Airflow. The ideal candidate is comfortable working in a fast-paced, collaborative environment and has a strong track record of delivering measurable business impact. Ideal for candidates with 4-6 years of industry experience."
1386,Lead Data Scientist,Lighthouse AI,"Atlanta, GA",2025-11-11,Data Scientist,104500,"Join Lighthouse AI as a Lead Data Scientist! You'll be responsible for building and maintaining systems that rely on Statistics, SQL, PyTorch, Python, R, Tableau, and Power BI. This is a great opportunity for someone who enjoys solving complex problems and working with a talented, supportive team. Ideal for candidates with 4-6 years of industry experience."
727,Senior Data Analyst,Echo Streaming,"London, UK",2025-11-12,Data Analyst,57500,"As a Senior Data Analyst at Echo Streaming, you will partner with engineering and product teams to deliver high-quality, reliable solutions. Required skills: ETL, SQL, Statistics, Excel, Git, Tableau, and Google Cloud Platform. Bonus points if you have experience mentoring junior team members and contributing to a strong engineering culture. 3+ years of relevant experience preferred."
772,Platform Engineer,Nimbus Analytics,"Seattle, WA",2025-11-12,Software Engineer,129000,"Join Nimbus Analytics as a Platform Engineer! You'll be responsible for building and maintaining systems that rely on Python, AWS, Kubernetes, Agile, JavaScript, and MongoDB. This is a great opportunity for someone who enjoys solving complex problems and working with a talented, supportive team. Ideal for candidates with 4-6 years of industry experience."
48,Data Analyst,Marlin Shipping,Remote,2025-11-13,Data Analyst,60000,"As a Data Analyst at Marlin Shipping, you will partner with engineering and product teams to deliver high-quality, reliable solutions. Required skills: Tableau, Python, Google Cloud Platform, and Power BI. Bonus points if you have experience mentoring junior team members and contributing to a strong engineering culture. Ideal for candidates with 4-6 years of industry experience."
1509,ML Ops Engineer,Zenith Aerospace,"Delhi, India",2025-11-13,ML Engineer,67500,"Zenith Aerospace seeks an experienced ML Ops Engineer to support our expanding analytics function. Day-to-day responsibilities include working with Python, Deep Learning, Machine Learning, TensorFlow, Docker, and NLP to build scalable, production-grade systems. We value curiosity, ownership, and clear communication. 5+ years of professional experience required."
1657,Cloud Data Engineer,Prism Media Analytics,Remote,2025-11-13,Data Engineer,108500,"Prism Media Analytics seeks an experienced Cloud Data Engineer to support our expanding analytics function. Day-to-day responsibilities include working with AWS, Python, Kafka, and dbt to build scalable, production-grade systems. We value curiosity, ownership, and clear communication. Entry-level candidates with strong internship experience are encouraged to apply."
1855,Senior Data Engineer,Vantage Point Retail,"Hyderabad, India",2025-11-13,Data Engineer,37000,"We are looking for a Senior Data Engineer to join our growing team at Vantage Point Retail. You will work closely with cross-functional stakeholders to turn data into actionable insight. Key requirements include hands-on experience with SQL, Google Cloud Platform, Azure, Data warehousing, Airflow, BigQuery, and AWS. The ideal candidate is comfortable working in a fast-paced, collaborative environment and has a strong track record of delivering measurable business impact. 5+ years of professional experience required."
1926,Software Development Engineer,Coral Reef Gaming,"Bengaluru, India",2025-11-13,Software Engineer,34000,"As a Software Development Engineer at Coral Reef Gaming, you will partner with engineering and product teams to deliver high-quality, reliable solutions. Required skills: NoSQL, REST API, JavaScript, Java, and AWS. Bonus points if you have experience mentoring junior team members and contributing to a strong engineering culture. 5+ years of professional experience required."
219,Full Stack Developer,Northwind Digital,Remote,2025-11-14,Software Engineer,91000,"Northwind Digital seeks an experienced Full Stack Developer to support our expanding analytics function. Day-to-day responsibilities include working with SQL, REST API, Agile, and Java to build scalable, production-grade systems. We value curiosity, ownership, and clear communication. Minimum of 2 years in a similar role."
444,Backend Engineer,Ivory Real Estate Tech,Remote,2025-11-14,Software Engineer,131500,"Ivory Real Estate Tech seeks an experienced Backend Engineer to support our expanding analytics function. Day-to-day responsibilities include working with PostgreSQL, REST API, Agile, and Java to build scalable, production-grade systems. We value curiosity, ownership, and clear communication. 5+ years of professional experience required."
35,Senior ML Engineer,DataForge Inc,"Hyderabad, India",2025-11-15,ML Engineer,57500,"As a Senior ML Engineer at DataForge Inc, you will partner with engineering and product teams to deliver high-quality, reliable solutions. Required skills: Deep Learning, PyTorch, TensorFlow, and Spark. Bonus points if you have experience mentoring junior team members and contributing to a strong engineering culture. 3+ years of relevant experience preferred."
300,Senior Data Analyst,Lumina Commerce,"Mumbai, India",2025-11-15,Data Analyst,37500,"We are looking for a Senior Data Analyst to join our growing team at Lumina Commerce. You will work closely with cross-functional stakeholders to turn data into actionable insight. Key requirements include hands-on experience with Python, Statistics, Power BI, and SQL. The ideal candidate is comfortable working in a fast-paced, collaborative environment and has a strong track record of delivering measurable business impact. Minimum of 2 years in a similar role."
700,Data Scientist II,Harbor Robotics,"Toronto, Canada",2025-11-15,Data Scientist,153500,"Harbor Robotics seeks an experienced Data Scientist II to support our expanding analytics function. Day-to-day responsibilities include working with Python, Machine Learning, Scikit-learn, SQL, A/B testing, and Deep Learning to build scalable, production-grade systems. We value curiosity, ownership, and clear communication. 3+ years of relevant experience preferred."
747,Senior Data Scientist,Juniper Cybersecurity,"San Francisco, CA",2025-11-15,Data Scientist,159000,"Juniper Cybersecurity is hiring a Senior Data Scientist to help scale our data capabilities. In this role you'll design, build, and maintain solutions using Scikit-learn, Machine Learning, AWS, R, and Statistics. We're looking for someone with strong problem-solving skills, excellent communication, and a passion for data-driven decision making. 5+ years of professional experience required."
1106,Software Engineer,Summit Cloud Solutions,Remote,2025-11-15,Software Engineer,129500,"Join Summit Cloud Solutions as a Software Engineer! You'll be responsible for building and maintaining systems that rely on Agile, Python, AWS, and JavaScript. This is a great opportunity for someone who enjoys solving complex problems and working with a talented, supportive team. Ideal for candidates with 4-6 years of industry experience."
1958,Data Scientist,Vantage Point Retail,"Los Angeles, CA",2025-11-15,Data Scientist,143000,"Vantage Point Retail seeks an experienced Data Scientist to support our expanding analytics function. Day-to-day responsibilities include working with NLP, PyTorch, Machine Learning, Python, and Spark to build scalable, production-grade systems. We value curiosity, ownership, and clear communication. Entry-level candidates with strong internship experience are encouraged to apply."
598,Reporting Analyst,Evergreen Logistics,"Bengaluru, India",2025-11-16,Data Analyst,41000,"Evergreen Logistics is hiring a Reporting Analyst to help scale our data capabilities. In this role you'll design, build, and maintain solutions using SQL, Git, Excel, Statistics, Python, Power BI, and A/B testing. We're looking for someone with strong problem-solving skills, excellent communication, and a passion for data-driven decision making. 5+ years of professional experience required."
1086,Data Scientist,Bluepeak Technologies,"Dublin, Ireland",2025-11-16,Data Scientist,64000,"Bluepeak Technologies is hiring a Data Scientist to help scale our data capabilities. In this role you'll design, build, and maintain solutions using SQL, Python, Machine Learning, Statistics, Spark, and R. We're looking for someone with strong problem-solving skills, excellent communication, and a passion for data-driven decision making. 5+ years of professional experience required."
1744,Full Stack Developer,Ironclad Security,"Hyderabad, India",2025-11-16,Software Engineer,28000,"We are looking for a Full Stack Developer to join our growing team at Ironclad Security. You will work closely with cross-functional stakeholders to turn data into actionable insight. Key requirements include hands-on experience with Linux, JavaScript, Git, C++, and Java. The ideal candidate is comfortable working in a fast-paced, collaborative environment and has a strong track record of delivering measurable business impact. 5+ years of professional experience required."
312,Applied Data Scientist,Onyx Manufacturing,"Austin, TX",2025-11-17,Data Scientist,141000,"Onyx Manufacturing is hiring a Applied Data Scientist to help scale our data capabilities. In this role you'll design, build, and maintain solutions using Deep Learning, Computer Vision, Python, NLP, SQL, Spark, and AWS. We're looking for someone with strong problem-solving skills, excellent communication, and a passion for data-driven decision making. Entry-level candidates with strong internship experience are encouraged to apply."
577,Data Analyst,Riverstone Tech,Remote,2025-11-17,Data Analyst,90000,"We are looking for a Data Analyst to join our growing team at Riverstone Tech. You will work closely with cross-functional stakeholders to turn data into actionable insight. Key requirements include hands-on experience with SQL, Excel, Tableau, and Python. The ideal candidate is comfortable working in a fast-paced, collaborative environment and has a strong track record of delivering measurable business impact. Entry-level candidates with strong internship experience are encouraged to apply."
662,Research Data Scientist,Echo Streaming,"Pune, India",2025-11-17,Data Scientist,51500,"As a Research Data Scientist at Echo Streaming, you will partner with engineering and product teams to deliver high-quality, reliable solutions. Required skills: Tableau, Statistics, NLP, Computer Vision, and Machine Learning. Bonus points if you have experience mentoring junior team members and contributing to a strong engineering culture. 5+ years of professional experience required."
702,Deep Learning Engineer,Northwind Digital,"Pune, India",2025-11-17,ML Engineer,57000,"Northwind Digital is hiring a Deep Learning Engineer to help scale our data capabilities. In this role you'll design, build, and maintain solutions using Scikit-learn, Python, AWS, NLP, Kubernetes, Docker, and PyTorch. We're looking for someone with strong problem-solving skills, excellent communication, and a passion for data-driven decision making. Ideal for candidates with 4-6 years of industry experience."
735,Data Engineer,Kestrel Media Group,"Seattle, WA",2025-11-17,Data Engineer,158500,"Kestrel Media Group is hiring a Data Engineer to help scale our data capabilities. In this role you'll design, build, and maintain solutions using ETL, Spark, Kafka, Docker, and Python. We're looking for someone with strong problem-solving skills, excellent communication, and a passion for data-driven decision making. Ideal for candidates with 4-6 years of industry experience."
924,Applied Data Scientist,Summit Cloud Solutions,"New York, NY",2025-11-17,Data Scientist,181000,"We are looking for a Applied Data Scientist to join our growing team at Summit Cloud Solutions. You will work closely with cross-functional stakeholders to turn data into actionable insight. Key requirements include hands-on experience with Machine Learning, Spark, Deep Learning, Statistics, Scikit-learn, A/B testing, and TensorFlow. The ideal candidate is comfortable working in a fast-paced, collaborative environment and has a strong track record of delivering measurable business impact. Ideal for candidates with 4-6 years of industry experience."
1920,Data Engineer,Hilltop Ventures,"New York, NY",2025-11-17,Data Engineer,175000,"As a Data Engineer at Hilltop Ventures, you will partner with engineering and product teams to deliver high-quality, reliable solutions. Required skills: AWS, Spark, Docker, and ETL. Bonus points if you have experience mentoring junior team members and contributing to a strong engineering culture. 5+ years of professional experience required."
30,Machine Learning Engineer,Lighthouse AI,"Austin, TX",2025-11-18,ML Engineer,133500,"Lighthouse AI is hiring a Machine Learning Engineer to help scale our data capabilities. In this role you'll design, build, and maintain solutions using Azure, PyTorch, Computer Vision, AWS, Spark, Docker, and Kubernetes. We're looking for someone with strong problem-solving skills, excellent communication, and a passion for data-driven decision making. Minimum of 2 years in a similar role."
369,Reporting Analyst,Skyline Software,"Berlin, Germany",2025-11-18,Data Analyst,57500,"As a Reporting Analyst at Skyline Software, you will partner with engineering and product teams to deliver high-quality, reliable solutions. Required skills: A/B testing, R, Excel, Power BI, and ETL. Bonus points if you have experience mentoring junior team members and contributing to a strong engineering culture. 5+ years of professional experience required."
409,Cloud Data Engineer,Prism Media Analytics,"San Francisco, CA",2025-11-18,Data Engineer,182000,"As a Cloud Data Engineer at Prism Media Analytics, you will partner with engineering and product teams to deliver high-quality, reliable solutions. Required skills: BigQuery, Python, AWS, ETL, and Azure. Bonus points if you have experience mentoring junior team members and contributing to a strong engineering culture. 3+ years of relevant experience preferred."
789,Software Development Engineer,Lattice Biotech,"Boston, MA",2025-11-18,Software Engineer,141500,"Lattice Biotech is hiring a Software Development Engineer to help scale our data capabilities. In this role you'll design, build, and maintain solutions using Python, REST API, Git, and NoSQL. We're looking for someone with strong problem-solving skills, excellent communication, and a passion for data-driven decision making. Ideal for candidates with 4-6 years of industry experience."
867,Senior Software Engineer,Lattice Biotech,Singapore,2025-11-18,Software Engineer,126500,"Join Lattice Biotech as a Senior Software Engineer! You'll be responsible for building and maintaining systems that rely on Docker, NoSQL, Python, JavaScript, and Git. This is a great opportunity for someone who enjoys solving complex problems and working with a talented, supportive team. Entry-level candidates with strong internship experience are encouraged to apply."
1293,Cloud Data Engineer,Bluepeak Technologies,"Atlanta, GA",2025-11-18,Data Engineer,147000,"We are looking for a Cloud Data Engineer to join our growing team at Bluepeak Technologies. You will work closely with cross-functional stakeholders to turn data into actionable insight. Key requirements include hands-on experience with SQL, NoSQL, Snowflake, Redshift, AWS, BigQuery, and dbt. The ideal candidate is comfortable working in a fast-paced, collaborative environment and has a strong track record of delivering measurable business impact. Ideal for candidates with 4-6 years of industry experience."
1329,AI Engineer,Sable Energy,"Dublin, Ireland",2025-11-18,ML Engineer,131500,"We are looking for a AI Engineer to join our growing team at Sable Energy. You will work closely with cross-functional stakeholders to turn data into actionable insight. Key requirements include hands-on experience with AWS, PyTorch, Computer Vision, Docker, Airflow, and Kubernetes. The ideal candidate is comfortable working in a fast-paced, collaborative environment and has a strong track record of delivering measurable business impact. Minimum of 2 years in a similar role."
1647,Applied ML Engineer,Summit Cloud Solutions,Remote,2025-11-18,ML Engineer,110000,"Summit Cloud Solutions is hiring a Applied ML Engineer to help scale our data capabilities. In this role you'll design, build, and maintain solutions using Docker, Kubernetes, Python, Deep Learning, Spark, TensorFlow, and AWS. We're looking for someone with strong problem-solving skills, excellent communication, and a passion for data-driven decision making. 5+ years of professional experience required."
1846,Senior Data Analyst,Vantage Point Retail,Remote,2025-11-18,Data Analyst,59500,"Vantage Point Retail is hiring a Senior Data Analyst to help scale our data capabilities. In this role you'll design, build, and maintain solutions using SQL, Tableau, Git, Power BI, Data warehousing, R, and MongoDB. We're looking for someone with strong problem-solving skills, excellent communication, and a passion for data-driven decision making. Ideal for candidates with 4-6 years of industry experience."
1901,Data Scientist,Anchor Payments,"Delhi, India",2025-11-18,Data Scientist,36500,"We are looking for a Data Scientist to join our growing team at Anchor Payments. You will work closely with cross-functional stakeholders to turn data into actionable insight. Key requirements include hands-on experience with R, PyTorch, SQL, Python, Scikit-learn, and AWS. The ideal candidate is comfortable working in a fast-paced, collaborative environment and has a strong track record of delivering measurable business impact. Ideal for candidates with 4-6 years of industry experience."
1918,Lead Data Scientist,Hilltop Ventures,"Bengaluru, India",2025-11-18,Data Scientist,48500,"As a Lead Data Scientist at Hilltop Ventures, you will partner with engineering and product teams to deliver high-quality, reliable solutions. Required skills: Deep Learning, PyTorch, A/B testing, Statistics, and Python. Bonus points if you have experience mentoring junior team members and contributing to a strong engineering culture. 3+ years of relevant experience preferred."
520,Senior Data Analyst,Ivory Real Estate Tech,"Seattle, WA",2025-11-19,Data Analyst,75000,"Join Ivory Real Estate Tech as a Senior Data Analyst! You'll be responsible for building and maintaining systems that rely on Git, SQL, Data warehousing, and Python. This is a great opportunity for someone who enjoys solving complex problems and working with a talented, supportive team. 3+ years of relevant experience preferred."
861,BI Analyst,Juniper Cybersecurity,"San Francisco, CA",2025-11-19,Data Analyst,103000,"We are looking for a BI Analyst to join our growing team at Juniper Cybersecurity. You will work closely with cross-functional stakeholders to turn data into actionable insight. Key requirements include hands-on experience with SQL, Excel, A/B testing, R, Data warehousing, and Power BI. The ideal candidate is comfortable working in a fast-paced, collaborative environment and has a strong track record of delivering measurable business impact. Minimum of 2 years in a similar role."
918,ML Ops Engineer,Coral Reef Gaming,Remote,2025-11-19,ML Engineer,169500,"We are looking for a ML Ops Engineer to join our growing team at Coral Reef Gaming. You will work closely with cross-functional stakeholders to turn data into actionable insight. Key requirements include hands-on experience with Python, Git, Machine Learning, Scikit-learn, TensorFlow, and Spark. The ideal candidate is comfortable working in a fast-paced, collaborative environment and has a strong track record of delivering measurable business impact. 3+ years of relevant experience preferred."
999,Big Data Engineer,Fenwick Pharma,"New York, NY",2025-11-19,Data Engineer,120000,"We are looking for a Big Data Engineer to join our growing team at Fenwick Pharma. You will work closely with cross-functional stakeholders to turn data into actionable insight. Key requirements include hands-on experience with Python, Kafka, Spark, Redshift, BigQuery, and SQL. The ideal candidate is comfortable working in a fast-paced, collaborative environment and has a strong track record of delivering measurable business impact. 5+ years of professional experience required."
1122,Full Stack Developer,Cortex Systems,"Austin, TX",2025-11-19,Software Engineer,97000,"As a Full Stack Developer at Cortex Systems, you will partner with engineering and product teams to deliver high-quality, reliable solutions. Required skills: JavaScript, REST API, Java, and AWS. Bonus points if you have experience mentoring junior team members and contributing to a strong engineering culture. 3+ years of relevant experience preferred."
1828,Applied Data Scientist,Clearwater Consulting,"San Francisco, CA",2025-11-19,Data Scientist,164500,"Clearwater Consulting is hiring a Applied Data Scientist to help scale our data capabilities. In this role you'll design, build, and maintain solutions using Statistics, Python, Machine Learning, and Scikit-learn. We're looking for someone with strong problem-solving skills, excellent communication, and a passion for data-driven decision making. Ideal for candidates with 4-6 years of industry experience."
304,Cloud Data Engineer,Opaline Cosmetics Analytics,"Bengaluru, India",2025-11-20,Data Engineer,48000,"Opaline Cosmetics Analytics is hiring a Cloud Data Engineer to help scale our data capabilities. In this role you'll design, build, and maintain solutions using AWS, NoSQL, Airflow, SQL, Python, Spark, and Hadoop. We're looking for someone with strong problem-solving skills, excellent communication, and a passion for data-driven decision making. Entry-level candidates with strong internship experience are encouraged to apply."
618,Platform Engineer,Cortex Systems,"Dublin, Ireland",2025-11-20,Software Engineer,94000,"We are looking for a Platform Engineer to join our growing team at Cortex Systems. You will work closely with cross-functional stakeholders to turn data into actionable insight. Key requirements include hands-on experience with Git, Docker, JavaScript, and Kubernetes. The ideal candidate is comfortable working in a fast-paced, collaborative environment and has a strong track record of delivering measurable business impact. Minimum of 2 years in a similar role."
1500,Reporting Analyst,Falcon FinTech,"Seattle, WA",2025-11-20,Data Analyst,103500,"As a Reporting Analyst at Falcon FinTech, you will partner with engineering and product teams to deliver high-quality, reliable solutions. Required skills: Power BI, Python, R, and Statistics. Bonus points if you have experience mentoring junior team members and contributing to a strong engineering culture. Entry-level candidates with strong internship experience are encouraged to apply."
1761,Senior Data Scientist,Prism Media Analytics,"Chicago, IL",2025-11-20,Data Scientist,137500,"Prism Media Analytics seeks an experienced Senior Data Scientist to support our expanding analytics function. Day-to-day responsibilities include working with SQL, AWS, R, Scikit-learn, NLP, and Python to build scalable, production-grade systems. We value curiosity, ownership, and clear communication. Entry-level candidates with strong internship experience are encouraged to apply."
36,Reporting Analyst,Willow Health Systems,"Bengaluru, India",2025-11-21,Data Analyst,31000,"We are looking for a Reporting Analyst to join our growing team at Willow Health Systems. You will work closely with cross-functional stakeholders to turn data into actionable insight. Key requirements include hands-on experience with ETL, Tableau, Looker, Statistics, and Python. The ideal candidate is comfortable working in a fast-paced, collaborative environment and has a strong track record of delivering measurable business impact. Ideal for candidates with 4-6 years of industry experience."
1636,Backend Engineer,Ivory Real Estate Tech,"Denver, CO",2025-11-21,Software Engineer,162500,"As a Backend Engineer at Ivory Real Estate Tech, you will partner with engineering and product teams to deliver high-quality, reliable solutions. Required skills: JavaScript, Java, Kubernetes, Python, and Docker. Bonus points if you have experience mentoring junior team members and contributing to a strong engineering culture. Entry-level candidates with strong internship experience are encouraged to apply."
1753,Machine Learning Engineer,Pixel & Co,"London, UK",2025-11-21,ML Engineer,144500,"As a Machine Learning Engineer at Pixel & Co, you will partner with engineering and product teams to deliver high-quality, reliable solutions. Required skills: Docker, Scikit-learn, Python, PyTorch, AWS, and TensorFlow. Bonus points if you have experience mentoring junior team members and contributing to a strong engineering culture. 5+ years of professional experience required."
1863,Backend Engineer,Marlin Shipping,Remote,2025-11-21,Software Engineer,118500,"As a Backend Engineer at Marlin Shipping, you will partner with engineering and product teams to deliver high-quality, reliable solutions. Required skills: JavaScript, Git, Agile, Kubernetes, and Python. Bonus points if you have experience mentoring junior team members and contributing to a strong engineering culture. Entry-level candidates with strong internship experience are encouraged to apply."
952,Data Analyst,Fenwick Pharma,"London, UK",2025-11-22,Data Analyst,78000,"Fenwick Pharma is hiring a Data Analyst to help scale our data capabilities. In this role you'll design, build, and maintain solutions using Power BI, SQL, Git, Excel, and Looker. We're looking for someone with strong problem-solving skills, excellent communication, and a passion for data-driven decision making. 5+ years of professional experience required."
1477,Data Scientist II,Cortex Systems,"Dublin, Ireland",2025-11-22,Data Scientist,138000,"As a Data Scientist II at Cortex Systems, you will partner with engineering and product teams to deliver high-quality, reliable solutions. Required skills: Deep Learning, Machine Learning, Statistics, and SQL. Bonus points if you have experience mentoring junior team members and contributing to a strong engineering culture. 3+ years of relevant experience preferred."
1490,Junior Data Analyst,Pixel & Co,"Toronto, Canada",2025-11-22,Data Analyst,64500,"As a Junior Data Analyst at Pixel & Co, you will partner with engineering and product teams to deliver high-quality, reliable solutions. Required skills: A/B testing, Statistics, Power BI, SQL, Looker, and R. Bonus points if you have experience mentoring junior team members and contributing to a strong engineering culture. Minimum of 2 years in a similar role."
1165,AI Engineer,Keystone Auto Group,"Austin, TX",2025-11-23,ML Engineer,105000,"We are looking for a AI Engineer to join our growing team at Keystone Auto Group. You will work closely with cross-functional stakeholders to turn data into actionable insight. Key requirements include hands-on experience with Scikit-learn, PyTorch, Docker, Spark, Deep Learning, Machine Learning, and TensorFlow. The ideal candidate is comfortable working in a fast-paced, collaborative environment and has a strong track record of delivering measurable business impact. 3+ years of relevant experience preferred."
311,Junior Data Analyst,Juniper Cybersecurity,"Mumbai, India",2025-11-24,Data Analyst,33000,"Juniper Cybersecurity seeks an experienced Junior Data Analyst to support our expanding analytics function. Day-to-day responsibilities include working with Power BI, SQL, Tableau, Python, Excel, and Git to build scalable, production-grade systems. We value curiosity, ownership, and clear communication. Minimum of 2 years in a similar role."
996,Reporting Analyst,Keystone Auto Group,"Toronto, Canada",2025-11-24,Data Analyst,70000,"Keystone Auto Group seeks an experienced Reporting Analyst to support our expanding analytics function. Day-to-day responsibilities include working with SQL, Power BI, Google Cloud Platform, Python, Tableau, and Excel to build scalable, production-grade systems. We value curiosity, ownership, and clear communication. 3+ years of relevant experience preferred."
1249,Data Analyst,Rustic Agritech,"Mumbai, India",2025-11-24,Data Analyst,26000,"As a Data Analyst at Rustic Agritech, you will partner with engineering and product teams to deliver high-quality, reliable solutions. Required skills: A/B testing, Python, Statistics, SQL, Power BI, Excel, and Google Cloud Platform. Bonus points if you have experience mentoring junior team members and contributing to a strong engineering culture. Minimum of 2 years in a similar role."
1358,Senior Software Engineer,Anchor Payments,"Mumbai, India",2025-11-24,Software Engineer,56500,"As a Senior Software Engineer at Anchor Payments, you will partner with engineering and product teams to deliver high-quality, reliable solutions. Required skills: Java, REST API, JavaScript, AWS, MongoDB, and SQL. Bonus points if you have experience mentoring junior team members and contributing to a strong engineering culture. Entry-level candidates with strong internship experience are encouraged to apply."
1620,Machine Learning Engineer,Echo Streaming,"Bengaluru, India",2025-11-24,ML Engineer,57000,"As a Machine Learning Engineer at Echo Streaming, you will partner with engineering and product teams to deliver high-quality, reliable solutions. Required skills: Python, Deep Learning, Docker, Kubernetes, TensorFlow, AWS, and Git. Bonus points if you have experience mentoring junior team members and contributing to a strong engineering culture. 5+ years of professional experience required."
1740,ML Ops Engineer,Marlin Shipping,"Hyderabad, India",2025-11-24,ML Engineer,54500,"We are looking for a ML Ops Engineer to join our growing team at Marlin Shipping. You will work closely with cross-functional stakeholders to turn data into actionable insight. Key requirements include hands-on experience with TensorFlow, PyTorch, Python, NLP, Kubernetes, Git, and Computer Vision. The ideal candidate is comfortable working in a fast-paced, collaborative environment and has a strong track record of delivering measurable business impact. 3+ years of relevant experience preferred."
1783,Analytics Engineer,Juniper Cybersecurity,"Austin, TX",2025-11-24,Data Engineer,113000,"Juniper Cybersecurity is hiring a Analytics Engineer to help scale our data capabilities. In this role you'll design, build, and maintain solutions using Spark, Data warehousing, Kafka, BigQuery, dbt, AWS, and ETL. We're looking for someone with strong problem-solving skills, excellent communication, and a passion for data-driven decision making. Minimum of 2 years in a similar role."
1786,ETL Developer,Ivory Real Estate Tech,Remote,2025-11-24,Data Engineer,112000,"Ivory Real Estate Tech is hiring a ETL Developer to help scale our data capabilities. In this role you'll design, build, and maintain solutions using Azure, BigQuery, SQL, Python, and dbt. We're looking for someone with strong problem-solving skills, excellent communication, and a passion for data-driven decision making. 5+ years of professional experience required."
1862,Backend Engineer,Echo Streaming,Singapore,2025-11-24,Software Engineer,110000,"Join Echo Streaming as a Backend Engineer! You'll be responsible for building and maintaining systems that rely on REST API, Java, Git, and Agile. This is a great opportunity for someone who enjoys solving complex problems and working with a talented, supportive team. 5+ years of professional experience required."
525,Backend Engineer,Rustic Agritech,"Chicago, IL",2025-11-25,Software Engineer,125500,"As a Backend Engineer at Rustic Agritech, you will partner with engineering and product teams to deliver high-quality, reliable solutions. Required skills: SQL, Git, JavaScript, Java, and Linux. Bonus points if you have experience mentoring junior team members and contributing to a strong engineering culture. Minimum of 2 years in a similar role."
988,ETL Developer,Opaline Cosmetics Analytics,"Pune, India",2025-11-25,Data Engineer,34500,"As a ETL Developer at Opaline Cosmetics Analytics, you will partner with engineering and product teams to deliver high-quality, reliable solutions. Required skills: BigQuery, Data warehousing, Airflow, Kafka, and Snowflake. Bonus points if you have experience mentoring junior team members and contributing to a strong engineering culture. Minimum of 2 years in a similar role."
1299,Research Data Scientist,Zenith Aerospace,"Mumbai, India",2025-11-25,Data Scientist,55000,"Join Zenith Aerospace as a Research Data Scientist! You'll be responsible for building and maintaining systems that rely on R, A/B testing, TensorFlow, Power BI, Machine Learning, and Statistics. This is a great opportunity for someone who enjoys solving complex problems and working with a talented, supportive team. Ideal for candidates with 4-6 years of industry experience."
1777,Software Engineer,Quicksilver Payments,"San Francisco, CA",2025-11-25,Software Engineer,146000,"We are looking for a Software Engineer to join our growing team at Quicksilver Payments. You will work closely with cross-functional stakeholders to turn data into actionable insight. Key requirements include hands-on experience with Python, JavaScript, Docker, REST API, C++, and Java. The ideal candidate is comfortable working in a fast-paced, collaborative environment and has a strong track record of delivering measurable business impact. Entry-level candidates with strong internship experience are encouraged to apply."
71,Lead Data Scientist,Falcon FinTech,"London, UK",2025-11-26,Data Scientist,114000,"Falcon FinTech is hiring a Lead Data Scientist to help scale our data capabilities. In this role you'll design, build, and maintain solutions using Python, TensorFlow, Scikit-learn, NLP, R, Deep Learning, and A/B testing. We're looking for someone with strong problem-solving skills, excellent communication, and a passion for data-driven decision making. 5+ years of professional experience required."
363,AI Engineer,Vantage Point Retail,"Berlin, Germany",2025-11-26,ML Engineer,123500,"As a AI Engineer at Vantage Point Retail, you will partner with engineering and product teams to deliver high-quality, reliable solutions. Required skills: Docker, Machine Learning, Kubernetes, TensorFlow, NLP, Python, and PyTorch. Bonus points if you have experience mentoring junior team members and contributing to a strong engineering culture. Minimum of 2 years in a similar role."
480,ETL Developer,Junction Mobility,Singapore,2025-11-26,Data Engineer,115500,"We are looking for a ETL Developer to join our growing team at Junction Mobility. You will work closely with cross-functional stakeholders to turn data into actionable insight. Key requirements include hands-on experience with Snowflake, ETL, Python, Google Cloud Platform, SQL, Hadoop, and Spark. The ideal candidate is comfortable working in a fast-paced, collaborative environment and has a strong track record of delivering measurable business impact. Ideal for candidates with 4-6 years of industry experience."
967,Marketing Data Analyst,Northwind Digital,"Pune, India",2025-11-26,Data Analyst,32000,"Northwind Digital seeks an experienced Marketing Data Analyst to support our expanding analytics function. Day-to-day responsibilities include working with SQL, Python, Google Cloud Platform, Power BI, MongoDB, Data warehousing, and Git to build scalable, production-grade systems. We value curiosity, ownership, and clear communication. Entry-level candidates with strong internship experience are encouraged to apply."
1536,Business Data Analyst,Gridline Utilities,"Dublin, Ireland",2025-11-26,Data Analyst,57500,"Gridline Utilities is hiring a Business Data Analyst to help scale our data capabilities. In this role you'll design, build, and maintain solutions using SQL, Excel, Data warehousing, and MongoDB. We're looking for someone with strong problem-solving skills, excellent communication, and a passion for data-driven decision making. Entry-level candidates with strong internship experience are encouraged to apply."
1851,Deep Learning Engineer,Vantage Point Retail,"Mumbai, India",2025-11-26,ML Engineer,54500,"Vantage Point Retail is hiring a Deep Learning Engineer to help scale our data capabilities. In this role you'll design, build, and maintain solutions using AWS, Docker, Kubernetes, Git, Python, and Scikit-learn. We're looking for someone with strong problem-solving skills, excellent communication, and a passion for data-driven decision making. 5+ years of professional experience required."
118,Senior Software Engineer,Redwood Bank,"New York, NY",2025-11-27,Software Engineer,124000,"Join Redwood Bank as a Senior Software Engineer! You'll be responsible for building and maintaining systems that rely on Python, SQL, AWS, Linux, JavaScript, and Java. This is a great opportunity for someone who enjoys solving complex problems and working with a talented, supportive team. Minimum of 2 years in a similar role."
236,Data Analyst,Pathfinder Travel Tech,"Austin, TX",2025-11-27,Data Analyst,67000,"Join Pathfinder Travel Tech as a Data Analyst! You'll be responsible for building and maintaining systems that rely on Git, SQL, Power BI, Looker, Excel, Python, and A/B testing. This is a great opportunity for someone who enjoys solving complex problems and working with a talented, supportive team. 3+ years of relevant experience preferred."
633,Business Data Analyst,Keystone Auto Group,Remote,2025-11-27,Data Analyst,71000,"Keystone Auto Group is hiring a Business Data Analyst to help scale our data capabilities. In this role you'll design, build, and maintain solutions using Git, Python, Power BI, Statistics, SQL, and ETL. We're looking for someone with strong problem-solving skills, excellent communication, and a passion for data-driven decision making. 3+ years of relevant experience preferred."
1298,Applied Data Scientist,Cortex Systems,Remote,2025-11-27,Data Scientist,129500,"Join Cortex Systems as a Applied Data Scientist! You'll be responsible for building and maintaining systems that rely on PyTorch, Python, Machine Learning, Computer Vision, R, and Deep Learning. This is a great opportunity for someone who enjoys solving complex problems and working with a talented, supportive team. Minimum of 2 years in a similar role."
1531,Data Scientist II,Keystone Auto Group,"New York, NY",2025-11-27,Data Scientist,129000,"We are looking for a Data Scientist II to join our growing team at Keystone Auto Group. You will work closely with cross-functional stakeholders to turn data into actionable insight. Key requirements include hands-on experience with Tableau, TensorFlow, Statistics, PyTorch, NLP, Scikit-learn, and SQL. The ideal candidate is comfortable working in a fast-paced, collaborative environment and has a strong track record of delivering measurable business impact. 3+ years of relevant experience preferred."
1841,Senior Data Engineer,Redwood Bank,"Austin, TX",2025-11-27,Data Engineer,113500,"Redwood Bank is hiring a Senior Data Engineer to help scale our data capabilities. In this role you'll design, build, and maintain solutions using Spark, Airflow, Redshift, ETL, and dbt. We're looking for someone with strong problem-solving skills, excellent communication, and a passion for data-driven decision making. 5+ years of professional experience required."
1921,Junior Data Analyst,Lattice Biotech,"Austin, TX",2025-11-27,Data Analyst,73500,"We are looking for a Junior Data Analyst to join our growing team at Lattice Biotech. You will work closely with cross-functional stakeholders to turn data into actionable insight. Key requirements include hands-on experience with SQL, Tableau, Python, Power BI, and Excel. The ideal candidate is comfortable working in a fast-paced, collaborative environment and has a strong track record of delivering measurable business impact. Minimum of 2 years in a similar role."
93,Software Development Engineer,Falcon FinTech,"Bengaluru, India",2025-11-28,Software Engineer,44000,"We are looking for a Software Development Engineer to join our growing team at Falcon FinTech. You will work closely with cross-functional stakeholders to turn data into actionable insight. Key requirements include hands-on experience with JavaScript, Linux, AWS, SQL, and Git. The ideal candidate is comfortable working in a fast-paced, collaborative environment and has a strong track record of delivering measurable business impact. Entry-level candidates with strong internship experience are encouraged to apply."
612,Business Data Analyst,Evergreen Logistics,Remote,2025-11-28,Data Analyst,77500,"Join Evergreen Logistics as a Business Data Analyst! You'll be responsible for building and maintaining systems that rely on Excel, Power BI, Python, SQL, Statistics, Tableau, and A/B testing. This is a great opportunity for someone who enjoys solving complex problems and working with a talented, supportive team. Ideal for candidates with 4-6 years of industry experience."
680,Machine Learning Engineer,Sable Energy,"Pune, India",2025-11-28,ML Engineer,39000,"As a Machine Learning Engineer at Sable Energy, you will partner with engineering and product teams to deliver high-quality, reliable solutions. Required skills: Deep Learning, Scikit-learn, Airflow, TensorFlow, Kubernetes, and PyTorch. Bonus points if you have experience mentoring junior team members and contributing to a strong engineering culture. Ideal for candidates with 4-6 years of industry experience."
1027,Applied ML Engineer,Quicksilver Payments,Remote,2025-11-28,ML Engineer,125000,"Quicksilver Payments seeks an experienced Applied ML Engineer to support our expanding analytics function. Day-to-day responsibilities include working with Machine Learning, Computer Vision, Docker, Git, Scikit-learn, and Deep Learning to build scalable, production-grade systems. We value curiosity, ownership, and clear communication. Entry-level candidates with strong internship experience are encouraged to apply."
1078,Analytics Engineer,Vantage Point Retail,Remote,2025-11-28,Data Engineer,131000,"We are looking for a Analytics Engineer to join our growing team at Vantage Point Retail. You will work closely with cross-functional stakeholders to turn data into actionable insight. Key requirements include hands-on experience with Docker, Snowflake, AWS, ETL, Python, and SQL. The ideal candidate is comfortable working in a fast-paced, collaborative environment and has a strong track record of delivering measurable business impact. Minimum of 2 years in a similar role."
1708,Big Data Engineer,Cortex Systems,Remote,2025-11-28,Data Engineer,123500,"Cortex Systems seeks an experienced Big Data Engineer to support our expanding analytics function. Day-to-day responsibilities include working with Airflow, Python, Snowflake, BigQuery, and Redshift to build scalable, production-grade systems. We value curiosity, ownership, and clear communication. Entry-level candidates with strong internship experience are encouraged to apply."
1803,Software Development Engineer,Riverstone Tech,"Boston, MA",2025-11-28,Software Engineer,95000,"Join Riverstone Tech as a Software Development Engineer! You'll be responsible for building and maintaining systems that rely on PostgreSQL, Java, JavaScript, Linux, Python, Git, and SQL. This is a great opportunity for someone who enjoys solving complex problems and working with a talented, supportive team. Minimum of 2 years in a similar role."
217,ETL Developer,Coral Reef Gaming,"New York, NY",2025-11-29,Data Engineer,158500,"Coral Reef Gaming is hiring a ETL Developer to help scale our data capabilities. In this role you'll design, build, and maintain solutions using ETL, AWS, SQL, Spark, and Kafka. We're looking for someone with strong problem-solving skills, excellent communication, and a passion for data-driven decision making. 5+ years of professional experience required."
264,Senior Software Engineer,Orbit Financial Services,"Hyderabad, India",2025-11-29,Software Engineer,40500,"As a Senior Software Engineer at Orbit Financial Services, you will partner with engineering and product teams to deliver high-quality, reliable solutions. Required skills: JavaScript, Agile, AWS, REST API, and Docker. Bonus points if you have experience mentoring junior team members and contributing to a strong engineering culture. Ideal for candidates with 4-6 years of industry experience."
388,BI Analyst,Rustic Agritech,"San Francisco, CA",2025-11-29,Data Analyst,110500,"As a BI Analyst at Rustic Agritech, you will partner with engineering and product teams to deliver high-quality, reliable solutions. Required skills: Excel, Python, Statistics, Power BI, SQL, and R. Bonus points if you have experience mentoring junior team members and contributing to a strong engineering culture. Minimum of 2 years in a similar role."
1071,Full Stack Developer,Orbit Financial Services,Singapore,2025-11-29,Software Engineer,104000,"We are looking for a Full Stack Developer to join our growing team at Orbit Financial Services. You will work closely with cross-functional stakeholders to turn data into actionable insight. Key requirements include hands-on experience with Python, SQL, Java, and JavaScript. The ideal candidate is comfortable working in a fast-paced, collaborative environment and has a strong track record of delivering measurable business impact. Minimum of 2 years in a similar role."
1286,Senior Data Engineer,DataForge Inc,"San Francisco, CA",2025-11-29,Data Engineer,197500,"Join DataForge Inc as a Senior Data Engineer! You'll be responsible for building and maintaining systems that rely on SQL, Google Cloud Platform, Data warehousing, Redshift, Airflow, and Azure. This is a great opportunity for someone who enjoys solving complex problems and working with a talented, supportive team. Minimum of 2 years in a similar role."
1318,Software Development Engineer,Meridian Health Analytics,"Washington, DC",2025-11-29,Software Engineer,110500,"Meridian Health Analytics seeks an experienced Software Development Engineer to support our expanding analytics function. Day-to-day responsibilities include working with Java, Docker, JavaScript, and SQL to build scalable, production-grade systems. We value curiosity, ownership, and clear communication. 3+ years of relevant experience preferred."
1734,Deep Learning Engineer,Fenwick Pharma,"Seattle, WA",2025-11-29,ML Engineer,150500,"Fenwick Pharma seeks an experienced Deep Learning Engineer to support our expanding analytics function. Day-to-day responsibilities include working with Scikit-learn, AWS, Kubernetes, NLP, Machine Learning, Docker, and Python to build scalable, production-grade systems. We value curiosity, ownership, and clear communication. 3+ years of relevant experience preferred."
1417,Software Development Engineer,Meridian Health Analytics,"Los Angeles, CA",2025-11-30,Software Engineer,147500,"As a Software Development Engineer at Meridian Health Analytics, you will partner with engineering and product teams to deliver high-quality, reliable solutions. Required skills: Kubernetes, Linux, PostgreSQL, Docker, Python, and MongoDB. Bonus points if you have experience mentoring junior team members and contributing to a strong engineering culture. 3+ years of relevant experience preferred."
1630,AI Engineer,Vantage Point Retail,"Pune, India",2025-11-30,ML Engineer,45500,"As a AI Engineer at Vantage Point Retail, you will partner with engineering and product teams to deliver high-quality, reliable solutions. Required skills: Python, TensorFlow, Scikit-learn, and NLP. Bonus points if you have experience mentoring junior team members and contributing to a strong engineering culture. 3+ years of relevant experience preferred."
188,Reporting Analyst,Ivory Real Estate Tech,"San Francisco, CA",2025-12-01,Data Analyst,77500,"As a Reporting Analyst at Ivory Real Estate Tech, you will partner with engineering and product teams to deliver high-quality, reliable solutions. Required skills: Python, Looker, Statistics, Git, and SQL. Bonus points if you have experience mentoring junior team members and contributing to a strong engineering culture. 5+ years of professional experience required."
360,Data Analyst,Skyline Software,"Seattle, WA",2025-12-01,Data Analyst,79500,"Skyline Software seeks an experienced Data Analyst to support our expanding analytics function. Day-to-day responsibilities include working with Excel, SQL, Data warehousing, Tableau, and Git to build scalable, production-grade systems. We value curiosity, ownership, and clear communication. 5+ years of professional experience required."
1223,Reporting Analyst,Fenwick Pharma,"Los Angeles, CA",2025-12-01,Data Analyst,72000,"Join Fenwick Pharma as a Reporting Analyst! You'll be responsible for building and maintaining systems that rely on Google Cloud Platform, Power BI, R, Tableau, and Statistics. This is a great opportunity for someone who enjoys solving complex problems and working with a talented, supportive team. Ideal for candidates with 4-6 years of industry experience."
1290,Data Analyst,Zenith Aerospace,"Pune, India",2025-12-02,Data Analyst,26000,"We are looking for a Data Analyst to join our growing team at Zenith Aerospace. You will work closely with cross-functional stakeholders to turn data into actionable insight. Key requirements include hands-on experience with Tableau, Power BI, Excel, SQL, and Python. The ideal candidate is comfortable working in a fast-paced, collaborative environment and has a strong track record of delivering measurable business impact. Ideal for candidates with 4-6 years of industry experience."
1617,Lead Data Scientist,Rustic Agritech,"Hyderabad, India",2025-12-02,Data Scientist,30500,"Rustic Agritech is hiring a Lead Data Scientist to help scale our data capabilities. In this role you'll design, build, and maintain solutions using Python, A/B testing, SQL, and Machine Learning. We're looking for someone with strong problem-solving skills, excellent communication, and a passion for data-driven decision making. 3+ years of relevant experience preferred."
1781,Research Data Scientist,Nimbus Analytics,"Seattle, WA",2025-12-02,Data Scientist,162500,"Nimbus Analytics seeks an experienced Research Data Scientist to support our expanding analytics function. Day-to-day responsibilities include working with Scikit-learn, SQL, Machine Learning, Statistics, Python, TensorFlow, and NLP to build scalable, production-grade systems. We value curiosity, ownership, and clear communication. Ideal for candidates with 4-6 years of industry experience."
1798,Data Scientist II,Nimbus Analytics,"Boston, MA",2025-12-02,Data Scientist,156500,"Nimbus Analytics seeks an experienced Data Scientist II to support our expanding analytics function. Day-to-day responsibilities include working with Computer Vision, NLP, Machine Learning, A/B testing, SQL, Python, and Statistics to build scalable, production-grade systems. We value curiosity, ownership, and clear communication. Entry-level candidates with strong internship experience are encouraged to apply."
1932,Marketing Data Analyst,Lattice Biotech,Singapore,2025-12-02,Data Analyst,75000,"Join Lattice Biotech as a Marketing Data Analyst! You'll be responsible for building and maintaining systems that rely on Data warehousing, R, Tableau, A/B testing, and Excel. This is a great opportunity for someone who enjoys solving complex problems and working with a talented, supportive team. 5+ years of professional experience required."
357,Senior Software Engineer,Fenwick Pharma,"Atlanta, GA",2025-12-03,Software Engineer,102000,"Join Fenwick Pharma as a Senior Software Engineer! You'll be responsible for building and maintaining systems that rely on AWS, JavaScript, Python, Git, MongoDB, NoSQL, and Java. This is a great opportunity for someone who enjoys solving complex problems and working with a talented, supportive team. 3+ years of relevant experience preferred."
1006,Data Engineer,Riverstone Tech,"Mumbai, India",2025-12-03,Data Engineer,55000,"As a Data Engineer at Riverstone Tech, you will partner with engineering and product teams to deliver high-quality, reliable solutions. Required skills: SQL, Spark, AWS, and Airflow. Bonus points if you have experience mentoring junior team members and contributing to a strong engineering culture. Minimum of 2 years in a similar role."
519,Senior Data Scientist,Opaline Cosmetics Analytics,"New York, NY",2025-12-04,Data Scientist,188500,"We are looking for a Senior Data Scientist to join our growing team at Opaline Cosmetics Analytics. You will work closely with cross-functional stakeholders to turn data into actionable insight. Key requirements include hands-on experience with Python, A/B testing, Statistics, Deep Learning, and Machine Learning. The ideal candidate is comfortable working in a fast-paced, collaborative environment and has a strong track record of delivering measurable business impact. 5+ years of professional experience required."
551,Analytics Engineer,Keystone Auto Group,"Hyderabad, India",2025-12-04,Data Engineer,48000,"Keystone Auto Group seeks an experienced Analytics Engineer to support our expanding analytics function. Day-to-day responsibilities include working with Snowflake, Azure, Airflow, Python, and ETL to build scalable, production-grade systems. We value curiosity, ownership, and clear communication. 3+ years of relevant experience preferred."
835,Junior Data Analyst,Zenith Aerospace,"San Francisco, CA",2025-12-04,Data Analyst,113000,"As a Junior Data Analyst at Zenith Aerospace, you will partner with engineering and product teams to deliver high-quality, reliable solutions. Required skills: R, Looker, Tableau, and Excel. Bonus points if you have experience mentoring junior team members and contributing to a strong engineering culture. 5+ years of professional experience required."
894,Data Engineer,Cortex Systems,Remote,2025-12-04,Data Engineer,98000,"Cortex Systems seeks an experienced Data Engineer to support our expanding analytics function. Day-to-day responsibilities include working with ETL, Python, Snowflake, and SQL to build scalable, production-grade systems. We value curiosity, ownership, and clear communication. Ideal for candidates with 4-6 years of industry experience."
1204,Junior Data Analyst,Northwind Digital,"London, UK",2025-12-04,Data Analyst,84500,"Northwind Digital seeks an experienced Junior Data Analyst to support our expanding analytics function. Day-to-day responsibilities include working with Python, Data warehousing, ETL, Excel, Tableau, and Git to build scalable, production-grade systems. We value curiosity, ownership, and clear communication. Minimum of 2 years in a similar role."
1697,Junior Data Analyst,Gridline Utilities,"Austin, TX",2025-12-04,Data Analyst,80500,"Gridline Utilities is hiring a Junior Data Analyst to help scale our data capabilities. In this role you'll design, build, and maintain solutions using SQL, Excel, Tableau, R, Git, Data warehousing, and Python. We're looking for someone with strong problem-solving skills, excellent communication, and a passion for data-driven decision making. 3+ years of relevant experience preferred."
1860,ETL Developer,Vertex Insight Labs,Remote,2025-12-04,Data Engineer,116000,"Vertex Insight Labs seeks an experienced ETL Developer to support our expanding analytics function. Day-to-day responsibilities include working with Google Cloud Platform, SQL, Data warehousing, Airflow, and AWS to build scalable, production-grade systems. We value curiosity, ownership, and clear communication. Ideal for candidates with 4-6 years of industry experience."
639,ETL Developer,Skyline Software,"Bengaluru, India",2025-12-05,Data Engineer,39500,"As a ETL Developer at Skyline Software, you will partner with engineering and product teams to deliver high-quality, reliable solutions. Required skills: SQL, Kafka, Python, Spark, AWS, and Snowflake. Bonus points if you have experience mentoring junior team members and contributing to a strong engineering culture. 3+ years of relevant experience preferred."
1024,Reporting Analyst,Clearwater Consulting,"Seattle, WA",2025-12-05,Data Analyst,98500,"As a Reporting Analyst at Clearwater Consulting, you will partner with engineering and product teams to deliver high-quality, reliable solutions. Required skills: MongoDB, SQL, Python, ETL, Tableau, Statistics, and Data warehousing. Bonus points if you have experience mentoring junior team members and contributing to a strong engineering culture. Minimum of 2 years in a similar role."
1442,Platform Engineer,Skyline Software,"Pune, India",2025-12-05,Software Engineer,28500,"As a Platform Engineer at Skyline Software, you will partner with engineering and product teams to deliver high-quality, reliable solutions. Required skills: Kubernetes, PostgreSQL, Python, and REST API. Bonus points if you have experience mentoring junior team members and contributing to a strong engineering culture. Minimum of 2 years in a similar role."
1496,ML Ops Engineer,Pixel & Co,"San Francisco, CA",2025-12-05,ML Engineer,199000,"Join Pixel & Co as a ML Ops Engineer! You'll be responsible for building and maintaining systems that rely on Python, Scikit-learn, Docker, PyTorch, Git, Spark, and Computer Vision. This is a great opportunity for someone who enjoys solving complex problems and working with a talented, supportive team. 5+ years of professional experience required."
1545,Applied Data Scientist,Anchor Payments,Singapore,2025-12-05,Data Scientist,111000,"As a Applied Data Scientist at Anchor Payments, you will partner with engineering and product teams to deliver high-quality, reliable solutions. Required skills: Statistics, Tableau, AWS, SQL, and Computer Vision. Bonus points if you have experience mentoring junior team members and contributing to a strong engineering culture. Ideal for candidates with 4-6 years of industry experience."
1763,Backend Engineer,Meridian Health Analytics,"Hyderabad, India",2025-12-05,Software Engineer,43500,"Join Meridian Health Analytics as a Backend Engineer! You'll be responsible for building and maintaining systems that rely on Python, JavaScript, PostgreSQL, and Kubernetes. This is a great opportunity for someone who enjoys solving complex problems and working with a talented, supportive team. Ideal for candidates with 4-6 years of industry experience."
743,Deep Learning Engineer,Ironclad Security,"Seattle, WA",2025-12-06,ML Engineer,164500,"We are looking for a Deep Learning Engineer to join our growing team at Ironclad Security. You will work closely with cross-functional stakeholders to turn data into actionable insight. Key requirements include hands-on experience with NLP, Docker, Deep Learning, Scikit-learn, Machine Learning, and PyTorch. The ideal candidate is comfortable working in a fast-paced, collaborative environment and has a strong track record of delivering measurable business impact. 5+ years of professional experience required."
794,ETL Developer,Bluepeak Technologies,"Berlin, Germany",2025-12-06,Data Engineer,92500,"Bluepeak Technologies is hiring a ETL Developer to help scale our data capabilities. In this role you'll design, build, and maintain solutions using Hadoop, Python, SQL, BigQuery, and ETL. We're looking for someone with strong problem-solving skills, excellent communication, and a passion for data-driven decision making. 5+ years of professional experience required."
951,Applied ML Engineer,Lumina Commerce,"Denver, CO",2025-12-06,ML Engineer,194500,"Join Lumina Commerce as a Applied ML Engineer! You'll be responsible for building and maintaining systems that rely on Kubernetes, Python, PyTorch, Machine Learning, and Airflow. This is a great opportunity for someone who enjoys solving complex problems and working with a talented, supportive team. Ideal for candidates with 4-6 years of industry experience."
1118,Analytics Engineer,Vertex Insight Labs,Singapore,2025-12-06,Data Engineer,120000,"Vertex Insight Labs is hiring a Analytics Engineer to help scale our data capabilities. In this role you'll design, build, and maintain solutions using AWS, Airflow, Kafka, Spark, and Azure. We're looking for someone with strong problem-solving skills, excellent communication, and a passion for data-driven decision making. 5+ years of professional experience required."
1682,Cloud Data Engineer,Willow Health Systems,"Boston, MA",2025-12-06,Data Engineer,164000,"Willow Health Systems is hiring a Cloud Data Engineer to help scale our data capabilities. In this role you'll design, build, and maintain solutions using Python, NoSQL, Airflow, and Snowflake. We're looking for someone with strong problem-solving skills, excellent communication, and a passion for data-driven decision making. Ideal for candidates with 4-6 years of industry experience."
1724,Senior Data Scientist,Nova Insurance,"Denver, CO",2025-12-06,Data Scientist,125500,"Join Nova Insurance as a Senior Data Scientist! You'll be responsible for building and maintaining systems that rely on Python, Machine Learning, Deep Learning, and Scikit-learn. This is a great opportunity for someone who enjoys solving complex problems and working with a talented, supportive team. Ideal for candidates with 4-6 years of industry experience."
1782,Applied Data Scientist,Juniper Cybersecurity,"San Francisco, CA",2025-12-06,Data Scientist,176000,"Join Juniper Cybersecurity as a Applied Data Scientist! You'll be responsible for building and maintaining systems that rely on Python, SQL, Computer Vision, Scikit-learn, Deep Learning, and Statistics. This is a great opportunity for someone who enjoys solving complex problems and working with a talented, supportive team. 5+ years of professional experience required."
542,Analytics Engineer,Echo Streaming,"Los Angeles, CA",2025-12-07,Data Engineer,127000,"As a Analytics Engineer at Echo Streaming, you will partner with engineering and product teams to deliver high-quality, reliable solutions. Required skills: SQL, Hadoop, Docker, Redshift, Python, ETL, and BigQuery. Bonus points if you have experience mentoring junior team members and contributing to a strong engineering culture. 3+ years of relevant experience preferred."
770,Machine Learning Engineer,Vantage Point Retail,"Bengaluru, India",2025-12-07,ML Engineer,48500,"Join Vantage Point Retail as a Machine Learning Engineer! You'll be responsible for building and maintaining systems that rely on Kubernetes, Python, PyTorch, and NLP. This is a great opportunity for someone who enjoys solving complex problems and working with a talented, supportive team. Minimum of 2 years in a similar role."
865,Marketing Data Analyst,Coral Reef Gaming,"Pune, India",2025-12-07,Data Analyst,25000,"We are looking for a Marketing Data Analyst to join our growing team at Coral Reef Gaming. You will work closely with cross-functional stakeholders to turn data into actionable insight. Key requirements include hands-on experience with SQL, Excel, Google Cloud Platform, Python, Data warehousing, Statistics, and Git. The ideal candidate is comfortable working in a fast-paced, collaborative environment and has a strong track record of delivering measurable business impact. 3+ years of relevant experience preferred."
878,Software Development Engineer,Cortex Systems,"Hyderabad, India",2025-12-07,Software Engineer,27000,"As a Software Development Engineer at Cortex Systems, you will partner with engineering and product teams to deliver high-quality, reliable solutions. Required skills: Docker, Java, Python, and MongoDB. Bonus points if you have experience mentoring junior team members and contributing to a strong engineering culture. 5+ years of professional experience required."
962,Data Engineer,Granite Data Partners,"Toronto, Canada",2025-12-07,Data Engineer,102500,"Join Granite Data Partners as a Data Engineer! You'll be responsible for building and maintaining systems that rely on Azure, Airflow, Hadoop, Redshift, Snowflake, and Spark. This is a great opportunity for someone who enjoys solving complex problems and working with a talented, supportive team. Ideal for candidates with 4-6 years of industry experience."
1170,Cloud Data Engineer,Quicksilver Payments,"Bengaluru, India",2025-12-07,Data Engineer,41500,"Quicksilver Payments is hiring a Cloud Data Engineer to help scale our data capabilities. In this role you'll design, build, and maintain solutions using Docker, AWS, ETL, Airflow, Snowflake, Google Cloud Platform, and NoSQL. We're looking for someone with strong problem-solving skills, excellent communication, and a passion for data-driven decision making. 5+ years of professional experience required."
1220,Data Scientist II,Ironclad Security,"London, UK",2025-12-07,Data Scientist,133500,"Join Ironclad Security as a Data Scientist II! You'll be responsible for building and maintaining systems that rely on Machine Learning, Deep Learning, Python, and NLP. This is a great opportunity for someone who enjoys solving complex problems and working with a talented, supportive team. Ideal for candidates with 4-6 years of industry experience."
1550,Senior Data Scientist,Skyline Software,"Pune, India",2025-12-07,Data Scientist,53500,"As a Senior Data Scientist at Skyline Software, you will partner with engineering and product teams to deliver high-quality, reliable solutions. Required skills: PyTorch, Python, Statistics, Tableau, NLP, Machine Learning, and SQL. Bonus points if you have experience mentoring junior team members and contributing to a strong engineering culture. Entry-level candidates with strong internship experience are encouraged to apply."
1725,Data Engineer,Juniper Cybersecurity,"Seattle, WA",2025-12-07,Data Engineer,131000,"We are looking for a Data Engineer to join our growing team at Juniper Cybersecurity. You will work closely with cross-functional stakeholders to turn data into actionable insight. Key requirements include hands-on experience with SQL, Google Cloud Platform, Redshift, Airflow, and AWS. The ideal candidate is comfortable working in a fast-paced, collaborative environment and has a strong track record of delivering measurable business impact. Entry-level candidates with strong internship experience are encouraged to apply."
1751,AI Engineer,Tundra Telecom,"San Francisco, CA",2025-12-07,ML Engineer,190500,"Join Tundra Telecom as a AI Engineer! You'll be responsible for building and maintaining systems that rely on Docker, Python, Machine Learning, PyTorch, and Deep Learning. This is a great opportunity for someone who enjoys solving complex problems and working with a talented, supportive team. Entry-level candidates with strong internship experience are encouraged to apply."
227,Analytics Engineer,Kestrel Media Group,Remote,2025-12-08,Data Engineer,146000,"As a Analytics Engineer at Kestrel Media Group, you will partner with engineering and product teams to deliver high-quality, reliable solutions. Required skills: Python, Redshift, dbt, AWS, SQL, Google Cloud Platform, and Data warehousing. Bonus points if you have experience mentoring junior team members and contributing to a strong engineering culture. Ideal for candidates with 4-6 years of industry experience."
256,Senior Software Engineer,Zenith Aerospace,"Dublin, Ireland",2025-12-08,Software Engineer,120000,"We are looking for a Senior Software Engineer to join our growing team at Zenith Aerospace. You will work closely with cross-functional stakeholders to turn data into actionable insight. Key requirements include hands-on experience with REST API, AWS, SQL, and Java. The ideal candidate is comfortable working in a fast-paced, collaborative environment and has a strong track record of delivering measurable business impact. Minimum of 2 years in a similar role."
459,Backend Engineer,Ivory Real Estate Tech,"Bengaluru, India",2025-12-08,Software Engineer,48500,"As a Backend Engineer at Ivory Real Estate Tech, you will partner with engineering and product teams to deliver high-quality, reliable solutions. Required skills: JavaScript, AWS, Python, Agile, and Git. Bonus points if you have experience mentoring junior team members and contributing to a strong engineering culture. 3+ years of relevant experience preferred."
781,Senior Software Engineer,Brightline Education,"Delhi, India",2025-12-08,Software Engineer,49000,"Brightline Education is hiring a Senior Software Engineer to help scale our data capabilities. In this role you'll design, build, and maintain solutions using JavaScript, Agile, Git, Kubernetes, MongoDB, Python, and SQL. We're looking for someone with strong problem-solving skills, excellent communication, and a passion for data-driven decision making. Ideal for candidates with 4-6 years of industry experience."
1176,Analytics Engineer,Redwood Bank,"Denver, CO",2025-12-08,Data Engineer,122500,"As a Analytics Engineer at Redwood Bank, you will partner with engineering and product teams to deliver high-quality, reliable solutions. Required skills: Redshift, Kafka, Airflow, NoSQL, Hadoop, and Python. Bonus points if you have experience mentoring junior team members and contributing to a strong engineering culture. Minimum of 2 years in a similar role."
1903,Software Engineer,Vantage Point Retail,"Hyderabad, India",2025-12-08,Software Engineer,41000,"We are looking for a Software Engineer to join our growing team at Vantage Point Retail. You will work closely with cross-functional stakeholders to turn data into actionable insight. Key requirements include hands-on experience with REST API, Git, Docker, AWS, JavaScript, Linux, and Python. The ideal candidate is comfortable working in a fast-paced, collaborative environment and has a strong track record of delivering measurable business impact. Entry-level candidates with strong internship experience are encouraged to apply."
349,AI Engineer,Lighthouse AI,"Delhi, India",2025-12-09,ML Engineer,73500,"Lighthouse AI seeks an experienced AI Engineer to support our expanding analytics function. Day-to-day responsibilities include working with TensorFlow, Docker, Deep Learning, Python, and Computer Vision to build scalable, production-grade systems. We value curiosity, ownership, and clear communication. 3+ years of relevant experience preferred."
1016,Senior Data Scientist,Falcon FinTech,"Chicago, IL",2025-12-09,Data Scientist,104000,"Falcon FinTech is hiring a Senior Data Scientist to help scale our data capabilities. In this role you'll design, build, and maintain solutions using SQL, Statistics, Machine Learning, Scikit-learn, NLP, Spark, and R. We're looking for someone with strong problem-solving skills, excellent communication, and a passion for data-driven decision making. Minimum of 2 years in a similar role."
1171,Applied ML Engineer,Marlin Shipping,"Washington, DC",2025-12-09,ML Engineer,206500,"As a Applied ML Engineer at Marlin Shipping, you will partner with engineering and product teams to deliver high-quality, reliable solutions. Required skills: NLP, Computer Vision, Docker, AWS, PyTorch, Azure, and TensorFlow. Bonus points if you have experience mentoring junior team members and contributing to a strong engineering culture. Ideal for candidates with 4-6 years of industry experience."
1760,Senior Software Engineer,Granite Data Partners,Singapore,2025-12-09,Software Engineer,112500,"As a Senior Software Engineer at Granite Data Partners, you will partner with engineering and product teams to deliver high-quality, reliable solutions. Required skills: Java, Python, PostgreSQL, SQL, Git, Agile, and Docker. Bonus points if you have experience mentoring junior team members and contributing to a strong engineering culture. Minimum of 2 years in a similar role."
1133,Data Engineer,Falcon FinTech,"Bengaluru, India",2025-12-10,Data Engineer,44000,"Join Falcon FinTech as a Data Engineer! You'll be responsible for building and maintaining systems that rely on Data warehousing, SQL, Kafka, Docker, and Redshift. This is a great opportunity for someone who enjoys solving complex problems and working with a talented, supportive team. Entry-level candidates with strong internship experience are encouraged to apply."
1480,Big Data Engineer,Marlin Shipping,Remote,2025-12-10,Data Engineer,83500,"As a Big Data Engineer at Marlin Shipping, you will partner with engineering and product teams to deliver high-quality, reliable solutions. Required skills: Hadoop, Data warehousing, Python, and Airflow. Bonus points if you have experience mentoring junior team members and contributing to a strong engineering culture. Ideal for candidates with 4-6 years of industry experience."
1541,Deep Learning Engineer,Skyline Software,Remote,2025-12-10,ML Engineer,139500,"As a Deep Learning Engineer at Skyline Software, you will partner with engineering and product teams to deliver high-quality, reliable solutions. Required skills: Docker, Git, TensorFlow, Machine Learning, Python, and Deep Learning. Bonus points if you have experience mentoring junior team members and contributing to a strong engineering culture. Minimum of 2 years in a similar role."
486,AI Engineer,Ironclad Security,"Chicago, IL",2025-12-11,ML Engineer,143500,"Ironclad Security is hiring a AI Engineer to help scale our data capabilities. In this role you'll design, build, and maintain solutions using Git, Python, Deep Learning, and Kubernetes. We're looking for someone with strong problem-solving skills, excellent communication, and a passion for data-driven decision making. Entry-level candidates with strong internship experience are encouraged to apply."
649,ML Ops Engineer,Echo Streaming,Singapore,2025-12-11,ML Engineer,171000,"Join Echo Streaming as a ML Ops Engineer! You'll be responsible for building and maintaining systems that rely on PyTorch, Python, Scikit-learn, Azure, and Computer Vision. This is a great opportunity for someone who enjoys solving complex problems and working with a talented, supportive team. 5+ years of professional experience required."
677,ETL Developer,Nimbus Analytics,"Mumbai, India",2025-12-11,Data Engineer,37500,"As a ETL Developer at Nimbus Analytics, you will partner with engineering and product teams to deliver high-quality, reliable solutions. Required skills: Spark, ETL, Google Cloud Platform, SQL, Snowflake, Python, and Redshift. Bonus points if you have experience mentoring junior team members and contributing to a strong engineering culture. 3+ years of relevant experience preferred."
959,Senior ML Engineer,Nimbus Analytics,Remote,2025-12-11,ML Engineer,115000,"Nimbus Analytics seeks an experienced Senior ML Engineer to support our expanding analytics function. Day-to-day responsibilities include working with Machine Learning, TensorFlow, Python, and AWS to build scalable, production-grade systems. We value curiosity, ownership, and clear communication. Minimum of 2 years in a similar role."
1005,Junior Data Analyst,Vertex Insight Labs,"Toronto, Canada",2025-12-11,Data Analyst,63000,"Vertex Insight Labs seeks an experienced Junior Data Analyst to support our expanding analytics function. Day-to-day responsibilities include working with SQL, Google Cloud Platform, Excel, Git, Tableau, Power BI, and R to build scalable, production-grade systems. We value curiosity, ownership, and clear communication. 5+ years of professional experience required."
1109,Full Stack Developer,Prism Media Analytics,"Hyderabad, India",2025-12-11,Software Engineer,37500,"As a Full Stack Developer at Prism Media Analytics, you will partner with engineering and product teams to deliver high-quality, reliable solutions. Required skills: JavaScript, REST API, Python, and Docker. Bonus points if you have experience mentoring junior team members and contributing to a strong engineering culture. Minimum of 2 years in a similar role."
1346,Software Engineer,Sable Energy,"Austin, TX",2025-12-11,Software Engineer,107500,"As a Software Engineer at Sable Energy, you will partner with engineering and product teams to deliver high-quality, reliable solutions. Required skills: REST API, SQL, Kubernetes, Python, JavaScript, and AWS. Bonus points if you have experience mentoring junior team members and contributing to a strong engineering culture. 5+ years of professional experience required."
1457,Big Data Engineer,Pixel & Co,"Atlanta, GA",2025-12-11,Data Engineer,128500,"Pixel & Co seeks an experienced Big Data Engineer to support our expanding analytics function. Day-to-day responsibilities include working with ETL, Python, Airflow, and Data warehousing to build scalable, production-grade systems. We value curiosity, ownership, and clear communication. 3+ years of relevant experience preferred."
1955,Analytics Engineer,Pathfinder Travel Tech,"Seattle, WA",2025-12-11,Data Engineer,132000,"As a Analytics Engineer at Pathfinder Travel Tech, you will partner with engineering and product teams to deliver high-quality, reliable solutions. Required skills: ETL, AWS, Python, NoSQL, SQL, and Airflow. Bonus points if you have experience mentoring junior team members and contributing to a strong engineering culture. Minimum of 2 years in a similar role."
297,BI Analyst,Pixel & Co,"Delhi, India",2025-12-12,Data Analyst,25500,"Join Pixel & Co as a BI Analyst! You'll be responsible for building and maintaining systems that rely on Power BI, A/B testing, Statistics, and R. This is a great opportunity for someone who enjoys solving complex problems and working with a talented, supportive team. Minimum of 2 years in a similar role."
370,Data Scientist II,Quantum Retail Group,"Chicago, IL",2025-12-12,Data Scientist,161000,"Join Quantum Retail Group as a Data Scientist II! You'll be responsible for building and maintaining systems that rely on Deep Learning, TensorFlow, Python, Machine Learning, R, and PyTorch. This is a great opportunity for someone who enjoys solving complex problems and working with a talented, supportive team. Minimum of 2 years in a similar role."
1100,Senior ML Engineer,Clearwater Consulting,"Toronto, Canada",2025-12-12,ML Engineer,83500,"We are looking for a Senior ML Engineer to join our growing team at Clearwater Consulting. You will work closely with cross-functional stakeholders to turn data into actionable insight. Key requirements include hands-on experience with Computer Vision, Scikit-learn, Docker, and Deep Learning. The ideal candidate is comfortable working in a fast-paced, collaborative environment and has a strong track record of delivering measurable business impact. Ideal for candidates with 4-6 years of industry experience."
1486,Backend Engineer,Echo Streaming,"Washington, DC",2025-12-12,Software Engineer,169000,"As a Backend Engineer at Echo Streaming, you will partner with engineering and product teams to deliver high-quality, reliable solutions. Required skills: SQL, Agile, Linux, JavaScript, REST API, and Python. Bonus points if you have experience mentoring junior team members and contributing to a strong engineering culture. Minimum of 2 years in a similar role."
1519,Applied Data Scientist,Fenwick Pharma,"San Francisco, CA",2025-12-12,Data Scientist,195000,"We are looking for a Applied Data Scientist to join our growing team at Fenwick Pharma. You will work closely with cross-functional stakeholders to turn data into actionable insight. Key requirements include hands-on experience with Python, AWS, Machine Learning, Statistics, A/B testing, and PyTorch. The ideal candidate is comfortable working in a fast-paced, collaborative environment and has a strong track record of delivering measurable business impact. Minimum of 2 years in a similar role."
1735,Big Data Engineer,Cortex Systems,"San Francisco, CA",2025-12-12,Data Engineer,178500,"As a Big Data Engineer at Cortex Systems, you will partner with engineering and product teams to deliver high-quality, reliable solutions. Required skills: Snowflake, Spark, Airflow, ETL, SQL, BigQuery, and Redshift. Bonus points if you have experience mentoring junior team members and contributing to a strong engineering culture. 3+ years of relevant experience preferred."
1986,Deep Learning Engineer,Evergreen Logistics,"Bengaluru, India",2025-12-12,ML Engineer,47000,"As a Deep Learning Engineer at Evergreen Logistics, you will partner with engineering and product teams to deliver high-quality, reliable solutions. Required skills: Kubernetes, Docker, PyTorch, TensorFlow, Machine Learning, and Deep Learning. Bonus points if you have experience mentoring junior team members and contributing to a strong engineering culture. 3+ years of relevant experience preferred."
131,Big Data Engineer,Ivory Real Estate Tech,"Delhi, India",2025-12-13,Data Engineer,36500,"Join Ivory Real Estate Tech as a Big Data Engineer! You'll be responsible for building and maintaining systems that rely on dbt, Airflow, Redshift, and Data warehousing. This is a great opportunity for someone who enjoys solving complex problems and working with a talented, supportive team. 3+ years of relevant experience preferred."
374,Research Data Scientist,Onyx Manufacturing,"Los Angeles, CA",2025-12-13,Data Scientist,168500,"Join Onyx Manufacturing as a Research Data Scientist! You'll be responsible for building and maintaining systems that rely on PyTorch, Deep Learning, AWS, Scikit-learn, and Statistics. This is a great opportunity for someone who enjoys solving complex problems and working with a talented, supportive team. Entry-level candidates with strong internship experience are encouraged to apply."
863,Data Engineer,Ivory Real Estate Tech,"Mumbai, India",2025-12-13,Data Engineer,39000,"Ivory Real Estate Tech seeks an experienced Data Engineer to support our expanding analytics function. Day-to-day responsibilities include working with SQL, Airflow, NoSQL, and Hadoop to build scalable, production-grade systems. We value curiosity, ownership, and clear communication. Entry-level candidates with strong internship experience are encouraged to apply."
875,Senior Software Engineer,Rustic Agritech,"Austin, TX",2025-12-13,Software Engineer,130000,"We are looking for a Senior Software Engineer to join our growing team at Rustic Agritech. You will work closely with cross-functional stakeholders to turn data into actionable insight. Key requirements include hands-on experience with Java, Linux, REST API, and JavaScript. The ideal candidate is comfortable working in a fast-paced, collaborative environment and has a strong track record of delivering measurable business impact. 3+ years of relevant experience preferred."
971,Senior Data Engineer,Ironclad Security,"Delhi, India",2025-12-13,Data Engineer,40500,"Join Ironclad Security as a Senior Data Engineer! You'll be responsible for building and maintaining systems that rely on Snowflake, Google Cloud Platform, Python, and SQL. This is a great opportunity for someone who enjoys solving complex problems and working with a talented, supportive team. Minimum of 2 years in a similar role."
1279,Marketing Data Analyst,Rustic Agritech,"Austin, TX",2025-12-13,Data Analyst,61000,"As a Marketing Data Analyst at Rustic Agritech, you will partner with engineering and product teams to deliver high-quality, reliable solutions. Required skills: SQL, Git, MongoDB, Tableau, Excel, Data warehousing, and Google Cloud Platform. Bonus points if you have experience mentoring junior team members and contributing to a strong engineering culture. Entry-level candidates with strong internship experience are encouraged to apply."
1667,Senior Data Engineer,Ivory Real Estate Tech,"Berlin, Germany",2025-12-13,Data Engineer,128000,"Join Ivory Real Estate Tech as a Senior Data Engineer! You'll be responsible for building and maintaining systems that rely on SQL, ETL, Hadoop, Redshift, and Spark. This is a great opportunity for someone who enjoys solving complex problems and working with a talented, supportive team. Minimum of 2 years in a similar role."
1967,Senior Data Engineer,Pathfinder Travel Tech,"San Francisco, CA",2025-12-13,Data Engineer,193500,"Join Pathfinder Travel Tech as a Senior Data Engineer! You'll be responsible for building and maintaining systems that rely on ETL, AWS, Kafka, BigQuery, Data warehousing, and Google Cloud Platform. This is a great opportunity for someone who enjoys solving complex problems and working with a talented, supportive team. Ideal for candidates with 4-6 years of industry experience."
178,Junior Data Analyst,Tundra Telecom,"Pune, India",2025-12-14,Data Analyst,26500,"Tundra Telecom seeks an experienced Junior Data Analyst to support our expanding analytics function. Day-to-day responsibilities include working with Power BI, Tableau, SQL, Git, Google Cloud Platform, A/B testing, and Data warehousing to build scalable, production-grade systems. We value curiosity, ownership, and clear communication. 5+ years of professional experience required."
740,Software Development Engineer,Skyline Software,Remote,2025-12-14,Software Engineer,109000,"Skyline Software is hiring a Software Development Engineer to help scale our data capabilities. In this role you'll design, build, and maintain solutions using Python, Linux, Git, and Java. We're looking for someone with strong problem-solving skills, excellent communication, and a passion for data-driven decision making. Entry-level candidates with strong internship experience are encouraged to apply."
1057,Senior Data Scientist,Pathfinder Travel Tech,"Mumbai, India",2025-12-14,Data Scientist,53500,"We are looking for a Senior Data Scientist to join our growing team at Pathfinder Travel Tech. You will work closely with cross-functional stakeholders to turn data into actionable insight. Key requirements include hands-on experience with Statistics, Python, Deep Learning, Scikit-learn, Machine Learning, NLP, and PyTorch. The ideal candidate is comfortable working in a fast-paced, collaborative environment and has a strong track record of delivering measurable business impact. Minimum of 2 years in a similar role."
1060,Full Stack Developer,Cortex Systems,"Washington, DC",2025-12-14,Software Engineer,173500,"Cortex Systems is hiring a Full Stack Developer to help scale our data capabilities. In this role you'll design, build, and maintain solutions using Agile, Python, NoSQL, Docker, C++, Java, and JavaScript. We're looking for someone with strong problem-solving skills, excellent communication, and a passion for data-driven decision making. 3+ years of relevant experience preferred."
627,Senior Data Engineer,Nova Insurance,"Bengaluru, India",2025-12-15,Data Engineer,53500,"As a Senior Data Engineer at Nova Insurance, you will partner with engineering and product teams to deliver high-quality, reliable solutions. Required skills: dbt, Airflow, ETL, Hadoop, Docker, and Redshift. Bonus points if you have experience mentoring junior team members and contributing to a strong engineering culture. Ideal for candidates with 4-6 years of industry experience."
1283,Research Data Scientist,Meridian Health Analytics,"Los Angeles, CA",2025-12-15,Data Scientist,145000,"Meridian Health Analytics is hiring a Research Data Scientist to help scale our data capabilities. In this role you'll design, build, and maintain solutions using R, Python, A/B testing, PyTorch, Computer Vision, and TensorFlow. We're looking for someone with strong problem-solving skills, excellent communication, and a passion for data-driven decision making. Entry-level candidates with strong internship experience are encouraged to apply."
1405,Reporting Analyst,Echo Streaming,"New York, NY",2025-12-15,Data Analyst,98500,"We are looking for a Reporting Analyst to join our growing team at Echo Streaming. You will work closely with cross-functional stakeholders to turn data into actionable insight. Key requirements include hands-on experience with Excel, Looker, Tableau, and Google Cloud Platform. The ideal candidate is comfortable working in a fast-paced, collaborative environment and has a strong track record of delivering measurable business impact. 5+ years of professional experience required."
1640,Deep Learning Engineer,Prism Media Analytics,"Mumbai, India",2025-12-15,ML Engineer,59000,"Join Prism Media Analytics as a Deep Learning Engineer! You'll be responsible for building and maintaining systems that rely on Scikit-learn, Machine Learning, PyTorch, Python, Spark, Computer Vision, and Kubernetes. This is a great opportunity for someone who enjoys solving complex problems and working with a talented, supportive team. Minimum of 2 years in a similar role."
209,Backend Engineer,Evergreen Logistics,"New York, NY",2025-12-16,Software Engineer,118500,"Join Evergreen Logistics as a Backend Engineer! You'll be responsible for building and maintaining systems that rely on Git, Agile, Linux, C++, Python, and Java. This is a great opportunity for someone who enjoys solving complex problems and working with a talented, supportive team. 3+ years of relevant experience preferred."
499,Full Stack Developer,Ironclad Security,"Mumbai, India",2025-12-16,Software Engineer,44000,"As a Full Stack Developer at Ironclad Security, you will partner with engineering and product teams to deliver high-quality, reliable solutions. Required skills: Java, Git, Kubernetes, and AWS. Bonus points if you have experience mentoring junior team members and contributing to a strong engineering culture. 5+ years of professional experience required."
1235,Software Development Engineer,Sable Energy,"London, UK",2025-12-16,Software Engineer,108500,"Sable Energy seeks an experienced Software Development Engineer to support our expanding analytics function. Day-to-day responsibilities include working with JavaScript, AWS, Java, and REST API to build scalable, production-grade systems. We value curiosity, ownership, and clear communication. Minimum of 2 years in a similar role."
1727,AI Engineer,Onyx Manufacturing,"Mumbai, India",2025-12-16,ML Engineer,64000,"As a AI Engineer at Onyx Manufacturing, you will partner with engineering and product teams to deliver high-quality, reliable solutions. Required skills: Machine Learning, Python, Git, and Kubernetes. Bonus points if you have experience mentoring junior team members and contributing to a strong engineering culture. Minimum of 2 years in a similar role."
162,Cloud Data Engineer,Bluepeak Technologies,"New York, NY",2025-12-17,Data Engineer,155500,"Bluepeak Technologies seeks an experienced Cloud Data Engineer to support our expanding analytics function. Day-to-day responsibilities include working with BigQuery, Snowflake, SQL, Airflow, AWS, Python, and Redshift to build scalable, production-grade systems. We value curiosity, ownership, and clear communication. 3+ years of relevant experience preferred."
242,Junior Data Analyst,Prism Media Analytics,Remote,2025-12-17,Data Analyst,75000,"Prism Media Analytics seeks an experienced Junior Data Analyst to support our expanding analytics function. Day-to-day responsibilities include working with SQL, Power BI, Looker, A/B testing, Tableau, Excel, and Python to build scalable, production-grade systems. We value curiosity, ownership, and clear communication. Ideal for candidates with 4-6 years of industry experience."
275,Lead Data Scientist,Nectar Foods,"Washington, DC",2025-12-17,Data Scientist,169000,"Join Nectar Foods as a Lead Data Scientist! You'll be responsible for building and maintaining systems that rely on SQL, Spark, TensorFlow, Deep Learning, Python, and Statistics. This is a great opportunity for someone who enjoys solving complex problems and working with a talented, supportive team. 5+ years of professional experience required."
463,Applied ML Engineer,Onyx Manufacturing,"San Francisco, CA",2025-12-17,ML Engineer,203500,"Onyx Manufacturing is hiring a Applied ML Engineer to help scale our data capabilities. In this role you'll design, build, and maintain solutions using Machine Learning, Python, PyTorch, Docker, and Scikit-learn. We're looking for someone with strong problem-solving skills, excellent communication, and a passion for data-driven decision making. Minimum of 2 years in a similar role."
944,Data Analyst,Meridian Health Analytics,Remote,2025-12-17,Data Analyst,78500,"As a Data Analyst at Meridian Health Analytics, you will partner with engineering and product teams to deliver high-quality, reliable solutions. Required skills: Excel, SQL, Statistics, Python, Google Cloud Platform, and Tableau. Bonus points if you have experience mentoring junior team members and contributing to a strong engineering culture. 5+ years of professional experience required."
1336,ETL Developer,Pathfinder Travel Tech,"New York, NY",2025-12-17,Data Engineer,178500,"As a ETL Developer at Pathfinder Travel Tech, you will partner with engineering and product teams to deliver high-quality, reliable solutions. Required skills: dbt, Hadoop, Airflow, SQL, Spark, and Python. Bonus points if you have experience mentoring junior team members and contributing to a strong engineering culture. Minimum of 2 years in a similar role."
1374,Senior Software Engineer,Riverstone Tech,"Boston, MA",2025-12-17,Software Engineer,168000,"Riverstone Tech is hiring a Senior Software Engineer to help scale our data capabilities. In this role you'll design, build, and maintain solutions using SQL, AWS, JavaScript, Python, and PostgreSQL. We're looking for someone with strong problem-solving skills, excellent communication, and a passion for data-driven decision making. 3+ years of relevant experience preferred."
1383,Analytics Engineer,Opaline Cosmetics Analytics,"Berlin, Germany",2025-12-18,Data Engineer,118000,"We are looking for a Analytics Engineer to join our growing team at Opaline Cosmetics Analytics. You will work closely with cross-functional stakeholders to turn data into actionable insight. Key requirements include hands-on experience with BigQuery, ETL, Python, and SQL. The ideal candidate is comfortable working in a fast-paced, collaborative environment and has a strong track record of delivering measurable business impact. Ideal for candidates with 4-6 years of industry experience."
1848,Applied ML Engineer,Keystone Auto Group,"Delhi, India",2025-12-18,ML Engineer,61000,"Join Keystone Auto Group as a Applied ML Engineer! You'll be responsible for building and maintaining systems that rely on Scikit-learn, Kubernetes, Git, Spark, NLP, Deep Learning, and TensorFlow. This is a great opportunity for someone who enjoys solving complex problems and working with a talented, supportive team. Entry-level candidates with strong internship experience are encouraged to apply."
160,ETL Developer,Quantum Retail Group,"London, UK",2025-12-19,Data Engineer,72500,"As a ETL Developer at Quantum Retail Group, you will partner with engineering and product teams to deliver high-quality, reliable solutions. Required skills: Snowflake, Spark, BigQuery, Data warehousing, dbt, SQL, and AWS. Bonus points if you have experience mentoring junior team members and contributing to a strong engineering culture. Ideal for candidates with 4-6 years of industry experience."
266,Senior Software Engineer,Nectar Foods,"Bengaluru, India",2025-12-19,Software Engineer,49500,"As a Senior Software Engineer at Nectar Foods, you will partner with engineering and product teams to deliver high-quality, reliable solutions. Required skills: Agile, REST API, JavaScript, and Java. Bonus points if you have experience mentoring junior team members and contributing to a strong engineering culture. 5+ years of professional experience required."
281,Data Scientist II,Juniper Cybersecurity,Remote,2025-12-19,Data Scientist,144500,"Juniper Cybersecurity is hiring a Data Scientist II to help scale our data capabilities. In this role you'll design, build, and maintain solutions using Deep Learning, Power BI, R, Scikit-learn, Python, A/B testing, and Machine Learning. We're looking for someone with strong problem-solving skills, excellent communication, and a passion for data-driven decision making. 5+ years of professional experience required."
485,Deep Learning Engineer,Lighthouse AI,"New York, NY",2025-12-19,ML Engineer,135000,"As a Deep Learning Engineer at Lighthouse AI, you will partner with engineering and product teams to deliver high-quality, reliable solutions. Required skills: Docker, NLP, Machine Learning, PyTorch, Spark, and Kubernetes. Bonus points if you have experience mentoring junior team members and contributing to a strong engineering culture. 3+ years of relevant experience preferred."
573,Senior ML Engineer,Quicksilver Payments,"Hyderabad, India",2025-12-19,ML Engineer,57000,"We are looking for a Senior ML Engineer to join our growing team at Quicksilver Payments. You will work closely with cross-functional stakeholders to turn data into actionable insight. Key requirements include hands-on experience with Kubernetes, PyTorch, Docker, and Computer Vision. The ideal candidate is comfortable working in a fast-paced, collaborative environment and has a strong track record of delivering measurable business impact. 5+ years of professional experience required."
693,Data Analyst,Fenwick Pharma,"Berlin, Germany",2025-12-19,Data Analyst,54000,"As a Data Analyst at Fenwick Pharma, you will partner with engineering and product teams to deliver high-quality, reliable solutions. Required skills: Python, SQL, Excel, Tableau, and Statistics. Bonus points if you have experience mentoring junior team members and contributing to a strong engineering culture. 3+ years of relevant experience preferred."
929,Software Engineer,Orbit Financial Services,"Austin, TX",2025-12-19,Software Engineer,117500,"We are looking for a Software Engineer to join our growing team at Orbit Financial Services. You will work closely with cross-functional stakeholders to turn data into actionable insight. Key requirements include hands-on experience with Python, JavaScript, Agile, PostgreSQL, Java, and MongoDB. The ideal candidate is comfortable working in a fast-paced, collaborative environment and has a strong track record of delivering measurable business impact. Ideal for candidates with 4-6 years of industry experience."
936,Senior Software Engineer,Evergreen Logistics,"Pune, India",2025-12-19,Software Engineer,39500,"As a Senior Software Engineer at Evergreen Logistics, you will partner with engineering and product teams to deliver high-quality, reliable solutions. Required skills: C++, Docker, Java, and JavaScript. Bonus points if you have experience mentoring junior team members and contributing to a strong engineering culture. Ideal for candidates with 4-6 years of industry experience."
972,Software Development Engineer,Coral Reef Gaming,"Bengaluru, India",2025-12-19,Software Engineer,52500,"Join Coral Reef Gaming as a Software Development Engineer! You'll be responsible for building and maintaining systems that rely on Linux, Kubernetes, PostgreSQL, Git, and AWS. This is a great opportunity for someone who enjoys solving complex problems and working with a talented, supportive team. 3+ years of relevant experience preferred."
1190,Data Engineer,Coral Reef Gaming,"Atlanta, GA",2025-12-19,Data Engineer,142500,"As a Data Engineer at Coral Reef Gaming, you will partner with engineering and product teams to deliver high-quality, reliable solutions. Required skills: Spark, AWS, SQL, and Snowflake. Bonus points if you have experience mentoring junior team members and contributing to a strong engineering culture. Ideal for candidates with 4-6 years of industry experience."
1423,Applied ML Engineer,Zenith Aerospace,"Seattle, WA",2025-12-19,ML Engineer,152000,"As a Applied ML Engineer at Zenith Aerospace, you will partner with engineering and product teams to deliver high-quality, reliable solutions. Required skills: Kubernetes, PyTorch, TensorFlow, and Machine Learning. Bonus points if you have experience mentoring junior team members and contributing to a strong engineering culture. Minimum of 2 years in a similar role."
1954,Platform Engineer,Northwind Digital,"New York, NY",2025-12-19,Software Engineer,180500,"As a Platform Engineer at Northwind Digital, you will partner with engineering and product teams to deliver high-quality, reliable solutions. Required skills: Python, SQL, Java, JavaScript, C++, Git, and Linux. Bonus points if you have experience mentoring junior team members and contributing to a strong engineering culture. Ideal for candidates with 4-6 years of industry experience."
689,Reporting Analyst,Keystone Auto Group,Remote,2025-12-20,Data Analyst,89000,"As a Reporting Analyst at Keystone Auto Group, you will partner with engineering and product teams to deliver high-quality, reliable solutions. Required skills: Power BI, Tableau, Excel, Git, Python, Statistics, and A/B testing. Bonus points if you have experience mentoring junior team members and contributing to a strong engineering culture. 5+ years of professional experience required."
881,Data Scientist,Orbit Financial Services,"Mumbai, India",2025-12-20,Data Scientist,39500,"Orbit Financial Services is hiring a Data Scientist to help scale our data capabilities. In this role you'll design, build, and maintain solutions using Deep Learning, SQL, Statistics, Machine Learning, AWS, Scikit-learn, and Python. We're looking for someone with strong problem-solving skills, excellent communication, and a passion for data-driven decision making. Entry-level candidates with strong internship experience are encouraged to apply."
1056,Junior Data Analyst,Rustic Agritech,"Washington, DC",2025-12-20,Data Analyst,95000,"We are looking for a Junior Data Analyst to join our growing team at Rustic Agritech. You will work closely with cross-functional stakeholders to turn data into actionable insight. Key requirements include hands-on experience with Excel, A/B testing, Data warehousing, SQL, ETL, Power BI, and Statistics. The ideal candidate is comfortable working in a fast-paced, collaborative environment and has a strong track record of delivering measurable business impact. 3+ years of relevant experience preferred."
1351,Platform Engineer,Kestrel Media Group,"Chicago, IL",2025-12-20,Software Engineer,78500,"Join Kestrel Media Group as a Platform Engineer! You'll be responsible for building and maintaining systems that rely on Git, PostgreSQL, Agile, Python, and JavaScript. This is a great opportunity for someone who enjoys solving complex problems and working with a talented, supportive team. Entry-level candidates with strong internship experience are encouraged to apply."
1389,Business Data Analyst,Bluepeak Technologies,"Denver, CO",2025-12-20,Data Analyst,70000,"We are looking for a Business Data Analyst to join our growing team at Bluepeak Technologies. You will work closely with cross-functional stakeholders to turn data into actionable insight. Key requirements include hands-on experience with Python, Data warehousing, Statistics, Excel, and Tableau. The ideal candidate is comfortable working in a fast-paced, collaborative environment and has a strong track record of delivering measurable business impact. 3+ years of relevant experience preferred."
1683,Analytics Engineer,Rustic Agritech,"Atlanta, GA",2025-12-20,Data Engineer,131500,"As a Analytics Engineer at Rustic Agritech, you will partner with engineering and product teams to deliver high-quality, reliable solutions. Required skills: Snowflake, Azure, BigQuery, ETL, Data warehousing, and Python. Bonus points if you have experience mentoring junior team members and contributing to a strong engineering culture. Ideal for candidates with 4-6 years of industry experience."
418,Marketing Data Analyst,Nimbus Analytics,"Seattle, WA",2025-12-21,Data Analyst,91000,"Nimbus Analytics seeks an experienced Marketing Data Analyst to support our expanding analytics function. Day-to-day responsibilities include working with Power BI, Tableau, A/B testing, Statistics, SQL, and Excel to build scalable, production-grade systems. We value curiosity, ownership, and clear communication. Entry-level candidates with strong internship experience are encouraged to apply."
471,Data Engineer,Ironclad Security,"Berlin, Germany",2025-12-21,Data Engineer,95000,"As a Data Engineer at Ironclad Security, you will partner with engineering and product teams to deliver high-quality, reliable solutions. Required skills: Redshift, Google Cloud Platform, Spark, Airflow, SQL, ETL, and Snowflake. Bonus points if you have experience mentoring junior team members and contributing to a strong engineering culture. 3+ years of relevant experience preferred."
630,Marketing Data Analyst,Vertex Insight Labs,"Toronto, Canada",2025-12-21,Data Analyst,85000,"We are looking for a Marketing Data Analyst to join our growing team at Vertex Insight Labs. You will work closely with cross-functional stakeholders to turn data into actionable insight. Key requirements include hands-on experience with Excel, A/B testing, Tableau, Git, Google Cloud Platform, Power BI, and Python. The ideal candidate is comfortable working in a fast-paced, collaborative environment and has a strong track record of delivering measurable business impact. 3+ years of relevant experience preferred."
1234,Junior Data Analyst,Prism Media Analytics,"Atlanta, GA",2025-12-21,Data Analyst,59000,"Prism Media Analytics seeks an experienced Junior Data Analyst to support our expanding analytics function. Day-to-day responsibilities include working with SQL, Power BI, A/B testing, Python, Data warehousing, Excel, and Tableau to build scalable, production-grade systems. We value curiosity, ownership, and clear communication. Ideal for candidates with 4-6 years of industry experience."
1872,Software Engineer,Rustic Agritech,"Pune, India",2025-12-21,Software Engineer,26000,"Rustic Agritech seeks an experienced Software Engineer to support our expanding analytics function. Day-to-day responsibilities include working with Docker, AWS, Python, JavaScript, and Linux to build scalable, production-grade systems. We value curiosity, ownership, and clear communication. 5+ years of professional experience required."
207,Backend Engineer,Ironclad Security,Remote,2025-12-22,Software Engineer,123000,"As a Backend Engineer at Ironclad Security, you will partner with engineering and product teams to deliver high-quality, reliable solutions. Required skills: MongoDB, SQL, Python, Git, and REST API. Bonus points if you have experience mentoring junior team members and contributing to a strong engineering culture. Ideal for candidates with 4-6 years of industry experience."
753,Senior Data Engineer,Anchor Payments,Singapore,2025-12-22,Data Engineer,120500,"Anchor Payments is hiring a Senior Data Engineer to help scale our data capabilities. In this role you'll design, build, and maintain solutions using Snowflake, AWS, Python, ETL, Spark, and Azure. We're looking for someone with strong problem-solving skills, excellent communication, and a passion for data-driven decision making. Minimum of 2 years in a similar role."
1029,Data Scientist,Granite Data Partners,"Austin, TX",2025-12-22,Data Scientist,151500,"Granite Data Partners is hiring a Data Scientist to help scale our data capabilities. In this role you'll design, build, and maintain solutions using A/B testing, Machine Learning, SQL, Python, Scikit-learn, and TensorFlow. We're looking for someone with strong problem-solving skills, excellent communication, and a passion for data-driven decision making. Minimum of 2 years in a similar role."
1063,Business Data Analyst,Harbor Robotics,"Delhi, India",2025-12-22,Data Analyst,33500,"Harbor Robotics seeks an experienced Business Data Analyst to support our expanding analytics function. Day-to-day responsibilities include working with Tableau, Power BI, SQL, Git, Data warehousing, and Python to build scalable, production-grade systems. We value curiosity, ownership, and clear communication. Entry-level candidates with strong internship experience are encouraged to apply."
1169,Senior Data Engineer,Opaline Cosmetics Analytics,"San Francisco, CA",2025-12-22,Data Engineer,186500,"Opaline Cosmetics Analytics is hiring a Senior Data Engineer to help scale our data capabilities. In this role you'll design, build, and maintain solutions using BigQuery, Python, Spark, and Data warehousing. We're looking for someone with strong problem-solving skills, excellent communication, and a passion for data-driven decision making. Ideal for candidates with 4-6 years of industry experience."
1672,Junior Data Analyst,Redwood Bank,"Austin, TX",2025-12-22,Data Analyst,75500,"We are looking for a Junior Data Analyst to join our growing team at Redwood Bank. You will work closely with cross-functional stakeholders to turn data into actionable insight. Key requirements include hands-on experience with Google Cloud Platform, SQL, Tableau, and ETL. The ideal candidate is comfortable working in a fast-paced, collaborative environment and has a strong track record of delivering measurable business impact. 5+ years of professional experience required."
241,Junior Data Analyst,Delta Freight Systems,"Bengaluru, India",2025-12-23,Data Analyst,26000,"Join Delta Freight Systems as a Junior Data Analyst! You'll be responsible for building and maintaining systems that rely on Python, Statistics, Looker, Excel, and Data warehousing. This is a great opportunity for someone who enjoys solving complex problems and working with a talented, supportive team. 3+ years of relevant experience preferred."
987,Senior Software Engineer,Pixel & Co,"Pune, India",2025-12-23,Software Engineer,47500,"Join Pixel & Co as a Senior Software Engineer! You'll be responsible for building and maintaining systems that rely on AWS, Java, Docker, C++, SQL, and Git. This is a great opportunity for someone who enjoys solving complex problems and working with a talented, supportive team. Ideal for candidates with 4-6 years of industry experience."
1156,Lead Data Scientist,Willow Health Systems,"Mumbai, India",2025-12-23,Data Scientist,44000,"Join Willow Health Systems as a Lead Data Scientist! You'll be responsible for building and maintaining systems that rely on SQL, Deep Learning, Scikit-learn, Statistics, Python, and A/B testing. This is a great opportunity for someone who enjoys solving complex problems and working with a talented, supportive team. Ideal for candidates with 4-6 years of industry experience."
1265,Junior Data Analyst,Lattice Biotech,Remote,2025-12-23,Data Analyst,59000,"Lattice Biotech seeks an experienced Junior Data Analyst to support our expanding analytics function. Day-to-day responsibilities include working with SQL, R, Tableau, Google Cloud Platform, and Looker to build scalable, production-grade systems. We value curiosity, ownership, and clear communication. 3+ years of relevant experience preferred."
1489,Business Data Analyst,Nimbus Analytics,"Mumbai, India",2025-12-23,Data Analyst,33500,"Nimbus Analytics is hiring a Business Data Analyst to help scale our data capabilities. In this role you'll design, build, and maintain solutions using SQL, Excel, Looker, Statistics, ETL, Data warehousing, and Power BI. We're looking for someone with strong problem-solving skills, excellent communication, and a passion for data-driven decision making. Minimum of 2 years in a similar role."
1544,Data Engineer,Lumina Commerce,Remote,2025-12-23,Data Engineer,96500,"As a Data Engineer at Lumina Commerce, you will partner with engineering and product teams to deliver high-quality, reliable solutions. Required skills: SQL, Spark, dbt, AWS, Docker, ETL, and Data warehousing. Bonus points if you have experience mentoring junior team members and contributing to a strong engineering culture. 3+ years of relevant experience preferred."
497,Big Data Engineer,Vantage Point Retail,"Seattle, WA",2025-12-24,Data Engineer,121000,"Join Vantage Point Retail as a Big Data Engineer! You'll be responsible for building and maintaining systems that rely on Google Cloud Platform, SQL, Snowflake, Redshift, BigQuery, and Python. This is a great opportunity for someone who enjoys solving complex problems and working with a talented, supportive team. Ideal for candidates with 4-6 years of industry experience."
1421,Cloud Data Engineer,Coral Reef Gaming,Remote,2025-12-24,Data Engineer,117500,"We are looking for a Cloud Data Engineer to join our growing team at Coral Reef Gaming. You will work closely with cross-functional stakeholders to turn data into actionable insight. Key requirements include hands-on experience with SQL, Data warehousing, Hadoop, and Python. The ideal candidate is comfortable working in a fast-paced, collaborative environment and has a strong track record of delivering measurable business impact. Entry-level candidates with strong internship experience are encouraged to apply."
1592,Analytics Engineer,Bluepeak Technologies,"Los Angeles, CA",2025-12-24,Data Engineer,150000,"As a Analytics Engineer at Bluepeak Technologies, you will partner with engineering and product teams to deliver high-quality, reliable solutions. Required skills: ETL, Python, Kafka, and NoSQL. Bonus points if you have experience mentoring junior team members and contributing to a strong engineering culture. Minimum of 2 years in a similar role."
1686,Senior ML Engineer,Bluepeak Technologies,Singapore,2025-12-24,ML Engineer,129500,"Bluepeak Technologies seeks an experienced Senior ML Engineer to support our expanding analytics function. Day-to-day responsibilities include working with PyTorch, Machine Learning, Python, Computer Vision, Airflow, and TensorFlow to build scalable, production-grade systems. We value curiosity, ownership, and clear communication. Entry-level candidates with strong internship experience are encouraged to apply."
1874,Senior Data Analyst,Evergreen Logistics,"San Francisco, CA",2025-12-24,Data Analyst,112500,"Join Evergreen Logistics as a Senior Data Analyst! You'll be responsible for building and maintaining systems that rely on SQL, A/B testing, Tableau, R, Git, Google Cloud Platform, and Data warehousing. This is a great opportunity for someone who enjoys solving complex problems and working with a talented, supportive team. Entry-level candidates with strong internship experience are encouraged to apply."
91,Junior Data Analyst,Tundra Telecom,"Seattle, WA",2025-12-25,Data Analyst,96500,"As a Junior Data Analyst at Tundra Telecom, you will partner with engineering and product teams to deliver high-quality, reliable solutions. Required skills: Looker, Excel, Statistics, Python, Tableau, Power BI, and SQL. Bonus points if you have experience mentoring junior team members and contributing to a strong engineering culture. 3+ years of relevant experience preferred."
190,Business Data Analyst,Rustic Agritech,"Pune, India",2025-12-25,Data Analyst,26000,"Join Rustic Agritech as a Business Data Analyst! You'll be responsible for building and maintaining systems that rely on Tableau, Excel, Power BI, Looker, Python, A/B testing, and Data warehousing. This is a great opportunity for someone who enjoys solving complex problems and working with a talented, supportive team. Ideal for candidates with 4-6 years of industry experience."
814,Senior Software Engineer,Quantum Retail Group,"Hyderabad, India",2025-12-25,Software Engineer,44000,"Join Quantum Retail Group as a Senior Software Engineer! You'll be responsible for building and maintaining systems that rely on Docker, MongoDB, PostgreSQL, SQL, REST API, and Kubernetes. This is a great opportunity for someone who enjoys solving complex problems and working with a talented, supportive team. 3+ years of relevant experience preferred."
1043,Data Analyst,Anchor Payments,"Boston, MA",2025-12-25,Data Analyst,67000,"Anchor Payments is hiring a Data Analyst to help scale our data capabilities. In this role you'll design, build, and maintain solutions using Excel, Tableau, A/B testing, Looker, and Power BI. We're looking for someone with strong problem-solving skills, excellent communication, and a passion for data-driven decision making. Minimum of 2 years in a similar role."
10,Research Data Scientist,Opaline Cosmetics Analytics,"Seattle, WA",2025-12-26,Data Scientist,175000,"As a Research Data Scientist at Opaline Cosmetics Analytics, you will partner with engineering and product teams to deliver high-quality, reliable solutions. Required skills: Python, Statistics, R, A/B testing, SQL, Scikit-learn, and Computer Vision. Bonus points if you have experience mentoring junior team members and contributing to a strong engineering culture. Ideal for candidates with 4-6 years of industry experience."
436,Software Development Engineer,Delta Freight Systems,"Seattle, WA",2025-12-26,Software Engineer,183500,"Delta Freight Systems is hiring a Software Development Engineer to help scale our data capabilities. In this role you'll design, build, and maintain solutions using Java, REST API, AWS, and Git. We're looking for someone with strong problem-solving skills, excellent communication, and a passion for data-driven decision making. 3+ years of relevant experience preferred."
761,Big Data Engineer,Rustic Agritech,"Toronto, Canada",2025-12-26,Data Engineer,115000,"Rustic Agritech seeks an experienced Big Data Engineer to support our expanding analytics function. Day-to-day responsibilities include working with Airflow, SQL, BigQuery, Hadoop, and Python to build scalable, production-grade systems. We value curiosity, ownership, and clear communication. 5+ years of professional experience required."
809,Senior Data Analyst,Quantum Retail Group,"Denver, CO",2025-12-26,Data Analyst,52500,"As a Senior Data Analyst at Quantum Retail Group, you will partner with engineering and product teams to deliver high-quality, reliable solutions. Required skills: A/B testing, Python, Statistics, SQL, and Tableau. Bonus points if you have experience mentoring junior team members and contributing to a strong engineering culture. 5+ years of professional experience required."
845,Junior Data Analyst,Juniper Cybersecurity,"Hyderabad, India",2025-12-26,Data Analyst,20000,"Join Juniper Cybersecurity as a Junior Data Analyst! You'll be responsible for building and maintaining systems that rely on Power BI, Tableau, SQL, Excel, and Looker. This is a great opportunity for someone who enjoys solving complex problems and working with a talented, supportive team. Entry-level candidates with strong internship experience are encouraged to apply."
892,Senior Software Engineer,Pixel & Co,"Hyderabad, India",2025-12-26,Software Engineer,34000,"We are looking for a Senior Software Engineer to join our growing team at Pixel & Co. You will work closely with cross-functional stakeholders to turn data into actionable insight. Key requirements include hands-on experience with Java, Linux, Git, SQL, AWS, and Kubernetes. The ideal candidate is comfortable working in a fast-paced, collaborative environment and has a strong track record of delivering measurable business impact. Minimum of 2 years in a similar role."
1184,Platform Engineer,Quicksilver Payments,"Washington, DC",2025-12-26,Software Engineer,188000,"We are looking for a Platform Engineer to join our growing team at Quicksilver Payments. You will work closely with cross-functional stakeholders to turn data into actionable insight. Key requirements include hands-on experience with Python, Agile, MongoDB, Git, Kubernetes, and SQL. The ideal candidate is comfortable working in a fast-paced, collaborative environment and has a strong track record of delivering measurable business impact. 5+ years of professional experience required."
1205,Applied Data Scientist,Pixel & Co,"Bengaluru, India",2025-12-26,Data Scientist,43000,"We are looking for a Applied Data Scientist to join our growing team at Pixel & Co. You will work closely with cross-functional stakeholders to turn data into actionable insight. Key requirements include hands-on experience with Power BI, Machine Learning, PyTorch, and Statistics. The ideal candidate is comfortable working in a fast-paced, collaborative environment and has a strong track record of delivering measurable business impact. Minimum of 2 years in a similar role."
1420,Senior Software Engineer,Northwind Digital,"Seattle, WA",2025-12-26,Software Engineer,101500,"As a Senior Software Engineer at Northwind Digital, you will partner with engineering and product teams to deliver high-quality, reliable solutions. Required skills: MongoDB, JavaScript, Kubernetes, and C++. Bonus points if you have experience mentoring junior team members and contributing to a strong engineering culture. Minimum of 2 years in a similar role."
1528,Analytics Engineer,Redwood Bank,Remote,2025-12-26,Data Engineer,119000,"Join Redwood Bank as a Analytics Engineer! You'll be responsible for building and maintaining systems that rely on Python, SQL, BigQuery, and ETL. This is a great opportunity for someone who enjoys solving complex problems and working with a talented, supportive team. 3+ years of relevant experience preferred."
6,Applied ML Engineer,Evergreen Logistics,"Berlin, Germany",2025-12-27,ML Engineer,100500,"Evergreen Logistics seeks an experienced Applied ML Engineer to support our expanding analytics function. Day-to-day responsibilities include working with TensorFlow, Docker, Kubernetes, and Machine Learning to build scalable, production-grade systems. We value curiosity, ownership, and clear communication. 3+ years of relevant experience preferred."
136,Senior Data Scientist,Vantage Point Retail,"Pune, India",2025-12-27,Data Scientist,38000,"We are looking for a Senior Data Scientist to join our growing team at Vantage Point Retail. You will work closely with cross-functional stakeholders to turn data into actionable insight. Key requirements include hands-on experience with Machine Learning, AWS, NLP, Python, Statistics, and Computer Vision. The ideal candidate is comfortable working in a fast-paced, collaborative environment and has a strong track record of delivering measurable business impact. Minimum of 2 years in a similar role."
392,Data Analyst,Ivory Real Estate Tech,"Berlin, Germany",2025-12-27,Data Analyst,55000,"We are looking for a Data Analyst to join our growing team at Ivory Real Estate Tech. You will work closely with cross-functional stakeholders to turn data into actionable insight. Key requirements include hands-on experience with Excel, SQL, Tableau, and A/B testing. The ideal candidate is comfortable working in a fast-paced, collaborative environment and has a strong track record of delivering measurable business impact. Entry-level candidates with strong internship experience are encouraged to apply."
1125,Lead Data Scientist,Junction Mobility,"Boston, MA",2025-12-27,Data Scientist,192000,"We are looking for a Lead Data Scientist to join our growing team at Junction Mobility. You will work closely with cross-functional stakeholders to turn data into actionable insight. Key requirements include hands-on experience with SQL, Machine Learning, R, A/B testing, Deep Learning, and Scikit-learn. The ideal candidate is comfortable working in a fast-paced, collaborative environment and has a strong track record of delivering measurable business impact. Entry-level candidates with strong internship experience are encouraged to apply."
1367,Data Scientist II,Vertex Insight Labs,"Bengaluru, India",2025-12-27,Data Scientist,49500,"Vertex Insight Labs is hiring a Data Scientist II to help scale our data capabilities. In this role you'll design, build, and maintain solutions using Deep Learning, Machine Learning, Python, TensorFlow, and SQL. We're looking for someone with strong problem-solving skills, excellent communication, and a passion for data-driven decision making. Entry-level candidates with strong internship experience are encouraged to apply."
1494,BI Analyst,Quantum Retail Group,"Seattle, WA",2025-12-27,Data Analyst,90500,"As a BI Analyst at Quantum Retail Group, you will partner with engineering and product teams to deliver high-quality, reliable solutions. Required skills: Excel, Git, SQL, Looker, and Tableau. Bonus points if you have experience mentoring junior team members and contributing to a strong engineering culture. 3+ years of relevant experience preferred."
1990,Research Data Scientist,Ivory Real Estate Tech,Remote,2025-12-27,Data Scientist,151500,"We are looking for a Research Data Scientist to join our growing team at Ivory Real Estate Tech. You will work closely with cross-functional stakeholders to turn data into actionable insight. Key requirements include hands-on experience with Python, Scikit-learn, PyTorch, Deep Learning, AWS, and Machine Learning. The ideal candidate is comfortable working in a fast-paced, collaborative environment and has a strong track record of delivering measurable business impact. Ideal for candidates with 4-6 years of industry experience."
40,Senior Data Engineer,Keystone Auto Group,"Pune, India",2025-12-28,Data Engineer,35000,"We are looking for a Senior Data Engineer to join our growing team at Keystone Auto Group. You will work closely with cross-functional stakeholders to turn data into actionable insight. Key requirements include hands-on experience with SQL, AWS, Redshift, Kafka, Google Cloud Platform, and Snowflake. The ideal candidate is comfortable working in a fast-paced, collaborative environment and has a strong track record of delivering measurable business impact. 3+ years of relevant experience preferred."
223,Data Scientist,Nectar Foods,"London, UK",2025-12-28,Data Scientist,112000,"As a Data Scientist at Nectar Foods, you will partner with engineering and product teams to deliver high-quality, reliable solutions. Required skills: Scikit-learn, Machine Learning, PyTorch, and TensorFlow. Bonus points if you have experience mentoring junior team members and contributing to a strong engineering culture. Entry-level candidates with strong internship experience are encouraged to apply."
756,ETL Developer,Zenith Aerospace,"Mumbai, India",2025-12-28,Data Engineer,41500,"Zenith Aerospace seeks an experienced ETL Developer to support our expanding analytics function. Day-to-day responsibilities include working with Azure, BigQuery, ETL, AWS, and SQL to build scalable, production-grade systems. We value curiosity, ownership, and clear communication. Minimum of 2 years in a similar role."
888,Senior Data Engineer,Onyx Manufacturing,"Denver, CO",2025-12-28,Data Engineer,147500,"As a Senior Data Engineer at Onyx Manufacturing, you will partner with engineering and product teams to deliver high-quality, reliable solutions. Required skills: SQL, ETL, Redshift, BigQuery, and Airflow. Bonus points if you have experience mentoring junior team members and contributing to a strong engineering culture. 5+ years of professional experience required."
919,Analytics Engineer,Rustic Agritech,"San Francisco, CA",2025-12-28,Data Engineer,160000,"Rustic Agritech is hiring a Analytics Engineer to help scale our data capabilities. In this role you'll design, build, and maintain solutions using Kafka, Spark, ETL, Redshift, SQL, and NoSQL. We're looking for someone with strong problem-solving skills, excellent communication, and a passion for data-driven decision making. 3+ years of relevant experience preferred."
1019,Applied Data Scientist,Fenwick Pharma,"Mumbai, India",2025-12-28,Data Scientist,59000,"We are looking for a Applied Data Scientist to join our growing team at Fenwick Pharma. You will work closely with cross-functional stakeholders to turn data into actionable insight. Key requirements include hands-on experience with Scikit-learn, Computer Vision, Statistics, and Deep Learning. The ideal candidate is comfortable working in a fast-paced, collaborative environment and has a strong track record of delivering measurable business impact. Minimum of 2 years in a similar role."
1095,Research Data Scientist,Meridian Health Analytics,"Washington, DC",2025-12-28,Data Scientist,149500,"Join Meridian Health Analytics as a Research Data Scientist! You'll be responsible for building and maintaining systems that rely on Scikit-learn, NLP, Statistics, Python, and AWS. This is a great opportunity for someone who enjoys solving complex problems and working with a talented, supportive team. Ideal for candidates with 4-6 years of industry experience."
1314,Lead Data Scientist,Gridline Utilities,"Los Angeles, CA",2025-12-28,Data Scientist,146500,"Gridline Utilities seeks an experienced Lead Data Scientist to support our expanding analytics function. Day-to-day responsibilities include working with Python, Deep Learning, Scikit-learn, Computer Vision, and PyTorch to build scalable, production-grade systems. We value curiosity, ownership, and clear communication. 5+ years of professional experience required."
1673,Senior Data Scientist,Marlin Shipping,"San Francisco, CA",2025-12-28,Data Scientist,163000,"We are looking for a Senior Data Scientist to join our growing team at Marlin Shipping. You will work closely with cross-functional stakeholders to turn data into actionable insight. Key requirements include hands-on experience with Scikit-learn, Python, Statistics, AWS, TensorFlow, and Computer Vision. The ideal candidate is comfortable working in a fast-paced, collaborative environment and has a strong track record of delivering measurable business impact. 3+ years of relevant experience preferred."
1775,Junior Data Analyst,Juniper Cybersecurity,"Mumbai, India",2025-12-28,Data Analyst,31500,"Juniper Cybersecurity is hiring a Junior Data Analyst to help scale our data capabilities. In this role you'll design, build, and maintain solutions using Statistics, Excel, Looker, Data warehousing, R, Git, and Tableau. We're looking for someone with strong problem-solving skills, excellent communication, and a passion for data-driven decision making. 5+ years of professional experience required."
298,Senior Data Analyst,Meridian Health Analytics,"Bengaluru, India",2025-12-29,Data Analyst,38500,"Join Meridian Health Analytics as a Senior Data Analyst! You'll be responsible for building and maintaining systems that rely on Statistics, Excel, Looker, and Tableau. This is a great opportunity for someone who enjoys solving complex problems and working with a talented, supportive team. Minimum of 2 years in a similar role."
422,AI Engineer,Junction Mobility,"San Francisco, CA",2025-12-29,ML Engineer,237000,"As a AI Engineer at Junction Mobility, you will partner with engineering and product teams to deliver high-quality, reliable solutions. Required skills: Machine Learning, Docker, Deep Learning, and TensorFlow. Bonus points if you have experience mentoring junior team members and contributing to a strong engineering culture. Entry-level candidates with strong internship experience are encouraged to apply."
532,Data Scientist,Prism Media Analytics,"Atlanta, GA",2025-12-29,Data Scientist,141500,"Prism Media Analytics seeks an experienced Data Scientist to support our expanding analytics function. Day-to-day responsibilities include working with Computer Vision, Scikit-learn, PyTorch, A/B testing, Machine Learning, and Python to build scalable, production-grade systems. We value curiosity, ownership, and clear communication. Minimum of 2 years in a similar role."
806,Data Scientist,Marlin Shipping,"Washington, DC",2025-12-29,Data Scientist,168000,"Marlin Shipping seeks an experienced Data Scientist to support our expanding analytics function. Day-to-day responsibilities include working with AWS, Scikit-learn, Machine Learning, Statistics, SQL, and Computer Vision to build scalable, production-grade systems. We value curiosity, ownership, and clear communication. Minimum of 2 years in a similar role."
1795,Research Data Scientist,Ivory Real Estate Tech,"Hyderabad, India",2025-12-29,Data Scientist,44000,"As a Research Data Scientist at Ivory Real Estate Tech, you will partner with engineering and product teams to deliver high-quality, reliable solutions. Required skills: PyTorch, Tableau, NLP, and AWS. Bonus points if you have experience mentoring junior team members and contributing to a strong engineering culture. Minimum of 2 years in a similar role."
771,Senior Data Scientist,Fenwick Pharma,"Pune, India",2025-12-30,Data Scientist,53500,"Fenwick Pharma seeks an experienced Senior Data Scientist to support our expanding analytics function. Day-to-day responsibilities include working with R, Python, SQL, Computer Vision, PyTorch, Machine Learning, and A/B testing to build scalable, production-grade systems. We value curiosity, ownership, and clear communication. 3+ years of relevant experience preferred."
832,Applied ML Engineer,Rustic Agritech,"New York, NY",2025-12-30,ML Engineer,134000,"Join Rustic Agritech as a Applied ML Engineer! You'll be responsible for building and maintaining systems that rely on Deep Learning, AWS, TensorFlow, PyTorch, Machine Learning, Azure, and Docker. This is a great opportunity for someone who enjoys solving complex problems and working with a talented, supportive team. 5+ years of professional experience required."
898,Software Development Engineer,Fenwick Pharma,"New York, NY",2025-12-30,Software Engineer,167000,"Fenwick Pharma is hiring a Software Development Engineer to help scale our data capabilities. In this role you'll design, build, and maintain solutions using Docker, Java, JavaScript, Linux, C++, Git, and AWS. We're looking for someone with strong problem-solving skills, excellent communication, and a passion for data-driven decision making. Minimum of 2 years in a similar role."
1007,Software Development Engineer,Delta Freight Systems,"Delhi, India",2025-12-30,Software Engineer,29000,"We are looking for a Software Development Engineer to join our growing team at Delta Freight Systems. You will work closely with cross-functional stakeholders to turn data into actionable insight. Key requirements include hands-on experience with SQL, Python, PostgreSQL, and MongoDB. The ideal candidate is comfortable working in a fast-paced, collaborative environment and has a strong track record of delivering measurable business impact. Entry-level candidates with strong internship experience are encouraged to apply."
1015,BI Analyst,Brightline Education,"Los Angeles, CA",2025-12-30,Data Analyst,83000,"We are looking for a BI Analyst to join our growing team at Brightline Education. You will work closely with cross-functional stakeholders to turn data into actionable insight. Key requirements include hands-on experience with Python, Statistics, Power BI, SQL, Tableau, A/B testing, and Google Cloud Platform. The ideal candidate is comfortable working in a fast-paced, collaborative environment and has a strong track record of delivering measurable business impact. Entry-level candidates with strong internship experience are encouraged to apply."
1136,Platform Engineer,Evergreen Logistics,"Mumbai, India",2025-12-30,Software Engineer,56500,"Evergreen Logistics seeks an experienced Platform Engineer to support our expanding analytics function. Day-to-day responsibilities include working with Java, AWS, REST API, and SQL to build scalable, production-grade systems. We value curiosity, ownership, and clear communication. 3+ years of relevant experience preferred."
1147,Research Data Scientist,Keystone Auto Group,"Hyderabad, India",2025-12-30,Data Scientist,53500,"Keystone Auto Group seeks an experienced Research Data Scientist to support our expanding analytics function. Day-to-day responsibilities include working with Statistics, R, Spark, SQL, NLP, Machine Learning, and Deep Learning to build scalable, production-grade systems. We value curiosity, ownership, and clear communication. Minimum of 2 years in a similar role."
1618,Platform Engineer,Nova Insurance,"Mumbai, India",2025-12-30,Software Engineer,55500,"As a Platform Engineer at Nova Insurance, you will partner with engineering and product teams to deliver high-quality, reliable solutions. Required skills: Java, Linux, MongoDB, C++, JavaScript, Python, and REST API. Bonus points if you have experience mentoring junior team members and contributing to a strong engineering culture. Minimum of 2 years in a similar role."
511,Applied Data Scientist,Ivory Real Estate Tech,"New York, NY",2025-12-31,Data Scientist,186500,"Ivory Real Estate Tech is hiring a Applied Data Scientist to help scale our data capabilities. In this role you'll design, build, and maintain solutions using Statistics, SQL, Deep Learning, R, Machine Learning, and AWS. We're looking for someone with strong problem-solving skills, excellent communication, and a passion for data-driven decision making. Entry-level candidates with strong internship experience are encouraged to apply."
817,Marketing Data Analyst,Orbit Financial Services,"Pune, India",2025-12-31,Data Analyst,30000,"Orbit Financial Services seeks an experienced Marketing Data Analyst to support our expanding analytics function. Day-to-day responsibilities include working with Google Cloud Platform, ETL, Excel, SQL, A/B testing, and R to build scalable, production-grade systems. We value curiosity, ownership, and clear communication. Ideal for candidates with 4-6 years of industry experience."
895,Analytics Engineer,Marlin Shipping,"Toronto, Canada",2025-12-31,Data Engineer,120000,"Marlin Shipping is hiring a Analytics Engineer to help scale our data capabilities. In this role you'll design, build, and maintain solutions using ETL, AWS, Kafka, Hadoop, dbt, SQL, and Spark. We're looking for someone with strong problem-solving skills, excellent communication, and a passion for data-driven decision making. 3+ years of relevant experience preferred."
1963,Data Scientist II,Skyline Software,"Bengaluru, India",2025-12-31,Data Scientist,54000,"Join Skyline Software as a Data Scientist II! You'll be responsible for building and maintaining systems that rely on Scikit-learn, Machine Learning, PyTorch, A/B testing, Spark, and NLP. This is a great opportunity for someone who enjoys solving complex problems and working with a talented, supportive team. Minimum of 2 years in a similar role."
104,Backend Engineer,Rustic Agritech,"Bengaluru, India",2026-01-01,Software Engineer,33000,"As a Backend Engineer at Rustic Agritech, you will partner with engineering and product teams to deliver high-quality, reliable solutions. Required skills: SQL, MongoDB, Git, Kubernetes, REST API, Python, and Docker. Bonus points if you have experience mentoring junior team members and contributing to a strong engineering culture. Ideal for candidates with 4-6 years of industry experience."
234,Software Engineer,Gridline Utilities,"San Francisco, CA",2026-01-01,Software Engineer,177500,"As a Software Engineer at Gridline Utilities, you will partner with engineering and product teams to deliver high-quality, reliable solutions. Required skills: SQL, Linux, Kubernetes, Docker, Python, and REST API. Bonus points if you have experience mentoring junior team members and contributing to a strong engineering culture. Minimum of 2 years in a similar role."
243,Business Data Analyst,Junction Mobility,"Pune, India",2026-01-01,Data Analyst,22500,"Join Junction Mobility as a Business Data Analyst! You'll be responsible for building and maintaining systems that rely on Tableau, SQL, Excel, Python, A/B testing, Git, and Google Cloud Platform. This is a great opportunity for someone who enjoys solving complex problems and working with a talented, supportive team. 5+ years of professional experience required."
375,Big Data Engineer,Meridian Health Analytics,"Austin, TX",2026-01-01,Data Engineer,125000,"As a Big Data Engineer at Meridian Health Analytics, you will partner with engineering and product teams to deliver high-quality, reliable solutions. Required skills: Python, dbt, Kafka, and Airflow. Bonus points if you have experience mentoring junior team members and contributing to a strong engineering culture. 3+ years of relevant experience preferred."
877,Senior Data Scientist,Ivory Real Estate Tech,"Chicago, IL",2026-01-01,Data Scientist,103500,"Ivory Real Estate Tech is hiring a Senior Data Scientist to help scale our data capabilities. In this role you'll design, build, and maintain solutions using Statistics, Spark, Python, Scikit-learn, Machine Learning, A/B testing, and PyTorch. We're looking for someone with strong problem-solving skills, excellent communication, and a passion for data-driven decision making. Entry-level candidates with strong internship experience are encouraged to apply."
1553,Business Data Analyst,Junction Mobility,"San Francisco, CA",2026-01-01,Data Analyst,98000,"Junction Mobility is hiring a Business Data Analyst to help scale our data capabilities. In this role you'll design, build, and maintain solutions using Data warehousing, Power BI, Tableau, SQL, MongoDB, ETL, and Excel. We're looking for someone with strong problem-solving skills, excellent communication, and a passion for data-driven decision making. Ideal for candidates with 4-6 years of industry experience."
1776,AI Engineer,Marlin Shipping,"Los Angeles, CA",2026-01-01,ML Engineer,188000,"Join Marlin Shipping as a AI Engineer! You'll be responsible for building and maintaining systems that rely on Spark, Python, PyTorch, TensorFlow, Computer Vision, and Machine Learning. This is a great opportunity for someone who enjoys solving complex problems and working with a talented, supportive team. 5+ years of professional experience required."
344,Business Data Analyst,Vertex Insight Labs,"Austin, TX",2026-01-02,Data Analyst,76500,"We are looking for a Business Data Analyst to join our growing team at Vertex Insight Labs. You will work closely with cross-functional stakeholders to turn data into actionable insight. Key requirements include hands-on experience with Excel, Tableau, A/B testing, SQL, MongoDB, Git, and Data warehousing. The ideal candidate is comfortable working in a fast-paced, collaborative environment and has a strong track record of delivering measurable business impact. 3+ years of relevant experience preferred."
1233,Backend Engineer,Ironclad Security,"Chicago, IL",2026-01-02,Software Engineer,115500,"As a Backend Engineer at Ironclad Security, you will partner with engineering and product teams to deliver high-quality, reliable solutions. Required skills: NoSQL, Agile, AWS, MongoDB, and Kubernetes. Bonus points if you have experience mentoring junior team members and contributing to a strong engineering culture. Minimum of 2 years in a similar role."
125,Software Development Engineer,Zenith Aerospace,Singapore,2026-01-03,Software Engineer,116500,"As a Software Development Engineer at Zenith Aerospace, you will partner with engineering and product teams to deliver high-quality, reliable solutions. Required skills: Git, Java, MongoDB, JavaScript, PostgreSQL, REST API, and AWS. Bonus points if you have experience mentoring junior team members and contributing to a strong engineering culture. 5+ years of professional experience required."
230,Senior Data Engineer,Marlin Shipping,"Los Angeles, CA",2026-01-03,Data Engineer,137000,"As a Senior Data Engineer at Marlin Shipping, you will partner with engineering and product teams to deliver high-quality, reliable solutions. Required skills: Python, Data warehousing, Redshift, and Spark. Bonus points if you have experience mentoring junior team members and contributing to a strong engineering culture. Ideal for candidates with 4-6 years of industry experience."
663,Deep Learning Engineer,Anchor Payments,"Washington, DC",2026-01-03,ML Engineer,206000,"Anchor Payments seeks an experienced Deep Learning Engineer to support our expanding analytics function. Day-to-day responsibilities include working with Git, Machine Learning, TensorFlow, and Scikit-learn to build scalable, production-grade systems. We value curiosity, ownership, and clear communication. Ideal for candidates with 4-6 years of industry experience."
837,Research Data Scientist,Pathfinder Travel Tech,"San Francisco, CA",2026-01-03,Data Scientist,171500,"Pathfinder Travel Tech is hiring a Research Data Scientist to help scale our data capabilities. In this role you'll design, build, and maintain solutions using Python, Power BI, R, Statistics, A/B testing, and Spark. We're looking for someone with strong problem-solving skills, excellent communication, and a passion for data-driven decision making. 5+ years of professional experience required."
1366,Software Development Engineer,Quicksilver Payments,"Atlanta, GA",2026-01-03,Software Engineer,111500,"Quicksilver Payments seeks an experienced Software Development Engineer to support our expanding analytics function. Day-to-day responsibilities include working with REST API, SQL, Java, Agile, and Git to build scalable, production-grade systems. We value curiosity, ownership, and clear communication. 5+ years of professional experience required."
1658,Software Engineer,Prism Media Analytics,"London, UK",2026-01-03,Software Engineer,164500,"Prism Media Analytics seeks an experienced Software Engineer to support our expanding analytics function. Day-to-day responsibilities include working with JavaScript, Java, Git, Python, PostgreSQL, and C++ to build scalable, production-grade systems. We value curiosity, ownership, and clear communication. Ideal for candidates with 4-6 years of industry experience."
206,Big Data Engineer,Lattice Biotech,"Delhi, India",2026-01-04,Data Engineer,44500,"Lattice Biotech seeks an experienced Big Data Engineer to support our expanding analytics function. Day-to-day responsibilities include working with dbt, BigQuery, SQL, Spark, Airflow, and Python to build scalable, production-grade systems. We value curiosity, ownership, and clear communication. Entry-level candidates with strong internship experience are encouraged to apply."
1262,Marketing Data Analyst,Pathfinder Travel Tech,"Boston, MA",2026-01-04,Data Analyst,77000,"Join Pathfinder Travel Tech as a Marketing Data Analyst! You'll be responsible for building and maintaining systems that rely on Looker, Data warehousing, Git, Excel, and A/B testing. This is a great opportunity for someone who enjoys solving complex problems and working with a talented, supportive team. Minimum of 2 years in a similar role."
1537,Senior Data Analyst,Bluepeak Technologies,"Toronto, Canada",2026-01-04,Data Analyst,68500,"We are looking for a Senior Data Analyst to join our growing team at Bluepeak Technologies. You will work closely with cross-functional stakeholders to turn data into actionable insight. Key requirements include hands-on experience with R, Power BI, Excel, Python, A/B testing, Git, and SQL. The ideal candidate is comfortable working in a fast-paced, collaborative environment and has a strong track record of delivering measurable business impact. 3+ years of relevant experience preferred."
47,Lead Data Scientist,Evergreen Logistics,"Austin, TX",2026-01-05,Data Scientist,164500,"Join Evergreen Logistics as a Lead Data Scientist! You'll be responsible for building and maintaining systems that rely on R, A/B testing, Machine Learning, Python, Deep Learning, AWS, and TensorFlow. This is a great opportunity for someone who enjoys solving complex problems and working with a talented, supportive team. 3+ years of relevant experience preferred."
63,Platform Engineer,Juniper Cybersecurity,"Boston, MA",2026-01-05,Software Engineer,163000,"Juniper Cybersecurity is hiring a Platform Engineer to help scale our data capabilities. In this role you'll design, build, and maintain solutions using Python, PostgreSQL, Agile, REST API, Docker, JavaScript, and SQL. We're looking for someone with strong problem-solving skills, excellent communication, and a passion for data-driven decision making. Ideal for candidates with 4-6 years of industry experience."
137,Deep Learning Engineer,Coral Reef Gaming,"Austin, TX",2026-01-05,ML Engineer,179000,"Join Coral Reef Gaming as a Deep Learning Engineer! You'll be responsible for building and maintaining systems that rely on Git, Docker, AWS, Machine Learning, Airflow, and Computer Vision. This is a great opportunity for someone who enjoys solving complex problems and working with a talented, supportive team. 5+ years of professional experience required."
921,Research Data Scientist,Opaline Cosmetics Analytics,Remote,2026-01-05,Data Scientist,145000,"We are looking for a Research Data Scientist to join our growing team at Opaline Cosmetics Analytics. You will work closely with cross-functional stakeholders to turn data into actionable insight. Key requirements include hands-on experience with TensorFlow, Python, R, Scikit-learn, SQL, and Statistics. The ideal candidate is comfortable working in a fast-paced, collaborative environment and has a strong track record of delivering measurable business impact. Minimum of 2 years in a similar role."
1229,Senior Software Engineer,Brightline Education,"Boston, MA",2026-01-05,Software Engineer,122500,"We are looking for a Senior Software Engineer to join our growing team at Brightline Education. You will work closely with cross-functional stakeholders to turn data into actionable insight. Key requirements include hands-on experience with Git, C++, SQL, and Java. The ideal candidate is comfortable working in a fast-paced, collaborative environment and has a strong track record of delivering measurable business impact. Minimum of 2 years in a similar role."
1894,Software Engineer,Junction Mobility,Remote,2026-01-05,Software Engineer,83500,"Junction Mobility is hiring a Software Engineer to help scale our data capabilities. In this role you'll design, build, and maintain solutions using Java, Git, Python, and MongoDB. We're looking for someone with strong problem-solving skills, excellent communication, and a passion for data-driven decision making. Ideal for candidates with 4-6 years of industry experience."
270,Software Development Engineer,Quantum Retail Group,"Austin, TX",2026-01-06,Software Engineer,120500,"Quantum Retail Group seeks an experienced Software Development Engineer to support our expanding analytics function. Day-to-day responsibilities include working with Git, JavaScript, Kubernetes, Linux, Java, and Python to build scalable, production-grade systems. We value curiosity, ownership, and clear communication. Entry-level candidates with strong internship experience are encouraged to apply."
400,Software Engineer,Hilltop Ventures,"Pune, India",2026-01-06,Software Engineer,39500,"Hilltop Ventures is hiring a Software Engineer to help scale our data capabilities. In this role you'll design, build, and maintain solutions using Java, JavaScript, AWS, Agile, Linux, and Python. We're looking for someone with strong problem-solving skills, excellent communication, and a passion for data-driven decision making. Entry-level candidates with strong internship experience are encouraged to apply."
732,Applied ML Engineer,Tundra Telecom,"Hyderabad, India",2026-01-06,ML Engineer,57000,"Tundra Telecom is hiring a Applied ML Engineer to help scale our data capabilities. In this role you'll design, build, and maintain solutions using Airflow, Machine Learning, Deep Learning, and Azure. We're looking for someone with strong problem-solving skills, excellent communication, and a passion for data-driven decision making. Entry-level candidates with strong internship experience are encouraged to apply."
1596,Business Data Analyst,Lattice Biotech,"Bengaluru, India",2026-01-06,Data Analyst,31500,"We are looking for a Business Data Analyst to join our growing team at Lattice Biotech. You will work closely with cross-functional stakeholders to turn data into actionable insight. Key requirements include hands-on experience with Excel, Git, SQL, Python, R, and Tableau. The ideal candidate is comfortable working in a fast-paced, collaborative environment and has a strong track record of delivering measurable business impact. Ideal for candidates with 4-6 years of industry experience."
1605,Senior Software Engineer,Keystone Auto Group,"Bengaluru, India",2026-01-06,Software Engineer,41000,"As a Senior Software Engineer at Keystone Auto Group, you will partner with engineering and product teams to deliver high-quality, reliable solutions. Required skills: Python, Java, Linux, Agile, Kubernetes, and Git. Bonus points if you have experience mentoring junior team members and contributing to a strong engineering culture. Entry-level candidates with strong internship experience are encouraged to apply."
1919,Research Data Scientist,Nova Insurance,"Hyderabad, India",2026-01-06,Data Scientist,48000,"Join Nova Insurance as a Research Data Scientist! You'll be responsible for building and maintaining systems that rely on NLP, Statistics, PyTorch, Scikit-learn, and Spark. This is a great opportunity for someone who enjoys solving complex problems and working with a talented, supportive team. Entry-level candidates with strong internship experience are encouraged to apply."
307,Business Data Analyst,Pathfinder Travel Tech,"New York, NY",2026-01-07,Data Analyst,124500,"Join Pathfinder Travel Tech as a Business Data Analyst! You'll be responsible for building and maintaining systems that rely on Excel, Git, Power BI, Statistics, and SQL. This is a great opportunity for someone who enjoys solving complex problems and working with a talented, supportive team. Entry-level candidates with strong internship experience are encouraged to apply."
696,Applied ML Engineer,Juniper Cybersecurity,"London, UK",2026-01-07,ML Engineer,116000,"We are looking for a Applied ML Engineer to join our growing team at Juniper Cybersecurity. You will work closely with cross-functional stakeholders to turn data into actionable insight. Key requirements include hands-on experience with TensorFlow, Python, Deep Learning, PyTorch, and Kubernetes. The ideal candidate is comfortable working in a fast-paced, collaborative environment and has a strong track record of delivering measurable business impact. Minimum of 2 years in a similar role."
1554,Backend Engineer,Summit Cloud Solutions,"Seattle, WA",2026-01-07,Software Engineer,145000,"Summit Cloud Solutions is hiring a Backend Engineer to help scale our data capabilities. In this role you'll design, build, and maintain solutions using C++, Docker, Java, JavaScript, Git, and Kubernetes. We're looking for someone with strong problem-solving skills, excellent communication, and a passion for data-driven decision making. Entry-level candidates with strong internship experience are encouraged to apply."
1623,Data Scientist,Harbor Robotics,"Chicago, IL",2026-01-07,Data Scientist,118000,"Harbor Robotics is hiring a Data Scientist to help scale our data capabilities. In this role you'll design, build, and maintain solutions using Machine Learning, A/B testing, PyTorch, R, and AWS. We're looking for someone with strong problem-solving skills, excellent communication, and a passion for data-driven decision making. 5+ years of professional experience required."
1666,Software Development Engineer,Quantum Retail Group,"Austin, TX",2026-01-07,Software Engineer,139500,"We are looking for a Software Development Engineer to join our growing team at Quantum Retail Group. You will work closely with cross-functional stakeholders to turn data into actionable insight. Key requirements include hands-on experience with Python, SQL, JavaScript, and Agile. The ideal candidate is comfortable working in a fast-paced, collaborative environment and has a strong track record of delivering measurable business impact. Minimum of 2 years in a similar role."
1814,Applied ML Engineer,Summit Cloud Solutions,"Bengaluru, India",2026-01-07,ML Engineer,61500,"As a Applied ML Engineer at Summit Cloud Solutions, you will partner with engineering and product teams to deliver high-quality, reliable solutions. Required skills: Spark, Python, NLP, AWS, and Machine Learning. Bonus points if you have experience mentoring junior team members and contributing to a strong engineering culture. Ideal for candidates with 4-6 years of industry experience."
1945,Business Data Analyst,Sable Energy,"Hyderabad, India",2026-01-07,Data Analyst,31000,"Sable Energy seeks an experienced Business Data Analyst to support our expanding analytics function. Day-to-day responsibilities include working with Looker, A/B testing, ETL, SQL, and Excel to build scalable, production-grade systems. We value curiosity, ownership, and clear communication. Ideal for candidates with 4-6 years of industry experience."
887,ETL Developer,Zenith Aerospace,"New York, NY",2026-01-08,Data Engineer,203000,"Zenith Aerospace is hiring a ETL Developer to help scale our data capabilities. In this role you'll design, build, and maintain solutions using Airflow, Azure, Redshift, ETL, and Docker. We're looking for someone with strong problem-solving skills, excellent communication, and a passion for data-driven decision making. Ideal for candidates with 4-6 years of industry experience."
992,ML Ops Engineer,Zenith Aerospace,"Bengaluru, India",2026-01-08,ML Engineer,62000,"We are looking for a ML Ops Engineer to join our growing team at Zenith Aerospace. You will work closely with cross-functional stakeholders to turn data into actionable insight. Key requirements include hands-on experience with PyTorch, Deep Learning, TensorFlow, Airflow, Scikit-learn, AWS, and Machine Learning. The ideal candidate is comfortable working in a fast-paced, collaborative environment and has a strong track record of delivering measurable business impact. Entry-level candidates with strong internship experience are encouraged to apply."
1270,Cloud Data Engineer,Juniper Cybersecurity,"Berlin, Germany",2026-01-08,Data Engineer,120000,"Juniper Cybersecurity is hiring a Cloud Data Engineer to help scale our data capabilities. In this role you'll design, build, and maintain solutions using Hadoop, SQL, Airflow, Python, and BigQuery. We're looking for someone with strong problem-solving skills, excellent communication, and a passion for data-driven decision making. 5+ years of professional experience required."
1353,ML Ops Engineer,Ivory Real Estate Tech,"Delhi, India",2026-01-08,ML Engineer,61500,"Ivory Real Estate Tech seeks an experienced ML Ops Engineer to support our expanding analytics function. Day-to-day responsibilities include working with Azure, Python, TensorFlow, and Machine Learning to build scalable, production-grade systems. We value curiosity, ownership, and clear communication. Minimum of 2 years in a similar role."
1440,Big Data Engineer,Keystone Auto Group,"Mumbai, India",2026-01-08,Data Engineer,56000,"Join Keystone Auto Group as a Big Data Engineer! You'll be responsible for building and maintaining systems that rely on SQL, Airflow, Python, BigQuery, Redshift, and Azure. This is a great opportunity for someone who enjoys solving complex problems and working with a talented, supportive team. 3+ years of relevant experience preferred."
1449,Data Scientist II,Junction Mobility,"Bengaluru, India",2026-01-08,Data Scientist,44000,"We are looking for a Data Scientist II to join our growing team at Junction Mobility. You will work closely with cross-functional stakeholders to turn data into actionable insight. Key requirements include hands-on experience with SQL, Machine Learning, AWS, Python, and Computer Vision. The ideal candidate is comfortable working in a fast-paced, collaborative environment and has a strong track record of delivering measurable business impact. Entry-level candidates with strong internship experience are encouraged to apply."
1451,Senior ML Engineer,Vertex Insight Labs,"San Francisco, CA",2026-01-08,ML Engineer,210000,"Join Vertex Insight Labs as a Senior ML Engineer! You'll be responsible for building and maintaining systems that rely on Docker, Machine Learning, Deep Learning, and PyTorch. This is a great opportunity for someone who enjoys solving complex problems and working with a talented, supportive team. Entry-level candidates with strong internship experience are encouraged to apply."
1526,Backend Engineer,Onyx Manufacturing,"Berlin, Germany",2026-01-08,Software Engineer,95000,"Onyx Manufacturing is hiring a Backend Engineer to help scale our data capabilities. In this role you'll design, build, and maintain solutions using Docker, NoSQL, Git, and AWS. We're looking for someone with strong problem-solving skills, excellent communication, and a passion for data-driven decision making. Ideal for candidates with 4-6 years of industry experience."
1616,Analytics Engineer,Ivory Real Estate Tech,"Los Angeles, CA",2026-01-08,Data Engineer,132500,"Ivory Real Estate Tech seeks an experienced Analytics Engineer to support our expanding analytics function. Day-to-day responsibilities include working with Kafka, SQL, Snowflake, Python, NoSQL, and dbt to build scalable, production-grade systems. We value curiosity, ownership, and clear communication. Entry-level candidates with strong internship experience are encouraged to apply."
1745,Senior Software Engineer,Pixel & Co,"London, UK",2026-01-08,Software Engineer,121000,"Pixel & Co is hiring a Senior Software Engineer to help scale our data capabilities. In this role you'll design, build, and maintain solutions using SQL, Java, Git, Docker, REST API, and Python. We're looking for someone with strong problem-solving skills, excellent communication, and a passion for data-driven decision making. 5+ years of professional experience required."
822,Deep Learning Engineer,Onyx Manufacturing,"Atlanta, GA",2026-01-09,ML Engineer,120500,"Onyx Manufacturing is hiring a Deep Learning Engineer to help scale our data capabilities. In this role you'll design, build, and maintain solutions using Docker, Git, Python, PyTorch, and NLP. We're looking for someone with strong problem-solving skills, excellent communication, and a passion for data-driven decision making. Minimum of 2 years in a similar role."
1330,Senior Data Engineer,Meridian Health Analytics,"Denver, CO",2026-01-09,Data Engineer,101000,"As a Senior Data Engineer at Meridian Health Analytics, you will partner with engineering and product teams to deliver high-quality, reliable solutions. Required skills: Hadoop, dbt, BigQuery, and Spark. Bonus points if you have experience mentoring junior team members and contributing to a strong engineering culture. Entry-level candidates with strong internship experience are encouraged to apply."
1586,Junior Data Analyst,Opaline Cosmetics Analytics,"Toronto, Canada",2026-01-09,Data Analyst,71500,"We are looking for a Junior Data Analyst to join our growing team at Opaline Cosmetics Analytics. You will work closely with cross-functional stakeholders to turn data into actionable insight. Key requirements include hands-on experience with SQL, Excel, Tableau, Looker, Statistics, Power BI, and A/B testing. The ideal candidate is comfortable working in a fast-paced, collaborative environment and has a strong track record of delivering measurable business impact. 3+ years of relevant experience preferred."
1634,Software Development Engineer,Pathfinder Travel Tech,"Seattle, WA",2026-01-09,Software Engineer,115500,"Pathfinder Travel Tech seeks an experienced Software Development Engineer to support our expanding analytics function. Day-to-day responsibilities include working with Python, C++, Kubernetes, and JavaScript to build scalable, production-grade systems. We value curiosity, ownership, and clear communication. Ideal for candidates with 4-6 years of industry experience."
552,Software Development Engineer,DataForge Inc,"Bengaluru, India",2026-01-10,Software Engineer,55500,"Join DataForge Inc as a Software Development Engineer! You'll be responsible for building and maintaining systems that rely on Git, Linux, SQL, Docker, C++, Python, and PostgreSQL. This is a great opportunity for someone who enjoys solving complex problems and working with a talented, supportive team. Entry-level candidates with strong internship experience are encouraged to apply."
1025,Data Scientist,Junction Mobility,"Delhi, India",2026-01-10,Data Scientist,44500,"As a Data Scientist at Junction Mobility, you will partner with engineering and product teams to deliver high-quality, reliable solutions. Required skills: Machine Learning, Python, Computer Vision, SQL, and A/B testing. Bonus points if you have experience mentoring junior team members and contributing to a strong engineering culture. 3+ years of relevant experience preferred."
1145,Data Engineer,Ironclad Security,"Hyderabad, India",2026-01-10,Data Engineer,56500,"We are looking for a Data Engineer to join our growing team at Ironclad Security. You will work closely with cross-functional stakeholders to turn data into actionable insight. Key requirements include hands-on experience with Airflow, Spark, Python, and BigQuery. The ideal candidate is comfortable working in a fast-paced, collaborative environment and has a strong track record of delivering measurable business impact. 3+ years of relevant experience preferred."
1824,ETL Developer,Rustic Agritech,"Mumbai, India",2026-01-10,Data Engineer,64000,"Rustic Agritech seeks an experienced ETL Developer to support our expanding analytics function. Day-to-day responsibilities include working with ETL, NoSQL, Spark, and Redshift to build scalable, production-grade systems. We value curiosity, ownership, and clear communication. Ideal for candidates with 4-6 years of industry experience."
28,Senior Data Engineer,Skyline Software,"San Francisco, CA",2026-01-11,Data Engineer,201500,"Skyline Software seeks an experienced Senior Data Engineer to support our expanding analytics function. Day-to-day responsibilities include working with Spark, BigQuery, Airflow, Kafka, Redshift, and Azure to build scalable, production-grade systems. We value curiosity, ownership, and clear communication. Minimum of 2 years in a similar role."
165,Full Stack Developer,Vantage Point Retail,"Bengaluru, India",2026-01-11,Software Engineer,49000,"We are looking for a Full Stack Developer to join our growing team at Vantage Point Retail. You will work closely with cross-functional stakeholders to turn data into actionable insight. Key requirements include hands-on experience with Agile, SQL, Linux, and REST API. The ideal candidate is comfortable working in a fast-paced, collaborative environment and has a strong track record of delivering measurable business impact. Ideal for candidates with 4-6 years of industry experience."
228,Machine Learning Engineer,Opaline Cosmetics Analytics,"Los Angeles, CA",2026-01-11,ML Engineer,221500,"Join Opaline Cosmetics Analytics as a Machine Learning Engineer! You'll be responsible for building and maintaining systems that rely on Scikit-learn, Spark, AWS, Python, and PyTorch. This is a great opportunity for someone who enjoys solving complex problems and working with a talented, supportive team. 5+ years of professional experience required."
1411,AI Engineer,Nova Insurance,"Hyderabad, India",2026-01-11,ML Engineer,64500,"Nova Insurance seeks an experienced AI Engineer to support our expanding analytics function. Day-to-day responsibilities include working with Kubernetes, Computer Vision, PyTorch, and TensorFlow to build scalable, production-grade systems. We value curiosity, ownership, and clear communication. Entry-level candidates with strong internship experience are encouraged to apply."
1584,Senior Data Scientist,Onyx Manufacturing,"Austin, TX",2026-01-11,Data Scientist,140500,"As a Senior Data Scientist at Onyx Manufacturing, you will partner with engineering and product teams to deliver high-quality, reliable solutions. Required skills: Tableau, Machine Learning, Deep Learning, and NLP. Bonus points if you have experience mentoring junior team members and contributing to a strong engineering culture. 3+ years of relevant experience preferred."
2000,Big Data Engineer,Opaline Cosmetics Analytics,"New York, NY",2026-01-11,Data Engineer,172500,"Opaline Cosmetics Analytics seeks an experienced Big Data Engineer to support our expanding analytics function. Day-to-day responsibilities include working with SQL, dbt, AWS, and Spark to build scalable, production-grade systems. We value curiosity, ownership, and clear communication. 3+ years of relevant experience preferred."
393,Analytics Engineer,Nimbus Analytics,Remote,2026-01-12,Data Engineer,129000,"Nimbus Analytics is hiring a Analytics Engineer to help scale our data capabilities. In this role you'll design, build, and maintain solutions using Snowflake, BigQuery, SQL, Docker, and Hadoop. We're looking for someone with strong problem-solving skills, excellent communication, and a passion for data-driven decision making. 5+ years of professional experience required."
402,Reporting Analyst,Opaline Cosmetics Analytics,"Atlanta, GA",2026-01-12,Data Analyst,69500,"Opaline Cosmetics Analytics is hiring a Reporting Analyst to help scale our data capabilities. In this role you'll design, build, and maintain solutions using Looker, Power BI, ETL, MongoDB, Tableau, and Google Cloud Platform. We're looking for someone with strong problem-solving skills, excellent communication, and a passion for data-driven decision making. Entry-level candidates with strong internship experience are encouraged to apply."
958,Senior Data Engineer,Delta Freight Systems,"Los Angeles, CA",2026-01-12,Data Engineer,164500,"We are looking for a Senior Data Engineer to join our growing team at Delta Freight Systems. You will work closely with cross-functional stakeholders to turn data into actionable insight. Key requirements include hands-on experience with ETL, Python, SQL, Azure, and Airflow. The ideal candidate is comfortable working in a fast-paced, collaborative environment and has a strong track record of delivering measurable business impact. Minimum of 2 years in a similar role."
1315,ETL Developer,Harbor Robotics,"Chicago, IL",2026-01-12,Data Engineer,95500,"As a ETL Developer at Harbor Robotics, you will partner with engineering and product teams to deliver high-quality, reliable solutions. Required skills: BigQuery, Docker, Hadoop, SQL, and ETL. Bonus points if you have experience mentoring junior team members and contributing to a strong engineering culture. 3+ years of relevant experience preferred."
366,Research Data Scientist,Riverstone Tech,"Boston, MA",2026-01-13,Data Scientist,110000,"Riverstone Tech is hiring a Research Data Scientist to help scale our data capabilities. In this role you'll design, build, and maintain solutions using Python, PyTorch, Statistics, Scikit-learn, Tableau, SQL, and Deep Learning. We're looking for someone with strong problem-solving skills, excellent communication, and a passion for data-driven decision making. Minimum of 2 years in a similar role."
712,Deep Learning Engineer,Vantage Point Retail,"Mumbai, India",2026-01-13,ML Engineer,40500,"Vantage Point Retail is hiring a Deep Learning Engineer to help scale our data capabilities. In this role you'll design, build, and maintain solutions using PyTorch, Deep Learning, AWS, and Machine Learning. We're looking for someone with strong problem-solving skills, excellent communication, and a passion for data-driven decision making. Entry-level candidates with strong internship experience are encouraged to apply."
1438,Big Data Engineer,Lumina Commerce,"Toronto, Canada",2026-01-13,Data Engineer,134000,"We are looking for a Big Data Engineer to join our growing team at Lumina Commerce. You will work closely with cross-functional stakeholders to turn data into actionable insight. Key requirements include hands-on experience with Python, Redshift, Spark, Hadoop, ETL, and AWS. The ideal candidate is comfortable working in a fast-paced, collaborative environment and has a strong track record of delivering measurable business impact. Entry-level candidates with strong internship experience are encouraged to apply."
1571,Cloud Data Engineer,Meridian Health Analytics,"Los Angeles, CA",2026-01-13,Data Engineer,134500,"We are looking for a Cloud Data Engineer to join our growing team at Meridian Health Analytics. You will work closely with cross-functional stakeholders to turn data into actionable insight. Key requirements include hands-on experience with Airflow, Spark, Redshift, AWS, and Google Cloud Platform. The ideal candidate is comfortable working in a fast-paced, collaborative environment and has a strong track record of delivering measurable business impact. Minimum of 2 years in a similar role."
1675,Applied Data Scientist,Harbor Robotics,"Toronto, Canada",2026-01-13,Data Scientist,114500,"As a Applied Data Scientist at Harbor Robotics, you will partner with engineering and product teams to deliver high-quality, reliable solutions. Required skills: AWS, Machine Learning, Deep Learning, A/B testing, PyTorch, and Python. Bonus points if you have experience mentoring junior team members and contributing to a strong engineering culture. Ideal for candidates with 4-6 years of industry experience."
1818,Business Data Analyst,Quantum Retail Group,"Pune, India",2026-01-13,Data Analyst,22000,"Quantum Retail Group seeks an experienced Business Data Analyst to support our expanding analytics function. Day-to-day responsibilities include working with SQL, Statistics, Python, Power BI, Tableau, Looker, and R to build scalable, production-grade systems. We value curiosity, ownership, and clear communication. 3+ years of relevant experience preferred."
96,ML Ops Engineer,Delta Freight Systems,"Bengaluru, India",2026-01-14,ML Engineer,68000,"As a ML Ops Engineer at Delta Freight Systems, you will partner with engineering and product teams to deliver high-quality, reliable solutions. Required skills: Machine Learning, Spark, AWS, Kubernetes, Computer Vision, and Python. Bonus points if you have experience mentoring junior team members and contributing to a strong engineering culture. Minimum of 2 years in a similar role."
928,Big Data Engineer,Riverstone Tech,"Berlin, Germany",2026-01-14,Data Engineer,90500,"Riverstone Tech is hiring a Big Data Engineer to help scale our data capabilities. In this role you'll design, build, and maintain solutions using AWS, Python, Snowflake, BigQuery, Docker, Azure, and NoSQL. We're looking for someone with strong problem-solving skills, excellent communication, and a passion for data-driven decision making. Ideal for candidates with 4-6 years of industry experience."
1092,Analytics Engineer,Vertex Insight Labs,"San Francisco, CA",2026-01-14,Data Engineer,132500,"Vertex Insight Labs seeks an experienced Analytics Engineer to support our expanding analytics function. Day-to-day responsibilities include working with Python, ETL, AWS, SQL, and Data warehousing to build scalable, production-grade systems. We value curiosity, ownership, and clear communication. Entry-level candidates with strong internship experience are encouraged to apply."
1242,Deep Learning Engineer,DataForge Inc,"Pune, India",2026-01-14,ML Engineer,44000,"DataForge Inc is hiring a Deep Learning Engineer to help scale our data capabilities. In this role you'll design, build, and maintain solutions using PyTorch, NLP, Azure, Docker, and Spark. We're looking for someone with strong problem-solving skills, excellent communication, and a passion for data-driven decision making. Minimum of 2 years in a similar role."
1319,Backend Engineer,Pathfinder Travel Tech,"New York, NY",2026-01-14,Software Engineer,138500,"Pathfinder Travel Tech is hiring a Backend Engineer to help scale our data capabilities. In this role you'll design, build, and maintain solutions using Java, Git, AWS, REST API, NoSQL, and Agile. We're looking for someone with strong problem-solving skills, excellent communication, and a passion for data-driven decision making. Ideal for candidates with 4-6 years of industry experience."
1392,Cloud Data Engineer,Bluepeak Technologies,"Mumbai, India",2026-01-14,Data Engineer,52000,"We are looking for a Cloud Data Engineer to join our growing team at Bluepeak Technologies. You will work closely with cross-functional stakeholders to turn data into actionable insight. Key requirements include hands-on experience with Redshift, ETL, Data warehousing, Spark, SQL, and Hadoop. The ideal candidate is comfortable working in a fast-paced, collaborative environment and has a strong track record of delivering measurable business impact. 3+ years of relevant experience preferred."
1542,Cloud Data Engineer,Skyline Software,"Washington, DC",2026-01-14,Data Engineer,120000,"We are looking for a Cloud Data Engineer to join our growing team at Skyline Software. You will work closely with cross-functional stakeholders to turn data into actionable insight. Key requirements include hands-on experience with Snowflake, Spark, Python, dbt, and Docker. The ideal candidate is comfortable working in a fast-paced, collaborative environment and has a strong track record of delivering measurable business impact. 5+ years of professional experience required."
1985,Big Data Engineer,Nova Insurance,"Berlin, Germany",2026-01-14,Data Engineer,103000,"As a Big Data Engineer at Nova Insurance, you will partner with engineering and product teams to deliver high-quality, reliable solutions. Required skills: Redshift, NoSQL, Snowflake, Kafka, ETL, SQL, and dbt. Bonus points if you have experience mentoring junior team members and contributing to a strong engineering culture. Entry-level candidates with strong internship experience are encouraged to apply."
356,Applied Data Scientist,Keystone Auto Group,"San Francisco, CA",2026-01-15,Data Scientist,139500,"We are looking for a Applied Data Scientist to join our growing team at Keystone Auto Group. You will work closely with cross-functional stakeholders to turn data into actionable insight. Key requirements include hands-on experience with Machine Learning, SQL, R, PyTorch, Python, Statistics, and TensorFlow. The ideal candidate is comfortable working in a fast-paced, collaborative environment and has a strong track record of delivering measurable business impact. Minimum of 2 years in a similar role."
478,Senior Data Scientist,Summit Cloud Solutions,"San Francisco, CA",2026-01-15,Data Scientist,151500,"Summit Cloud Solutions seeks an experienced Senior Data Scientist to support our expanding analytics function. Day-to-day responsibilities include working with A/B testing, Spark, NLP, and Deep Learning to build scalable, production-grade systems. We value curiosity, ownership, and clear communication. Entry-level candidates with strong internship experience are encouraged to apply."
1119,Backend Engineer,Lighthouse AI,"Bengaluru, India",2026-01-15,Software Engineer,45500,"We are looking for a Backend Engineer to join our growing team at Lighthouse AI. You will work closely with cross-functional stakeholders to turn data into actionable insight. Key requirements include hands-on experience with Kubernetes, Git, JavaScript, Python, REST API, Docker, and SQL. The ideal candidate is comfortable working in a fast-paced, collaborative environment and has a strong track record of delivering measurable business impact. 3+ years of relevant experience preferred."
1273,Platform Engineer,Summit Cloud Solutions,Singapore,2026-01-15,Software Engineer,105000,"As a Platform Engineer at Summit Cloud Solutions, you will partner with engineering and product teams to deliver high-quality, reliable solutions. Required skills: Python, Agile, Docker, SQL, Java, and REST API. Bonus points if you have experience mentoring junior team members and contributing to a strong engineering culture. Entry-level candidates with strong internship experience are encouraged to apply."
1742,Junior Data Analyst,Ivory Real Estate Tech,"London, UK",2026-01-15,Data Analyst,54000,"We are looking for a Junior Data Analyst to join our growing team at Ivory Real Estate Tech. You will work closely with cross-functional stakeholders to turn data into actionable insight. Key requirements include hands-on experience with Excel, Tableau, Power BI, Looker, R, Python, and Google Cloud Platform. The ideal candidate is comfortable working in a fast-paced, collaborative environment and has a strong track record of delivering measurable business impact. Entry-level candidates with strong internship experience are encouraged to apply."
1937,Backend Engineer,Hilltop Ventures,"Mumbai, India",2026-01-15,Software Engineer,57500,"Hilltop Ventures is hiring a Backend Engineer to help scale our data capabilities. In this role you'll design, build, and maintain solutions using AWS, Kubernetes, Docker, JavaScript, REST API, and Git. We're looking for someone with strong problem-solving skills, excellent communication, and a passion for data-driven decision making. 5+ years of professional experience required."
348,Data Scientist,Riverstone Tech,"Los Angeles, CA",2026-01-16,Data Scientist,153500,"Riverstone Tech seeks an experienced Data Scientist to support our expanding analytics function. Day-to-day responsibilities include working with Machine Learning, Python, A/B testing, Statistics, AWS, and TensorFlow to build scalable, production-grade systems. We value curiosity, ownership, and clear communication. 3+ years of relevant experience preferred."
1077,Senior Data Scientist,Quicksilver Payments,"London, UK",2026-01-16,Data Scientist,118500,"Quicksilver Payments is hiring a Senior Data Scientist to help scale our data capabilities. In this role you'll design, build, and maintain solutions using NLP, TensorFlow, Deep Learning, Statistics, and R. We're looking for someone with strong problem-solving skills, excellent communication, and a passion for data-driven decision making. Minimum of 2 years in a similar role."
76,AI Engineer,Quicksilver Payments,"Atlanta, GA",2026-01-17,ML Engineer,143000,"Quicksilver Payments seeks an experienced AI Engineer to support our expanding analytics function. Day-to-day responsibilities include working with AWS, TensorFlow, Python, Machine Learning, and Spark to build scalable, production-grade systems. We value curiosity, ownership, and clear communication. Entry-level candidates with strong internship experience are encouraged to apply."
216,Applied Data Scientist,Quantum Retail Group,"New York, NY",2026-01-17,Data Scientist,157000,"We are looking for a Applied Data Scientist to join our growing team at Quantum Retail Group. You will work closely with cross-functional stakeholders to turn data into actionable insight. Key requirements include hands-on experience with Computer Vision, Statistics, Machine Learning, R, PyTorch, NLP, and Python. The ideal candidate is comfortable working in a fast-paced, collaborative environment and has a strong track record of delivering measurable business impact. 3+ years of relevant experience preferred."
1458,Cloud Data Engineer,Northwind Digital,"Seattle, WA",2026-01-17,Data Engineer,147000,"As a Cloud Data Engineer at Northwind Digital, you will partner with engineering and product teams to deliver high-quality, reliable solutions. Required skills: Docker, Python, Data warehousing, Airflow, SQL, Spark, and BigQuery. Bonus points if you have experience mentoring junior team members and contributing to a strong engineering culture. Minimum of 2 years in a similar role."
1604,Platform Engineer,Echo Streaming,"Pune, India",2026-01-17,Software Engineer,48500,"Join Echo Streaming as a Platform Engineer! You'll be responsible for building and maintaining systems that rely on Git, AWS, JavaScript, and REST API. This is a great opportunity for someone who enjoys solving complex problems and working with a talented, supportive team. 3+ years of relevant experience preferred."
1635,Backend Engineer,Nectar Foods,"Austin, TX",2026-01-17,Software Engineer,133500,"Join Nectar Foods as a Backend Engineer! You'll be responsible for building and maintaining systems that rely on Agile, JavaScript, Linux, REST API, Git, and Java. This is a great opportunity for someone who enjoys solving complex problems and working with a talented, supportive team. Minimum of 2 years in a similar role."
1762,Senior Data Analyst,Fenwick Pharma,"Pune, India",2026-01-17,Data Analyst,27000,"Fenwick Pharma is hiring a Senior Data Analyst to help scale our data capabilities. In this role you'll design, build, and maintain solutions using Excel, Looker, Tableau, SQL, Statistics, Power BI, and Git. We're looking for someone with strong problem-solving skills, excellent communication, and a passion for data-driven decision making. 3+ years of relevant experience preferred."
249,Deep Learning Engineer,Pixel & Co,"London, UK",2026-01-18,ML Engineer,119500,"Pixel & Co seeks an experienced Deep Learning Engineer to support our expanding analytics function. Day-to-day responsibilities include working with AWS, Azure, Python, and PyTorch to build scalable, production-grade systems. We value curiosity, ownership, and clear communication. Ideal for candidates with 4-6 years of industry experience."
934,BI Analyst,Keystone Auto Group,"Dublin, Ireland",2026-01-18,Data Analyst,56500,"Keystone Auto Group seeks an experienced BI Analyst to support our expanding analytics function. Day-to-day responsibilities include working with SQL, Looker, Excel, Power BI, and Statistics to build scalable, production-grade systems. We value curiosity, ownership, and clear communication. Entry-level candidates with strong internship experience are encouraged to apply."
1185,Data Scientist II,Rustic Agritech,Remote,2026-01-18,Data Scientist,164500,"Rustic Agritech seeks an experienced Data Scientist II to support our expanding analytics function. Day-to-day responsibilities include working with Python, Spark, Scikit-learn, PyTorch, and Statistics to build scalable, production-grade systems. We value curiosity, ownership, and clear communication. Minimum of 2 years in a similar role."
1959,Senior ML Engineer,Prism Media Analytics,"Los Angeles, CA",2026-01-18,ML Engineer,163500,"Prism Media Analytics seeks an experienced Senior ML Engineer to support our expanding analytics function. Day-to-day responsibilities include working with Kubernetes, NLP, Python, TensorFlow, Docker, Computer Vision, and Git to build scalable, production-grade systems. We value curiosity, ownership, and clear communication. Minimum of 2 years in a similar role."
74,Analytics Engineer,Kestrel Media Group,"Bengaluru, India",2026-01-19,Data Engineer,32500,"Kestrel Media Group is hiring a Analytics Engineer to help scale our data capabilities. In this role you'll design, build, and maintain solutions using dbt, ETL, Redshift, and Data warehousing. We're looking for someone with strong problem-solving skills, excellent communication, and a passion for data-driven decision making. Minimum of 2 years in a similar role."
251,BI Analyst,DataForge Inc,"Austin, TX",2026-01-19,Data Analyst,87500,"DataForge Inc seeks an experienced BI Analyst to support our expanding analytics function. Day-to-day responsibilities include working with SQL, ETL, Tableau, Power BI, Excel, Looker, and Git to build scalable, production-grade systems. We value curiosity, ownership, and clear communication. Entry-level candidates with strong internship experience are encouraged to apply."
550,Senior Data Engineer,Nectar Foods,"Boston, MA",2026-01-19,Data Engineer,135500,"Join Nectar Foods as a Senior Data Engineer! You'll be responsible for building and maintaining systems that rely on ETL, Redshift, Airflow, and SQL. This is a great opportunity for someone who enjoys solving complex problems and working with a talented, supportive team. 3+ years of relevant experience preferred."
609,Software Development Engineer,Quantum Retail Group,"Pune, India",2026-01-19,Software Engineer,35000,"We are looking for a Software Development Engineer to join our growing team at Quantum Retail Group. You will work closely with cross-functional stakeholders to turn data into actionable insight. Key requirements include hands-on experience with Java, Python, Git, JavaScript, C++, and REST API. The ideal candidate is comfortable working in a fast-paced, collaborative environment and has a strong track record of delivering measurable business impact. Minimum of 2 years in a similar role."
783,BI Analyst,Pixel & Co,"Berlin, Germany",2026-01-19,Data Analyst,59000,"We are looking for a BI Analyst to join our growing team at Pixel & Co. You will work closely with cross-functional stakeholders to turn data into actionable insight. Key requirements include hands-on experience with Git, Excel, Statistics, SQL, R, Python, and Tableau. The ideal candidate is comfortable working in a fast-paced, collaborative environment and has a strong track record of delivering measurable business impact. 5+ years of professional experience required."
825,Data Scientist,Meridian Health Analytics,"Pune, India",2026-01-19,Data Scientist,45500,"Join Meridian Health Analytics as a Data Scientist! You'll be responsible for building and maintaining systems that rely on Computer Vision, Scikit-learn, NLP, Deep Learning, Python, A/B testing, and SQL. This is a great opportunity for someone who enjoys solving complex problems and working with a talented, supportive team. Minimum of 2 years in a similar role."
985,Cloud Data Engineer,Coral Reef Gaming,"Boston, MA",2026-01-19,Data Engineer,156500,"As a Cloud Data Engineer at Coral Reef Gaming, you will partner with engineering and product teams to deliver high-quality, reliable solutions. Required skills: BigQuery, AWS, Python, Airflow, Snowflake, SQL, and Spark. Bonus points if you have experience mentoring junior team members and contributing to a strong engineering culture. Ideal for candidates with 4-6 years of industry experience."
1059,BI Analyst,Nectar Foods,"Los Angeles, CA",2026-01-19,Data Analyst,71500,"Join Nectar Foods as a BI Analyst! You'll be responsible for building and maintaining systems that rely on A/B testing, Statistics, SQL, Power BI, Excel, R, and Git. This is a great opportunity for someone who enjoys solving complex problems and working with a talented, supportive team. Ideal for candidates with 4-6 years of industry experience."
1067,Senior Data Scientist,Gridline Utilities,"Bengaluru, India",2026-01-19,Data Scientist,49000,"As a Senior Data Scientist at Gridline Utilities, you will partner with engineering and product teams to deliver high-quality, reliable solutions. Required skills: PyTorch, R, Scikit-learn, Python, TensorFlow, Machine Learning, and Statistics. Bonus points if you have experience mentoring junior team members and contributing to a strong engineering culture. Entry-level candidates with strong internship experience are encouraged to apply."
1075,Data Scientist,Summit Cloud Solutions,"Los Angeles, CA",2026-01-19,Data Scientist,160500,"Summit Cloud Solutions is hiring a Data Scientist to help scale our data capabilities. In this role you'll design, build, and maintain solutions using Machine Learning, TensorFlow, R, and SQL. We're looking for someone with strong problem-solving skills, excellent communication, and a passion for data-driven decision making. Minimum of 2 years in a similar role."
1376,Full Stack Developer,Skyline Software,"Bengaluru, India",2026-01-19,Software Engineer,37000,"We are looking for a Full Stack Developer to join our growing team at Skyline Software. You will work closely with cross-functional stakeholders to turn data into actionable insight. Key requirements include hands-on experience with Python, SQL, Agile, AWS, and Git. The ideal candidate is comfortable working in a fast-paced, collaborative environment and has a strong track record of delivering measurable business impact. Entry-level candidates with strong internship experience are encouraged to apply."
1478,Senior Data Analyst,Skyline Software,"Toronto, Canada",2026-01-19,Data Analyst,61500,"As a Senior Data Analyst at Skyline Software, you will partner with engineering and product teams to deliver high-quality, reliable solutions. Required skills: Tableau, Google Cloud Platform, Excel, Power BI, Looker, and Python. Bonus points if you have experience mentoring junior team members and contributing to a strong engineering culture. 5+ years of professional experience required."
1652,Reporting Analyst,Opaline Cosmetics Analytics,"Mumbai, India",2026-01-19,Data Analyst,29500,"We are looking for a Reporting Analyst to join our growing team at Opaline Cosmetics Analytics. You will work closely with cross-functional stakeholders to turn data into actionable insight. Key requirements include hands-on experience with Google Cloud Platform, Data warehousing, SQL, and Tableau. The ideal candidate is comfortable working in a fast-paced, collaborative environment and has a strong track record of delivering measurable business impact. Ideal for candidates with 4-6 years of industry experience."
1834,Full Stack Developer,Pathfinder Travel Tech,Remote,2026-01-19,Software Engineer,113000,"Pathfinder Travel Tech is hiring a Full Stack Developer to help scale our data capabilities. In this role you'll design, build, and maintain solutions using JavaScript, Java, REST API, Linux, and Agile. We're looking for someone with strong problem-solving skills, excellent communication, and a passion for data-driven decision making. 3+ years of relevant experience preferred."
166,Data Scientist II,Tundra Telecom,"Dublin, Ireland",2026-01-20,Data Scientist,152000,"Tundra Telecom seeks an experienced Data Scientist II to support our expanding analytics function. Day-to-day responsibilities include working with PyTorch, Python, Machine Learning, Computer Vision, Statistics, and Tableau to build scalable, production-grade systems. We value curiosity, ownership, and clear communication. Minimum of 2 years in a similar role."
788,ETL Developer,Kestrel Media Group,"Washington, DC",2026-01-20,Data Engineer,146500,"Join Kestrel Media Group as a ETL Developer! You'll be responsible for building and maintaining systems that rely on Hadoop, Python, Spark, and AWS. This is a great opportunity for someone who enjoys solving complex problems and working with a talented, supportive team. 5+ years of professional experience required."
839,Backend Engineer,Zenith Aerospace,"London, UK",2026-01-20,Software Engineer,157500,"Zenith Aerospace is hiring a Backend Engineer to help scale our data capabilities. In this role you'll design, build, and maintain solutions using PostgreSQL, Python, SQL, Java, JavaScript, AWS, and Docker. We're looking for someone with strong problem-solving skills, excellent communication, and a passion for data-driven decision making. Minimum of 2 years in a similar role."
1485,Senior ML Engineer,Quicksilver Payments,"Hyderabad, India",2026-01-20,ML Engineer,63000,"We are looking for a Senior ML Engineer to join our growing team at Quicksilver Payments. You will work closely with cross-functional stakeholders to turn data into actionable insight. Key requirements include hands-on experience with Docker, PyTorch, Git, Kubernetes, Python, Scikit-learn, and Spark. The ideal candidate is comfortable working in a fast-paced, collaborative environment and has a strong track record of delivering measurable business impact. Ideal for candidates with 4-6 years of industry experience."
1573,Data Scientist,Fenwick Pharma,"New York, NY",2026-01-20,Data Scientist,159000,"We are looking for a Data Scientist to join our growing team at Fenwick Pharma. You will work closely with cross-functional stakeholders to turn data into actionable insight. Key requirements include hands-on experience with SQL, Python, Deep Learning, and PyTorch. The ideal candidate is comfortable working in a fast-paced, collaborative environment and has a strong track record of delivering measurable business impact. Entry-level candidates with strong internship experience are encouraged to apply."
1813,Senior Data Engineer,Pathfinder Travel Tech,"San Francisco, CA",2026-01-20,Data Engineer,128500,"Pathfinder Travel Tech is hiring a Senior Data Engineer to help scale our data capabilities. In this role you'll design, build, and maintain solutions using BigQuery, Kafka, Spark, dbt, and Airflow. We're looking for someone with strong problem-solving skills, excellent communication, and a passion for data-driven decision making. Ideal for candidates with 4-6 years of industry experience."
1938,Cloud Data Engineer,Nimbus Analytics,"Los Angeles, CA",2026-01-20,Data Engineer,143500,"As a Cloud Data Engineer at Nimbus Analytics, you will partner with engineering and product teams to deliver high-quality, reliable solutions. Required skills: dbt, SQL, Data warehousing, ETL, Kafka, Python, and BigQuery. Bonus points if you have experience mentoring junior team members and contributing to a strong engineering culture. Entry-level candidates with strong internship experience are encouraged to apply."
614,Senior Software Engineer,Willow Health Systems,"Austin, TX",2026-01-21,Software Engineer,95500,"Join Willow Health Systems as a Senior Software Engineer! You'll be responsible for building and maintaining systems that rely on Java, Git, REST API, Python, and PostgreSQL. This is a great opportunity for someone who enjoys solving complex problems and working with a talented, supportive team. Entry-level candidates with strong internship experience are encouraged to apply."
661,Platform Engineer,Evergreen Logistics,"Denver, CO",2026-01-21,Software Engineer,149000,"As a Platform Engineer at Evergreen Logistics, you will partner with engineering and product teams to deliver high-quality, reliable solutions. Required skills: Kubernetes, Java, Git, and Python. Bonus points if you have experience mentoring junior team members and contributing to a strong engineering culture. Ideal for candidates with 4-6 years of industry experience."
355,Big Data Engineer,Marlin Shipping,"New York, NY",2026-01-22,Data Engineer,170500,"Marlin Shipping is hiring a Big Data Engineer to help scale our data capabilities. In this role you'll design, build, and maintain solutions using Python, Snowflake, dbt, AWS, SQL, Airflow, and NoSQL. We're looking for someone with strong problem-solving skills, excellent communication, and a passion for data-driven decision making. 5+ years of professional experience required."
1252,Senior Data Scientist,Evergreen Logistics,Remote,2026-01-22,Data Scientist,109000,"Join Evergreen Logistics as a Senior Data Scientist! You'll be responsible for building and maintaining systems that rely on Power BI, Machine Learning, Deep Learning, Spark, Tableau, AWS, and NLP. This is a great opportunity for someone who enjoys solving complex problems and working with a talented, supportive team. 3+ years of relevant experience preferred."
1468,Data Scientist,Anchor Payments,"Seattle, WA",2026-01-22,Data Scientist,196500,"Join Anchor Payments as a Data Scientist! You'll be responsible for building and maintaining systems that rely on TensorFlow, SQL, AWS, Deep Learning, R, and Statistics. This is a great opportunity for someone who enjoys solving complex problems and working with a talented, supportive team. Ideal for candidates with 4-6 years of industry experience."
1607,BI Analyst,Lighthouse AI,"Los Angeles, CA",2026-01-22,Data Analyst,97500,"We are looking for a BI Analyst to join our growing team at Lighthouse AI. You will work closely with cross-functional stakeholders to turn data into actionable insight. Key requirements include hands-on experience with SQL, Git, Statistics, Python, Looker, and Data warehousing. The ideal candidate is comfortable working in a fast-paced, collaborative environment and has a strong track record of delivering measurable business impact. 5+ years of professional experience required."
1951,Machine Learning Engineer,Quantum Retail Group,"Mumbai, India",2026-01-22,ML Engineer,43500,"Join Quantum Retail Group as a Machine Learning Engineer! You'll be responsible for building and maintaining systems that rely on TensorFlow, Docker, Kubernetes, and PyTorch. This is a great opportunity for someone who enjoys solving complex problems and working with a talented, supportive team. Entry-level candidates with strong internship experience are encouraged to apply."
488,Business Data Analyst,Tundra Telecom,"Seattle, WA",2026-01-23,Data Analyst,101000,"Join Tundra Telecom as a Business Data Analyst! You'll be responsible for building and maintaining systems that rely on SQL, Power BI, Python, Google Cloud Platform, Statistics, Tableau, and A/B testing. This is a great opportunity for someone who enjoys solving complex problems and working with a talented, supportive team. 5+ years of professional experience required."
955,Analytics Engineer,Pixel & Co,"Bengaluru, India",2026-01-23,Data Engineer,37500,"As a Analytics Engineer at Pixel & Co, you will partner with engineering and product teams to deliver high-quality, reliable solutions. Required skills: ETL, Airflow, Python, and BigQuery. Bonus points if you have experience mentoring junior team members and contributing to a strong engineering culture. 3+ years of relevant experience preferred."
1770,BI Analyst,Cortex Systems,"Mumbai, India",2026-01-23,Data Analyst,35000,"Cortex Systems seeks an experienced BI Analyst to support our expanding analytics function. Day-to-day responsibilities include working with SQL, Excel, Python, Power BI, ETL, Tableau, and A/B testing to build scalable, production-grade systems. We value curiosity, ownership, and clear communication. 3+ years of relevant experience preferred."
810,Platform Engineer,Meridian Health Analytics,"Bengaluru, India",2026-01-24,Software Engineer,51500,"As a Platform Engineer at Meridian Health Analytics, you will partner with engineering and product teams to deliver high-quality, reliable solutions. Required skills: Java, JavaScript, PostgreSQL, and Git. Bonus points if you have experience mentoring junior team members and contributing to a strong engineering culture. Ideal for candidates with 4-6 years of industry experience."
1427,Data Scientist,Orbit Financial Services,"New York, NY",2026-01-24,Data Scientist,131500,"As a Data Scientist at Orbit Financial Services, you will partner with engineering and product teams to deliver high-quality, reliable solutions. Required skills: NLP, Deep Learning, SQL, and A/B testing. Bonus points if you have experience mentoring junior team members and contributing to a strong engineering culture. Minimum of 2 years in a similar role."
259,Applied Data Scientist,Opaline Cosmetics Analytics,"Denver, CO",2026-01-25,Data Scientist,150000,"We are looking for a Applied Data Scientist to join our growing team at Opaline Cosmetics Analytics. You will work closely with cross-functional stakeholders to turn data into actionable insight. Key requirements include hands-on experience with Scikit-learn, Machine Learning, Computer Vision, Deep Learning, Tableau, and NLP. The ideal candidate is comfortable working in a fast-paced, collaborative environment and has a strong track record of delivering measurable business impact. Minimum of 2 years in a similar role."
518,Senior ML Engineer,Riverstone Tech,Remote,2026-01-25,ML Engineer,144000,"Riverstone Tech is hiring a Senior ML Engineer to help scale our data capabilities. In this role you'll design, build, and maintain solutions using TensorFlow, Docker, Python, and PyTorch. We're looking for someone with strong problem-solving skills, excellent communication, and a passion for data-driven decision making. Entry-level candidates with strong internship experience are encouraged to apply."
543,Cloud Data Engineer,Juniper Cybersecurity,"New York, NY",2026-01-25,Data Engineer,206500,"We are looking for a Cloud Data Engineer to join our growing team at Juniper Cybersecurity. You will work closely with cross-functional stakeholders to turn data into actionable insight. Key requirements include hands-on experience with Snowflake, ETL, Airflow, Python, Kafka, Spark, and SQL. The ideal candidate is comfortable working in a fast-paced, collaborative environment and has a strong track record of delivering measurable business impact. Ideal for candidates with 4-6 years of industry experience."
1039,Data Analyst,Pixel & Co,"Austin, TX",2026-01-25,Data Analyst,74000,"Pixel & Co is hiring a Data Analyst to help scale our data capabilities. In this role you'll design, build, and maintain solutions using R, Excel, Python, Power BI, Tableau, and SQL. We're looking for someone with strong problem-solving skills, excellent communication, and a passion for data-driven decision making. 3+ years of relevant experience preferred."
1093,Data Engineer,Nova Insurance,"Mumbai, India",2026-01-25,Data Engineer,44000,"As a Data Engineer at Nova Insurance, you will partner with engineering and product teams to deliver high-quality, reliable solutions. Required skills: BigQuery, Redshift, Azure, SQL, Snowflake, dbt, and AWS. Bonus points if you have experience mentoring junior team members and contributing to a strong engineering culture. Ideal for candidates with 4-6 years of industry experience."
1549,Platform Engineer,Lumina Commerce,"Hyderabad, India",2026-01-25,Software Engineer,42500,"We are looking for a Platform Engineer to join our growing team at Lumina Commerce. You will work closely with cross-functional stakeholders to turn data into actionable insight. Key requirements include hands-on experience with SQL, JavaScript, Docker, and Git. The ideal candidate is comfortable working in a fast-paced, collaborative environment and has a strong track record of delivering measurable business impact. 3+ years of relevant experience preferred."
1806,Senior Software Engineer,Quicksilver Payments,"Los Angeles, CA",2026-01-25,Software Engineer,142500,"Quicksilver Payments seeks an experienced Senior Software Engineer to support our expanding analytics function. Day-to-day responsibilities include working with JavaScript, Git, Java, and MongoDB to build scalable, production-grade systems. We value curiosity, ownership, and clear communication. 5+ years of professional experience required."
811,Marketing Data Analyst,Ironclad Security,"Bengaluru, India",2026-01-26,Data Analyst,29000,"Ironclad Security is hiring a Marketing Data Analyst to help scale our data capabilities. In this role you'll design, build, and maintain solutions using Tableau, SQL, A/B testing, Python, Excel, Data warehousing, and Power BI. We're looking for someone with strong problem-solving skills, excellent communication, and a passion for data-driven decision making. Ideal for candidates with 4-6 years of industry experience."
1146,Software Engineer,Harbor Robotics,Singapore,2026-01-26,Software Engineer,132500,"Join Harbor Robotics as a Software Engineer! You'll be responsible for building and maintaining systems that rely on Java, Agile, Git, and SQL. This is a great opportunity for someone who enjoys solving complex problems and working with a talented, supportive team. Minimum of 2 years in a similar role."
1422,Senior Data Analyst,Rustic Agritech,"Los Angeles, CA",2026-01-26,Data Analyst,84500,"We are looking for a Senior Data Analyst to join our growing team at Rustic Agritech. You will work closely with cross-functional stakeholders to turn data into actionable insight. Key requirements include hands-on experience with Tableau, Excel, ETL, Power BI, SQL, and Statistics. The ideal candidate is comfortable working in a fast-paced, collaborative environment and has a strong track record of delivering measurable business impact. 5+ years of professional experience required."
1614,Senior Software Engineer,Sable Energy,"Denver, CO",2026-01-26,Software Engineer,94500,"As a Senior Software Engineer at Sable Energy, you will partner with engineering and product teams to deliver high-quality, reliable solutions. Required skills: Docker, SQL, AWS, Agile, and REST API. Bonus points if you have experience mentoring junior team members and contributing to a strong engineering culture. 3+ years of relevant experience preferred."
1713,Applied ML Engineer,Kestrel Media Group,"Washington, DC",2026-01-26,ML Engineer,179000,"We are looking for a Applied ML Engineer to join our growing team at Kestrel Media Group. You will work closely with cross-functional stakeholders to turn data into actionable insight. Key requirements include hands-on experience with AWS, Kubernetes, Git, Docker, Machine Learning, and TensorFlow. The ideal candidate is comfortable working in a fast-paced, collaborative environment and has a strong track record of delivering measurable business impact. Entry-level candidates with strong internship experience are encouraged to apply."
1865,Senior Software Engineer,Summit Cloud Solutions,"Chicago, IL",2026-01-26,Software Engineer,133500,"Summit Cloud Solutions seeks an experienced Senior Software Engineer to support our expanding analytics function. Day-to-day responsibilities include working with Java, SQL, REST API, Agile, Git, and PostgreSQL to build scalable, production-grade systems. We value curiosity, ownership, and clear communication. Ideal for candidates with 4-6 years of industry experience."
1936,Senior Data Engineer,Nova Insurance,Remote,2026-01-26,Data Engineer,118500,"Nova Insurance is hiring a Senior Data Engineer to help scale our data capabilities. In this role you'll design, build, and maintain solutions using ETL, AWS, SQL, and Python. We're looking for someone with strong problem-solving skills, excellent communication, and a passion for data-driven decision making. Entry-level candidates with strong internship experience are encouraged to apply."
1712,ETL Developer,Echo Streaming,"Mumbai, India",2026-01-27,Data Engineer,45000,"Echo Streaming is hiring a ETL Developer to help scale our data capabilities. In this role you'll design, build, and maintain solutions using NoSQL, Kafka, Airflow, SQL, AWS, Python, and Data warehousing. We're looking for someone with strong problem-solving skills, excellent communication, and a passion for data-driven decision making. 5+ years of professional experience required."
130,Big Data Engineer,Kestrel Media Group,"Hyderabad, India",2026-01-28,Data Engineer,54500,"As a Big Data Engineer at Kestrel Media Group, you will partner with engineering and product teams to deliver high-quality, reliable solutions. Required skills: Kafka, SQL, Airflow, and AWS. Bonus points if you have experience mentoring junior team members and contributing to a strong engineering culture. Ideal for candidates with 4-6 years of industry experience."
146,Lead Data Scientist,Opaline Cosmetics Analytics,"Mumbai, India",2026-01-28,Data Scientist,45500,"We are looking for a Lead Data Scientist to join our growing team at Opaline Cosmetics Analytics. You will work closely with cross-functional stakeholders to turn data into actionable insight. Key requirements include hands-on experience with PyTorch, Machine Learning, NLP, R, Scikit-learn, and Python. The ideal candidate is comfortable working in a fast-paced, collaborative environment and has a strong track record of delivering measurable business impact. Minimum of 2 years in a similar role."
235,Reporting Analyst,Meridian Health Analytics,"Bengaluru, India",2026-01-28,Data Analyst,34000,"As a Reporting Analyst at Meridian Health Analytics, you will partner with engineering and product teams to deliver high-quality, reliable solutions. Required skills: Statistics, Data warehousing, Looker, Excel, Tableau, and SQL. Bonus points if you have experience mentoring junior team members and contributing to a strong engineering culture. Entry-level candidates with strong internship experience are encouraged to apply."
352,Data Scientist II,Junction Mobility,"Austin, TX",2026-01-28,Data Scientist,138000,"As a Data Scientist II at Junction Mobility, you will partner with engineering and product teams to deliver high-quality, reliable solutions. Required skills: SQL, Statistics, A/B testing, Python, Tableau, and Machine Learning. Bonus points if you have experience mentoring junior team members and contributing to a strong engineering culture. Minimum of 2 years in a similar role."
408,Data Scientist,DataForge Inc,Remote,2026-01-28,Data Scientist,113500,"Join DataForge Inc as a Data Scientist! You'll be responsible for building and maintaining systems that rely on Machine Learning, AWS, A/B testing, Deep Learning, Statistics, and TensorFlow. This is a great opportunity for someone who enjoys solving complex problems and working with a talented, supportive team. Minimum of 2 years in a similar role."
1245,BI Analyst,Nectar Foods,Remote,2026-01-28,Data Analyst,59000,"Join Nectar Foods as a BI Analyst! You'll be responsible for building and maintaining systems that rely on Excel, SQL, Tableau, and Power BI. This is a great opportunity for someone who enjoys solving complex problems and working with a talented, supportive team. Entry-level candidates with strong internship experience are encouraged to apply."
1355,Software Engineer,Marlin Shipping,"Austin, TX",2026-01-28,Software Engineer,120500,"Join Marlin Shipping as a Software Engineer! You'll be responsible for building and maintaining systems that rely on Git, MongoDB, Agile, NoSQL, JavaScript, Linux, and REST API. This is a great opportunity for someone who enjoys solving complex problems and working with a talented, supportive team. Ideal for candidates with 4-6 years of industry experience."
1649,Marketing Data Analyst,Brightline Education,"San Francisco, CA",2026-01-28,Data Analyst,100000,"We are looking for a Marketing Data Analyst to join our growing team at Brightline Education. You will work closely with cross-functional stakeholders to turn data into actionable insight. Key requirements include hands-on experience with Tableau, SQL, Python, Google Cloud Platform, Excel, R, and Statistics. The ideal candidate is comfortable working in a fast-paced, collaborative environment and has a strong track record of delivering measurable business impact. Entry-level candidates with strong internship experience are encouraged to apply."
180,Software Development Engineer,Ironclad Security,"New York, NY",2026-01-29,Software Engineer,122000,"We are looking for a Software Development Engineer to join our growing team at Ironclad Security. You will work closely with cross-functional stakeholders to turn data into actionable insight. Key requirements include hands-on experience with PostgreSQL, Java, AWS, and REST API. The ideal candidate is comfortable working in a fast-paced, collaborative environment and has a strong track record of delivering measurable business impact. Entry-level candidates with strong internship experience are encouraged to apply."
367,Senior Data Scientist,Ivory Real Estate Tech,"Pune, India",2026-01-29,Data Scientist,50000,"Join Ivory Real Estate Tech as a Senior Data Scientist! You'll be responsible for building and maintaining systems that rely on Machine Learning, Python, PyTorch, and AWS. This is a great opportunity for someone who enjoys solving complex problems and working with a talented, supportive team. Entry-level candidates with strong internship experience are encouraged to apply."
440,Business Data Analyst,Echo Streaming,"Los Angeles, CA",2026-01-29,Data Analyst,109000,"We are looking for a Business Data Analyst to join our growing team at Echo Streaming. You will work closely with cross-functional stakeholders to turn data into actionable insight. Key requirements include hands-on experience with Statistics, R, Looker, Git, Python, Tableau, and Power BI. The ideal candidate is comfortable working in a fast-paced, collaborative environment and has a strong track record of delivering measurable business impact. Minimum of 2 years in a similar role."
476,Backend Engineer,Willow Health Systems,"Chicago, IL",2026-01-29,Software Engineer,109000,"Join Willow Health Systems as a Backend Engineer! You'll be responsible for building and maintaining systems that rely on SQL, Python, REST API, and AWS. This is a great opportunity for someone who enjoys solving complex problems and working with a talented, supportive team. Ideal for candidates with 4-6 years of industry experience."
666,Deep Learning Engineer,Falcon FinTech,"Hyderabad, India",2026-01-29,ML Engineer,63500,"Falcon FinTech seeks an experienced Deep Learning Engineer to support our expanding analytics function. Day-to-day responsibilities include working with PyTorch, Deep Learning, Docker, Python, Spark, and Machine Learning to build scalable, production-grade systems. We value curiosity, ownership, and clear communication. 5+ years of professional experience required."
1023,Platform Engineer,Onyx Manufacturing,"Boston, MA",2026-01-29,Software Engineer,134000,"Onyx Manufacturing is hiring a Platform Engineer to help scale our data capabilities. In this role you'll design, build, and maintain solutions using AWS, Agile, JavaScript, Git, Docker, and C++. We're looking for someone with strong problem-solving skills, excellent communication, and a passion for data-driven decision making. Ideal for candidates with 4-6 years of industry experience."
1239,ML Ops Engineer,Prism Media Analytics,Remote,2026-01-29,ML Engineer,185500,"Prism Media Analytics seeks an experienced ML Ops Engineer to support our expanding analytics function. Day-to-day responsibilities include working with TensorFlow, Python, Scikit-learn, PyTorch, Spark, and NLP to build scalable, production-grade systems. We value curiosity, ownership, and clear communication. Minimum of 2 years in a similar role."
1331,Business Data Analyst,Harbor Robotics,"New York, NY",2026-01-29,Data Analyst,107500,"As a Business Data Analyst at Harbor Robotics, you will partner with engineering and product teams to deliver high-quality, reliable solutions. Required skills: Data warehousing, ETL, Excel, SQL, Git, R, and Python. Bonus points if you have experience mentoring junior team members and contributing to a strong engineering culture. 3+ years of relevant experience preferred."
78,Research Data Scientist,Coral Reef Gaming,"New York, NY",2026-01-30,Data Scientist,135500,"We are looking for a Research Data Scientist to join our growing team at Coral Reef Gaming. You will work closely with cross-functional stakeholders to turn data into actionable insight. Key requirements include hands-on experience with Machine Learning, Statistics, Scikit-learn, and TensorFlow. The ideal candidate is comfortable working in a fast-paced, collaborative environment and has a strong track record of delivering measurable business impact. Minimum of 2 years in a similar role."
353,Backend Engineer,Junction Mobility,"Atlanta, GA",2026-01-30,Software Engineer,113500,"We are looking for a Backend Engineer to join our growing team at Junction Mobility. You will work closely with cross-functional stakeholders to turn data into actionable insight. Key requirements include hands-on experience with C++, MongoDB, PostgreSQL, SQL, NoSQL, and AWS. The ideal candidate is comfortable working in a fast-paced, collaborative environment and has a strong track record of delivering measurable business impact. Ideal for candidates with 4-6 years of industry experience."
725,Senior Data Scientist,DataForge Inc,"Mumbai, India",2026-01-30,Data Scientist,54500,"Join DataForge Inc as a Senior Data Scientist! You'll be responsible for building and maintaining systems that rely on Spark, Machine Learning, A/B testing, TensorFlow, NLP, SQL, and Statistics. This is a great opportunity for someone who enjoys solving complex problems and working with a talented, supportive team. Ideal for candidates with 4-6 years of industry experience."
726,Software Engineer,Granite Data Partners,"Los Angeles, CA",2026-01-30,Software Engineer,137000,"Granite Data Partners is hiring a Software Engineer to help scale our data capabilities. In this role you'll design, build, and maintain solutions using Python, Git, SQL, MongoDB, and JavaScript. We're looking for someone with strong problem-solving skills, excellent communication, and a passion for data-driven decision making. 5+ years of professional experience required."
1003,Data Scientist II,Onyx Manufacturing,"New York, NY",2026-01-30,Data Scientist,107000,"As a Data Scientist II at Onyx Manufacturing, you will partner with engineering and product teams to deliver high-quality, reliable solutions. Required skills: SQL, Python, NLP, Computer Vision, Scikit-learn, and Deep Learning. Bonus points if you have experience mentoring junior team members and contributing to a strong engineering culture. 3+ years of relevant experience preferred."
1501,Software Development Engineer,Nectar Foods,"Atlanta, GA",2026-01-30,Software Engineer,101000,"Nectar Foods is hiring a Software Development Engineer to help scale our data capabilities. In this role you'll design, build, and maintain solutions using Java, Git, JavaScript, and Python. We're looking for someone with strong problem-solving skills, excellent communication, and a passion for data-driven decision making. 5+ years of professional experience required."
1720,Machine Learning Engineer,Willow Health Systems,"Bengaluru, India",2026-01-30,ML Engineer,50500,"Willow Health Systems seeks an experienced Machine Learning Engineer to support our expanding analytics function. Day-to-day responsibilities include working with PyTorch, TensorFlow, AWS, Python, and Computer Vision to build scalable, production-grade systems. We value curiosity, ownership, and clear communication. Minimum of 2 years in a similar role."
404,Research Data Scientist,Gridline Utilities,"Bengaluru, India",2026-01-31,Data Scientist,57000,"We are looking for a Research Data Scientist to join our growing team at Gridline Utilities. You will work closely with cross-functional stakeholders to turn data into actionable insight. Key requirements include hands-on experience with R, PyTorch, Statistics, A/B testing, Machine Learning, and TensorFlow. The ideal candidate is comfortable working in a fast-paced, collaborative environment and has a strong track record of delivering measurable business impact. Entry-level candidates with strong internship experience are encouraged to apply."
1058,Backend Engineer,Summit Cloud Solutions,"Chicago, IL",2026-01-31,Software Engineer,101500,"As a Backend Engineer at Summit Cloud Solutions, you will partner with engineering and product teams to deliver high-quality, reliable solutions. Required skills: Kubernetes, C++, Docker, and JavaScript. Bonus points if you have experience mentoring junior team members and contributing to a strong engineering culture. 3+ years of relevant experience preferred."
1450,Software Engineer,Ivory Real Estate Tech,"Hyderabad, India",2026-01-31,Software Engineer,29000,"Join Ivory Real Estate Tech as a Software Engineer! You'll be responsible for building and maintaining systems that rely on Kubernetes, Docker, Git, SQL, Java, and JavaScript. This is a great opportunity for someone who enjoys solving complex problems and working with a talented, supportive team. Entry-level candidates with strong internship experience are encouraged to apply."
1642,AI Engineer,Lattice Biotech,"Boston, MA",2026-01-31,ML Engineer,178500,"Lattice Biotech seeks an experienced AI Engineer to support our expanding analytics function. Day-to-day responsibilities include working with TensorFlow, PyTorch, Deep Learning, AWS, Machine Learning, Docker, and Kubernetes to build scalable, production-grade systems. We value curiosity, ownership, and clear communication. Minimum of 2 years in a similar role."
1653,Backend Engineer,Skyline Software,"Delhi, India",2026-01-31,Software Engineer,48500,"Join Skyline Software as a Backend Engineer! You'll be responsible for building and maintaining systems that rely on Python, REST API, Agile, SQL, and Git. This is a great opportunity for someone who enjoys solving complex problems and working with a talented, supportive team. 5+ years of professional experience required."
337,Research Data Scientist,Lighthouse AI,"Bengaluru, India",2026-02-01,Data Scientist,51500,"Lighthouse AI seeks an experienced Research Data Scientist to support our expanding analytics function. Day-to-day responsibilities include working with Machine Learning, A/B testing, PyTorch, SQL, Statistics, and R to build scalable, production-grade systems. We value curiosity, ownership, and clear communication. Entry-level candidates with strong internship experience are encouraged to apply."
1311,Business Data Analyst,Junction Mobility,Remote,2026-02-01,Data Analyst,79500,"As a Business Data Analyst at Junction Mobility, you will partner with engineering and product teams to deliver high-quality, reliable solutions. Required skills: Excel, Tableau, Power BI, Data warehousing, and Statistics. Bonus points if you have experience mentoring junior team members and contributing to a strong engineering culture. Ideal for candidates with 4-6 years of industry experience."
1334,Software Development Engineer,Pathfinder Travel Tech,"Toronto, Canada",2026-02-01,Software Engineer,95000,"We are looking for a Software Development Engineer to join our growing team at Pathfinder Travel Tech. You will work closely with cross-functional stakeholders to turn data into actionable insight. Key requirements include hands-on experience with C++, Python, MongoDB, Linux, and Docker. The ideal candidate is comfortable working in a fast-paced, collaborative environment and has a strong track record of delivering measurable business impact. 3+ years of relevant experience preferred."
475,Backend Engineer,Delta Freight Systems,"New York, NY",2026-02-02,Software Engineer,158500,"Join Delta Freight Systems as a Backend Engineer! You'll be responsible for building and maintaining systems that rely on MongoDB, Git, AWS, Python, JavaScript, SQL, and Agile. This is a great opportunity for someone who enjoys solving complex problems and working with a talented, supportive team. Minimum of 2 years in a similar role."
796,Senior Data Scientist,Opaline Cosmetics Analytics,"New York, NY",2026-02-02,Data Scientist,118500,"We are looking for a Senior Data Scientist to join our growing team at Opaline Cosmetics Analytics. You will work closely with cross-functional stakeholders to turn data into actionable insight. Key requirements include hands-on experience with Python, Scikit-learn, Statistics, and Deep Learning. The ideal candidate is comfortable working in a fast-paced, collaborative environment and has a strong track record of delivering measurable business impact. 5+ years of professional experience required."
1041,Applied ML Engineer,Summit Cloud Solutions,"Bengaluru, India",2026-02-02,ML Engineer,76000,"As a Applied ML Engineer at Summit Cloud Solutions, you will partner with engineering and product teams to deliver high-quality, reliable solutions. Required skills: Python, Computer Vision, NLP, Docker, Kubernetes, Azure, and Git. Bonus points if you have experience mentoring junior team members and contributing to a strong engineering culture. Ideal for candidates with 4-6 years of industry experience."
1898,Platform Engineer,Prism Media Analytics,"Pune, India",2026-02-02,Software Engineer,31000,"As a Platform Engineer at Prism Media Analytics, you will partner with engineering and product teams to deliver high-quality, reliable solutions. Required skills: SQL, REST API, C++, Docker, Kubernetes, and Java. Bonus points if you have experience mentoring junior team members and contributing to a strong engineering culture. 5+ years of professional experience required."
1912,ETL Developer,Marlin Shipping,Remote,2026-02-02,Data Engineer,134000,"Marlin Shipping seeks an experienced ETL Developer to support our expanding analytics function. Day-to-day responsibilities include working with Snowflake, Python, BigQuery, Kafka, SQL, ETL, and Spark to build scalable, production-grade systems. We value curiosity, ownership, and clear communication. Minimum of 2 years in a similar role."
710,Data Analyst,Opaline Cosmetics Analytics,"Seattle, WA",2026-02-03,Data Analyst,92500,"Opaline Cosmetics Analytics is hiring a Data Analyst to help scale our data capabilities. In this role you'll design, build, and maintain solutions using Power BI, R, Statistics, Tableau, and SQL. We're looking for someone with strong problem-solving skills, excellent communication, and a passion for data-driven decision making. Ideal for candidates with 4-6 years of industry experience."
1192,Data Engineer,Clearwater Consulting,"Austin, TX",2026-02-03,Data Engineer,149000,"Clearwater Consulting is hiring a Data Engineer to help scale our data capabilities. In this role you'll design, build, and maintain solutions using Spark, AWS, Snowflake, Docker, Azure, and Data warehousing. We're looking for someone with strong problem-solving skills, excellent communication, and a passion for data-driven decision making. Entry-level candidates with strong internship experience are encouraged to apply."
1893,Applied ML Engineer,Lumina Commerce,"Atlanta, GA",2026-02-03,ML Engineer,170000,"As a Applied ML Engineer at Lumina Commerce, you will partner with engineering and product teams to deliver high-quality, reliable solutions. Required skills: Kubernetes, TensorFlow, Machine Learning, and Git. Bonus points if you have experience mentoring junior team members and contributing to a strong engineering culture. Ideal for candidates with 4-6 years of industry experience."
1931,Software Engineer,DataForge Inc,Remote,2026-02-03,Software Engineer,114500,"As a Software Engineer at DataForge Inc, you will partner with engineering and product teams to deliver high-quality, reliable solutions. Required skills: Python, SQL, JavaScript, Java, and Git. Bonus points if you have experience mentoring junior team members and contributing to a strong engineering culture. Ideal for candidates with 4-6 years of industry experience."
1965,Data Scientist II,Bluepeak Technologies,"Mumbai, India",2026-02-03,Data Scientist,50500,"As a Data Scientist II at Bluepeak Technologies, you will partner with engineering and product teams to deliver high-quality, reliable solutions. Required skills: Machine Learning, Python, A/B testing, Statistics, and R. Bonus points if you have experience mentoring junior team members and contributing to a strong engineering culture. Ideal for candidates with 4-6 years of industry experience."
289,Big Data Engineer,Lighthouse AI,"New York, NY",2026-02-04,Data Engineer,155500,"Lighthouse AI seeks an experienced Big Data Engineer to support our expanding analytics function. Day-to-day responsibilities include working with ETL, SQL, Redshift, Airflow, and BigQuery to build scalable, production-grade systems. We value curiosity, ownership, and clear communication. 5+ years of professional experience required."
443,Senior Software Engineer,DataForge Inc,"San Francisco, CA",2026-02-04,Software Engineer,168000,"DataForge Inc seeks an experienced Senior Software Engineer to support our expanding analytics function. Day-to-day responsibilities include working with Kubernetes, Python, Linux, NoSQL, and Java to build scalable, production-grade systems. We value curiosity, ownership, and clear communication. Entry-level candidates with strong internship experience are encouraged to apply."
513,Analytics Engineer,Sable Energy,Remote,2026-02-04,Data Engineer,130500,"We are looking for a Analytics Engineer to join our growing team at Sable Energy. You will work closely with cross-functional stakeholders to turn data into actionable insight. Key requirements include hands-on experience with Google Cloud Platform, Spark, Python, and Kafka. The ideal candidate is comfortable working in a fast-paced, collaborative environment and has a strong track record of delivering measurable business impact. Ideal for candidates with 4-6 years of industry experience."
803,Senior Data Analyst,Lattice Biotech,"New York, NY",2026-02-04,Data Analyst,99000,"We are looking for a Senior Data Analyst to join our growing team at Lattice Biotech. You will work closely with cross-functional stakeholders to turn data into actionable insight. Key requirements include hands-on experience with Excel, Statistics, Power BI, and Google Cloud Platform. The ideal candidate is comfortable working in a fast-paced, collaborative environment and has a strong track record of delivering measurable business impact. Minimum of 2 years in a similar role."
812,Research Data Scientist,Riverstone Tech,Remote,2026-02-04,Data Scientist,98000,"As a Research Data Scientist at Riverstone Tech, you will partner with engineering and product teams to deliver high-quality, reliable solutions. Required skills: SQL, Machine Learning, A/B testing, and Computer Vision. Bonus points if you have experience mentoring junior team members and contributing to a strong engineering culture. Entry-level candidates with strong internship experience are encouraged to apply."
1356,Business Data Analyst,Tundra Telecom,"London, UK",2026-02-04,Data Analyst,74000,"Tundra Telecom seeks an experienced Business Data Analyst to support our expanding analytics function. Day-to-day responsibilities include working with Python, Tableau, Power BI, SQL, ETL, Looker, and Data warehousing to build scalable, production-grade systems. We value curiosity, ownership, and clear communication. Ideal for candidates with 4-6 years of industry experience."
1387,ETL Developer,Coral Reef Gaming,"Toronto, Canada",2026-02-04,Data Engineer,136000,"Join Coral Reef Gaming as a ETL Developer! You'll be responsible for building and maintaining systems that rely on SQL, Spark, Airflow, and dbt. This is a great opportunity for someone who enjoys solving complex problems and working with a talented, supportive team. Minimum of 2 years in a similar role."
1551,Data Scientist,Clearwater Consulting,"Delhi, India",2026-02-04,Data Scientist,52000,"We are looking for a Data Scientist to join our growing team at Clearwater Consulting. You will work closely with cross-functional stakeholders to turn data into actionable insight. Key requirements include hands-on experience with SQL, A/B testing, PyTorch, Scikit-learn, NLP, Statistics, and Python. The ideal candidate is comfortable working in a fast-paced, collaborative environment and has a strong track record of delivering measurable business impact. 3+ years of relevant experience preferred."
1582,Data Engineer,Falcon FinTech,"Chicago, IL",2026-02-04,Data Engineer,137500,"We are looking for a Data Engineer to join our growing team at Falcon FinTech. You will work closely with cross-functional stakeholders to turn data into actionable insight. Key requirements include hands-on experience with Airflow, Redshift, Azure, Spark, AWS, and NoSQL. The ideal candidate is comfortable working in a fast-paced, collaborative environment and has a strong track record of delivering measurable business impact. 3+ years of relevant experience preferred."
1678,Research Data Scientist,Fenwick Pharma,"Pune, India",2026-02-04,Data Scientist,39500,"Join Fenwick Pharma as a Research Data Scientist! You'll be responsible for building and maintaining systems that rely on SQL, Statistics, Python, TensorFlow, PyTorch, and A/B testing. This is a great opportunity for someone who enjoys solving complex problems and working with a talented, supportive team. Ideal for candidates with 4-6 years of industry experience."
135,Senior Data Scientist,Vertex Insight Labs,"Hyderabad, India",2026-02-05,Data Scientist,59500,"Vertex Insight Labs seeks an experienced Senior Data Scientist to support our expanding analytics function. Day-to-day responsibilities include working with SQL, Machine Learning, Python, Power BI, and A/B testing to build scalable, production-grade systems. We value curiosity, ownership, and clear communication. Ideal for candidates with 4-6 years of industry experience."
208,Analytics Engineer,Rustic Agritech,"Chicago, IL",2026-02-05,Data Engineer,173000,"Rustic Agritech is hiring a Analytics Engineer to help scale our data capabilities. In this role you'll design, build, and maintain solutions using Azure, AWS, Google Cloud Platform, Hadoop, Python, Docker, and Kafka. We're looking for someone with strong problem-solving skills, excellent communication, and a passion for data-driven decision making. Entry-level candidates with strong internship experience are encouraged to apply."
472,Senior Software Engineer,Clearwater Consulting,"Denver, CO",2026-02-05,Software Engineer,96500,"Clearwater Consulting is hiring a Senior Software Engineer to help scale our data capabilities. In this role you'll design, build, and maintain solutions using MongoDB, Java, JavaScript, Docker, NoSQL, and SQL. We're looking for someone with strong problem-solving skills, excellent communication, and a passion for data-driven decision making. Minimum of 2 years in a similar role."
642,Senior Data Analyst,Quantum Retail Group,"Seattle, WA",2026-02-05,Data Analyst,85500,"Quantum Retail Group is hiring a Senior Data Analyst to help scale our data capabilities. In this role you'll design, build, and maintain solutions using Excel, SQL, Tableau, Statistics, and Python. We're looking for someone with strong problem-solving skills, excellent communication, and a passion for data-driven decision making. 5+ years of professional experience required."
1443,Senior Data Scientist,Rustic Agritech,"Los Angeles, CA",2026-02-05,Data Scientist,225500,"Rustic Agritech is hiring a Senior Data Scientist to help scale our data capabilities. In this role you'll design, build, and maintain solutions using NLP, A/B testing, Python, and SQL. We're looking for someone with strong problem-solving skills, excellent communication, and a passion for data-driven decision making. Minimum of 2 years in a similar role."
1583,Applied ML Engineer,Onyx Manufacturing,"Bengaluru, India",2026-02-05,ML Engineer,57500,"Onyx Manufacturing seeks an experienced Applied ML Engineer to support our expanding analytics function. Day-to-day responsibilities include working with Machine Learning, Deep Learning, AWS, PyTorch, TensorFlow, Python, and Kubernetes to build scalable, production-grade systems. We value curiosity, ownership, and clear communication. 3+ years of relevant experience preferred."
1588,Platform Engineer,Evergreen Logistics,"Austin, TX",2026-02-05,Software Engineer,134000,"Evergreen Logistics is hiring a Platform Engineer to help scale our data capabilities. In this role you'll design, build, and maintain solutions using Git, SQL, JavaScript, Linux, C++, REST API, and Agile. We're looking for someone with strong problem-solving skills, excellent communication, and a passion for data-driven decision making. Entry-level candidates with strong internship experience are encouraged to apply."
1603,Software Engineer,Keystone Auto Group,"Delhi, India",2026-02-05,Software Engineer,35000,"We are looking for a Software Engineer to join our growing team at Keystone Auto Group. You will work closely with cross-functional stakeholders to turn data into actionable insight. Key requirements include hands-on experience with Python, JavaScript, AWS, and C++. The ideal candidate is comfortable working in a fast-paced, collaborative environment and has a strong track record of delivering measurable business impact. Entry-level candidates with strong internship experience are encouraged to apply."
1808,AI Engineer,Bluepeak Technologies,"Boston, MA",2026-02-05,ML Engineer,162500,"Join Bluepeak Technologies as a AI Engineer! You'll be responsible for building and maintaining systems that rely on Docker, Spark, PyTorch, Airflow, Scikit-learn, and Azure. This is a great opportunity for someone who enjoys solving complex problems and working with a talented, supportive team. Ideal for candidates with 4-6 years of industry experience."
1974,Data Engineer,Quicksilver Payments,"New York, NY",2026-02-05,Data Engineer,173000,"Quicksilver Payments seeks an experienced Data Engineer to support our expanding analytics function. Day-to-day responsibilities include working with AWS, Hadoop, SQL, Spark, ETL, BigQuery, and Snowflake to build scalable, production-grade systems. We value curiosity, ownership, and clear communication. Minimum of 2 years in a similar role."
79,Data Scientist II,Clearwater Consulting,"New York, NY",2026-02-06,Data Scientist,184500,"Clearwater Consulting is hiring a Data Scientist II to help scale our data capabilities. In this role you'll design, build, and maintain solutions using Python, NLP, A/B testing, Computer Vision, Spark, and Machine Learning. We're looking for someone with strong problem-solving skills, excellent communication, and a passion for data-driven decision making. Minimum of 2 years in a similar role."
269,Research Data Scientist,Ivory Real Estate Tech,"Delhi, India",2026-02-06,Data Scientist,57500,"Ivory Real Estate Tech is hiring a Research Data Scientist to help scale our data capabilities. In this role you'll design, build, and maintain solutions using TensorFlow, SQL, Scikit-learn, NLP, and Statistics. We're looking for someone with strong problem-solving skills, excellent communication, and a passion for data-driven decision making. 3+ years of relevant experience preferred."
276,Machine Learning Engineer,Echo Streaming,"Mumbai, India",2026-02-06,ML Engineer,60000,"As a Machine Learning Engineer at Echo Streaming, you will partner with engineering and product teams to deliver high-quality, reliable solutions. Required skills: Kubernetes, PyTorch, Azure, Python, Scikit-learn, Git, and TensorFlow. Bonus points if you have experience mentoring junior team members and contributing to a strong engineering culture. Entry-level candidates with strong internship experience are encouraged to apply."
1121,Applied ML Engineer,Evergreen Logistics,"Toronto, Canada",2026-02-06,ML Engineer,116000,"Evergreen Logistics is hiring a Applied ML Engineer to help scale our data capabilities. In this role you'll design, build, and maintain solutions using Docker, Machine Learning, Python, Scikit-learn, PyTorch, and TensorFlow. We're looking for someone with strong problem-solving skills, excellent communication, and a passion for data-driven decision making. Ideal for candidates with 4-6 years of industry experience."
1401,Deep Learning Engineer,Juniper Cybersecurity,"Atlanta, GA",2026-02-06,ML Engineer,150000,"We are looking for a Deep Learning Engineer to join our growing team at Juniper Cybersecurity. You will work closely with cross-functional stakeholders to turn data into actionable insight. Key requirements include hands-on experience with AWS, PyTorch, Docker, Computer Vision, and Machine Learning. The ideal candidate is comfortable working in a fast-paced, collaborative environment and has a strong track record of delivering measurable business impact. 5+ years of professional experience required."
1832,Analytics Engineer,Summit Cloud Solutions,"Austin, TX",2026-02-06,Data Engineer,118500,"We are looking for a Analytics Engineer to join our growing team at Summit Cloud Solutions. You will work closely with cross-functional stakeholders to turn data into actionable insight. Key requirements include hands-on experience with SQL, Kafka, ETL, and Google Cloud Platform. The ideal candidate is comfortable working in a fast-paced, collaborative environment and has a strong track record of delivering measurable business impact. Entry-level candidates with strong internship experience are encouraged to apply."
1984,ML Ops Engineer,Summit Cloud Solutions,Remote,2026-02-06,ML Engineer,160000,"We are looking for a ML Ops Engineer to join our growing team at Summit Cloud Solutions. You will work closely with cross-functional stakeholders to turn data into actionable insight. Key requirements include hands-on experience with Deep Learning, Git, Kubernetes, AWS, Python, NLP, and TensorFlow. The ideal candidate is comfortable working in a fast-paced, collaborative environment and has a strong track record of delivering measurable business impact. 5+ years of professional experience required."
541,Reporting Analyst,Granite Data Partners,"Bengaluru, India",2026-02-07,Data Analyst,39500,"Granite Data Partners is hiring a Reporting Analyst to help scale our data capabilities. In this role you'll design, build, and maintain solutions using Git, Tableau, Power BI, SQL, Data warehousing, Python, and A/B testing. We're looking for someone with strong problem-solving skills, excellent communication, and a passion for data-driven decision making. 3+ years of relevant experience preferred."
605,Platform Engineer,Clearwater Consulting,"Atlanta, GA",2026-02-07,Software Engineer,119500,"Join Clearwater Consulting as a Platform Engineer! You'll be responsible for building and maintaining systems that rely on Java, C++, REST API, NoSQL, Linux, and Python. This is a great opportunity for someone who enjoys solving complex problems and working with a talented, supportive team. 3+ years of relevant experience preferred."
973,Big Data Engineer,Zenith Aerospace,"Hyderabad, India",2026-02-07,Data Engineer,40500,"As a Big Data Engineer at Zenith Aerospace, you will partner with engineering and product teams to deliver high-quality, reliable solutions. Required skills: ETL, Redshift, Python, AWS, Data warehousing, and Hadoop. Bonus points if you have experience mentoring junior team members and contributing to a strong engineering culture. 5+ years of professional experience required."
1166,Senior Data Scientist,Summit Cloud Solutions,"Austin, TX",2026-02-07,Data Scientist,123500,"As a Senior Data Scientist at Summit Cloud Solutions, you will partner with engineering and product teams to deliver high-quality, reliable solutions. Required skills: PyTorch, SQL, Machine Learning, Statistics, Tableau, and TensorFlow. Bonus points if you have experience mentoring junior team members and contributing to a strong engineering culture. Ideal for candidates with 4-6 years of industry experience."
1173,Data Scientist II,Pixel & Co,"Boston, MA",2026-02-07,Data Scientist,119000,"As a Data Scientist II at Pixel & Co, you will partner with engineering and product teams to deliver high-quality, reliable solutions. Required skills: Deep Learning, TensorFlow, SQL, Scikit-learn, and A/B testing. Bonus points if you have experience mentoring junior team members and contributing to a strong engineering culture. 5+ years of professional experience required."
1213,Reporting Analyst,Nimbus Analytics,"New York, NY",2026-02-07,Data Analyst,96000,"Nimbus Analytics is hiring a Reporting Analyst to help scale our data capabilities. In this role you'll design, build, and maintain solutions using Data warehousing, Excel, Power BI, Statistics, and Tableau. We're looking for someone with strong problem-solving skills, excellent communication, and a passion for data-driven decision making. 5+ years of professional experience required."
1454,Research Data Scientist,Lighthouse AI,"Delhi, India",2026-02-07,Data Scientist,52000,"We are looking for a Research Data Scientist to join our growing team at Lighthouse AI. You will work closely with cross-functional stakeholders to turn data into actionable insight. Key requirements include hands-on experience with Deep Learning, Machine Learning, Python, AWS, SQL, and Statistics. The ideal candidate is comfortable working in a fast-paced, collaborative environment and has a strong track record of delivering measurable business impact. 5+ years of professional experience required."
1513,Senior ML Engineer,Pathfinder Travel Tech,"San Francisco, CA",2026-02-07,ML Engineer,190000,"As a Senior ML Engineer at Pathfinder Travel Tech, you will partner with engineering and product teams to deliver high-quality, reliable solutions. Required skills: Docker, Deep Learning, Python, and Kubernetes. Bonus points if you have experience mentoring junior team members and contributing to a strong engineering culture. Ideal for candidates with 4-6 years of industry experience."
1709,ETL Developer,Junction Mobility,"Denver, CO",2026-02-07,Data Engineer,129000,"As a ETL Developer at Junction Mobility, you will partner with engineering and product teams to deliver high-quality, reliable solutions. Required skills: BigQuery, ETL, Hadoop, and dbt. Bonus points if you have experience mentoring junior team members and contributing to a strong engineering culture. 3+ years of relevant experience preferred."
85,Software Engineer,Ironclad Security,"Hyderabad, India",2026-02-08,Software Engineer,41000,"Ironclad Security is hiring a Software Engineer to help scale our data capabilities. In this role you'll design, build, and maintain solutions using Git, AWS, Docker, NoSQL, Python, Java, and REST API. We're looking for someone with strong problem-solving skills, excellent communication, and a passion for data-driven decision making. 3+ years of relevant experience preferred."
1128,Cloud Data Engineer,Quantum Retail Group,"Denver, CO",2026-02-08,Data Engineer,142000,"Quantum Retail Group seeks an experienced Cloud Data Engineer to support our expanding analytics function. Day-to-day responsibilities include working with AWS, Google Cloud Platform, BigQuery, Hadoop, ETL, and Kafka to build scalable, production-grade systems. We value curiosity, ownership, and clear communication. Entry-level candidates with strong internship experience are encouraged to apply."
1655,Junior Data Analyst,Juniper Cybersecurity,"Hyderabad, India",2026-02-08,Data Analyst,31500,"Juniper Cybersecurity seeks an experienced Junior Data Analyst to support our expanding analytics function. Day-to-day responsibilities include working with Tableau, Looker, Power BI, Excel, Python, and Statistics to build scalable, production-grade systems. We value curiosity, ownership, and clear communication. 3+ years of relevant experience preferred."
1665,Data Analyst,Sable Energy,"Mumbai, India",2026-02-08,Data Analyst,27500,"We are looking for a Data Analyst to join our growing team at Sable Energy. You will work closely with cross-functional stakeholders to turn data into actionable insight. Key requirements include hands-on experience with A/B testing, Python, SQL, Excel, and Tableau. The ideal candidate is comfortable working in a fast-paced, collaborative environment and has a strong track record of delivering measurable business impact. Entry-level candidates with strong internship experience are encouraged to apply."
1879,ETL Developer,Gridline Utilities,"Toronto, Canada",2026-02-08,Data Engineer,95000,"We are looking for a ETL Developer to join our growing team at Gridline Utilities. You will work closely with cross-functional stakeholders to turn data into actionable insight. Key requirements include hands-on experience with SQL, Spark, Kafka, Hadoop, dbt, Redshift, and AWS. The ideal candidate is comfortable working in a fast-paced, collaborative environment and has a strong track record of delivering measurable business impact. Ideal for candidates with 4-6 years of industry experience."
293,Data Scientist II,Pathfinder Travel Tech,Remote,2026-02-09,Data Scientist,103000,"Join Pathfinder Travel Tech as a Data Scientist II! You'll be responsible for building and maintaining systems that rely on Scikit-learn, Statistics, Python, PyTorch, Deep Learning, AWS, and NLP. This is a great opportunity for someone who enjoys solving complex problems and working with a talented, supportive team. Minimum of 2 years in a similar role."
793,Research Data Scientist,Ironclad Security,"Austin, TX",2026-02-09,Data Scientist,121500,"Ironclad Security is hiring a Research Data Scientist to help scale our data capabilities. In this role you'll design, build, and maintain solutions using A/B testing, NLP, AWS, and TensorFlow. We're looking for someone with strong problem-solving skills, excellent communication, and a passion for data-driven decision making. 3+ years of relevant experience preferred."
1098,Data Scientist,Nova Insurance,"Boston, MA",2026-02-09,Data Scientist,152000,"As a Data Scientist at Nova Insurance, you will partner with engineering and product teams to deliver high-quality, reliable solutions. Required skills: Computer Vision, Statistics, SQL, Machine Learning, R, and Python. Bonus points if you have experience mentoring junior team members and contributing to a strong engineering culture. Minimum of 2 years in a similar role."
1225,Research Data Scientist,Vertex Insight Labs,"New York, NY",2026-02-09,Data Scientist,193500,"As a Research Data Scientist at Vertex Insight Labs, you will partner with engineering and product teams to deliver high-quality, reliable solutions. Required skills: Python, AWS, PyTorch, A/B testing, R, Scikit-learn, and TensorFlow. Bonus points if you have experience mentoring junior team members and contributing to a strong engineering culture. Entry-level candidates with strong internship experience are encouraged to apply."
1719,Lead Data Scientist,Delta Freight Systems,Singapore,2026-02-09,Data Scientist,99000,"Delta Freight Systems seeks an experienced Lead Data Scientist to support our expanding analytics function. Day-to-day responsibilities include working with Scikit-learn, Spark, SQL, and R to build scalable, production-grade systems. We value curiosity, ownership, and clear communication. Entry-level candidates with strong internship experience are encouraged to apply."
1962,ETL Developer,Quicksilver Payments,"Berlin, Germany",2026-02-09,Data Engineer,141500,"Quicksilver Payments is hiring a ETL Developer to help scale our data capabilities. In this role you'll design, build, and maintain solutions using Docker, Python, dbt, Spark, ETL, and SQL. We're looking for someone with strong problem-solving skills, excellent communication, and a passion for data-driven decision making. Minimum of 2 years in a similar role."
655,Senior Data Engineer,Redwood Bank,"Mumbai, India",2026-02-10,Data Engineer,47000,"Redwood Bank seeks an experienced Senior Data Engineer to support our expanding analytics function. Day-to-day responsibilities include working with Kafka, BigQuery, Spark, Python, ETL, and Airflow to build scalable, production-grade systems. We value curiosity, ownership, and clear communication. 5+ years of professional experience required."
926,Lead Data Scientist,Sable Energy,"Denver, CO",2026-02-10,Data Scientist,142000,"As a Lead Data Scientist at Sable Energy, you will partner with engineering and product teams to deliver high-quality, reliable solutions. Required skills: Machine Learning, Scikit-learn, Python, and Spark. Bonus points if you have experience mentoring junior team members and contributing to a strong engineering culture. 5+ years of professional experience required."
1087,ETL Developer,Quantum Retail Group,"Delhi, India",2026-02-10,Data Engineer,44000,"Join Quantum Retail Group as a ETL Developer! You'll be responsible for building and maintaining systems that rely on SQL, Redshift, Docker, Spark, Azure, and Kafka. This is a great opportunity for someone who enjoys solving complex problems and working with a talented, supportive team. 5+ years of professional experience required."
1470,Data Scientist,Pixel & Co,"Pune, India",2026-02-10,Data Scientist,54500,"As a Data Scientist at Pixel & Co, you will partner with engineering and product teams to deliver high-quality, reliable solutions. Required skills: Scikit-learn, Spark, Computer Vision, NLP, and SQL. Bonus points if you have experience mentoring junior team members and contributing to a strong engineering culture. 3+ years of relevant experience preferred."
1599,Business Data Analyst,Pixel & Co,"Boston, MA",2026-02-10,Data Analyst,88000,"We are looking for a Business Data Analyst to join our growing team at Pixel & Co. You will work closely with cross-functional stakeholders to turn data into actionable insight. Key requirements include hands-on experience with Python, Excel, MongoDB, Tableau, Power BI, ETL, and Looker. The ideal candidate is comfortable working in a fast-paced, collaborative environment and has a strong track record of delivering measurable business impact. Minimum of 2 years in a similar role."
42,Applied Data Scientist,Northwind Digital,"Dublin, Ireland",2026-02-11,Data Scientist,128000,"Northwind Digital is hiring a Applied Data Scientist to help scale our data capabilities. In this role you'll design, build, and maintain solutions using Statistics, Machine Learning, Deep Learning, PyTorch, NLP, and SQL. We're looking for someone with strong problem-solving skills, excellent communication, and a passion for data-driven decision making. Minimum of 2 years in a similar role."
1097,Reporting Analyst,Redwood Bank,"San Francisco, CA",2026-02-11,Data Analyst,119000,"We are looking for a Reporting Analyst to join our growing team at Redwood Bank. You will work closely with cross-functional stakeholders to turn data into actionable insight. Key requirements include hands-on experience with R, Excel, ETL, Statistics, Data warehousing, and Tableau. The ideal candidate is comfortable working in a fast-paced, collaborative environment and has a strong track record of delivering measurable business impact. Ideal for candidates with 4-6 years of industry experience."
1812,BI Analyst,Kestrel Media Group,"Chicago, IL",2026-02-11,Data Analyst,79500,"As a BI Analyst at Kestrel Media Group, you will partner with engineering and product teams to deliver high-quality, reliable solutions. Required skills: Power BI, Git, Statistics, A/B testing, Python, Looker, and ETL. Bonus points if you have experience mentoring junior team members and contributing to a strong engineering culture. 3+ years of relevant experience preferred."
147,Junior Data Analyst,Coral Reef Gaming,"San Francisco, CA",2026-02-12,Data Analyst,109500,"Join Coral Reef Gaming as a Junior Data Analyst! You'll be responsible for building and maintaining systems that rely on Excel, Python, Git, Statistics, Tableau, and R. This is a great opportunity for someone who enjoys solving complex problems and working with a talented, supportive team. Minimum of 2 years in a similar role."
1011,AI Engineer,Summit Cloud Solutions,"San Francisco, CA",2026-02-12,ML Engineer,171000,"Summit Cloud Solutions seeks an experienced AI Engineer to support our expanding analytics function. Day-to-day responsibilities include working with Python, Docker, Spark, AWS, and NLP to build scalable, production-grade systems. We value curiosity, ownership, and clear communication. Minimum of 2 years in a similar role."
1014,Full Stack Developer,Orbit Financial Services,"San Francisco, CA",2026-02-12,Software Engineer,130500,"Join Orbit Financial Services as a Full Stack Developer! You'll be responsible for building and maintaining systems that rely on Git, Java, Linux, PostgreSQL, and Agile. This is a great opportunity for someone who enjoys solving complex problems and working with a talented, supportive team. 3+ years of relevant experience preferred."
1042,Senior Software Engineer,Vertex Insight Labs,"London, UK",2026-02-12,Software Engineer,82000,"Vertex Insight Labs seeks an experienced Senior Software Engineer to support our expanding analytics function. Day-to-day responsibilities include working with Linux, NoSQL, Git, Java, and AWS to build scalable, production-grade systems. We value curiosity, ownership, and clear communication. Minimum of 2 years in a similar role."
1289,Big Data Engineer,Ivory Real Estate Tech,"Pune, India",2026-02-12,Data Engineer,53000,"We are looking for a Big Data Engineer to join our growing team at Ivory Real Estate Tech. You will work closely with cross-functional stakeholders to turn data into actionable insight. Key requirements include hands-on experience with ETL, Azure, AWS, and Airflow. The ideal candidate is comfortable working in a fast-paced, collaborative environment and has a strong track record of delivering measurable business impact. 3+ years of relevant experience preferred."
1482,Senior Data Engineer,Riverstone Tech,"San Francisco, CA",2026-02-12,Data Engineer,204500,"We are looking for a Senior Data Engineer to join our growing team at Riverstone Tech. You will work closely with cross-functional stakeholders to turn data into actionable insight. Key requirements include hands-on experience with Python, BigQuery, Data warehousing, and SQL. The ideal candidate is comfortable working in a fast-paced, collaborative environment and has a strong track record of delivering measurable business impact. 5+ years of professional experience required."
1601,Big Data Engineer,Hilltop Ventures,"New York, NY",2026-02-12,Data Engineer,146000,"As a Big Data Engineer at Hilltop Ventures, you will partner with engineering and product teams to deliver high-quality, reliable solutions. Required skills: dbt, SQL, Hadoop, and Spark. Bonus points if you have experience mentoring junior team members and contributing to a strong engineering culture. Entry-level candidates with strong internship experience are encouraged to apply."
1957,Data Scientist II,Evergreen Logistics,"Dublin, Ireland",2026-02-12,Data Scientist,67000,"Evergreen Logistics seeks an experienced Data Scientist II to support our expanding analytics function. Day-to-day responsibilities include working with A/B testing, Scikit-learn, Statistics, and Machine Learning to build scalable, production-grade systems. We value curiosity, ownership, and clear communication. 5+ years of professional experience required."
144,Senior Data Scientist,Meridian Health Analytics,"Berlin, Germany",2026-02-13,Data Scientist,91500,"Meridian Health Analytics is hiring a Senior Data Scientist to help scale our data capabilities. In this role you'll design, build, and maintain solutions using Deep Learning, R, SQL, TensorFlow, Spark, and NLP. We're looking for someone with strong problem-solving skills, excellent communication, and a passion for data-driven decision making. 5+ years of professional experience required."
262,Big Data Engineer,Kestrel Media Group,"Bengaluru, India",2026-02-13,Data Engineer,43000,"Kestrel Media Group is hiring a Big Data Engineer to help scale our data capabilities. In this role you'll design, build, and maintain solutions using Snowflake, Redshift, dbt, ETL, and Azure. We're looking for someone with strong problem-solving skills, excellent communication, and a passion for data-driven decision making. Ideal for candidates with 4-6 years of industry experience."
706,Software Development Engineer,Fenwick Pharma,"Seattle, WA",2026-02-13,Software Engineer,140000,"Join Fenwick Pharma as a Software Development Engineer! You'll be responsible for building and maintaining systems that rely on Docker, Linux, Kubernetes, JavaScript, and Python. This is a great opportunity for someone who enjoys solving complex problems and working with a talented, supportive team. 3+ years of relevant experience preferred."
719,Big Data Engineer,Orbit Financial Services,"San Francisco, CA",2026-02-13,Data Engineer,146000,"Orbit Financial Services is hiring a Big Data Engineer to help scale our data capabilities. In this role you'll design, build, and maintain solutions using Redshift, Snowflake, Kafka, BigQuery, and Python. We're looking for someone with strong problem-solving skills, excellent communication, and a passion for data-driven decision making. 5+ years of professional experience required."
902,Big Data Engineer,Vantage Point Retail,"Hyderabad, India",2026-02-13,Data Engineer,46500,"Vantage Point Retail is hiring a Big Data Engineer to help scale our data capabilities. In this role you'll design, build, and maintain solutions using Python, BigQuery, Spark, Snowflake, ETL, and Azure. We're looking for someone with strong problem-solving skills, excellent communication, and a passion for data-driven decision making. Ideal for candidates with 4-6 years of industry experience."
974,Data Analyst,Fenwick Pharma,"New York, NY",2026-02-13,Data Analyst,102500,"Join Fenwick Pharma as a Data Analyst! You'll be responsible for building and maintaining systems that rely on A/B testing, Tableau, ETL, SQL, R, and Excel. This is a great opportunity for someone who enjoys solving complex problems and working with a talented, supportive team. 3+ years of relevant experience preferred."
1297,Data Analyst,Quantum Retail Group,"Bengaluru, India",2026-02-14,Data Analyst,26000,"Quantum Retail Group seeks an experienced Data Analyst to support our expanding analytics function. Day-to-day responsibilities include working with SQL, Statistics, Tableau, Excel, and Power BI to build scalable, production-grade systems. We value curiosity, ownership, and clear communication. 3+ years of relevant experience preferred."
1416,Data Scientist,Echo Streaming,"Washington, DC",2026-02-14,Data Scientist,111500,"Echo Streaming seeks an experienced Data Scientist to support our expanding analytics function. Day-to-day responsibilities include working with Machine Learning, Scikit-learn, R, Python, SQL, and A/B testing to build scalable, production-grade systems. We value curiosity, ownership, and clear communication. Minimum of 2 years in a similar role."
7,Full Stack Developer,Ivory Real Estate Tech,"Hyderabad, India",2026-02-15,Software Engineer,36000,"We are looking for a Full Stack Developer to join our growing team at Ivory Real Estate Tech. You will work closely with cross-functional stakeholders to turn data into actionable insight. Key requirements include hands-on experience with PostgreSQL, C++, MongoDB, Agile, and Docker. The ideal candidate is comfortable working in a fast-paced, collaborative environment and has a strong track record of delivering measurable business impact. 3+ years of relevant experience preferred."
1425,Reporting Analyst,Rustic Agritech,"Atlanta, GA",2026-02-15,Data Analyst,81500,"Rustic Agritech seeks an experienced Reporting Analyst to support our expanding analytics function. Day-to-day responsibilities include working with Statistics, MongoDB, Looker, SQL, Power BI, Tableau, and R to build scalable, production-grade systems. We value curiosity, ownership, and clear communication. Entry-level candidates with strong internship experience are encouraged to apply."
1606,Full Stack Developer,Lighthouse AI,"Boston, MA",2026-02-15,Software Engineer,134000,"Lighthouse AI seeks an experienced Full Stack Developer to support our expanding analytics function. Day-to-day responsibilities include working with Python, C++, Linux, JavaScript, and Git to build scalable, production-grade systems. We value curiosity, ownership, and clear communication. 5+ years of professional experience required."
1970,Senior Data Scientist,Ironclad Security,"Toronto, Canada",2026-02-15,Data Scientist,116500,"Join Ironclad Security as a Senior Data Scientist! You'll be responsible for building and maintaining systems that rely on A/B testing, Spark, R, Python, Power BI, and TensorFlow. This is a great opportunity for someone who enjoys solving complex problems and working with a talented, supportive team. Minimum of 2 years in a similar role."
1975,Data Scientist,Fenwick Pharma,"Mumbai, India",2026-02-15,Data Scientist,71000,"Join Fenwick Pharma as a Data Scientist! You'll be responsible for building and maintaining systems that rely on SQL, Python, PyTorch, R, Statistics, Deep Learning, and Machine Learning. This is a great opportunity for someone who enjoys solving complex problems and working with a talented, supportive team. Ideal for candidates with 4-6 years of industry experience."
603,BI Analyst,Pixel & Co,"Bengaluru, India",2026-02-16,Data Analyst,29500,"Pixel & Co seeks an experienced BI Analyst to support our expanding analytics function. Day-to-day responsibilities include working with A/B testing, Google Cloud Platform, Tableau, SQL, Power BI, Looker, and R to build scalable, production-grade systems. We value curiosity, ownership, and clear communication. Minimum of 2 years in a similar role."
823,Senior Data Scientist,Delta Freight Systems,"Atlanta, GA",2026-02-16,Data Scientist,101500,"Delta Freight Systems is hiring a Senior Data Scientist to help scale our data capabilities. In this role you'll design, build, and maintain solutions using Statistics, Machine Learning, Spark, PyTorch, Scikit-learn, Power BI, and Deep Learning. We're looking for someone with strong problem-solving skills, excellent communication, and a passion for data-driven decision making. 5+ years of professional experience required."
938,Applied Data Scientist,Riverstone Tech,"New York, NY",2026-02-16,Data Scientist,182000,"As a Applied Data Scientist at Riverstone Tech, you will partner with engineering and product teams to deliver high-quality, reliable solutions. Required skills: Python, Scikit-learn, Machine Learning, Tableau, Deep Learning, PyTorch, and SQL. Bonus points if you have experience mentoring junior team members and contributing to a strong engineering culture. 3+ years of relevant experience preferred."
956,Data Engineer,Brightline Education,"San Francisco, CA",2026-02-16,Data Engineer,215000,"Join Brightline Education as a Data Engineer! You'll be responsible for building and maintaining systems that rely on ETL, Spark, Hadoop, AWS, Python, and SQL. This is a great opportunity for someone who enjoys solving complex problems and working with a talented, supportive team. 3+ years of relevant experience preferred."
1065,Analytics Engineer,Lattice Biotech,"Pune, India",2026-02-16,Data Engineer,40000,"Lattice Biotech is hiring a Analytics Engineer to help scale our data capabilities. In this role you'll design, build, and maintain solutions using Hadoop, Redshift, SQL, dbt, Spark, Kafka, and Airflow. We're looking for someone with strong problem-solving skills, excellent communication, and a passion for data-driven decision making. Ideal for candidates with 4-6 years of industry experience."
1091,Junior Data Analyst,Brightline Education,"Hyderabad, India",2026-02-16,Data Analyst,20000,"We are looking for a Junior Data Analyst to join our growing team at Brightline Education. You will work closely with cross-functional stakeholders to turn data into actionable insight. Key requirements include hands-on experience with Statistics, Power BI, Excel, MongoDB, Google Cloud Platform, Tableau, and R. The ideal candidate is comfortable working in a fast-paced, collaborative environment and has a strong track record of delivering measurable business impact. Entry-level candidates with strong internship experience are encouraged to apply."
1600,Senior ML Engineer,Bluepeak Technologies,"Boston, MA",2026-02-16,ML Engineer,179500,"Bluepeak Technologies seeks an experienced Senior ML Engineer to support our expanding analytics function. Day-to-day responsibilities include working with Python, Docker, Airflow, Deep Learning, TensorFlow, and Computer Vision to build scalable, production-grade systems. We value curiosity, ownership, and clear communication. 5+ years of professional experience required."
1956,Senior Data Engineer,Vantage Point Retail,"Bengaluru, India",2026-02-16,Data Engineer,42000,"Vantage Point Retail is hiring a Senior Data Engineer to help scale our data capabilities. In this role you'll design, build, and maintain solutions using Airflow, Hadoop, Azure, Python, and AWS. We're looking for someone with strong problem-solving skills, excellent communication, and a passion for data-driven decision making. 5+ years of professional experience required."
860,Data Engineer,Echo Streaming,"Bengaluru, India",2026-02-17,Data Engineer,41500,"As a Data Engineer at Echo Streaming, you will partner with engineering and product teams to deliver high-quality, reliable solutions. Required skills: ETL, Hadoop, Docker, AWS, Redshift, and Azure. Bonus points if you have experience mentoring junior team members and contributing to a strong engineering culture. Minimum of 2 years in a similar role."
1068,Research Data Scientist,DataForge Inc,Remote,2026-02-17,Data Scientist,147000,"As a Research Data Scientist at DataForge Inc, you will partner with engineering and product teams to deliver high-quality, reliable solutions. Required skills: PyTorch, A/B testing, NLP, Statistics, Scikit-learn, and AWS. Bonus points if you have experience mentoring junior team members and contributing to a strong engineering culture. Entry-level candidates with strong internship experience are encouraged to apply."
1152,Senior Software Engineer,Anchor Payments,Remote,2026-02-17,Software Engineer,96500,"Join Anchor Payments as a Senior Software Engineer! You'll be responsible for building and maintaining systems that rely on AWS, Git, C++, Docker, SQL, and Java. This is a great opportunity for someone who enjoys solving complex problems and working with a talented, supportive team. Ideal for candidates with 4-6 years of industry experience."
1160,Data Scientist,Nova Insurance,"New York, NY",2026-02-17,Data Scientist,180500,"Join Nova Insurance as a Data Scientist! You'll be responsible for building and maintaining systems that rely on Machine Learning, SQL, Tableau, and Deep Learning. This is a great opportunity for someone who enjoys solving complex problems and working with a talented, supportive team. 3+ years of relevant experience preferred."
975,ML Ops Engineer,Skyline Software,"Los Angeles, CA",2026-02-18,ML Engineer,201000,"As a ML Ops Engineer at Skyline Software, you will partner with engineering and product teams to deliver high-quality, reliable solutions. Required skills: PyTorch, Kubernetes, Machine Learning, Scikit-learn, Python, NLP, and Git. Bonus points if you have experience mentoring junior team members and contributing to a strong engineering culture. 3+ years of relevant experience preferred."
1030,Data Engineer,Zenith Aerospace,"New York, NY",2026-02-18,Data Engineer,182500,"Zenith Aerospace seeks an experienced Data Engineer to support our expanding analytics function. Day-to-day responsibilities include working with SQL, Azure, Snowflake, Airflow, Kafka, Spark, and BigQuery to build scalable, production-grade systems. We value curiosity, ownership, and clear communication. Minimum of 2 years in a similar role."
1258,Analytics Engineer,Hilltop Ventures,"New York, NY",2026-02-18,Data Engineer,175500,"We are looking for a Analytics Engineer to join our growing team at Hilltop Ventures. You will work closely with cross-functional stakeholders to turn data into actionable insight. Key requirements include hands-on experience with Redshift, Google Cloud Platform, AWS, SQL, Hadoop, and Spark. The ideal candidate is comfortable working in a fast-paced, collaborative environment and has a strong track record of delivering measurable business impact. 3+ years of relevant experience preferred."
1877,ML Ops Engineer,Keystone Auto Group,"Toronto, Canada",2026-02-18,ML Engineer,135000,"We are looking for a ML Ops Engineer to join our growing team at Keystone Auto Group. You will work closely with cross-functional stakeholders to turn data into actionable insight. Key requirements include hands-on experience with Airflow, Machine Learning, Kubernetes, and Python. The ideal candidate is comfortable working in a fast-paced, collaborative environment and has a strong track record of delivering measurable business impact. 3+ years of relevant experience preferred."
50,Lead Data Scientist,Lighthouse AI,"Mumbai, India",2026-02-19,Data Scientist,48500,"Join Lighthouse AI as a Lead Data Scientist! You'll be responsible for building and maintaining systems that rely on R, Python, NLP, SQL, TensorFlow, A/B testing, and Spark. This is a great opportunity for someone who enjoys solving complex problems and working with a talented, supportive team. Entry-level candidates with strong internship experience are encouraged to apply."
92,Big Data Engineer,Clearwater Consulting,"Washington, DC",2026-02-19,Data Engineer,140000,"As a Big Data Engineer at Clearwater Consulting, you will partner with engineering and product teams to deliver high-quality, reliable solutions. Required skills: Python, SQL, Kafka, Snowflake, Hadoop, and Data warehousing. Bonus points if you have experience mentoring junior team members and contributing to a strong engineering culture. 5+ years of professional experience required."
1150,Backend Engineer,Ivory Real Estate Tech,"Bengaluru, India",2026-02-19,Software Engineer,46000,"Ivory Real Estate Tech seeks an experienced Backend Engineer to support our expanding analytics function. Day-to-day responsibilities include working with SQL, AWS, Docker, Kubernetes, Java, JavaScript, and C++ to build scalable, production-grade systems. We value curiosity, ownership, and clear communication. Ideal for candidates with 4-6 years of industry experience."
1326,Junior Data Analyst,Opaline Cosmetics Analytics,"Austin, TX",2026-02-19,Data Analyst,69000,"We are looking for a Junior Data Analyst to join our growing team at Opaline Cosmetics Analytics. You will work closely with cross-functional stakeholders to turn data into actionable insight. Key requirements include hands-on experience with ETL, Tableau, Google Cloud Platform, and Python. The ideal candidate is comfortable working in a fast-paced, collaborative environment and has a strong track record of delivering measurable business impact. Minimum of 2 years in a similar role."
1522,Junior Data Analyst,Granite Data Partners,"New York, NY",2026-02-19,Data Analyst,108000,"Granite Data Partners seeks an experienced Junior Data Analyst to support our expanding analytics function. Day-to-day responsibilities include working with ETL, Tableau, SQL, Python, and Looker to build scalable, production-grade systems. We value curiosity, ownership, and clear communication. Minimum of 2 years in a similar role."
1913,Applied Data Scientist,Clearwater Consulting,"San Francisco, CA",2026-02-19,Data Scientist,161000,"Clearwater Consulting seeks an experienced Applied Data Scientist to support our expanding analytics function. Day-to-day responsibilities include working with Statistics, Machine Learning, PyTorch, R, and TensorFlow to build scalable, production-grade systems. We value curiosity, ownership, and clear communication. 5+ years of professional experience required."
257,Senior Software Engineer,Lighthouse AI,"Seattle, WA",2026-02-20,Software Engineer,128000,"We are looking for a Senior Software Engineer to join our growing team at Lighthouse AI. You will work closely with cross-functional stakeholders to turn data into actionable insight. Key requirements include hands-on experience with SQL, Linux, REST API, and Java. The ideal candidate is comfortable working in a fast-paced, collaborative environment and has a strong track record of delivering measurable business impact. 5+ years of professional experience required."
324,Analytics Engineer,Riverstone Tech,"Delhi, India",2026-02-20,Data Engineer,40500,"Riverstone Tech is hiring a Analytics Engineer to help scale our data capabilities. In this role you'll design, build, and maintain solutions using Spark, dbt, Docker, ETL, and Azure. We're looking for someone with strong problem-solving skills, excellent communication, and a passion for data-driven decision making. Ideal for candidates with 4-6 years of industry experience."
371,Senior Software Engineer,Fenwick Pharma,"San Francisco, CA",2026-02-20,Software Engineer,217000,"Join Fenwick Pharma as a Senior Software Engineer! You'll be responsible for building and maintaining systems that rely on PostgreSQL, Java, Python, Docker, Kubernetes, C++, and JavaScript. This is a great opportunity for someone who enjoys solving complex problems and working with a talented, supportive team. Entry-level candidates with strong internship experience are encouraged to apply."
1377,Business Data Analyst,Sable Energy,"Atlanta, GA",2026-02-20,Data Analyst,56000,"Sable Energy is hiring a Business Data Analyst to help scale our data capabilities. In this role you'll design, build, and maintain solutions using Power BI, Tableau, Excel, Statistics, R, and Data warehousing. We're looking for someone with strong problem-solving skills, excellent communication, and a passion for data-driven decision making. Minimum of 2 years in a similar role."
1467,Senior Software Engineer,Sable Energy,"Austin, TX",2026-02-20,Software Engineer,124500,"We are looking for a Senior Software Engineer to join our growing team at Sable Energy. You will work closely with cross-functional stakeholders to turn data into actionable insight. Key requirements include hands-on experience with JavaScript, REST API, Java, Python, PostgreSQL, and Docker. The ideal candidate is comfortable working in a fast-paced, collaborative environment and has a strong track record of delivering measurable business impact. Minimum of 2 years in a similar role."
81,Data Engineer,Pathfinder Travel Tech,"Bengaluru, India",2026-02-21,Data Engineer,41000,"We are looking for a Data Engineer to join our growing team at Pathfinder Travel Tech. You will work closely with cross-functional stakeholders to turn data into actionable insight. Key requirements include hands-on experience with SQL, Spark, BigQuery, Data warehousing, and AWS. The ideal candidate is comfortable working in a fast-paced, collaborative environment and has a strong track record of delivering measurable business impact. 3+ years of relevant experience preferred."
461,Senior ML Engineer,Lighthouse AI,"Mumbai, India",2026-02-21,ML Engineer,40000,"We are looking for a Senior ML Engineer to join our growing team at Lighthouse AI. You will work closely with cross-functional stakeholders to turn data into actionable insight. Key requirements include hands-on experience with Docker, Git, Python, TensorFlow, Machine Learning, and Computer Vision. The ideal candidate is comfortable working in a fast-paced, collaborative environment and has a strong track record of delivering measurable business impact. 3+ years of relevant experience preferred."
493,Senior Data Engineer,Willow Health Systems,"Hyderabad, India",2026-02-21,Data Engineer,44000,"Willow Health Systems is hiring a Senior Data Engineer to help scale our data capabilities. In this role you'll design, build, and maintain solutions using BigQuery, ETL, Kafka, Hadoop, Python, and AWS. We're looking for someone with strong problem-solving skills, excellent communication, and a passion for data-driven decision making. 5+ years of professional experience required."
950,Research Data Scientist,Summit Cloud Solutions,"Austin, TX",2026-02-21,Data Scientist,136500,"We are looking for a Research Data Scientist to join our growing team at Summit Cloud Solutions. You will work closely with cross-functional stakeholders to turn data into actionable insight. Key requirements include hands-on experience with A/B testing, Python, Scikit-learn, and Statistics. The ideal candidate is comfortable working in a fast-paced, collaborative environment and has a strong track record of delivering measurable business impact. Entry-level candidates with strong internship experience are encouraged to apply."
1674,Senior Software Engineer,Gridline Utilities,"Austin, TX",2026-02-21,Software Engineer,118000,"As a Senior Software Engineer at Gridline Utilities, you will partner with engineering and product teams to deliver high-quality, reliable solutions. Required skills: PostgreSQL, Java, Git, Kubernetes, and NoSQL. Bonus points if you have experience mentoring junior team members and contributing to a strong engineering culture. 3+ years of relevant experience preferred."
1869,ETL Developer,Summit Cloud Solutions,"Seattle, WA",2026-02-21,Data Engineer,185000,"Summit Cloud Solutions is hiring a ETL Developer to help scale our data capabilities. In this role you'll design, build, and maintain solutions using ETL, AWS, Google Cloud Platform, and SQL. We're looking for someone with strong problem-solving skills, excellent communication, and a passion for data-driven decision making. 5+ years of professional experience required."
637,Deep Learning Engineer,Delta Freight Systems,Remote,2026-02-22,ML Engineer,158000,"As a Deep Learning Engineer at Delta Freight Systems, you will partner with engineering and product teams to deliver high-quality, reliable solutions. Required skills: Machine Learning, Python, TensorFlow, Kubernetes, NLP, and Deep Learning. Bonus points if you have experience mentoring junior team members and contributing to a strong engineering culture. Entry-level candidates with strong internship experience are encouraged to apply."
1263,Cloud Data Engineer,Hilltop Ventures,"Berlin, Germany",2026-02-22,Data Engineer,118500,"Hilltop Ventures seeks an experienced Cloud Data Engineer to support our expanding analytics function. Day-to-day responsibilities include working with Python, ETL, Hadoop, Airflow, Snowflake, AWS, and Redshift to build scalable, production-grade systems. We value curiosity, ownership, and clear communication. 3+ years of relevant experience preferred."
1463,ML Ops Engineer,Summit Cloud Solutions,Remote,2026-02-22,ML Engineer,144500,"Summit Cloud Solutions seeks an experienced ML Ops Engineer to support our expanding analytics function. Day-to-day responsibilities include working with PyTorch, Scikit-learn, AWS, Deep Learning, TensorFlow, and Docker to build scalable, production-grade systems. We value curiosity, ownership, and clear communication. Minimum of 2 years in a similar role."
1502,Senior Data Engineer,Riverstone Tech,"Berlin, Germany",2026-02-23,Data Engineer,86000,"Join Riverstone Tech as a Senior Data Engineer! You'll be responsible for building and maintaining systems that rely on Redshift, AWS, Python, Spark, Airflow, and NoSQL. This is a great opportunity for someone who enjoys solving complex problems and working with a talented, supportive team. 5+ years of professional experience required."
1516,Analytics Engineer,Echo Streaming,Remote,2026-02-23,Data Engineer,137000,"We are looking for a Analytics Engineer to join our growing team at Echo Streaming. You will work closely with cross-functional stakeholders to turn data into actionable insight. Key requirements include hands-on experience with Redshift, Data warehousing, Snowflake, ETL, Hadoop, and SQL. The ideal candidate is comfortable working in a fast-paced, collaborative environment and has a strong track record of delivering measurable business impact. 3+ years of relevant experience preferred."
587,Junior Data Analyst,Pixel & Co,"London, UK",2026-02-24,Data Analyst,76000,"Pixel & Co seeks an experienced Junior Data Analyst to support our expanding analytics function. Day-to-day responsibilities include working with Excel, Power BI, Looker, Data warehousing, and ETL to build scalable, production-grade systems. We value curiosity, ownership, and clear communication. Ideal for candidates with 4-6 years of industry experience."
731,Big Data Engineer,Lumina Commerce,"Austin, TX",2026-02-24,Data Engineer,149000,"As a Big Data Engineer at Lumina Commerce, you will partner with engineering and product teams to deliver high-quality, reliable solutions. Required skills: Spark, SQL, ETL, and Data warehousing. Bonus points if you have experience mentoring junior team members and contributing to a strong engineering culture. Entry-level candidates with strong internship experience are encouraged to apply."
840,Senior Data Scientist,Echo Streaming,"Delhi, India",2026-02-24,Data Scientist,52500,"As a Senior Data Scientist at Echo Streaming, you will partner with engineering and product teams to deliver high-quality, reliable solutions. Required skills: Python, PyTorch, TensorFlow, and Statistics. Bonus points if you have experience mentoring junior team members and contributing to a strong engineering culture. 3+ years of relevant experience preferred."
1854,Reporting Analyst,Willow Health Systems,"Washington, DC",2026-02-24,Data Analyst,92500,"Join Willow Health Systems as a Reporting Analyst! You'll be responsible for building and maintaining systems that rely on SQL, Power BI, Looker, A/B testing, and Python. This is a great opportunity for someone who enjoys solving complex problems and working with a talented, supportive team. Minimum of 2 years in a similar role."
273,Senior ML Engineer,Vantage Point Retail,Remote,2026-02-25,ML Engineer,167500,"As a Senior ML Engineer at Vantage Point Retail, you will partner with engineering and product teams to deliver high-quality, reliable solutions. Required skills: TensorFlow, AWS, Deep Learning, Docker, Machine Learning, and Python. Bonus points if you have experience mentoring junior team members and contributing to a strong engineering culture. Ideal for candidates with 4-6 years of industry experience."
644,Senior Data Analyst,Lattice Biotech,"London, UK",2026-02-25,Data Analyst,65000,"Join Lattice Biotech as a Senior Data Analyst! You'll be responsible for building and maintaining systems that rely on Power BI, Google Cloud Platform, SQL, and Python. This is a great opportunity for someone who enjoys solving complex problems and working with a talented, supportive team. Entry-level candidates with strong internship experience are encouraged to apply."
654,Applied Data Scientist,Willow Health Systems,Remote,2026-02-25,Data Scientist,153500,"Willow Health Systems is hiring a Applied Data Scientist to help scale our data capabilities. In this role you'll design, build, and maintain solutions using Computer Vision, A/B testing, Python, SQL, Statistics, and AWS. We're looking for someone with strong problem-solving skills, excellent communication, and a passion for data-driven decision making. Minimum of 2 years in a similar role."
665,Senior Software Engineer,Northwind Digital,"San Francisco, CA",2026-02-25,Software Engineer,208000,"As a Senior Software Engineer at Northwind Digital, you will partner with engineering and product teams to deliver high-quality, reliable solutions. Required skills: Git, Java, Docker, Agile, and JavaScript. Bonus points if you have experience mentoring junior team members and contributing to a strong engineering culture. 5+ years of professional experience required."
813,Senior Software Engineer,Sable Energy,"Bengaluru, India",2026-02-25,Software Engineer,41500,"Sable Energy is hiring a Senior Software Engineer to help scale our data capabilities. In this role you'll design, build, and maintain solutions using REST API, Java, Python, NoSQL, and Docker. We're looking for someone with strong problem-solving skills, excellent communication, and a passion for data-driven decision making. 3+ years of relevant experience preferred."
912,Software Development Engineer,Kestrel Media Group,"Los Angeles, CA",2026-02-25,Software Engineer,117000,"Kestrel Media Group seeks an experienced Software Development Engineer to support our expanding analytics function. Day-to-day responsibilities include working with Docker, Linux, Java, Python, Agile, and Git to build scalable, production-grade systems. We value curiosity, ownership, and clear communication. Ideal for candidates with 4-6 years of industry experience."
945,Data Scientist II,Gridline Utilities,"Bengaluru, India",2026-02-25,Data Scientist,48500,"As a Data Scientist II at Gridline Utilities, you will partner with engineering and product teams to deliver high-quality, reliable solutions. Required skills: TensorFlow, Scikit-learn, SQL, Deep Learning, and NLP. Bonus points if you have experience mentoring junior team members and contributing to a strong engineering culture. 3+ years of relevant experience preferred."
1124,Platform Engineer,Junction Mobility,"Dublin, Ireland",2026-02-25,Software Engineer,87500,"Junction Mobility seeks an experienced Platform Engineer to support our expanding analytics function. Day-to-day responsibilities include working with SQL, REST API, PostgreSQL, JavaScript, Python, and Linux to build scalable, production-grade systems. We value curiosity, ownership, and clear communication. 5+ years of professional experience required."
1153,Senior Data Scientist,Willow Health Systems,"Boston, MA",2026-02-25,Data Scientist,135500,"As a Senior Data Scientist at Willow Health Systems, you will partner with engineering and product teams to deliver high-quality, reliable solutions. Required skills: TensorFlow, Statistics, AWS, NLP, Deep Learning, and Machine Learning. Bonus points if you have experience mentoring junior team members and contributing to a strong engineering culture. 3+ years of relevant experience preferred."
1257,Senior Software Engineer,Kestrel Media Group,"Denver, CO",2026-02-25,Software Engineer,135000,"Kestrel Media Group is hiring a Senior Software Engineer to help scale our data capabilities. In this role you'll design, build, and maintain solutions using REST API, MongoDB, C++, JavaScript, AWS, and SQL. We're looking for someone with strong problem-solving skills, excellent communication, and a passion for data-driven decision making. 5+ years of professional experience required."
1572,Reporting Analyst,Nova Insurance,"Denver, CO",2026-02-25,Data Analyst,42000,"We are looking for a Reporting Analyst to join our growing team at Nova Insurance. You will work closely with cross-functional stakeholders to turn data into actionable insight. Key requirements include hands-on experience with Statistics, SQL, Power BI, Excel, Tableau, ETL, and Looker. The ideal candidate is comfortable working in a fast-paced, collaborative environment and has a strong track record of delivering measurable business impact. Entry-level candidates with strong internship experience are encouraged to apply."
1784,Data Engineer,Keystone Auto Group,Remote,2026-02-25,Data Engineer,138500,"As a Data Engineer at Keystone Auto Group, you will partner with engineering and product teams to deliver high-quality, reliable solutions. Required skills: Redshift, Data warehousing, ETL, SQL, and AWS. Bonus points if you have experience mentoring junior team members and contributing to a strong engineering culture. Entry-level candidates with strong internship experience are encouraged to apply."
1857,Senior Software Engineer,Keystone Auto Group,"San Francisco, CA",2026-02-25,Software Engineer,128000,"We are looking for a Senior Software Engineer to join our growing team at Keystone Auto Group. You will work closely with cross-functional stakeholders to turn data into actionable insight. Key requirements include hands-on experience with SQL, PostgreSQL, Agile, JavaScript, REST API, and Git. The ideal candidate is comfortable working in a fast-paced, collaborative environment and has a strong track record of delivering measurable business impact. 5+ years of professional experience required."
101,Full Stack Developer,Willow Health Systems,"Washington, DC",2026-02-26,Software Engineer,109500,"We are looking for a Full Stack Developer to join our growing team at Willow Health Systems. You will work closely with cross-functional stakeholders to turn data into actionable insight. Key requirements include hands-on experience with Docker, REST API, Kubernetes, MongoDB, and PostgreSQL. The ideal candidate is comfortable working in a fast-paced, collaborative environment and has a strong track record of delivering measurable business impact. 5+ years of professional experience required."
545,Lead Data Scientist,Keystone Auto Group,"Los Angeles, CA",2026-02-26,Data Scientist,132000,"We are looking for a Lead Data Scientist to join our growing team at Keystone Auto Group. You will work closely with cross-functional stakeholders to turn data into actionable insight. Key requirements include hands-on experience with Deep Learning, Spark, Statistics, SQL, Machine Learning, and A/B testing. The ideal candidate is comfortable working in a fast-paced, collaborative environment and has a strong track record of delivering measurable business impact. Entry-level candidates with strong internship experience are encouraged to apply."
942,AI Engineer,Rustic Agritech,"Washington, DC",2026-02-26,ML Engineer,238500,"We are looking for a AI Engineer to join our growing team at Rustic Agritech. You will work closely with cross-functional stakeholders to turn data into actionable insight. Key requirements include hands-on experience with Deep Learning, Python, Machine Learning, Scikit-learn, and PyTorch. The ideal candidate is comfortable working in a fast-paced, collaborative environment and has a strong track record of delivering measurable business impact. Entry-level candidates with strong internship experience are encouraged to apply."
1271,Junior Data Analyst,Vertex Insight Labs,"San Francisco, CA",2026-02-26,Data Analyst,88000,"We are looking for a Junior Data Analyst to join our growing team at Vertex Insight Labs. You will work closely with cross-functional stakeholders to turn data into actionable insight. Key requirements include hands-on experience with ETL, Power BI, R, SQL, and Excel. The ideal candidate is comfortable working in a fast-paced, collaborative environment and has a strong track record of delivering measurable business impact. Ideal for candidates with 4-6 years of industry experience."
1610,Research Data Scientist,Evergreen Logistics,"Berlin, Germany",2026-02-26,Data Scientist,83000,"We are looking for a Research Data Scientist to join our growing team at Evergreen Logistics. You will work closely with cross-functional stakeholders to turn data into actionable insight. Key requirements include hands-on experience with Python, R, A/B testing, Statistics, Deep Learning, and Machine Learning. The ideal candidate is comfortable working in a fast-paced, collaborative environment and has a strong track record of delivering measurable business impact. 3+ years of relevant experience preferred."
1698,AI Engineer,Delta Freight Systems,"Denver, CO",2026-02-26,ML Engineer,135000,"Join Delta Freight Systems as a AI Engineer! You'll be responsible for building and maintaining systems that rely on Kubernetes, NLP, Airflow, Docker, PyTorch, Machine Learning, and Python. This is a great opportunity for someone who enjoys solving complex problems and working with a talented, supportive team. 3+ years of relevant experience preferred."
174,Deep Learning Engineer,Quicksilver Payments,"Boston, MA",2026-02-27,ML Engineer,167000,"We are looking for a Deep Learning Engineer to join our growing team at Quicksilver Payments. You will work closely with cross-functional stakeholders to turn data into actionable insight. Key requirements include hands-on experience with Python, Machine Learning, Docker, PyTorch, NLP, and Kubernetes. The ideal candidate is comfortable working in a fast-paced, collaborative environment and has a strong track record of delivering measurable business impact. Entry-level candidates with strong internship experience are encouraged to apply."
187,Software Engineer,Prism Media Analytics,Singapore,2026-02-27,Software Engineer,83000,"As a Software Engineer at Prism Media Analytics, you will partner with engineering and product teams to deliver high-quality, reliable solutions. Required skills: Agile, SQL, REST API, Java, and Git. Bonus points if you have experience mentoring junior team members and contributing to a strong engineering culture. Entry-level candidates with strong internship experience are encouraged to apply."
629,Data Scientist,Pixel & Co,"Bengaluru, India",2026-02-27,Data Scientist,52500,"Pixel & Co is hiring a Data Scientist to help scale our data capabilities. In this role you'll design, build, and maintain solutions using Statistics, PyTorch, A/B testing, and Machine Learning. We're looking for someone with strong problem-solving skills, excellent communication, and a passion for data-driven decision making. Minimum of 2 years in a similar role."
641,Senior Software Engineer,Rustic Agritech,"Seattle, WA",2026-02-27,Software Engineer,157500,"Rustic Agritech seeks an experienced Senior Software Engineer to support our expanding analytics function. Day-to-day responsibilities include working with Docker, JavaScript, AWS, REST API, SQL, Python, and Kubernetes to build scalable, production-grade systems. We value curiosity, ownership, and clear communication. Ideal for candidates with 4-6 years of industry experience."
802,Data Scientist,Ironclad Security,"Hyderabad, India",2026-02-27,Data Scientist,51000,"We are looking for a Data Scientist to join our growing team at Ironclad Security. You will work closely with cross-functional stakeholders to turn data into actionable insight. Key requirements include hands-on experience with Machine Learning, Python, R, Tableau, Scikit-learn, AWS, and SQL. The ideal candidate is comfortable working in a fast-paced, collaborative environment and has a strong track record of delivering measurable business impact. Entry-level candidates with strong internship experience are encouraged to apply."
1064,Backend Engineer,Fenwick Pharma,Remote,2026-02-27,Software Engineer,120500,"Fenwick Pharma is hiring a Backend Engineer to help scale our data capabilities. In this role you'll design, build, and maintain solutions using REST API, Java, SQL, PostgreSQL, AWS, Python, and Linux. We're looking for someone with strong problem-solving skills, excellent communication, and a passion for data-driven decision making. 5+ years of professional experience required."
1104,Analytics Engineer,Granite Data Partners,Remote,2026-02-27,Data Engineer,126000,"Granite Data Partners seeks an experienced Analytics Engineer to support our expanding analytics function. Day-to-day responsibilities include working with ETL, Azure, Google Cloud Platform, and SQL to build scalable, production-grade systems. We value curiosity, ownership, and clear communication. 5+ years of professional experience required."
1923,Data Engineer,Keystone Auto Group,"Bengaluru, India",2026-02-27,Data Engineer,55000,"As a Data Engineer at Keystone Auto Group, you will partner with engineering and product teams to deliver high-quality, reliable solutions. Required skills: ETL, Spark, Snowflake, Python, and Data warehousing. Bonus points if you have experience mentoring junior team members and contributing to a strong engineering culture. Entry-level candidates with strong internship experience are encouraged to apply."
77,ML Ops Engineer,Zenith Aerospace,"New York, NY",2026-02-28,ML Engineer,185500,"Zenith Aerospace is hiring a ML Ops Engineer to help scale our data capabilities. In this role you'll design, build, and maintain solutions using Machine Learning, PyTorch, Computer Vision, Docker, Deep Learning, Python, and Kubernetes. We're looking for someone with strong problem-solving skills, excellent communication, and a passion for data-driven decision making. Minimum of 2 years in a similar role."
983,BI Analyst,Fenwick Pharma,"San Francisco, CA",2026-02-28,Data Analyst,103000,"We are looking for a BI Analyst to join our growing team at Fenwick Pharma. You will work closely with cross-functional stakeholders to turn data into actionable insight. Key requirements include hands-on experience with A/B testing, Tableau, Python, Power BI, Git, and Statistics. The ideal candidate is comfortable working in a fast-paced, collaborative environment and has a strong track record of delivering measurable business impact. Ideal for candidates with 4-6 years of industry experience."
1069,Research Data Scientist,Cortex Systems,"Berlin, Germany",2026-02-28,Data Scientist,105500,"We are looking for a Research Data Scientist to join our growing team at Cortex Systems. You will work closely with cross-functional stakeholders to turn data into actionable insight. Key requirements include hands-on experience with Scikit-learn, NLP, Deep Learning, Machine Learning, Tableau, R, and Computer Vision. The ideal candidate is comfortable working in a fast-paced, collaborative environment and has a strong track record of delivering measurable business impact. Ideal for candidates with 4-6 years of industry experience."
1585,Full Stack Developer,Bluepeak Technologies,Remote,2026-02-28,Software Engineer,112500,"Join Bluepeak Technologies as a Full Stack Developer! You'll be responsible for building and maintaining systems that rely on C++, JavaScript, MongoDB, Docker, NoSQL, and Agile. This is a great opportunity for someone who enjoys solving complex problems and working with a talented, supportive team. Entry-level candidates with strong internship experience are encouraged to apply."
1736,Software Development Engineer,Nova Insurance,"Seattle, WA",2026-02-28,Software Engineer,163000,"We are looking for a Software Development Engineer to join our growing team at Nova Insurance. You will work closely with cross-functional stakeholders to turn data into actionable insight. Key requirements include hands-on experience with Java, Docker, C++, NoSQL, SQL, and Kubernetes. The ideal candidate is comfortable working in a fast-paced, collaborative environment and has a strong track record of delivering measurable business impact. Ideal for candidates with 4-6 years of industry experience."
1889,Applied Data Scientist,Nectar Foods,"Washington, DC",2026-02-28,Data Scientist,133500,"As a Applied Data Scientist at Nectar Foods, you will partner with engineering and product teams to deliver high-quality, reliable solutions. Required skills: Python, NLP, Machine Learning, SQL, PyTorch, AWS, and Statistics. Bonus points if you have experience mentoring junior team members and contributing to a strong engineering culture. Entry-level candidates with strong internship experience are encouraged to apply."
1922,Research Data Scientist,Orbit Financial Services,Remote,2026-02-28,Data Scientist,146000,"Join Orbit Financial Services as a Research Data Scientist! You'll be responsible for building and maintaining systems that rely on PyTorch, Scikit-learn, Machine Learning, Python, SQL, Power BI, and Statistics. This is a great opportunity for someone who enjoys solving complex problems and working with a talented, supportive team. Minimum of 2 years in a similar role."
660,ML Ops Engineer,Ivory Real Estate Tech,"San Francisco, CA",2026-03-01,ML Engineer,197500,"As a ML Ops Engineer at Ivory Real Estate Tech, you will partner with engineering and product teams to deliver high-quality, reliable solutions. Required skills: TensorFlow, Deep Learning, Scikit-learn, Git, Machine Learning, and NLP. Bonus points if you have experience mentoring junior team members and contributing to a strong engineering culture. 5+ years of professional experience required."
722,Data Engineer,Rustic Agritech,"New York, NY",2026-03-01,Data Engineer,168000,"Rustic Agritech seeks an experienced Data Engineer to support our expanding analytics function. Day-to-day responsibilities include working with SQL, Kafka, Hadoop, Spark, Redshift, and Airflow to build scalable, production-grade systems. We value curiosity, ownership, and clear communication. Minimum of 2 years in a similar role."
1084,Applied Data Scientist,Vertex Insight Labs,"New York, NY",2026-03-01,Data Scientist,209500,"Vertex Insight Labs is hiring a Applied Data Scientist to help scale our data capabilities. In this role you'll design, build, and maintain solutions using R, Python, NLP, TensorFlow, Statistics, AWS, and Machine Learning. We're looking for someone with strong problem-solving skills, excellent communication, and a passion for data-driven decision making. Ideal for candidates with 4-6 years of industry experience."
1564,Junior Data Analyst,Redwood Bank,"Chicago, IL",2026-03-01,Data Analyst,65500,"Redwood Bank is hiring a Junior Data Analyst to help scale our data capabilities. In this role you'll design, build, and maintain solutions using Statistics, Python, Excel, and Power BI. We're looking for someone with strong problem-solving skills, excellent communication, and a passion for data-driven decision making. Entry-level candidates with strong internship experience are encouraged to apply."
1710,Machine Learning Engineer,Riverstone Tech,"Los Angeles, CA",2026-03-01,ML Engineer,158000,"We are looking for a Machine Learning Engineer to join our growing team at Riverstone Tech. You will work closely with cross-functional stakeholders to turn data into actionable insight. Key requirements include hands-on experience with Machine Learning, Kubernetes, Azure, Computer Vision, PyTorch, and TensorFlow. The ideal candidate is comfortable working in a fast-paced, collaborative environment and has a strong track record of delivering measurable business impact. Entry-level candidates with strong internship experience are encouraged to apply."
1732,Full Stack Developer,Rustic Agritech,"Washington, DC",2026-03-01,Software Engineer,138500,"We are looking for a Full Stack Developer to join our growing team at Rustic Agritech. You will work closely with cross-functional stakeholders to turn data into actionable insight. Key requirements include hands-on experience with JavaScript, C++, Docker, Agile, REST API, and Linux. The ideal candidate is comfortable working in a fast-paced, collaborative environment and has a strong track record of delivering measurable business impact. Entry-level candidates with strong internship experience are encouraged to apply."
115,Data Engineer,Willow Health Systems,"Denver, CO",2026-03-02,Data Engineer,144500,"We are looking for a Data Engineer to join our growing team at Willow Health Systems. You will work closely with cross-functional stakeholders to turn data into actionable insight. Key requirements include hands-on experience with Snowflake, Spark, Redshift, ETL, AWS, and Python. The ideal candidate is comfortable working in a fast-paced, collaborative environment and has a strong track record of delivering measurable business impact. Entry-level candidates with strong internship experience are encouraged to apply."
350,Applied Data Scientist,Nimbus Analytics,Remote,2026-03-02,Data Scientist,87000,"As a Applied Data Scientist at Nimbus Analytics, you will partner with engineering and product teams to deliver high-quality, reliable solutions. Required skills: Statistics, Python, Machine Learning, R, Tableau, Computer Vision, and Spark. Bonus points if you have experience mentoring junior team members and contributing to a strong engineering culture. Minimum of 2 years in a similar role."
797,BI Analyst,Gridline Utilities,Singapore,2026-03-02,Data Analyst,65500,"We are looking for a BI Analyst to join our growing team at Gridline Utilities. You will work closely with cross-functional stakeholders to turn data into actionable insight. Key requirements include hands-on experience with Looker, SQL, Power BI, A/B testing, Excel, Tableau, and Data warehousing. The ideal candidate is comfortable working in a fast-paced, collaborative environment and has a strong track record of delivering measurable business impact. 3+ years of relevant experience preferred."
1278,Deep Learning Engineer,Onyx Manufacturing,"New York, NY",2026-03-02,ML Engineer,274000,"Onyx Manufacturing is hiring a Deep Learning Engineer to help scale our data capabilities. In this role you'll design, build, and maintain solutions using Kubernetes, Deep Learning, Python, Scikit-learn, and Machine Learning. We're looking for someone with strong problem-solving skills, excellent communication, and a passion for data-driven decision making. Entry-level candidates with strong internship experience are encouraged to apply."
1307,Junior Data Analyst,Ivory Real Estate Tech,"San Francisco, CA",2026-03-02,Data Analyst,93000,"Ivory Real Estate Tech is hiring a Junior Data Analyst to help scale our data capabilities. In this role you'll design, build, and maintain solutions using Statistics, Excel, SQL, Data warehousing, Google Cloud Platform, and Looker. We're looking for someone with strong problem-solving skills, excellent communication, and a passion for data-driven decision making. Entry-level candidates with strong internship experience are encouraged to apply."
1820,Applied ML Engineer,Zenith Aerospace,"Chicago, IL",2026-03-02,ML Engineer,159000,"We are looking for a Applied ML Engineer to join our growing team at Zenith Aerospace. You will work closely with cross-functional stakeholders to turn data into actionable insight. Key requirements include hands-on experience with Python, Deep Learning, Machine Learning, and Kubernetes. The ideal candidate is comfortable working in a fast-paced, collaborative environment and has a strong track record of delivering measurable business impact. Ideal for candidates with 4-6 years of industry experience."
439,Senior Data Engineer,Vertex Insight Labs,Remote,2026-03-03,Data Engineer,129500,"We are looking for a Senior Data Engineer to join our growing team at Vertex Insight Labs. You will work closely with cross-functional stakeholders to turn data into actionable insight. Key requirements include hands-on experience with BigQuery, Hadoop, Python, and SQL. The ideal candidate is comfortable working in a fast-paced, collaborative environment and has a strong track record of delivering measurable business impact. Minimum of 2 years in a similar role."
594,AI Engineer,Meridian Health Analytics,"Mumbai, India",2026-03-03,ML Engineer,64000,"Meridian Health Analytics seeks an experienced AI Engineer to support our expanding analytics function. Day-to-day responsibilities include working with NLP, Deep Learning, PyTorch, Computer Vision, Python, Docker, and Git to build scalable, production-grade systems. We value curiosity, ownership, and clear communication. Minimum of 2 years in a similar role."
1159,Senior Data Scientist,Willow Health Systems,"Delhi, India",2026-03-03,Data Scientist,41000,"Willow Health Systems is hiring a Senior Data Scientist to help scale our data capabilities. In this role you'll design, build, and maintain solutions using Power BI, Statistics, SQL, TensorFlow, R, Scikit-learn, and NLP. We're looking for someone with strong problem-solving skills, excellent communication, and a passion for data-driven decision making. Minimum of 2 years in a similar role."
1907,Applied ML Engineer,Marlin Shipping,"Mumbai, India",2026-03-03,ML Engineer,58000,"Join Marlin Shipping as a Applied ML Engineer! You'll be responsible for building and maintaining systems that rely on Docker, Deep Learning, AWS, Spark, and PyTorch. This is a great opportunity for someone who enjoys solving complex problems and working with a talented, supportive team. Ideal for candidates with 4-6 years of industry experience."
201,Junior Data Analyst,Delta Freight Systems,"Atlanta, GA",2026-03-04,Data Analyst,66500,"Join Delta Freight Systems as a Junior Data Analyst! You'll be responsible for building and maintaining systems that rely on Power BI, Statistics, Git, Python, and A/B testing. This is a great opportunity for someone who enjoys solving complex problems and working with a talented, supportive team. 3+ years of relevant experience preferred."
1325,Junior Data Analyst,Nimbus Analytics,"Hyderabad, India",2026-03-04,Data Analyst,30500,"As a Junior Data Analyst at Nimbus Analytics, you will partner with engineering and product teams to deliver high-quality, reliable solutions. Required skills: Looker, Excel, Power BI, Data warehousing, SQL, and Statistics. Bonus points if you have experience mentoring junior team members and contributing to a strong engineering culture. 3+ years of relevant experience preferred."
1471,Junior Data Analyst,Marlin Shipping,"New York, NY",2026-03-04,Data Analyst,93000,"Marlin Shipping seeks an experienced Junior Data Analyst to support our expanding analytics function. Day-to-day responsibilities include working with Python, Excel, Tableau, R, and Google Cloud Platform to build scalable, production-grade systems. We value curiosity, ownership, and clear communication. Ideal for candidates with 4-6 years of industry experience."
1787,Senior Data Analyst,Ivory Real Estate Tech,"San Francisco, CA",2026-03-04,Data Analyst,118500,"As a Senior Data Analyst at Ivory Real Estate Tech, you will partner with engineering and product teams to deliver high-quality, reliable solutions. Required skills: R, Excel, Google Cloud Platform, and Python. Bonus points if you have experience mentoring junior team members and contributing to a strong engineering culture. Ideal for candidates with 4-6 years of industry experience."
1796,Full Stack Developer,Zenith Aerospace,"Pune, India",2026-03-04,Software Engineer,43000,"Join Zenith Aerospace as a Full Stack Developer! You'll be responsible for building and maintaining systems that rely on Git, AWS, Python, Docker, MongoDB, Java, and Linux. This is a great opportunity for someone who enjoys solving complex problems and working with a talented, supportive team. 5+ years of professional experience required."
430,ML Ops Engineer,Marlin Shipping,"Toronto, Canada",2026-03-05,ML Engineer,142500,"Marlin Shipping seeks an experienced ML Ops Engineer to support our expanding analytics function. Day-to-day responsibilities include working with NLP, Airflow, TensorFlow, Python, PyTorch, and Machine Learning to build scalable, production-grade systems. We value curiosity, ownership, and clear communication. 5+ years of professional experience required."
795,Cloud Data Engineer,Brightline Education,"Boston, MA",2026-03-05,Data Engineer,122000,"We are looking for a Cloud Data Engineer to join our growing team at Brightline Education. You will work closely with cross-functional stakeholders to turn data into actionable insight. Key requirements include hands-on experience with Azure, Redshift, SQL, Docker, and Spark. The ideal candidate is comfortable working in a fast-paced, collaborative environment and has a strong track record of delivering measurable business impact. Ideal for candidates with 4-6 years of industry experience."
1207,Machine Learning Engineer,Nectar Foods,Remote,2026-03-05,ML Engineer,148500,"Nectar Foods seeks an experienced Machine Learning Engineer to support our expanding analytics function. Day-to-day responsibilities include working with Kubernetes, Machine Learning, Docker, Deep Learning, Scikit-learn, Python, and AWS to build scalable, production-grade systems. We value curiosity, ownership, and clear communication. Minimum of 2 years in a similar role."
1267,Cloud Data Engineer,Bluepeak Technologies,"Austin, TX",2026-03-05,Data Engineer,139500,"As a Cloud Data Engineer at Bluepeak Technologies, you will partner with engineering and product teams to deliver high-quality, reliable solutions. Required skills: Snowflake, SQL, Airflow, Kafka, ETL, BigQuery, and AWS. Bonus points if you have experience mentoring junior team members and contributing to a strong engineering culture. Entry-level candidates with strong internship experience are encouraged to apply."
185,Big Data Engineer,Quantum Retail Group,"Atlanta, GA",2026-03-06,Data Engineer,92000,"Join Quantum Retail Group as a Big Data Engineer! You'll be responsible for building and maintaining systems that rely on SQL, Airflow, ETL, BigQuery, and AWS. This is a great opportunity for someone who enjoys solving complex problems and working with a talented, supportive team. Minimum of 2 years in a similar role."
672,Data Analyst,Keystone Auto Group,"Denver, CO",2026-03-06,Data Analyst,72500,"Keystone Auto Group seeks an experienced Data Analyst to support our expanding analytics function. Day-to-day responsibilities include working with Power BI, Google Cloud Platform, Git, Tableau, Excel, Data warehousing, and Python to build scalable, production-grade systems. We value curiosity, ownership, and clear communication. Ideal for candidates with 4-6 years of industry experience."
808,Lead Data Scientist,Keystone Auto Group,"Boston, MA",2026-03-06,Data Scientist,148000,"Keystone Auto Group seeks an experienced Lead Data Scientist to support our expanding analytics function. Day-to-day responsibilities include working with Statistics, Scikit-learn, NLP, Deep Learning, TensorFlow, Machine Learning, and AWS to build scalable, production-grade systems. We value curiosity, ownership, and clear communication. 3+ years of relevant experience preferred."
885,ML Ops Engineer,Summit Cloud Solutions,"London, UK",2026-03-06,ML Engineer,152000,"We are looking for a ML Ops Engineer to join our growing team at Summit Cloud Solutions. You will work closely with cross-functional stakeholders to turn data into actionable insight. Key requirements include hands-on experience with Machine Learning, Python, AWS, TensorFlow, and PyTorch. The ideal candidate is comfortable working in a fast-paced, collaborative environment and has a strong track record of delivering measurable business impact. 5+ years of professional experience required."
977,Junior Data Analyst,Riverstone Tech,"New York, NY",2026-03-06,Data Analyst,104500,"Riverstone Tech seeks an experienced Junior Data Analyst to support our expanding analytics function. Day-to-day responsibilities include working with Power BI, A/B testing, Tableau, and SQL to build scalable, production-grade systems. We value curiosity, ownership, and clear communication. Minimum of 2 years in a similar role."
1103,Analytics Engineer,Keystone Auto Group,"Los Angeles, CA",2026-03-06,Data Engineer,163000,"Join Keystone Auto Group as a Analytics Engineer! You'll be responsible for building and maintaining systems that rely on Python, ETL, BigQuery, and Spark. This is a great opportunity for someone who enjoys solving complex problems and working with a talented, supportive team. Ideal for candidates with 4-6 years of industry experience."
1292,Big Data Engineer,Echo Streaming,"San Francisco, CA",2026-03-06,Data Engineer,197000,"Join Echo Streaming as a Big Data Engineer! You'll be responsible for building and maintaining systems that rely on Spark, Google Cloud Platform, Python, and AWS. This is a great opportunity for someone who enjoys solving complex problems and working with a talented, supportive team. Entry-level candidates with strong internship experience are encouraged to apply."
1885,Applied Data Scientist,Tundra Telecom,"Berlin, Germany",2026-03-06,Data Scientist,126000,"As a Applied Data Scientist at Tundra Telecom, you will partner with engineering and product teams to deliver high-quality, reliable solutions. Required skills: NLP, Deep Learning, Machine Learning, Statistics, TensorFlow, Scikit-learn, and Spark. Bonus points if you have experience mentoring junior team members and contributing to a strong engineering culture. Entry-level candidates with strong internship experience are encouraged to apply."
569,Cloud Data Engineer,Orbit Financial Services,"New York, NY",2026-03-07,Data Engineer,163500,"Join Orbit Financial Services as a Cloud Data Engineer! You'll be responsible for building and maintaining systems that rely on Python, Kafka, SQL, and Airflow. This is a great opportunity for someone who enjoys solving complex problems and working with a talented, supportive team. 5+ years of professional experience required."
703,ETL Developer,Orbit Financial Services,"Hyderabad, India",2026-03-07,Data Engineer,42000,"As a ETL Developer at Orbit Financial Services, you will partner with engineering and product teams to deliver high-quality, reliable solutions. Required skills: SQL, Redshift, ETL, Spark, AWS, Python, and Hadoop. Bonus points if you have experience mentoring junior team members and contributing to a strong engineering culture. 3+ years of relevant experience preferred."
776,Machine Learning Engineer,Vertex Insight Labs,"London, UK",2026-03-07,ML Engineer,131500,"Vertex Insight Labs seeks an experienced Machine Learning Engineer to support our expanding analytics function. Day-to-day responsibilities include working with Machine Learning, Spark, Docker, TensorFlow, Python, and Azure to build scalable, production-grade systems. We value curiosity, ownership, and clear communication. 3+ years of relevant experience preferred."
785,Junior Data Analyst,Ironclad Security,"Bengaluru, India",2026-03-07,Data Analyst,20000,"We are looking for a Junior Data Analyst to join our growing team at Ironclad Security. You will work closely with cross-functional stakeholders to turn data into actionable insight. Key requirements include hands-on experience with Power BI, Google Cloud Platform, Statistics, and Looker. The ideal candidate is comfortable working in a fast-paced, collaborative environment and has a strong track record of delivering measurable business impact. 5+ years of professional experience required."
1216,ETL Developer,Skyline Software,"Toronto, Canada",2026-03-07,Data Engineer,103000,"Join Skyline Software as a ETL Developer! You'll be responsible for building and maintaining systems that rely on SQL, Spark, Snowflake, dbt, and Azure. This is a great opportunity for someone who enjoys solving complex problems and working with a talented, supportive team. Entry-level candidates with strong internship experience are encouraged to apply."
1384,Cloud Data Engineer,Falcon FinTech,"San Francisco, CA",2026-03-07,Data Engineer,147000,"Falcon FinTech is hiring a Cloud Data Engineer to help scale our data capabilities. In this role you'll design, build, and maintain solutions using dbt, Python, NoSQL, AWS, and Azure. We're looking for someone with strong problem-solving skills, excellent communication, and a passion for data-driven decision making. Minimum of 2 years in a similar role."
1469,ML Ops Engineer,Bluepeak Technologies,"San Francisco, CA",2026-03-07,ML Engineer,204000,"Bluepeak Technologies is hiring a ML Ops Engineer to help scale our data capabilities. In this role you'll design, build, and maintain solutions using Python, Deep Learning, Docker, Machine Learning, AWS, Airflow, and Kubernetes. We're looking for someone with strong problem-solving skills, excellent communication, and a passion for data-driven decision making. 5+ years of professional experience required."
1838,Junior Data Analyst,Opaline Cosmetics Analytics,"Pune, India",2026-03-07,Data Analyst,29000,"Opaline Cosmetics Analytics is hiring a Junior Data Analyst to help scale our data capabilities. In this role you'll design, build, and maintain solutions using Excel, Looker, SQL, and Power BI. We're looking for someone with strong problem-solving skills, excellent communication, and a passion for data-driven decision making. Entry-level candidates with strong internship experience are encouraged to apply."
126,Platform Engineer,Onyx Manufacturing,"Los Angeles, CA",2026-03-08,Software Engineer,152500,"Onyx Manufacturing is hiring a Platform Engineer to help scale our data capabilities. In this role you'll design, build, and maintain solutions using Linux, AWS, Agile, Python, and REST API. We're looking for someone with strong problem-solving skills, excellent communication, and a passion for data-driven decision making. Ideal for candidates with 4-6 years of industry experience."
487,Deep Learning Engineer,Tundra Telecom,"London, UK",2026-03-08,ML Engineer,174000,"Tundra Telecom seeks an experienced Deep Learning Engineer to support our expanding analytics function. Day-to-day responsibilities include working with Python, Docker, PyTorch, Machine Learning, AWS, and Azure to build scalable, production-grade systems. We value curiosity, ownership, and clear communication. Ideal for candidates with 4-6 years of industry experience."
514,Lead Data Scientist,Nova Insurance,Remote,2026-03-08,Data Scientist,117000,"We are looking for a Lead Data Scientist to join our growing team at Nova Insurance. You will work closely with cross-functional stakeholders to turn data into actionable insight. Key requirements include hands-on experience with Python, Tableau, TensorFlow, R, and Statistics. The ideal candidate is comfortable working in a fast-paced, collaborative environment and has a strong track record of delivering measurable business impact. 3+ years of relevant experience preferred."
540,Senior Data Engineer,Northwind Digital,"London, UK",2026-03-08,Data Engineer,115500,"As a Senior Data Engineer at Northwind Digital, you will partner with engineering and product teams to deliver high-quality, reliable solutions. Required skills: Airflow, SQL, AWS, Python, and dbt. Bonus points if you have experience mentoring junior team members and contributing to a strong engineering culture. 5+ years of professional experience required."
252,Applied ML Engineer,Orbit Financial Services,"Boston, MA",2026-03-09,ML Engineer,176500,"Orbit Financial Services seeks an experienced Applied ML Engineer to support our expanding analytics function. Day-to-day responsibilities include working with Python, PyTorch, TensorFlow, Scikit-learn, Airflow, and Deep Learning to build scalable, production-grade systems. We value curiosity, ownership, and clear communication. Entry-level candidates with strong internship experience are encouraged to apply."
320,Data Engineer,Opaline Cosmetics Analytics,"Washington, DC",2026-03-09,Data Engineer,153000,"As a Data Engineer at Opaline Cosmetics Analytics, you will partner with engineering and product teams to deliver high-quality, reliable solutions. Required skills: Python, Kafka, Redshift, Data warehousing, and Snowflake. Bonus points if you have experience mentoring junior team members and contributing to a strong engineering culture. 5+ years of professional experience required."
364,Senior Data Analyst,Opaline Cosmetics Analytics,"Mumbai, India",2026-03-09,Data Analyst,35000,"As a Senior Data Analyst at Opaline Cosmetics Analytics, you will partner with engineering and product teams to deliver high-quality, reliable solutions. Required skills: Power BI, Looker, R, and Statistics. Bonus points if you have experience mentoring junior team members and contributing to a strong engineering culture. 3+ years of relevant experience preferred."
464,Marketing Data Analyst,Cortex Systems,"Chicago, IL",2026-03-09,Data Analyst,90000,"We are looking for a Marketing Data Analyst to join our growing team at Cortex Systems. You will work closely with cross-functional stakeholders to turn data into actionable insight. Key requirements include hands-on experience with Tableau, SQL, Python, R, Excel, and A/B testing. The ideal candidate is comfortable working in a fast-paced, collaborative environment and has a strong track record of delivering measurable business impact. 3+ years of relevant experience preferred."
799,Senior Data Scientist,Harbor Robotics,"Chicago, IL",2026-03-09,Data Scientist,143500,"We are looking for a Senior Data Scientist to join our growing team at Harbor Robotics. You will work closely with cross-functional stakeholders to turn data into actionable insight. Key requirements include hands-on experience with A/B testing, R, Computer Vision, Spark, Python, Deep Learning, and PyTorch. The ideal candidate is comfortable working in a fast-paced, collaborative environment and has a strong track record of delivering measurable business impact. 5+ years of professional experience required."
1344,AI Engineer,Nectar Foods,"Los Angeles, CA",2026-03-09,ML Engineer,189500,"Nectar Foods is hiring a AI Engineer to help scale our data capabilities. In this role you'll design, build, and maintain solutions using TensorFlow, Python, Machine Learning, and PyTorch. We're looking for someone with strong problem-solving skills, excellent communication, and a passion for data-driven decision making. 3+ years of relevant experience preferred."
1987,Cloud Data Engineer,Vertex Insight Labs,"Berlin, Germany",2026-03-09,Data Engineer,119000,"We are looking for a Cloud Data Engineer to join our growing team at Vertex Insight Labs. You will work closely with cross-functional stakeholders to turn data into actionable insight. Key requirements include hands-on experience with Spark, Google Cloud Platform, AWS, and Python. The ideal candidate is comfortable working in a fast-paced, collaborative environment and has a strong track record of delivering measurable business impact. Entry-level candidates with strong internship experience are encouraged to apply."
127,Senior Data Engineer,Rustic Agritech,"Los Angeles, CA",2026-03-10,Data Engineer,161500,"Rustic Agritech seeks an experienced Senior Data Engineer to support our expanding analytics function. Day-to-day responsibilities include working with Spark, Google Cloud Platform, Docker, SQL, BigQuery, Azure, and Python to build scalable, production-grade systems. We value curiosity, ownership, and clear communication. Minimum of 2 years in a similar role."
449,Senior ML Engineer,Clearwater Consulting,"Seattle, WA",2026-03-10,ML Engineer,180500,"Join Clearwater Consulting as a Senior ML Engineer! You'll be responsible for building and maintaining systems that rely on Python, Machine Learning, Spark, PyTorch, NLP, and TensorFlow. This is a great opportunity for someone who enjoys solving complex problems and working with a talented, supportive team. 3+ years of relevant experience preferred."
749,Platform Engineer,Opaline Cosmetics Analytics,"San Francisco, CA",2026-03-10,Software Engineer,142500,"We are looking for a Platform Engineer to join our growing team at Opaline Cosmetics Analytics. You will work closely with cross-functional stakeholders to turn data into actionable insight. Key requirements include hands-on experience with REST API, Kubernetes, Python, Agile, and Docker. The ideal candidate is comfortable working in a fast-paced, collaborative environment and has a strong track record of delivering measurable business impact. 5+ years of professional experience required."
818,Senior Software Engineer,Summit Cloud Solutions,"Austin, TX",2026-03-10,Software Engineer,171000,"Join Summit Cloud Solutions as a Senior Software Engineer! You'll be responsible for building and maintaining systems that rely on Java, Python, REST API, Docker, SQL, and Kubernetes. This is a great opportunity for someone who enjoys solving complex problems and working with a talented, supportive team. 5+ years of professional experience required."
916,Senior Data Scientist,Lighthouse AI,"San Francisco, CA",2026-03-10,Data Scientist,177500,"Lighthouse AI seeks an experienced Senior Data Scientist to support our expanding analytics function. Day-to-day responsibilities include working with Statistics, Scikit-learn, Python, SQL, and Tableau to build scalable, production-grade systems. We value curiosity, ownership, and clear communication. 5+ years of professional experience required."
1110,Data Scientist II,Bluepeak Technologies,Singapore,2026-03-10,Data Scientist,78500,"As a Data Scientist II at Bluepeak Technologies, you will partner with engineering and product teams to deliver high-quality, reliable solutions. Required skills: Deep Learning, Machine Learning, Computer Vision, Statistics, Python, TensorFlow, and PyTorch. Bonus points if you have experience mentoring junior team members and contributing to a strong engineering culture. 3+ years of relevant experience preferred."
1115,Senior Software Engineer,Quantum Retail Group,"Chicago, IL",2026-03-10,Software Engineer,156500,"Join Quantum Retail Group as a Senior Software Engineer! You'll be responsible for building and maintaining systems that rely on Docker, REST API, MongoDB, Linux, Git, Python, and JavaScript. This is a great opportunity for someone who enjoys solving complex problems and working with a talented, supportive team. Minimum of 2 years in a similar role."
1222,Lead Data Scientist,Quicksilver Payments,"Dublin, Ireland",2026-03-10,Data Scientist,115500,"We are looking for a Lead Data Scientist to join our growing team at Quicksilver Payments. You will work closely with cross-functional stakeholders to turn data into actionable insight. Key requirements include hands-on experience with TensorFlow, Python, Scikit-learn, Computer Vision, Tableau, AWS, and Machine Learning. The ideal candidate is comfortable working in a fast-paced, collaborative environment and has a strong track record of delivering measurable business impact. 5+ years of professional experience required."
1432,Backend Engineer,Junction Mobility,"Pune, India",2026-03-10,Software Engineer,36500,"Junction Mobility is hiring a Backend Engineer to help scale our data capabilities. In this role you'll design, build, and maintain solutions using Java, AWS, REST API, and Git. We're looking for someone with strong problem-solving skills, excellent communication, and a passion for data-driven decision making. Minimum of 2 years in a similar role."
1631,Data Engineer,Nectar Foods,"Berlin, Germany",2026-03-10,Data Engineer,105500,"Join Nectar Foods as a Data Engineer! You'll be responsible for building and maintaining systems that rely on Kafka, Spark, ETL, Python, and Snowflake. This is a great opportunity for someone who enjoys solving complex problems and working with a talented, supportive team. 3+ years of relevant experience preferred."
224,Marketing Data Analyst,Summit Cloud Solutions,"Dublin, Ireland",2026-03-11,Data Analyst,69500,"Join Summit Cloud Solutions as a Marketing Data Analyst! You'll be responsible for building and maintaining systems that rely on SQL, MongoDB, A/B testing, Power BI, Excel, and Python. This is a great opportunity for someone who enjoys solving complex problems and working with a talented, supportive team. Minimum of 2 years in a similar role."
624,Cloud Data Engineer,Pixel & Co,"Mumbai, India",2026-03-11,Data Engineer,44500,"As a Cloud Data Engineer at Pixel & Co, you will partner with engineering and product teams to deliver high-quality, reliable solutions. Required skills: AWS, Data warehousing, Snowflake, Python, Azure, Airflow, and dbt. Bonus points if you have experience mentoring junior team members and contributing to a strong engineering culture. 3+ years of relevant experience preferred."
843,Junior Data Analyst,Tundra Telecom,"Atlanta, GA",2026-03-11,Data Analyst,65500,"We are looking for a Junior Data Analyst to join our growing team at Tundra Telecom. You will work closely with cross-functional stakeholders to turn data into actionable insight. Key requirements include hands-on experience with Data warehousing, SQL, A/B testing, and Google Cloud Platform. The ideal candidate is comfortable working in a fast-paced, collaborative environment and has a strong track record of delivering measurable business impact. Ideal for candidates with 4-6 years of industry experience."
940,Backend Engineer,Coral Reef Gaming,"Boston, MA",2026-03-11,Software Engineer,158500,"As a Backend Engineer at Coral Reef Gaming, you will partner with engineering and product teams to deliver high-quality, reliable solutions. Required skills: C++, Java, PostgreSQL, SQL, Python, and Git. Bonus points if you have experience mentoring junior team members and contributing to a strong engineering culture. 5+ years of professional experience required."
1805,Deep Learning Engineer,Lumina Commerce,"Toronto, Canada",2026-03-11,ML Engineer,117500,"As a Deep Learning Engineer at Lumina Commerce, you will partner with engineering and product teams to deliver high-quality, reliable solutions. Required skills: Kubernetes, Scikit-learn, TensorFlow, PyTorch, Machine Learning, Python, and Docker. Bonus points if you have experience mentoring junior team members and contributing to a strong engineering culture. Minimum of 2 years in a similar role."
56,Data Analyst,Gridline Utilities,"Los Angeles, CA",2026-03-12,Data Analyst,77000,"Join Gridline Utilities as a Data Analyst! You'll be responsible for building and maintaining systems that rely on SQL, Python, Tableau, Data warehousing, Power BI, R, and Looker. This is a great opportunity for someone who enjoys solving complex problems and working with a talented, supportive team. Ideal for candidates with 4-6 years of industry experience."
167,Cloud Data Engineer,Skyline Software,"Boston, MA",2026-03-12,Data Engineer,124000,"As a Cloud Data Engineer at Skyline Software, you will partner with engineering and product teams to deliver high-quality, reliable solutions. Required skills: Airflow, Python, dbt, Redshift, AWS, and Snowflake. Bonus points if you have experience mentoring junior team members and contributing to a strong engineering culture. Entry-level candidates with strong internship experience are encouraged to apply."
255,Senior Data Scientist,Junction Mobility,Remote,2026-03-12,Data Scientist,133500,"Junction Mobility is hiring a Senior Data Scientist to help scale our data capabilities. In this role you'll design, build, and maintain solutions using Python, TensorFlow, Deep Learning, Scikit-learn, and A/B testing. We're looking for someone with strong problem-solving skills, excellent communication, and a passion for data-driven decision making. Minimum of 2 years in a similar role."
593,AI Engineer,Sable Energy,"Austin, TX",2026-03-12,ML Engineer,138500,"Sable Energy is hiring a AI Engineer to help scale our data capabilities. In this role you'll design, build, and maintain solutions using Deep Learning, Docker, AWS, NLP, and Computer Vision. We're looking for someone with strong problem-solving skills, excellent communication, and a passion for data-driven decision making. Minimum of 2 years in a similar role."
757,Reporting Analyst,Pathfinder Travel Tech,"Toronto, Canada",2026-03-12,Data Analyst,77500,"Join Pathfinder Travel Tech as a Reporting Analyst! You'll be responsible for building and maintaining systems that rely on Git, Statistics, Excel, Python, SQL, Looker, and Power BI. This is a great opportunity for someone who enjoys solving complex problems and working with a talented, supportive team. Ideal for candidates with 4-6 years of industry experience."
997,Research Data Scientist,Quantum Retail Group,"London, UK",2026-03-12,Data Scientist,122000,"Join Quantum Retail Group as a Research Data Scientist! You'll be responsible for building and maintaining systems that rely on Python, NLP, A/B testing, Spark, Machine Learning, and TensorFlow. This is a great opportunity for someone who enjoys solving complex problems and working with a talented, supportive team. Minimum of 2 years in a similar role."
1479,ML Ops Engineer,Vertex Insight Labs,"Bengaluru, India",2026-03-12,ML Engineer,63000,"Join Vertex Insight Labs as a ML Ops Engineer! You'll be responsible for building and maintaining systems that rely on Kubernetes, Python, PyTorch, TensorFlow, Airflow, Computer Vision, and Scikit-learn. This is a great opportunity for someone who enjoys solving complex problems and working with a talented, supportive team. 3+ years of relevant experience preferred."
1602,Software Engineer,Skyline Software,"Hyderabad, India",2026-03-12,Software Engineer,39500,"Skyline Software is hiring a Software Engineer to help scale our data capabilities. In this role you'll design, build, and maintain solutions using REST API, Python, JavaScript, C++, NoSQL, and Linux. We're looking for someone with strong problem-solving skills, excellent communication, and a passion for data-driven decision making. Minimum of 2 years in a similar role."
1622,Full Stack Developer,Echo Streaming,"Dublin, Ireland",2026-03-12,Software Engineer,86000,"As a Full Stack Developer at Echo Streaming, you will partner with engineering and product teams to deliver high-quality, reliable solutions. Required skills: MongoDB, AWS, Java, and JavaScript. Bonus points if you have experience mentoring junior team members and contributing to a strong engineering culture. 5+ years of professional experience required."
1888,BI Analyst,Vertex Insight Labs,"Pune, India",2026-03-12,Data Analyst,29000,"Vertex Insight Labs is hiring a BI Analyst to help scale our data capabilities. In this role you'll design, build, and maintain solutions using SQL, Excel, Looker, Power BI, Data warehousing, Tableau, and ETL. We're looking for someone with strong problem-solving skills, excellent communication, and a passion for data-driven decision making. Minimum of 2 years in a similar role."
515,Senior Data Scientist,Marlin Shipping,"Dublin, Ireland",2026-03-13,Data Scientist,99500,"We are looking for a Senior Data Scientist to join our growing team at Marlin Shipping. You will work closely with cross-functional stakeholders to turn data into actionable insight. Key requirements include hands-on experience with TensorFlow, A/B testing, Deep Learning, SQL, and Machine Learning. The ideal candidate is comfortable working in a fast-paced, collaborative environment and has a strong track record of delivering measurable business impact. Minimum of 2 years in a similar role."
685,Senior Data Analyst,Pixel & Co,"Boston, MA",2026-03-13,Data Analyst,78000,"As a Senior Data Analyst at Pixel & Co, you will partner with engineering and product teams to deliver high-quality, reliable solutions. Required skills: Tableau, Git, Python, Data warehousing, SQL, R, and Statistics. Bonus points if you have experience mentoring junior team members and contributing to a strong engineering culture. Minimum of 2 years in a similar role."
1140,Business Data Analyst,Summit Cloud Solutions,"Austin, TX",2026-03-13,Data Analyst,78500,"We are looking for a Business Data Analyst to join our growing team at Summit Cloud Solutions. You will work closely with cross-functional stakeholders to turn data into actionable insight. Key requirements include hands-on experience with SQL, Power BI, Python, and Git. The ideal candidate is comfortable working in a fast-paced, collaborative environment and has a strong track record of delivering measurable business impact. 3+ years of relevant experience preferred."
200,Software Development Engineer,Orbit Financial Services,Remote,2026-03-14,Software Engineer,111000,"Orbit Financial Services is hiring a Software Development Engineer to help scale our data capabilities. In this role you'll design, build, and maintain solutions using SQL, Java, Linux, Python, Agile, AWS, and Docker. We're looking for someone with strong problem-solving skills, excellent communication, and a passion for data-driven decision making. Ideal for candidates with 4-6 years of industry experience."
202,ETL Developer,Nova Insurance,"New York, NY",2026-03-14,Data Engineer,154500,"Nova Insurance is hiring a ETL Developer to help scale our data capabilities. In this role you'll design, build, and maintain solutions using Snowflake, Docker, Python, BigQuery, and AWS. We're looking for someone with strong problem-solving skills, excellent communication, and a passion for data-driven decision making. 5+ years of professional experience required."
1040,ML Ops Engineer,Sable Energy,"Delhi, India",2026-03-14,ML Engineer,51500,"As a ML Ops Engineer at Sable Energy, you will partner with engineering and product teams to deliver high-quality, reliable solutions. Required skills: Python, Deep Learning, AWS, Git, and Scikit-learn. Bonus points if you have experience mentoring junior team members and contributing to a strong engineering culture. 3+ years of relevant experience preferred."
1688,Applied ML Engineer,Summit Cloud Solutions,"New York, NY",2026-03-14,ML Engineer,169000,"We are looking for a Applied ML Engineer to join our growing team at Summit Cloud Solutions. You will work closely with cross-functional stakeholders to turn data into actionable insight. Key requirements include hands-on experience with Deep Learning, AWS, PyTorch, Computer Vision, Azure, and Machine Learning. The ideal candidate is comfortable working in a fast-paced, collaborative environment and has a strong track record of delivering measurable business impact. 5+ years of professional experience required."
49,Backend Engineer,Sable Energy,"San Francisco, CA",2026-03-15,Software Engineer,155000,"We are looking for a Backend Engineer to join our growing team at Sable Energy. You will work closely with cross-functional stakeholders to turn data into actionable insight. Key requirements include hands-on experience with PostgreSQL, MongoDB, JavaScript, Java, Python, and Kubernetes. The ideal candidate is comfortable working in a fast-paced, collaborative environment and has a strong track record of delivering measurable business impact. 5+ years of professional experience required."
343,Machine Learning Engineer,Vertex Insight Labs,"New York, NY",2026-03-15,ML Engineer,177000,"As a Machine Learning Engineer at Vertex Insight Labs, you will partner with engineering and product teams to deliver high-quality, reliable solutions. Required skills: NLP, Python, Computer Vision, Spark, Scikit-learn, Docker, and PyTorch. Bonus points if you have experience mentoring junior team members and contributing to a strong engineering culture. 5+ years of professional experience required."
506,Applied Data Scientist,Granite Data Partners,"London, UK",2026-03-15,Data Scientist,127500,"As a Applied Data Scientist at Granite Data Partners, you will partner with engineering and product teams to deliver high-quality, reliable solutions. Required skills: Machine Learning, SQL, Statistics, TensorFlow, Python, A/B testing, and R. Bonus points if you have experience mentoring junior team members and contributing to a strong engineering culture. 5+ years of professional experience required."
922,Business Data Analyst,Lattice Biotech,"Bengaluru, India",2026-03-15,Data Analyst,30000,"Lattice Biotech seeks an experienced Business Data Analyst to support our expanding analytics function. Day-to-day responsibilities include working with Power BI, A/B testing, SQL, and Tableau to build scalable, production-grade systems. We value curiosity, ownership, and clear communication. Ideal for candidates with 4-6 years of industry experience."
1701,Data Engineer,Opaline Cosmetics Analytics,Remote,2026-03-15,Data Engineer,117500,"Opaline Cosmetics Analytics is hiring a Data Engineer to help scale our data capabilities. In this role you'll design, build, and maintain solutions using ETL, Airflow, Redshift, Hadoop, and AWS. We're looking for someone with strong problem-solving skills, excellent communication, and a passion for data-driven decision making. 5+ years of professional experience required."
1778,Applied ML Engineer,Nova Insurance,"Delhi, India",2026-03-15,ML Engineer,49500,"Join Nova Insurance as a Applied ML Engineer! You'll be responsible for building and maintaining systems that rely on Azure, PyTorch, AWS, TensorFlow, and Docker. This is a great opportunity for someone who enjoys solving complex problems and working with a talented, supportive team. 5+ years of professional experience required."
592,Analytics Engineer,Kestrel Media Group,"Hyderabad, India",2026-03-16,Data Engineer,58000,"Join Kestrel Media Group as a Analytics Engineer! You'll be responsible for building and maintaining systems that rely on Hadoop, Airflow, Python, AWS, and Spark. This is a great opportunity for someone who enjoys solving complex problems and working with a talented, supportive team. Ideal for candidates with 4-6 years of industry experience."
62,ML Ops Engineer,Delta Freight Systems,"Toronto, Canada",2026-03-17,ML Engineer,131500,"Delta Freight Systems is hiring a ML Ops Engineer to help scale our data capabilities. In this role you'll design, build, and maintain solutions using Kubernetes, AWS, Deep Learning, Docker, Git, and Python. We're looking for someone with strong problem-solving skills, excellent communication, and a passion for data-driven decision making. Minimum of 2 years in a similar role."
709,Software Engineer,Opaline Cosmetics Analytics,"New York, NY",2026-03-17,Software Engineer,135500,"Opaline Cosmetics Analytics is hiring a Software Engineer to help scale our data capabilities. In this role you'll design, build, and maintain solutions using AWS, JavaScript, NoSQL, and MongoDB. We're looking for someone with strong problem-solving skills, excellent communication, and a passion for data-driven decision making. Ideal for candidates with 4-6 years of industry experience."
1343,Reporting Analyst,Sable Energy,"Pune, India",2026-03-17,Data Analyst,27500,"As a Reporting Analyst at Sable Energy, you will partner with engineering and product teams to deliver high-quality, reliable solutions. Required skills: Statistics, Looker, Excel, and SQL. Bonus points if you have experience mentoring junior team members and contributing to a strong engineering culture. 5+ years of professional experience required."
1799,Data Scientist,Quicksilver Payments,"Los Angeles, CA",2026-03-17,Data Scientist,154000,"Quicksilver Payments seeks an experienced Data Scientist to support our expanding analytics function. Day-to-day responsibilities include working with R, SQL, AWS, and Statistics to build scalable, production-grade systems. We value curiosity, ownership, and clear communication. 5+ years of professional experience required."
1804,Senior ML Engineer,Evergreen Logistics,"Washington, DC",2026-03-17,ML Engineer,192000,"Evergreen Logistics is hiring a Senior ML Engineer to help scale our data capabilities. In this role you'll design, build, and maintain solutions using AWS, Python, PyTorch, Spark, Git, and TensorFlow. We're looking for someone with strong problem-solving skills, excellent communication, and a passion for data-driven decision making. 5+ years of professional experience required."
1971,Big Data Engineer,Nectar Foods,"Austin, TX",2026-03-17,Data Engineer,140500,"Join Nectar Foods as a Big Data Engineer! You'll be responsible for building and maintaining systems that rely on Python, SQL, Hadoop, and Spark. This is a great opportunity for someone who enjoys solving complex problems and working with a talented, supportive team. Entry-level candidates with strong internship experience are encouraged to apply."
138,Cloud Data Engineer,Evergreen Logistics,"Los Angeles, CA",2026-03-18,Data Engineer,179000,"Evergreen Logistics seeks an experienced Cloud Data Engineer to support our expanding analytics function. Day-to-day responsibilities include working with AWS, Spark, Python, Hadoop, and ETL to build scalable, production-grade systems. We value curiosity, ownership, and clear communication. Minimum of 2 years in a similar role."
149,BI Analyst,Vantage Point Retail,Remote,2026-03-18,Data Analyst,69000,"We are looking for a BI Analyst to join our growing team at Vantage Point Retail. You will work closely with cross-functional stakeholders to turn data into actionable insight. Key requirements include hands-on experience with Google Cloud Platform, Statistics, SQL, Excel, A/B testing, Python, and Tableau. The ideal candidate is comfortable working in a fast-paced, collaborative environment and has a strong track record of delivering measurable business impact. Entry-level candidates with strong internship experience are encouraged to apply."
583,Software Engineer,Harbor Robotics,"Berlin, Germany",2026-03-18,Software Engineer,74500,"As a Software Engineer at Harbor Robotics, you will partner with engineering and product teams to deliver high-quality, reliable solutions. Required skills: Git, JavaScript, AWS, and Kubernetes. Bonus points if you have experience mentoring junior team members and contributing to a strong engineering culture. Minimum of 2 years in a similar role."
841,Business Data Analyst,Vantage Point Retail,"Atlanta, GA",2026-03-18,Data Analyst,91500,"Join Vantage Point Retail as a Business Data Analyst! You'll be responsible for building and maintaining systems that rely on SQL, A/B testing, MongoDB, Excel, Power BI, Python, and Tableau. This is a great opportunity for someone who enjoys solving complex problems and working with a talented, supportive team. Entry-level candidates with strong internship experience are encouraged to apply."
932,Applied ML Engineer,Zenith Aerospace,"New York, NY",2026-03-18,ML Engineer,200000,"Zenith Aerospace seeks an experienced Applied ML Engineer to support our expanding analytics function. Day-to-day responsibilities include working with Machine Learning, Spark, NLP, Git, TensorFlow, and Computer Vision to build scalable, production-grade systems. We value curiosity, ownership, and clear communication. Ideal for candidates with 4-6 years of industry experience."
1246,Senior Data Engineer,Sable Energy,"Seattle, WA",2026-03-18,Data Engineer,155500,"Join Sable Energy as a Senior Data Engineer! You'll be responsible for building and maintaining systems that rely on Data warehousing, Spark, AWS, Python, Airflow, Kafka, and dbt. This is a great opportunity for someone who enjoys solving complex problems and working with a talented, supportive team. 5+ years of professional experience required."
1510,ML Ops Engineer,Nimbus Analytics,"Toronto, Canada",2026-03-18,ML Engineer,156000,"Join Nimbus Analytics as a ML Ops Engineer! You'll be responsible for building and maintaining systems that rely on Deep Learning, TensorFlow, Docker, Airflow, NLP, and Python. This is a great opportunity for someone who enjoys solving complex problems and working with a talented, supportive team. Ideal for candidates with 4-6 years of industry experience."
1529,Data Engineer,Quicksilver Payments,"San Francisco, CA",2026-03-18,Data Engineer,168000,"Join Quicksilver Payments as a Data Engineer! You'll be responsible for building and maintaining systems that rely on Spark, Snowflake, ETL, BigQuery, and SQL. This is a great opportunity for someone who enjoys solving complex problems and working with a talented, supportive team. Ideal for candidates with 4-6 years of industry experience."
1654,ML Ops Engineer,Anchor Payments,"London, UK",2026-03-18,ML Engineer,125500,"Anchor Payments seeks an experienced ML Ops Engineer to support our expanding analytics function. Day-to-day responsibilities include working with AWS, Docker, Machine Learning, TensorFlow, Azure, and Kubernetes to build scalable, production-grade systems. We value curiosity, ownership, and clear communication. Entry-level candidates with strong internship experience are encouraged to apply."
265,Senior ML Engineer,Prism Media Analytics,Remote,2026-03-19,ML Engineer,121500,"Join Prism Media Analytics as a Senior ML Engineer! You'll be responsible for building and maintaining systems that rely on Python, Computer Vision, Spark, Docker, Azure, and PyTorch. This is a great opportunity for someone who enjoys solving complex problems and working with a talented, supportive team. Ideal for candidates with 4-6 years of industry experience."
989,Senior Data Scientist,Orbit Financial Services,"London, UK",2026-03-19,Data Scientist,119500,"Orbit Financial Services seeks an experienced Senior Data Scientist to support our expanding analytics function. Day-to-day responsibilities include working with Computer Vision, Deep Learning, Scikit-learn, PyTorch, AWS, Python, and Machine Learning to build scalable, production-grade systems. We value curiosity, ownership, and clear communication. 5+ years of professional experience required."
1866,Analytics Engineer,Vantage Point Retail,"Boston, MA",2026-03-19,Data Engineer,148000,"We are looking for a Analytics Engineer to join our growing team at Vantage Point Retail. You will work closely with cross-functional stakeholders to turn data into actionable insight. Key requirements include hands-on experience with Kafka, SQL, Spark, and Airflow. The ideal candidate is comfortable working in a fast-paced, collaborative environment and has a strong track record of delivering measurable business impact. 5+ years of professional experience required."
1977,Machine Learning Engineer,Clearwater Consulting,"San Francisco, CA",2026-03-19,ML Engineer,249000,"Clearwater Consulting is hiring a Machine Learning Engineer to help scale our data capabilities. In this role you'll design, build, and maintain solutions using Python, Machine Learning, NLP, Docker, TensorFlow, Kubernetes, and PyTorch. We're looking for someone with strong problem-solving skills, excellent communication, and a passion for data-driven decision making. 3+ years of relevant experience preferred."
274,Senior Data Engineer,Lighthouse AI,"Chicago, IL",2026-03-20,Data Engineer,101000,"As a Senior Data Engineer at Lighthouse AI, you will partner with engineering and product teams to deliver high-quality, reliable solutions. Required skills: Docker, Data warehousing, Kafka, dbt, and Redshift. Bonus points if you have experience mentoring junior team members and contributing to a strong engineering culture. 5+ years of professional experience required."
774,BI Analyst,Echo Streaming,"Toronto, Canada",2026-03-20,Data Analyst,57000,"We are looking for a BI Analyst to join our growing team at Echo Streaming. You will work closely with cross-functional stakeholders to turn data into actionable insight. Key requirements include hands-on experience with R, Google Cloud Platform, Tableau, MongoDB, Python, and Power BI. The ideal candidate is comfortable working in a fast-paced, collaborative environment and has a strong track record of delivering measurable business impact. 3+ years of relevant experience preferred."
994,Data Analyst,Vertex Insight Labs,"Boston, MA",2026-03-20,Data Analyst,80500,"Vertex Insight Labs seeks an experienced Data Analyst to support our expanding analytics function. Day-to-day responsibilities include working with Tableau, SQL, MongoDB, and Excel to build scalable, production-grade systems. We value curiosity, ownership, and clear communication. 5+ years of professional experience required."
229,Machine Learning Engineer,Vertex Insight Labs,"Boston, MA",2026-03-21,ML Engineer,161000,"Vertex Insight Labs seeks an experienced Machine Learning Engineer to support our expanding analytics function. Day-to-day responsibilities include working with Git, Machine Learning, PyTorch, Docker, AWS, and Azure to build scalable, production-grade systems. We value curiosity, ownership, and clear communication. Ideal for candidates with 4-6 years of industry experience."
576,Platform Engineer,Tundra Telecom,"Washington, DC",2026-03-21,Software Engineer,115000,"As a Platform Engineer at Tundra Telecom, you will partner with engineering and product teams to deliver high-quality, reliable solutions. Required skills: Python, SQL, Docker, REST API, and Java. Bonus points if you have experience mentoring junior team members and contributing to a strong engineering culture. Ideal for candidates with 4-6 years of industry experience."
920,Platform Engineer,Kestrel Media Group,"Pune, India",2026-03-21,Software Engineer,45500,"As a Platform Engineer at Kestrel Media Group, you will partner with engineering and product teams to deliver high-quality, reliable solutions. Required skills: Linux, SQL, REST API, Git, Docker, Kubernetes, and AWS. Bonus points if you have experience mentoring junior team members and contributing to a strong engineering culture. Ideal for candidates with 4-6 years of industry experience."
1174,Software Engineer,Meridian Health Analytics,"London, UK",2026-03-21,Software Engineer,101500,"Join Meridian Health Analytics as a Software Engineer! You'll be responsible for building and maintaining systems that rely on PostgreSQL, SQL, Kubernetes, REST API, Git, Docker, and Python. This is a great opportunity for someone who enjoys solving complex problems and working with a talented, supportive team. 5+ years of professional experience required."
1275,Big Data Engineer,Orbit Financial Services,"Toronto, Canada",2026-03-21,Data Engineer,88500,"Orbit Financial Services seeks an experienced Big Data Engineer to support our expanding analytics function. Day-to-day responsibilities include working with Docker, SQL, Redshift, Spark, and Airflow to build scalable, production-grade systems. We value curiosity, ownership, and clear communication. Minimum of 2 years in a similar role."
1896,Cloud Data Engineer,Pixel & Co,"San Francisco, CA",2026-03-21,Data Engineer,217500,"We are looking for a Cloud Data Engineer to join our growing team at Pixel & Co. You will work closely with cross-functional stakeholders to turn data into actionable insight. Key requirements include hands-on experience with SQL, Data warehousing, Airflow, Azure, and Redshift. The ideal candidate is comfortable working in a fast-paced, collaborative environment and has a strong track record of delivering measurable business impact. Ideal for candidates with 4-6 years of industry experience."
457,Data Scientist II,Ironclad Security,"Delhi, India",2026-03-22,Data Scientist,57000,"Ironclad Security is hiring a Data Scientist II to help scale our data capabilities. In this role you'll design, build, and maintain solutions using SQL, Spark, Tableau, Deep Learning, and Machine Learning. We're looking for someone with strong problem-solving skills, excellent communication, and a passion for data-driven decision making. 3+ years of relevant experience preferred."
1390,AI Engineer,Rustic Agritech,"Toronto, Canada",2026-03-22,ML Engineer,130500,"Rustic Agritech is hiring a AI Engineer to help scale our data capabilities. In this role you'll design, build, and maintain solutions using Git, Python, Deep Learning, Docker, NLP, Kubernetes, and TensorFlow. We're looking for someone with strong problem-solving skills, excellent communication, and a passion for data-driven decision making. Ideal for candidates with 4-6 years of industry experience."
1518,Applied Data Scientist,Zenith Aerospace,"Chicago, IL",2026-03-22,Data Scientist,123000,"Zenith Aerospace seeks an experienced Applied Data Scientist to support our expanding analytics function. Day-to-day responsibilities include working with Statistics, Power BI, Python, and PyTorch to build scalable, production-grade systems. We value curiosity, ownership, and clear communication. 3+ years of relevant experience preferred."
1668,Data Engineer,Harbor Robotics,"San Francisco, CA",2026-03-22,Data Engineer,151500,"Join Harbor Robotics as a Data Engineer! You'll be responsible for building and maintaining systems that rely on NoSQL, Data warehousing, Airflow, Google Cloud Platform, SQL, and dbt. This is a great opportunity for someone who enjoys solving complex problems and working with a talented, supportive team. 5+ years of professional experience required."
107,Analytics Engineer,Marlin Shipping,"Hyderabad, India",2026-03-23,Data Engineer,45500,"Marlin Shipping is hiring a Analytics Engineer to help scale our data capabilities. In this role you'll design, build, and maintain solutions using NoSQL, Python, ETL, and SQL. We're looking for someone with strong problem-solving skills, excellent communication, and a passion for data-driven decision making. 5+ years of professional experience required."
1575,Applied ML Engineer,Juniper Cybersecurity,"Dublin, Ireland",2026-03-23,ML Engineer,131000,"Join Juniper Cybersecurity as a Applied ML Engineer! You'll be responsible for building and maintaining systems that rely on NLP, Git, Python, Machine Learning, and TensorFlow. This is a great opportunity for someone who enjoys solving complex problems and working with a talented, supportive team. Minimum of 2 years in a similar role."
1815,Software Development Engineer,Evergreen Logistics,"Bengaluru, India",2026-03-23,Software Engineer,36500,"Evergreen Logistics is hiring a Software Development Engineer to help scale our data capabilities. In this role you'll design, build, and maintain solutions using SQL, Python, Git, and Java. We're looking for someone with strong problem-solving skills, excellent communication, and a passion for data-driven decision making. 3+ years of relevant experience preferred."
239,Deep Learning Engineer,Northwind Digital,"Bengaluru, India",2026-03-24,ML Engineer,68500,"Northwind Digital is hiring a Deep Learning Engineer to help scale our data capabilities. In this role you'll design, build, and maintain solutions using Docker, Deep Learning, Computer Vision, Kubernetes, PyTorch, and Scikit-learn. We're looking for someone with strong problem-solving skills, excellent communication, and a passion for data-driven decision making. Entry-level candidates with strong internship experience are encouraged to apply."
254,Senior Data Engineer,Orbit Financial Services,"San Francisco, CA",2026-03-24,Data Engineer,154500,"Join Orbit Financial Services as a Senior Data Engineer! You'll be responsible for building and maintaining systems that rely on Spark, Hadoop, Snowflake, AWS, Python, Data warehousing, and Kafka. This is a great opportunity for someone who enjoys solving complex problems and working with a talented, supportive team. Minimum of 2 years in a similar role."
599,Senior Data Engineer,Rustic Agritech,"Hyderabad, India",2026-03-24,Data Engineer,34500,"Rustic Agritech seeks an experienced Senior Data Engineer to support our expanding analytics function. Day-to-day responsibilities include working with dbt, Python, Hadoop, Redshift, and ETL to build scalable, production-grade systems. We value curiosity, ownership, and clear communication. Ideal for candidates with 4-6 years of industry experience."
1044,Software Development Engineer,Juniper Cybersecurity,"Bengaluru, India",2026-03-24,Software Engineer,40500,"Juniper Cybersecurity seeks an experienced Software Development Engineer to support our expanding analytics function. Day-to-day responsibilities include working with Kubernetes, Python, JavaScript, SQL, Docker, C++, and Git to build scalable, production-grade systems. We value curiosity, ownership, and clear communication. 3+ years of relevant experience preferred."
908,Data Analyst,Prism Media Analytics,Remote,2026-03-25,Data Analyst,75000,"We are looking for a Data Analyst to join our growing team at Prism Media Analytics. You will work closely with cross-functional stakeholders to turn data into actionable insight. Key requirements include hands-on experience with Excel, Power BI, Tableau, and Python. The ideal candidate is comfortable working in a fast-paced, collaborative environment and has a strong track record of delivering measurable business impact. Entry-level candidates with strong internship experience are encouraged to apply."
914,Senior ML Engineer,Willow Health Systems,"Denver, CO",2026-03-25,ML Engineer,174500,"Willow Health Systems is hiring a Senior ML Engineer to help scale our data capabilities. In this role you'll design, build, and maintain solutions using Deep Learning, Git, PyTorch, and Machine Learning. We're looking for someone with strong problem-solving skills, excellent communication, and a passion for data-driven decision making. 5+ years of professional experience required."
1587,Senior Software Engineer,Opaline Cosmetics Analytics,Remote,2026-03-25,Software Engineer,106500,"Opaline Cosmetics Analytics seeks an experienced Senior Software Engineer to support our expanding analytics function. Day-to-day responsibilities include working with AWS, REST API, Linux, JavaScript, C++, Java, and Kubernetes to build scalable, production-grade systems. We value curiosity, ownership, and clear communication. Ideal for candidates with 4-6 years of industry experience."
1929,Senior Software Engineer,Ironclad Security,"Bengaluru, India",2026-03-25,Software Engineer,37000,"Join Ironclad Security as a Senior Software Engineer! You'll be responsible for building and maintaining systems that rely on Python, Git, C++, and AWS. This is a great opportunity for someone who enjoys solving complex problems and working with a talented, supportive team. 3+ years of relevant experience preferred."
1950,Marketing Data Analyst,Lighthouse AI,"Hyderabad, India",2026-03-25,Data Analyst,30500,"Lighthouse AI is hiring a Marketing Data Analyst to help scale our data capabilities. In this role you'll design, build, and maintain solutions using MongoDB, Excel, Tableau, Statistics, and A/B testing. We're looking for someone with strong problem-solving skills, excellent communication, and a passion for data-driven decision making. Ideal for candidates with 4-6 years of industry experience."
258,ETL Developer,Juniper Cybersecurity,"Mumbai, India",2026-03-26,Data Engineer,55000,"We are looking for a ETL Developer to join our growing team at Juniper Cybersecurity. You will work closely with cross-functional stakeholders to turn data into actionable insight. Key requirements include hands-on experience with Spark, Python, Airflow, and Kafka. The ideal candidate is comfortable working in a fast-paced, collaborative environment and has a strong track record of delivering measurable business impact. Minimum of 2 years in a similar role."
1317,Business Data Analyst,Echo Streaming,"New York, NY",2026-03-26,Data Analyst,95000,"We are looking for a Business Data Analyst to join our growing team at Echo Streaming. You will work closely with cross-functional stakeholders to turn data into actionable insight. Key requirements include hands-on experience with Google Cloud Platform, Tableau, Python, R, Power BI, Excel, and MongoDB. The ideal candidate is comfortable working in a fast-paced, collaborative environment and has a strong track record of delivering measurable business impact. Minimum of 2 years in a similar role."
1396,ML Ops Engineer,Juniper Cybersecurity,"Mumbai, India",2026-03-26,ML Engineer,76000,"Juniper Cybersecurity is hiring a ML Ops Engineer to help scale our data capabilities. In this role you'll design, build, and maintain solutions using PyTorch, Python, AWS, and Kubernetes. We're looking for someone with strong problem-solving skills, excellent communication, and a passion for data-driven decision making. 3+ years of relevant experience preferred."
64,Cloud Data Engineer,Riverstone Tech,"Pune, India",2026-03-27,Data Engineer,31500,"We are looking for a Cloud Data Engineer to join our growing team at Riverstone Tech. You will work closely with cross-functional stakeholders to turn data into actionable insight. Key requirements include hands-on experience with SQL, NoSQL, Google Cloud Platform, BigQuery, AWS, and Spark. The ideal candidate is comfortable working in a fast-paced, collaborative environment and has a strong track record of delivering measurable business impact. Entry-level candidates with strong internship experience are encouraged to apply."
591,Lead Data Scientist,Juniper Cybersecurity,"Seattle, WA",2026-03-27,Data Scientist,151000,"Juniper Cybersecurity is hiring a Lead Data Scientist to help scale our data capabilities. In this role you'll design, build, and maintain solutions using PyTorch, TensorFlow, Machine Learning, and Computer Vision. We're looking for someone with strong problem-solving skills, excellent communication, and a passion for data-driven decision making. 5+ years of professional experience required."
613,BI Analyst,Opaline Cosmetics Analytics,"Pune, India",2026-03-27,Data Analyst,27500,"Opaline Cosmetics Analytics is hiring a BI Analyst to help scale our data capabilities. In this role you'll design, build, and maintain solutions using Tableau, Looker, A/B testing, and Statistics. We're looking for someone with strong problem-solving skills, excellent communication, and a passion for data-driven decision making. Minimum of 2 years in a similar role."
716,Analytics Engineer,Nimbus Analytics,"Delhi, India",2026-03-27,Data Engineer,32000,"Join Nimbus Analytics as a Analytics Engineer! You'll be responsible for building and maintaining systems that rely on SQL, Kafka, Snowflake, and Python. This is a great opportunity for someone who enjoys solving complex problems and working with a talented, supportive team. Entry-level candidates with strong internship experience are encouraged to apply."
737,Software Engineer,Evergreen Logistics,"Austin, TX",2026-03-27,Software Engineer,126500,"Join Evergreen Logistics as a Software Engineer! You'll be responsible for building and maintaining systems that rely on Kubernetes, Python, Java, Git, and C++. This is a great opportunity for someone who enjoys solving complex problems and working with a talented, supportive team. 5+ years of professional experience required."
775,Senior Data Analyst,Clearwater Consulting,"Austin, TX",2026-03-27,Data Analyst,113500,"Clearwater Consulting seeks an experienced Senior Data Analyst to support our expanding analytics function. Day-to-day responsibilities include working with R, Tableau, Data warehousing, Power BI, and Excel to build scalable, production-grade systems. We value curiosity, ownership, and clear communication. Ideal for candidates with 4-6 years of industry experience."
876,Data Scientist,Nectar Foods,"Pune, India",2026-03-27,Data Scientist,50500,"Nectar Foods seeks an experienced Data Scientist to support our expanding analytics function. Day-to-day responsibilities include working with Scikit-learn, Tableau, AWS, Machine Learning, NLP, SQL, and TensorFlow to build scalable, production-grade systems. We value curiosity, ownership, and clear communication. Entry-level candidates with strong internship experience are encouraged to apply."
957,Junior Data Analyst,Zenith Aerospace,"San Francisco, CA",2026-03-27,Data Analyst,84000,"Join Zenith Aerospace as a Junior Data Analyst! You'll be responsible for building and maintaining systems that rely on A/B testing, Excel, Statistics, Power BI, Tableau, SQL, and Data warehousing. This is a great opportunity for someone who enjoys solving complex problems and working with a talented, supportive team. 5+ years of professional experience required."
1472,Senior ML Engineer,Delta Freight Systems,"New York, NY",2026-03-27,ML Engineer,187000,"Join Delta Freight Systems as a Senior ML Engineer! You'll be responsible for building and maintaining systems that rely on NLP, Machine Learning, AWS, Python, and PyTorch. This is a great opportunity for someone who enjoys solving complex problems and working with a talented, supportive team. Entry-level candidates with strong internship experience are encouraged to apply."
1656,Data Scientist II,Delta Freight Systems,"Chicago, IL",2026-03-27,Data Scientist,138500,"Delta Freight Systems seeks an experienced Data Scientist II to support our expanding analytics function. Day-to-day responsibilities include working with Statistics, Python, AWS, A/B testing, and PyTorch to build scalable, production-grade systems. We value curiosity, ownership, and clear communication. 3+ years of relevant experience preferred."
197,Platform Engineer,Riverstone Tech,"Denver, CO",2026-03-28,Software Engineer,141500,"Riverstone Tech seeks an experienced Platform Engineer to support our expanding analytics function. Day-to-day responsibilities include working with Git, Docker, SQL, NoSQL, JavaScript, AWS, and REST API to build scalable, production-grade systems. We value curiosity, ownership, and clear communication. 5+ years of professional experience required."
575,Data Engineer,Onyx Manufacturing,"Seattle, WA",2026-03-28,Data Engineer,136000,"Join Onyx Manufacturing as a Data Engineer! You'll be responsible for building and maintaining systems that rely on Azure, Snowflake, Python, and Spark. This is a great opportunity for someone who enjoys solving complex problems and working with a talented, supportive team. 5+ years of professional experience required."
1017,Research Data Scientist,Pixel & Co,Remote,2026-03-28,Data Scientist,141500,"Pixel & Co seeks an experienced Research Data Scientist to support our expanding analytics function. Day-to-day responsibilities include working with Scikit-learn, SQL, Computer Vision, Deep Learning, and Machine Learning to build scalable, production-grade systems. We value curiosity, ownership, and clear communication. Entry-level candidates with strong internship experience are encouraged to apply."
1037,Senior Data Scientist,DataForge Inc,"Berlin, Germany",2026-03-28,Data Scientist,106000,"We are looking for a Senior Data Scientist to join our growing team at DataForge Inc. You will work closely with cross-functional stakeholders to turn data into actionable insight. Key requirements include hands-on experience with Statistics, SQL, Machine Learning, Scikit-learn, Deep Learning, and A/B testing. The ideal candidate is comfortable working in a fast-paced, collaborative environment and has a strong track record of delivering measurable business impact. 3+ years of relevant experience preferred."
1281,Data Engineer,Brightline Education,"Delhi, India",2026-03-28,Data Engineer,36500,"Join Brightline Education as a Data Engineer! You'll be responsible for building and maintaining systems that rely on ETL, Airflow, Hadoop, Python, and Azure. This is a great opportunity for someone who enjoys solving complex problems and working with a talented, supportive team. Minimum of 2 years in a similar role."
1368,Senior Software Engineer,Opaline Cosmetics Analytics,"Austin, TX",2026-03-28,Software Engineer,122500,"As a Senior Software Engineer at Opaline Cosmetics Analytics, you will partner with engineering and product teams to deliver high-quality, reliable solutions. Required skills: JavaScript, Java, C++, and MongoDB. Bonus points if you have experience mentoring junior team members and contributing to a strong engineering culture. Entry-level candidates with strong internship experience are encouraged to apply."
1406,Junior Data Analyst,Nimbus Analytics,Remote,2026-03-28,Data Analyst,72500,"Join Nimbus Analytics as a Junior Data Analyst! You'll be responsible for building and maintaining systems that rely on Statistics, Power BI, SQL, Google Cloud Platform, Excel, Git, and R. This is a great opportunity for someone who enjoys solving complex problems and working with a talented, supportive team. Entry-level candidates with strong internship experience are encouraged to apply."
1633,Data Scientist II,Clearwater Consulting,"Delhi, India",2026-03-28,Data Scientist,47000,"Clearwater Consulting is hiring a Data Scientist II to help scale our data capabilities. In this role you'll design, build, and maintain solutions using Scikit-learn, NLP, PyTorch, A/B testing, and Machine Learning. We're looking for someone with strong problem-solving skills, excellent communication, and a passion for data-driven decision making. 3+ years of relevant experience preferred."
1722,Data Scientist II,Rustic Agritech,"Boston, MA",2026-03-28,Data Scientist,166000,"Join Rustic Agritech as a Data Scientist II! You'll be responsible for building and maintaining systems that rely on Python, Machine Learning, PyTorch, Statistics, SQL, A/B testing, and Deep Learning. This is a great opportunity for someone who enjoys solving complex problems and working with a talented, supportive team. Minimum of 2 years in a similar role."
790,AI Engineer,Northwind Digital,Remote,2026-03-29,ML Engineer,133500,"As a AI Engineer at Northwind Digital, you will partner with engineering and product teams to deliver high-quality, reliable solutions. Required skills: Python, NLP, Docker, and Kubernetes. Bonus points if you have experience mentoring junior team members and contributing to a strong engineering culture. Minimum of 2 years in a similar role."
1026,Machine Learning Engineer,Meridian Health Analytics,"Bengaluru, India",2026-03-29,ML Engineer,58500,"Meridian Health Analytics seeks an experienced Machine Learning Engineer to support our expanding analytics function. Day-to-day responsibilities include working with TensorFlow, Python, PyTorch, Computer Vision, Airflow, and AWS to build scalable, production-grade systems. We value curiosity, ownership, and clear communication. 5+ years of professional experience required."
1168,Applied Data Scientist,Lighthouse AI,"New York, NY",2026-03-29,Data Scientist,156000,"Join Lighthouse AI as a Applied Data Scientist! You'll be responsible for building and maintaining systems that rely on AWS, Statistics, Deep Learning, NLP, and SQL. This is a great opportunity for someone who enjoys solving complex problems and working with a talented, supportive team. Ideal for candidates with 4-6 years of industry experience."
1414,Senior ML Engineer,Harbor Robotics,"Austin, TX",2026-03-29,ML Engineer,184000,"As a Senior ML Engineer at Harbor Robotics, you will partner with engineering and product teams to deliver high-quality, reliable solutions. Required skills: Docker, Deep Learning, Azure, TensorFlow, Computer Vision, and Git. Bonus points if you have experience mentoring junior team members and contributing to a strong engineering culture. 3+ years of relevant experience preferred."
1876,Analytics Engineer,DataForge Inc,"Pune, India",2026-03-29,Data Engineer,43500,"As a Analytics Engineer at DataForge Inc, you will partner with engineering and product teams to deliver high-quality, reliable solutions. Required skills: Spark, AWS, SQL, ETL, dbt, and Snowflake. Bonus points if you have experience mentoring junior team members and contributing to a strong engineering culture. Ideal for candidates with 4-6 years of industry experience."
1973,Software Development Engineer,Willow Health Systems,"Mumbai, India",2026-03-29,Software Engineer,62500,"We are looking for a Software Development Engineer to join our growing team at Willow Health Systems. You will work closely with cross-functional stakeholders to turn data into actionable insight. Key requirements include hands-on experience with JavaScript, NoSQL, REST API, Java, and MongoDB. The ideal candidate is comfortable working in a fast-paced, collaborative environment and has a strong track record of delivering measurable business impact. Entry-level candidates with strong internship experience are encouraged to apply."
54,Big Data Engineer,Falcon FinTech,Singapore,2026-03-30,Data Engineer,128500,"Join Falcon FinTech as a Big Data Engineer! You'll be responsible for building and maintaining systems that rely on SQL, Azure, Airflow, Docker, Redshift, and AWS. This is a great opportunity for someone who enjoys solving complex problems and working with a talented, supportive team. Minimum of 2 years in a similar role."
80,AI Engineer,Quicksilver Payments,"Dublin, Ireland",2026-03-30,ML Engineer,118000,"As a AI Engineer at Quicksilver Payments, you will partner with engineering and product teams to deliver high-quality, reliable solutions. Required skills: Scikit-learn, Machine Learning, PyTorch, Docker, AWS, Kubernetes, and NLP. Bonus points if you have experience mentoring junior team members and contributing to a strong engineering culture. 3+ years of relevant experience preferred."
114,Data Scientist II,Brightline Education,"Pune, India",2026-03-30,Data Scientist,36000,"Join Brightline Education as a Data Scientist II! You'll be responsible for building and maintaining systems that rely on Statistics, Computer Vision, NLP, SQL, and Scikit-learn. This is a great opportunity for someone who enjoys solving complex problems and working with a talented, supportive team. Minimum of 2 years in a similar role."
172,Applied ML Engineer,Nova Insurance,"San Francisco, CA",2026-03-30,ML Engineer,194000,"Nova Insurance seeks an experienced Applied ML Engineer to support our expanding analytics function. Day-to-day responsibilities include working with Docker, TensorFlow, Computer Vision, PyTorch, and AWS to build scalable, production-grade systems. We value curiosity, ownership, and clear communication. Ideal for candidates with 4-6 years of industry experience."
993,Applied Data Scientist,Meridian Health Analytics,"New York, NY",2026-03-30,Data Scientist,129000,"We are looking for a Applied Data Scientist to join our growing team at Meridian Health Analytics. You will work closely with cross-functional stakeholders to turn data into actionable insight. Key requirements include hands-on experience with Python, Deep Learning, PyTorch, Computer Vision, and Machine Learning. The ideal candidate is comfortable working in a fast-paced, collaborative environment and has a strong track record of delivering measurable business impact. Minimum of 2 years in a similar role."
1000,Senior Software Engineer,Willow Health Systems,"Mumbai, India",2026-03-30,Software Engineer,44500,"As a Senior Software Engineer at Willow Health Systems, you will partner with engineering and product teams to deliver high-quality, reliable solutions. Required skills: C++, Python, Agile, JavaScript, and Docker. Bonus points if you have experience mentoring junior team members and contributing to a strong engineering culture. Minimum of 2 years in a similar role."
1138,Software Engineer,Opaline Cosmetics Analytics,"Seattle, WA",2026-03-30,Software Engineer,127000,"Join Opaline Cosmetics Analytics as a Software Engineer! You'll be responsible for building and maintaining systems that rely on Git, JavaScript, Docker, REST API, Java, Linux, and Agile. This is a great opportunity for someone who enjoys solving complex problems and working with a talented, supportive team. Minimum of 2 years in a similar role."
1360,Applied Data Scientist,Cortex Systems,"Pune, India",2026-03-30,Data Scientist,46500,"As a Applied Data Scientist at Cortex Systems, you will partner with engineering and product teams to deliver high-quality, reliable solutions. Required skills: Machine Learning, SQL, Statistics, Scikit-learn, and Spark. Bonus points if you have experience mentoring junior team members and contributing to a strong engineering culture. 3+ years of relevant experience preferred."
1702,Senior Data Analyst,Nectar Foods,"Chicago, IL",2026-03-30,Data Analyst,90500,"Join Nectar Foods as a Senior Data Analyst! You'll be responsible for building and maintaining systems that rely on Excel, Power BI, A/B testing, SQL, and Tableau. This is a great opportunity for someone who enjoys solving complex problems and working with a talented, supportive team. 5+ years of professional experience required."
1790,Data Scientist,Gridline Utilities,"Chicago, IL",2026-03-30,Data Scientist,135500,"Gridline Utilities is hiring a Data Scientist to help scale our data capabilities. In this role you'll design, build, and maintain solutions using Scikit-learn, PyTorch, NLP, and AWS. We're looking for someone with strong problem-solving skills, excellent communication, and a passion for data-driven decision making. 3+ years of relevant experience preferred."
46,Machine Learning Engineer,Vertex Insight Labs,"Pune, India",2026-03-31,ML Engineer,62500,"We are looking for a Machine Learning Engineer to join our growing team at Vertex Insight Labs. You will work closely with cross-functional stakeholders to turn data into actionable insight. Key requirements include hands-on experience with Python, PyTorch, AWS, and Docker. The ideal candidate is comfortable working in a fast-paced, collaborative environment and has a strong track record of delivering measurable business impact. 5+ years of professional experience required."
98,Senior Data Scientist,Pixel & Co,"Delhi, India",2026-03-31,Data Scientist,44000,"We are looking for a Senior Data Scientist to join our growing team at Pixel & Co. You will work closely with cross-functional stakeholders to turn data into actionable insight. Key requirements include hands-on experience with Machine Learning, PyTorch, A/B testing, TensorFlow, Scikit-learn, and SQL. The ideal candidate is comfortable working in a fast-paced, collaborative environment and has a strong track record of delivering measurable business impact. Entry-level candidates with strong internship experience are encouraged to apply."
154,Software Development Engineer,Lumina Commerce,"New York, NY",2026-03-31,Software Engineer,156000,"We are looking for a Software Development Engineer to join our growing team at Lumina Commerce. You will work closely with cross-functional stakeholders to turn data into actionable insight. Key requirements include hands-on experience with Agile, Python, JavaScript, Java, and AWS. The ideal candidate is comfortable working in a fast-paced, collaborative environment and has a strong track record of delivering measurable business impact. Minimum of 2 years in a similar role."
692,Big Data Engineer,Nimbus Analytics,"Austin, TX",2026-03-31,Data Engineer,119500,"Nimbus Analytics seeks an experienced Big Data Engineer to support our expanding analytics function. Day-to-day responsibilities include working with Docker, SQL, Python, and Airflow to build scalable, production-grade systems. We value curiosity, ownership, and clear communication. Entry-level candidates with strong internship experience are encouraged to apply."
852,AI Engineer,Riverstone Tech,"London, UK",2026-03-31,ML Engineer,163000,"Riverstone Tech seeks an experienced AI Engineer to support our expanding analytics function. Day-to-day responsibilities include working with Computer Vision, Kubernetes, Python, and Docker to build scalable, production-grade systems. We value curiosity, ownership, and clear communication. Minimum of 2 years in a similar role."
905,AI Engineer,Anchor Payments,"Mumbai, India",2026-03-31,ML Engineer,44000,"We are looking for a AI Engineer to join our growing team at Anchor Payments. You will work closely with cross-functional stakeholders to turn data into actionable insight. Key requirements include hands-on experience with Docker, Computer Vision, Kubernetes, and Git. The ideal candidate is comfortable working in a fast-paced, collaborative environment and has a strong track record of delivering measurable business impact. 5+ years of professional experience required."
1498,Senior ML Engineer,Prism Media Analytics,"Austin, TX",2026-03-31,ML Engineer,145500,"Join Prism Media Analytics as a Senior ML Engineer! You'll be responsible for building and maintaining systems that rely on PyTorch, Python, Spark, Kubernetes, TensorFlow, Git, and Deep Learning. This is a great opportunity for someone who enjoys solving complex problems and working with a talented, supportive team. Minimum of 2 years in a similar role."
1594,Machine Learning Engineer,Tundra Telecom,"Austin, TX",2026-03-31,ML Engineer,159500,"Tundra Telecom seeks an experienced Machine Learning Engineer to support our expanding analytics function. Day-to-day responsibilities include working with Kubernetes, Machine Learning, Scikit-learn, PyTorch, TensorFlow, and Airflow to build scalable, production-grade systems. We value curiosity, ownership, and clear communication. Entry-level candidates with strong internship experience are encouraged to apply."
1905,BI Analyst,Lumina Commerce,"New York, NY",2026-03-31,Data Analyst,105500,"We are looking for a BI Analyst to join our growing team at Lumina Commerce. You will work closely with cross-functional stakeholders to turn data into actionable insight. Key requirements include hands-on experience with Excel, R, Statistics, Git, Tableau, and Python. The ideal candidate is comfortable working in a fast-paced, collaborative environment and has a strong track record of delivering measurable business impact. Ideal for candidates with 4-6 years of industry experience."
491,Data Engineer,Nova Insurance,"Mumbai, India",2026-04-01,Data Engineer,53000,"Nova Insurance seeks an experienced Data Engineer to support our expanding analytics function. Day-to-day responsibilities include working with ETL, Python, Data warehousing, Snowflake, Spark, and AWS to build scalable, production-grade systems. We value curiosity, ownership, and clear communication. Ideal for candidates with 4-6 years of industry experience."
873,Backend Engineer,Kestrel Media Group,"New York, NY",2026-04-01,Software Engineer,185000,"Kestrel Media Group seeks an experienced Backend Engineer to support our expanding analytics function. Day-to-day responsibilities include working with SQL, Java, JavaScript, Python, and REST API to build scalable, production-grade systems. We value curiosity, ownership, and clear communication. Entry-level candidates with strong internship experience are encouraged to apply."
1340,Data Scientist,Meridian Health Analytics,"Atlanta, GA",2026-04-01,Data Scientist,152000,"Meridian Health Analytics is hiring a Data Scientist to help scale our data capabilities. In this role you'll design, build, and maintain solutions using Machine Learning, Statistics, Python, Scikit-learn, and PyTorch. We're looking for someone with strong problem-solving skills, excellent communication, and a passion for data-driven decision making. Minimum of 2 years in a similar role."
1354,Platform Engineer,Bluepeak Technologies,"Austin, TX",2026-04-01,Software Engineer,130500,"As a Platform Engineer at Bluepeak Technologies, you will partner with engineering and product teams to deliver high-quality, reliable solutions. Required skills: REST API, MongoDB, Docker, Agile, and Python. Bonus points if you have experience mentoring junior team members and contributing to a strong engineering culture. 3+ years of relevant experience preferred."
1590,Applied ML Engineer,Prism Media Analytics,"New York, NY",2026-04-01,ML Engineer,163000,"As a Applied ML Engineer at Prism Media Analytics, you will partner with engineering and product teams to deliver high-quality, reliable solutions. Required skills: NLP, Python, PyTorch, TensorFlow, Computer Vision, and Scikit-learn. Bonus points if you have experience mentoring junior team members and contributing to a strong engineering culture. 5+ years of professional experience required."
1797,AI Engineer,Coral Reef Gaming,"Seattle, WA",2026-04-01,ML Engineer,224000,"Coral Reef Gaming seeks an experienced AI Engineer to support our expanding analytics function. Day-to-day responsibilities include working with Deep Learning, Azure, Git, Scikit-learn, Docker, and Machine Learning to build scalable, production-grade systems. We value curiosity, ownership, and clear communication. 3+ years of relevant experience preferred."
1809,Senior Data Scientist,Hilltop Ventures,"Bengaluru, India",2026-04-01,Data Scientist,58500,"We are looking for a Senior Data Scientist to join our growing team at Hilltop Ventures. You will work closely with cross-functional stakeholders to turn data into actionable insight. Key requirements include hands-on experience with Scikit-learn, PyTorch, Computer Vision, and Tableau. The ideal candidate is comfortable working in a fast-paced, collaborative environment and has a strong track record of delivering measurable business impact. Entry-level candidates with strong internship experience are encouraged to apply."
72,Data Engineer,Nectar Foods,"Chicago, IL",2026-04-02,Data Engineer,144500,"As a Data Engineer at Nectar Foods, you will partner with engineering and product teams to deliver high-quality, reliable solutions. Required skills: Python, SQL, Kafka, Redshift, BigQuery, and Spark. Bonus points if you have experience mentoring junior team members and contributing to a strong engineering culture. Ideal for candidates with 4-6 years of industry experience."
111,Cloud Data Engineer,Ironclad Security,"Mumbai, India",2026-04-02,Data Engineer,51000,"Ironclad Security seeks an experienced Cloud Data Engineer to support our expanding analytics function. Day-to-day responsibilities include working with ETL, SQL, Python, BigQuery, Redshift, Spark, and AWS to build scalable, production-grade systems. We value curiosity, ownership, and clear communication. 3+ years of relevant experience preferred."
122,Cloud Data Engineer,Harbor Robotics,"Bengaluru, India",2026-04-02,Data Engineer,46000,"Harbor Robotics seeks an experienced Cloud Data Engineer to support our expanding analytics function. Day-to-day responsibilities include working with Docker, Kafka, Python, SQL, Spark, Snowflake, and Redshift to build scalable, production-grade systems. We value curiosity, ownership, and clear communication. Minimum of 2 years in a similar role."
844,ML Ops Engineer,Hilltop Ventures,Remote,2026-04-02,ML Engineer,114500,"As a ML Ops Engineer at Hilltop Ventures, you will partner with engineering and product teams to deliver high-quality, reliable solutions. Required skills: Kubernetes, Computer Vision, Git, Scikit-learn, Python, and Deep Learning. Bonus points if you have experience mentoring junior team members and contributing to a strong engineering culture. 5+ years of professional experience required."
930,Data Engineer,Nimbus Analytics,"Los Angeles, CA",2026-04-02,Data Engineer,143500,"Nimbus Analytics is hiring a Data Engineer to help scale our data capabilities. In this role you'll design, build, and maintain solutions using ETL, SQL, AWS, Airflow, Snowflake, Data warehousing, and dbt. We're looking for someone with strong problem-solving skills, excellent communication, and a passion for data-driven decision making. Ideal for candidates with 4-6 years of industry experience."
1032,Senior ML Engineer,Riverstone Tech,"London, UK",2026-04-02,ML Engineer,126500,"Join Riverstone Tech as a Senior ML Engineer! You'll be responsible for building and maintaining systems that rely on Docker, Computer Vision, NLP, Spark, and TensorFlow. This is a great opportunity for someone who enjoys solving complex problems and working with a talented, supportive team. 3+ years of relevant experience preferred."
1466,Analytics Engineer,Tundra Telecom,"Los Angeles, CA",2026-04-02,Data Engineer,141500,"Join Tundra Telecom as a Analytics Engineer! You'll be responsible for building and maintaining systems that rely on ETL, Hadoop, Snowflake, Python, AWS, and Airflow. This is a great opportunity for someone who enjoys solving complex problems and working with a talented, supportive team. 3+ years of relevant experience preferred."
278,Senior Data Engineer,Summit Cloud Solutions,"Toronto, Canada",2026-04-03,Data Engineer,99500,"Summit Cloud Solutions is hiring a Senior Data Engineer to help scale our data capabilities. In this role you'll design, build, and maintain solutions using Spark, Data warehousing, SQL, BigQuery, AWS, and Airflow. We're looking for someone with strong problem-solving skills, excellent communication, and a passion for data-driven decision making. 3+ years of relevant experience preferred."
523,Cloud Data Engineer,Skyline Software,"Pune, India",2026-04-03,Data Engineer,51000,"Skyline Software seeks an experienced Cloud Data Engineer to support our expanding analytics function. Day-to-day responsibilities include working with Docker, Spark, SQL, Python, and Kafka to build scalable, production-grade systems. We value curiosity, ownership, and clear communication. 3+ years of relevant experience preferred."
900,Applied ML Engineer,Cortex Systems,"Chicago, IL",2026-04-03,ML Engineer,120000,"We are looking for a Applied ML Engineer to join our growing team at Cortex Systems. You will work closely with cross-functional stakeholders to turn data into actionable insight. Key requirements include hands-on experience with NLP, TensorFlow, Python, PyTorch, and Scikit-learn. The ideal candidate is comfortable working in a fast-paced, collaborative environment and has a strong track record of delivering measurable business impact. Ideal for candidates with 4-6 years of industry experience."
1381,Full Stack Developer,Lumina Commerce,"Dublin, Ireland",2026-04-03,Software Engineer,116000,"As a Full Stack Developer at Lumina Commerce, you will partner with engineering and product teams to deliver high-quality, reliable solutions. Required skills: AWS, JavaScript, C++, Git, Kubernetes, Java, and Agile. Bonus points if you have experience mentoring junior team members and contributing to a strong engineering culture. 5+ years of professional experience required."
347,Lead Data Scientist,Onyx Manufacturing,"Austin, TX",2026-04-04,Data Scientist,124500,"As a Lead Data Scientist at Onyx Manufacturing, you will partner with engineering and product teams to deliver high-quality, reliable solutions. Required skills: Statistics, TensorFlow, SQL, Spark, Deep Learning, and Computer Vision. Bonus points if you have experience mentoring junior team members and contributing to a strong engineering culture. Minimum of 2 years in a similar role."
379,Platform Engineer,Quantum Retail Group,"Bengaluru, India",2026-04-04,Software Engineer,32000,"Join Quantum Retail Group as a Platform Engineer! You'll be responsible for building and maintaining systems that rely on Docker, Linux, MongoDB, Java, AWS, and JavaScript. This is a great opportunity for someone who enjoys solving complex problems and working with a talented, supportive team. 3+ years of relevant experience preferred."
531,AI Engineer,Tundra Telecom,Remote,2026-04-04,ML Engineer,168000,"As a AI Engineer at Tundra Telecom, you will partner with engineering and product teams to deliver high-quality, reliable solutions. Required skills: AWS, Python, Kubernetes, and Deep Learning. Bonus points if you have experience mentoring junior team members and contributing to a strong engineering culture. 5+ years of professional experience required."
1714,Software Engineer,Redwood Bank,"Los Angeles, CA",2026-04-04,Software Engineer,111000,"Join Redwood Bank as a Software Engineer! You'll be responsible for building and maintaining systems that rely on SQL, Java, JavaScript, REST API, Agile, Docker, and AWS. This is a great opportunity for someone who enjoys solving complex problems and working with a talented, supportive team. 3+ years of relevant experience preferred."
990,BI Analyst,Pixel & Co,Singapore,2026-04-05,Data Analyst,79500,"Pixel & Co is hiring a BI Analyst to help scale our data capabilities. In this role you'll design, build, and maintain solutions using Python, Tableau, SQL, Looker, A/B testing, and Power BI. We're looking for someone with strong problem-solving skills, excellent communication, and a passion for data-driven decision making. 5+ years of professional experience required."
1076,AI Engineer,Anchor Payments,"Austin, TX",2026-04-05,ML Engineer,152000,"Anchor Payments seeks an experienced AI Engineer to support our expanding analytics function. Day-to-day responsibilities include working with TensorFlow, Kubernetes, Python, AWS, Azure, and Spark to build scalable, production-grade systems. We value curiosity, ownership, and clear communication. 5+ years of professional experience required."
1256,Senior Data Analyst,Gridline Utilities,"Bengaluru, India",2026-04-05,Data Analyst,31000,"Gridline Utilities seeks an experienced Senior Data Analyst to support our expanding analytics function. Day-to-day responsibilities include working with SQL, Excel, Tableau, Python, A/B testing, MongoDB, and R to build scalable, production-grade systems. We value curiosity, ownership, and clear communication. 5+ years of professional experience required."
1578,Full Stack Developer,Juniper Cybersecurity,"Seattle, WA",2026-04-05,Software Engineer,134000,"Join Juniper Cybersecurity as a Full Stack Developer! You'll be responsible for building and maintaining systems that rely on Docker, JavaScript, MongoDB, Java, Kubernetes, and REST API. This is a great opportunity for someone who enjoys solving complex problems and working with a talented, supportive team. Ideal for candidates with 4-6 years of industry experience."
1696,Business Data Analyst,Quicksilver Payments,"Bengaluru, India",2026-04-05,Data Analyst,32500,"Quicksilver Payments is hiring a Business Data Analyst to help scale our data capabilities. In this role you'll design, build, and maintain solutions using A/B testing, Power BI, Excel, and Python. We're looking for someone with strong problem-solving skills, excellent communication, and a passion for data-driven decision making. Minimum of 2 years in a similar role."
853,Machine Learning Engineer,Evergreen Logistics,Remote,2026-04-06,ML Engineer,164500,"Evergreen Logistics seeks an experienced Machine Learning Engineer to support our expanding analytics function. Day-to-day responsibilities include working with Scikit-learn, Spark, Docker, Computer Vision, and TensorFlow to build scalable, production-grade systems. We value curiosity, ownership, and clear communication. 3+ years of relevant experience preferred."
1050,Cloud Data Engineer,Tundra Telecom,"Hyderabad, India",2026-04-06,Data Engineer,38500,"Tundra Telecom is hiring a Cloud Data Engineer to help scale our data capabilities. In this role you'll design, build, and maintain solutions using AWS, Airflow, SQL, BigQuery, ETL, and Spark. We're looking for someone with strong problem-solving skills, excellent communication, and a passion for data-driven decision making. Entry-level candidates with strong internship experience are encouraged to apply."
1362,Machine Learning Engineer,Nectar Foods,"Dublin, Ireland",2026-04-06,ML Engineer,136500,"Nectar Foods seeks an experienced Machine Learning Engineer to support our expanding analytics function. Day-to-day responsibilities include working with NLP, Kubernetes, Machine Learning, Scikit-learn, and TensorFlow to build scalable, production-grade systems. We value curiosity, ownership, and clear communication. Ideal for candidates with 4-6 years of industry experience."
1495,Cloud Data Engineer,Brightline Education,"Los Angeles, CA",2026-04-06,Data Engineer,138500,"Join Brightline Education as a Cloud Data Engineer! You'll be responsible for building and maintaining systems that rely on SQL, Azure, Python, and AWS. This is a great opportunity for someone who enjoys solving complex problems and working with a talented, supportive team. 3+ years of relevant experience preferred."
18,ML Ops Engineer,Riverstone Tech,"Los Angeles, CA",2026-04-07,ML Engineer,130000,"Join Riverstone Tech as a ML Ops Engineer! You'll be responsible for building and maintaining systems that rely on TensorFlow, Python, AWS, Docker, and Machine Learning. This is a great opportunity for someone who enjoys solving complex problems and working with a talented, supportive team. 3+ years of relevant experience preferred."
415,ML Ops Engineer,Falcon FinTech,"Bengaluru, India",2026-04-07,ML Engineer,62500,"Falcon FinTech seeks an experienced ML Ops Engineer to support our expanding analytics function. Day-to-day responsibilities include working with Computer Vision, Machine Learning, Python, and Docker to build scalable, production-grade systems. We value curiosity, ownership, and clear communication. Minimum of 2 years in a similar role."
842,Cloud Data Engineer,Nectar Foods,"Atlanta, GA",2026-04-07,Data Engineer,102000,"Join Nectar Foods as a Cloud Data Engineer! You'll be responsible for building and maintaining systems that rely on Snowflake, Airflow, ETL, SQL, and Python. This is a great opportunity for someone who enjoys solving complex problems and working with a talented, supportive team. Minimum of 2 years in a similar role."
1018,Senior Data Engineer,Bluepeak Technologies,"Chicago, IL",2026-04-07,Data Engineer,114000,"Join Bluepeak Technologies as a Senior Data Engineer! You'll be responsible for building and maintaining systems that rely on SQL, Google Cloud Platform, Python, dbt, and Airflow. This is a great opportunity for someone who enjoys solving complex problems and working with a talented, supportive team. Minimum of 2 years in a similar role."
1162,Senior Data Scientist,Harbor Robotics,"Austin, TX",2026-04-07,Data Scientist,132500,"As a Senior Data Scientist at Harbor Robotics, you will partner with engineering and product teams to deliver high-quality, reliable solutions. Required skills: SQL, Deep Learning, AWS, R, and Machine Learning. Bonus points if you have experience mentoring junior team members and contributing to a strong engineering culture. Ideal for candidates with 4-6 years of industry experience."
1163,Senior Data Scientist,Summit Cloud Solutions,"New York, NY",2026-04-07,Data Scientist,165000,"We are looking for a Senior Data Scientist to join our growing team at Summit Cloud Solutions. You will work closely with cross-functional stakeholders to turn data into actionable insight. Key requirements include hands-on experience with Machine Learning, Spark, R, and PyTorch. The ideal candidate is comfortable working in a fast-paced, collaborative environment and has a strong track record of delivering measurable business impact. Entry-level candidates with strong internship experience are encouraged to apply."
1456,Software Engineer,Skyline Software,"San Francisco, CA",2026-04-07,Software Engineer,175500,"We are looking for a Software Engineer to join our growing team at Skyline Software. You will work closely with cross-functional stakeholders to turn data into actionable insight. Key requirements include hands-on experience with SQL, Python, JavaScript, Agile, and Git. The ideal candidate is comfortable working in a fast-paced, collaborative environment and has a strong track record of delivering measurable business impact. 3+ years of relevant experience preferred."
1612,Data Engineer,Riverstone Tech,"San Francisco, CA",2026-04-07,Data Engineer,190000,"We are looking for a Data Engineer to join our growing team at Riverstone Tech. You will work closely with cross-functional stakeholders to turn data into actionable insight. Key requirements include hands-on experience with SQL, ETL, Docker, Python, Spark, Kafka, and dbt. The ideal candidate is comfortable working in a fast-paced, collaborative environment and has a strong track record of delivering measurable business impact. Entry-level candidates with strong internship experience are encouraged to apply."
1773,Analytics Engineer,Quantum Retail Group,"San Francisco, CA",2026-04-07,Data Engineer,185000,"Quantum Retail Group is hiring a Analytics Engineer to help scale our data capabilities. In this role you'll design, build, and maintain solutions using Data warehousing, Docker, ETL, and Snowflake. We're looking for someone with strong problem-solving skills, excellent communication, and a passion for data-driven decision making. 5+ years of professional experience required."
1981,BI Analyst,Lighthouse AI,"Mumbai, India",2026-04-07,Data Analyst,36000,"Lighthouse AI seeks an experienced BI Analyst to support our expanding analytics function. Day-to-day responsibilities include working with Power BI, Looker, Tableau, Statistics, Python, SQL, and R to build scalable, production-grade systems. We value curiosity, ownership, and clear communication. 5+ years of professional experience required."
1995,Data Analyst,Clearwater Consulting,Remote,2026-04-07,Data Analyst,102500,"Join Clearwater Consulting as a Data Analyst! You'll be responsible for building and maintaining systems that rely on ETL, A/B testing, Tableau, SQL, and Power BI. This is a great opportunity for someone who enjoys solving complex problems and working with a talented, supportive team. Ideal for candidates with 4-6 years of industry experience."
55,Full Stack Developer,Bluepeak Technologies,"San Francisco, CA",2026-04-08,Software Engineer,160500,"Join Bluepeak Technologies as a Full Stack Developer! You'll be responsible for building and maintaining systems that rely on Python, Git, AWS, C++, and Agile. This is a great opportunity for someone who enjoys solving complex problems and working with a talented, supportive team. 5+ years of professional experience required."
319,ETL Developer,Juniper Cybersecurity,"Denver, CO",2026-04-08,Data Engineer,135500,"Join Juniper Cybersecurity as a ETL Developer! You'll be responsible for building and maintaining systems that rely on Google Cloud Platform, BigQuery, Hadoop, Spark, SQL, and Kafka. This is a great opportunity for someone who enjoys solving complex problems and working with a talented, supportive team. Minimum of 2 years in a similar role."
536,Senior Data Analyst,Tundra Telecom,"New York, NY",2026-04-08,Data Analyst,97000,"We are looking for a Senior Data Analyst to join our growing team at Tundra Telecom. You will work closely with cross-functional stakeholders to turn data into actionable insight. Key requirements include hands-on experience with Excel, Power BI, Python, ETL, Looker, and R. The ideal candidate is comfortable working in a fast-paced, collaborative environment and has a strong track record of delivering measurable business impact. Ideal for candidates with 4-6 years of industry experience."
625,Data Scientist II,Juniper Cybersecurity,"Hyderabad, India",2026-04-08,Data Scientist,53000,"Join Juniper Cybersecurity as a Data Scientist II! You'll be responsible for building and maintaining systems that rely on SQL, AWS, PyTorch, A/B testing, Computer Vision, Python, and Scikit-learn. This is a great opportunity for someone who enjoys solving complex problems and working with a talented, supportive team. 5+ years of professional experience required."
968,Deep Learning Engineer,Zenith Aerospace,"Bengaluru, India",2026-04-08,ML Engineer,61500,"Join Zenith Aerospace as a Deep Learning Engineer! You'll be responsible for building and maintaining systems that rely on TensorFlow, Spark, Python, PyTorch, Docker, and Deep Learning. This is a great opportunity for someone who enjoys solving complex problems and working with a talented, supportive team. Ideal for candidates with 4-6 years of industry experience."
1181,Lead Data Scientist,Pathfinder Travel Tech,"Bengaluru, India",2026-04-08,Data Scientist,50000,"As a Lead Data Scientist at Pathfinder Travel Tech, you will partner with engineering and product teams to deliver high-quality, reliable solutions. Required skills: Statistics, A/B testing, Scikit-learn, and Spark. Bonus points if you have experience mentoring junior team members and contributing to a strong engineering culture. 5+ years of professional experience required."
1942,Full Stack Developer,Harbor Robotics,Singapore,2026-04-08,Software Engineer,89500,"We are looking for a Full Stack Developer to join our growing team at Harbor Robotics. You will work closely with cross-functional stakeholders to turn data into actionable insight. Key requirements include hands-on experience with Git, Python, AWS, and REST API. The ideal candidate is comfortable working in a fast-paced, collaborative environment and has a strong track record of delivering measurable business impact. Minimum of 2 years in a similar role."
502,BI Analyst,Zenith Aerospace,Remote,2026-04-09,Data Analyst,74000,"Zenith Aerospace seeks an experienced BI Analyst to support our expanding analytics function. Day-to-day responsibilities include working with Python, Excel, A/B testing, ETL, Power BI, SQL, and Tableau to build scalable, production-grade systems. We value curiosity, ownership, and clear communication. Minimum of 2 years in a similar role."
653,Junior Data Analyst,Nova Insurance,"Hyderabad, India",2026-04-09,Data Analyst,26000,"Join Nova Insurance as a Junior Data Analyst! You'll be responsible for building and maintaining systems that rely on SQL, Statistics, Google Cloud Platform, Python, and Tableau. This is a great opportunity for someone who enjoys solving complex problems and working with a talented, supportive team. 5+ years of professional experience required."
1051,Data Scientist,Pathfinder Travel Tech,Remote,2026-04-09,Data Scientist,105500,"Pathfinder Travel Tech seeks an experienced Data Scientist to support our expanding analytics function. Day-to-day responsibilities include working with NLP, Scikit-learn, SQL, and TensorFlow to build scalable, production-grade systems. We value curiosity, ownership, and clear communication. Ideal for candidates with 4-6 years of industry experience."
1070,Data Scientist,Delta Freight Systems,"Seattle, WA",2026-04-09,Data Scientist,143500,"As a Data Scientist at Delta Freight Systems, you will partner with engineering and product teams to deliver high-quality, reliable solutions. Required skills: A/B testing, R, Python, Deep Learning, Machine Learning, and Statistics. Bonus points if you have experience mentoring junior team members and contributing to a strong engineering culture. 3+ years of relevant experience preferred."
1415,Business Data Analyst,Nectar Foods,"London, UK",2026-04-09,Data Analyst,98000,"As a Business Data Analyst at Nectar Foods, you will partner with engineering and product teams to deliver high-quality, reliable solutions. Required skills: Statistics, Google Cloud Platform, Power BI, MongoDB, SQL, ETL, and Python. Bonus points if you have experience mentoring junior team members and contributing to a strong engineering culture. Minimum of 2 years in a similar role."
1428,ETL Developer,Pixel & Co,"Mumbai, India",2026-04-09,Data Engineer,55000,"We are looking for a ETL Developer to join our growing team at Pixel & Co. You will work closely with cross-functional stakeholders to turn data into actionable insight. Key requirements include hands-on experience with SQL, ETL, Snowflake, Data warehousing, and Docker. The ideal candidate is comfortable working in a fast-paced, collaborative environment and has a strong track record of delivering measurable business impact. 3+ years of relevant experience preferred."
528,Software Engineer,Opaline Cosmetics Analytics,"Delhi, India",2026-04-10,Software Engineer,39000,"Opaline Cosmetics Analytics seeks an experienced Software Engineer to support our expanding analytics function. Day-to-day responsibilities include working with Java, Git, JavaScript, NoSQL, and Docker to build scalable, production-grade systems. We value curiosity, ownership, and clear communication. 5+ years of professional experience required."
836,Research Data Scientist,Falcon FinTech,"Chicago, IL",2026-04-10,Data Scientist,146500,"We are looking for a Research Data Scientist to join our growing team at Falcon FinTech. You will work closely with cross-functional stakeholders to turn data into actionable insight. Key requirements include hands-on experience with Tableau, Machine Learning, NLP, and SQL. The ideal candidate is comfortable working in a fast-paced, collaborative environment and has a strong track record of delivering measurable business impact. Ideal for candidates with 4-6 years of industry experience."
1597,Data Scientist,Nectar Foods,Remote,2026-04-10,Data Scientist,143500,"As a Data Scientist at Nectar Foods, you will partner with engineering and product teams to deliver high-quality, reliable solutions. Required skills: Tableau, Statistics, Machine Learning, and Scikit-learn. Bonus points if you have experience mentoring junior team members and contributing to a strong engineering culture. Ideal for candidates with 4-6 years of industry experience."
1847,Junior Data Analyst,Willow Health Systems,"Washington, DC",2026-04-10,Data Analyst,91500,"As a Junior Data Analyst at Willow Health Systems, you will partner with engineering and product teams to deliver high-quality, reliable solutions. Required skills: Looker, Statistics, Data warehousing, SQL, and Tableau. Bonus points if you have experience mentoring junior team members and contributing to a strong engineering culture. Ideal for candidates with 4-6 years of industry experience."
1915,ML Ops Engineer,Quicksilver Payments,"San Francisco, CA",2026-04-10,ML Engineer,205000,"Join Quicksilver Payments as a ML Ops Engineer! You'll be responsible for building and maintaining systems that rely on Git, Deep Learning, Docker, and Python. This is a great opportunity for someone who enjoys solving complex problems and working with a talented, supportive team. 3+ years of relevant experience preferred."
181,Senior ML Engineer,Rustic Agritech,"San Francisco, CA",2026-04-11,ML Engineer,209000,"As a Senior ML Engineer at Rustic Agritech, you will partner with engineering and product teams to deliver high-quality, reliable solutions. Required skills: NLP, Machine Learning, Deep Learning, Git, Docker, and Kubernetes. Bonus points if you have experience mentoring junior team members and contributing to a strong engineering culture. 3+ years of relevant experience preferred."
1038,Platform Engineer,Onyx Manufacturing,"San Francisco, CA",2026-04-11,Software Engineer,151500,"Onyx Manufacturing is hiring a Platform Engineer to help scale our data capabilities. In this role you'll design, build, and maintain solutions using Git, REST API, Docker, Linux, and C++. We're looking for someone with strong problem-solving skills, excellent communication, and a passion for data-driven decision making. Minimum of 2 years in a similar role."
1241,Senior Data Scientist,Quicksilver Payments,"Los Angeles, CA",2026-04-11,Data Scientist,126000,"Join Quicksilver Payments as a Senior Data Scientist! You'll be responsible for building and maintaining systems that rely on Python, Scikit-learn, SQL, Computer Vision, TensorFlow, and A/B testing. This is a great opportunity for someone who enjoys solving complex problems and working with a talented, supportive team. Minimum of 2 years in a similar role."
1303,Data Scientist II,Vantage Point Retail,"San Francisco, CA",2026-04-11,Data Scientist,124500,"Vantage Point Retail is hiring a Data Scientist II to help scale our data capabilities. In this role you'll design, build, and maintain solutions using Spark, R, Deep Learning, A/B testing, Scikit-learn, Statistics, and Python. We're looking for someone with strong problem-solving skills, excellent communication, and a passion for data-driven decision making. Ideal for candidates with 4-6 years of industry experience."
220,BI Analyst,Onyx Manufacturing,Remote,2026-04-12,Data Analyst,74500,"As a BI Analyst at Onyx Manufacturing, you will partner with engineering and product teams to deliver high-quality, reliable solutions. Required skills: Power BI, A/B testing, Tableau, and Excel. Bonus points if you have experience mentoring junior team members and contributing to a strong engineering culture. 3+ years of relevant experience preferred."
330,Senior Data Scientist,Summit Cloud Solutions,"Hyderabad, India",2026-04-12,Data Scientist,47500,"As a Senior Data Scientist at Summit Cloud Solutions, you will partner with engineering and product teams to deliver high-quality, reliable solutions. Required skills: SQL, TensorFlow, Python, R, Machine Learning, and NLP. Bonus points if you have experience mentoring junior team members and contributing to a strong engineering culture. Minimum of 2 years in a similar role."
588,Senior Data Scientist,Clearwater Consulting,"Seattle, WA",2026-04-12,Data Scientist,170000,"We are looking for a Senior Data Scientist to join our growing team at Clearwater Consulting. You will work closely with cross-functional stakeholders to turn data into actionable insight. Key requirements include hands-on experience with Machine Learning, TensorFlow, AWS, SQL, and Deep Learning. The ideal candidate is comfortable working in a fast-paced, collaborative environment and has a strong track record of delivering measurable business impact. Entry-level candidates with strong internship experience are encouraged to apply."
1884,Data Engineer,Opaline Cosmetics Analytics,"Los Angeles, CA",2026-04-12,Data Engineer,191000,"As a Data Engineer at Opaline Cosmetics Analytics, you will partner with engineering and product teams to deliver high-quality, reliable solutions. Required skills: Kafka, Redshift, dbt, Airflow, Data warehousing, and AWS. Bonus points if you have experience mentoring junior team members and contributing to a strong engineering culture. 5+ years of professional experience required."
394,Applied Data Scientist,Vertex Insight Labs,"Pune, India",2026-04-13,Data Scientist,48500,"As a Applied Data Scientist at Vertex Insight Labs, you will partner with engineering and product teams to deliver high-quality, reliable solutions. Required skills: Spark, Deep Learning, Machine Learning, and A/B testing. Bonus points if you have experience mentoring junior team members and contributing to a strong engineering culture. Entry-level candidates with strong internship experience are encouraged to apply."
687,Reporting Analyst,Willow Health Systems,"Austin, TX",2026-04-13,Data Analyst,103500,"We are looking for a Reporting Analyst to join our growing team at Willow Health Systems. You will work closely with cross-functional stakeholders to turn data into actionable insight. Key requirements include hands-on experience with Excel, Git, MongoDB, Power BI, ETL, Python, and Tableau. The ideal candidate is comfortable working in a fast-paced, collaborative environment and has a strong track record of delivering measurable business impact. 3+ years of relevant experience preferred."
856,Data Analyst,Northwind Digital,"Bengaluru, India",2026-04-13,Data Analyst,32000,"We are looking for a Data Analyst to join our growing team at Northwind Digital. You will work closely with cross-functional stakeholders to turn data into actionable insight. Key requirements include hands-on experience with Power BI, A/B testing, SQL, Looker, Excel, Tableau, and MongoDB. The ideal candidate is comfortable working in a fast-paced, collaborative environment and has a strong track record of delivering measurable business impact. Minimum of 2 years in a similar role."
1464,ETL Developer,Prism Media Analytics,Remote,2026-04-13,Data Engineer,122000,"Prism Media Analytics is hiring a ETL Developer to help scale our data capabilities. In this role you'll design, build, and maintain solutions using SQL, Python, Redshift, Snowflake, and dbt. We're looking for someone with strong problem-solving skills, excellent communication, and a passion for data-driven decision making. 5+ years of professional experience required."
1670,Software Development Engineer,Nova Insurance,"Bengaluru, India",2026-04-13,Software Engineer,33000,"Nova Insurance seeks an experienced Software Development Engineer to support our expanding analytics function. Day-to-day responsibilities include working with MongoDB, Linux, Git, NoSQL, Kubernetes, Java, and JavaScript to build scalable, production-grade systems. We value curiosity, ownership, and clear communication. Entry-level candidates with strong internship experience are encouraged to apply."
1685,ETL Developer,Tundra Telecom,"Bengaluru, India",2026-04-13,Data Engineer,39000,"Join Tundra Telecom as a ETL Developer! You'll be responsible for building and maintaining systems that rely on Python, AWS, BigQuery, and Spark. This is a great opportunity for someone who enjoys solving complex problems and working with a talented, supportive team. Minimum of 2 years in a similar role."
1947,Software Engineer,Orbit Financial Services,"Boston, MA",2026-04-13,Software Engineer,108000,"As a Software Engineer at Orbit Financial Services, you will partner with engineering and product teams to deliver high-quality, reliable solutions. Required skills: JavaScript, Python, AWS, REST API, and Agile. Bonus points if you have experience mentoring junior team members and contributing to a strong engineering culture. Minimum of 2 years in a similar role."
1998,Software Development Engineer,Harbor Robotics,"Seattle, WA",2026-04-13,Software Engineer,133000,"Harbor Robotics is hiring a Software Development Engineer to help scale our data capabilities. In this role you'll design, build, and maintain solutions using Agile, Python, AWS, SQL, Docker, and REST API. We're looking for someone with strong problem-solving skills, excellent communication, and a passion for data-driven decision making. Ideal for candidates with 4-6 years of industry experience."
538,Software Engineer,Sable Energy,"Pune, India",2026-04-14,Software Engineer,39500,"As a Software Engineer at Sable Energy, you will partner with engineering and product teams to deliver high-quality, reliable solutions. Required skills: Java, Git, C++, Kubernetes, AWS, REST API, and Agile. Bonus points if you have experience mentoring junior team members and contributing to a strong engineering culture. Minimum of 2 years in a similar role."
1260,Full Stack Developer,Marlin Shipping,"London, UK",2026-04-14,Software Engineer,97500,"Marlin Shipping seeks an experienced Full Stack Developer to support our expanding analytics function. Day-to-day responsibilities include working with Git, Docker, C++, AWS, JavaScript, and SQL to build scalable, production-grade systems. We value curiosity, ownership, and clear communication. Ideal for candidates with 4-6 years of industry experience."
24,ML Ops Engineer,Brightline Education,"Los Angeles, CA",2026-04-15,ML Engineer,165500,"We are looking for a ML Ops Engineer to join our growing team at Brightline Education. You will work closely with cross-functional stakeholders to turn data into actionable insight. Key requirements include hands-on experience with Git, Computer Vision, TensorFlow, AWS, and Spark. The ideal candidate is comfortable working in a fast-paced, collaborative environment and has a strong track record of delivering measurable business impact. 5+ years of professional experience required."
196,Reporting Analyst,Juniper Cybersecurity,"Austin, TX",2026-04-15,Data Analyst,63000,"Juniper Cybersecurity seeks an experienced Reporting Analyst to support our expanding analytics function. Day-to-day responsibilities include working with Excel, A/B testing, Data warehousing, SQL, Statistics, Python, and Power BI to build scalable, production-grade systems. We value curiosity, ownership, and clear communication. Ideal for candidates with 4-6 years of industry experience."
688,Data Scientist II,Rustic Agritech,Remote,2026-04-15,Data Scientist,130500,"Rustic Agritech is hiring a Data Scientist II to help scale our data capabilities. In this role you'll design, build, and maintain solutions using SQL, PyTorch, Python, and Scikit-learn. We're looking for someone with strong problem-solving skills, excellent communication, and a passion for data-driven decision making. Minimum of 2 years in a similar role."
1198,Marketing Data Analyst,Prism Media Analytics,"Hyderabad, India",2026-04-15,Data Analyst,32000,"Join Prism Media Analytics as a Marketing Data Analyst! You'll be responsible for building and maintaining systems that rely on Tableau, A/B testing, Power BI, Excel, Statistics, and Git. This is a great opportunity for someone who enjoys solving complex problems and working with a talented, supportive team. Minimum of 2 years in a similar role."
1244,Senior Software Engineer,Lattice Biotech,"San Francisco, CA",2026-04-15,Software Engineer,165000,"We are looking for a Senior Software Engineer to join our growing team at Lattice Biotech. You will work closely with cross-functional stakeholders to turn data into actionable insight. Key requirements include hands-on experience with C++, JavaScript, Kubernetes, Linux, and Git. The ideal candidate is comfortable working in a fast-paced, collaborative environment and has a strong track record of delivering measurable business impact. 3+ years of relevant experience preferred."
1338,Marketing Data Analyst,Evergreen Logistics,Remote,2026-04-15,Data Analyst,75500,"Evergreen Logistics is hiring a Marketing Data Analyst to help scale our data capabilities. In this role you'll design, build, and maintain solutions using Power BI, Statistics, A/B testing, R, Git, Excel, and Tableau. We're looking for someone with strong problem-solving skills, excellent communication, and a passion for data-driven decision making. Minimum of 2 years in a similar role."
134,AI Engineer,Nova Insurance,"Los Angeles, CA",2026-04-16,ML Engineer,164500,"Join Nova Insurance as a AI Engineer! You'll be responsible for building and maintaining systems that rely on Computer Vision, Airflow, Scikit-learn, PyTorch, Machine Learning, Python, and Docker. This is a great opportunity for someone who enjoys solving complex problems and working with a talented, supportive team. Entry-level candidates with strong internship experience are encouraged to apply."
424,Senior Data Engineer,Opaline Cosmetics Analytics,Remote,2026-04-16,Data Engineer,112500,"We are looking for a Senior Data Engineer to join our growing team at Opaline Cosmetics Analytics. You will work closely with cross-functional stakeholders to turn data into actionable insight. Key requirements include hands-on experience with Redshift, dbt, Spark, BigQuery, and Docker. The ideal candidate is comfortable working in a fast-paced, collaborative environment and has a strong track record of delivering measurable business impact. Minimum of 2 years in a similar role."
442,Data Scientist,Hilltop Ventures,"Hyderabad, India",2026-04-16,Data Scientist,44000,"Hilltop Ventures seeks an experienced Data Scientist to support our expanding analytics function. Day-to-day responsibilities include working with Python, A/B testing, Computer Vision, Machine Learning, Spark, and Statistics to build scalable, production-grade systems. We value curiosity, ownership, and clear communication. Minimum of 2 years in a similar role."
759,Analytics Engineer,Cortex Systems,"Dublin, Ireland",2026-04-16,Data Engineer,97500,"We are looking for a Analytics Engineer to join our growing team at Cortex Systems. You will work closely with cross-functional stakeholders to turn data into actionable insight. Key requirements include hands-on experience with Airflow, Spark, Google Cloud Platform, Kafka, BigQuery, Python, and ETL. The ideal candidate is comfortable working in a fast-paced, collaborative environment and has a strong track record of delivering measurable business impact. Ideal for candidates with 4-6 years of industry experience."
186,Machine Learning Engineer,Sable Energy,Singapore,2026-04-17,ML Engineer,131500,"Join Sable Energy as a Machine Learning Engineer! You'll be responsible for building and maintaining systems that rely on PyTorch, Machine Learning, Python, AWS, Deep Learning, Docker, and Kubernetes. This is a great opportunity for someone who enjoys solving complex problems and working with a talented, supportive team. Minimum of 2 years in a similar role."
331,Junior Data Analyst,Prism Media Analytics,"Washington, DC",2026-04-17,Data Analyst,90000,"As a Junior Data Analyst at Prism Media Analytics, you will partner with engineering and product teams to deliver high-quality, reliable solutions. Required skills: Power BI, SQL, Excel, R, and Python. Bonus points if you have experience mentoring junior team members and contributing to a strong engineering culture. 3+ years of relevant experience preferred."
423,Applied ML Engineer,Ironclad Security,"Delhi, India",2026-04-17,ML Engineer,65000,"As a Applied ML Engineer at Ironclad Security, you will partner with engineering and product teams to deliver high-quality, reliable solutions. Required skills: Machine Learning, TensorFlow, PyTorch, Computer Vision, Docker, Python, and Spark. Bonus points if you have experience mentoring junior team members and contributing to a strong engineering culture. Ideal for candidates with 4-6 years of industry experience."
1774,Cloud Data Engineer,Kestrel Media Group,"San Francisco, CA",2026-04-17,Data Engineer,193000,"Kestrel Media Group is hiring a Cloud Data Engineer to help scale our data capabilities. In this role you'll design, build, and maintain solutions using Google Cloud Platform, SQL, Airflow, Spark, BigQuery, Python, and Hadoop. We're looking for someone with strong problem-solving skills, excellent communication, and a passion for data-driven decision making. 5+ years of professional experience required."
1868,Senior Data Scientist,Willow Health Systems,"Toronto, Canada",2026-04-17,Data Scientist,106500,"Willow Health Systems is hiring a Senior Data Scientist to help scale our data capabilities. In this role you'll design, build, and maintain solutions using AWS, Computer Vision, Machine Learning, Scikit-learn, SQL, Statistics, and R. We're looking for someone with strong problem-solving skills, excellent communication, and a passion for data-driven decision making. Minimum of 2 years in a similar role."
253,Applied ML Engineer,Delta Freight Systems,"San Francisco, CA",2026-04-18,ML Engineer,190000,"We are looking for a Applied ML Engineer to join our growing team at Delta Freight Systems. You will work closely with cross-functional stakeholders to turn data into actionable insight. Key requirements include hands-on experience with Machine Learning, Kubernetes, Docker, Azure, AWS, PyTorch, and Python. The ideal candidate is comfortable working in a fast-paced, collaborative environment and has a strong track record of delivering measurable business impact. 5+ years of professional experience required."
492,Cloud Data Engineer,Quantum Retail Group,"Mumbai, India",2026-04-18,Data Engineer,48500,"Quantum Retail Group seeks an experienced Cloud Data Engineer to support our expanding analytics function. Day-to-day responsibilities include working with Docker, Azure, Redshift, ETL, Kafka, and AWS to build scalable, production-grade systems. We value curiosity, ownership, and clear communication. Ideal for candidates with 4-6 years of industry experience."
646,Cloud Data Engineer,Summit Cloud Solutions,"Seattle, WA",2026-04-18,Data Engineer,136000,"Summit Cloud Solutions is hiring a Cloud Data Engineer to help scale our data capabilities. In this role you'll design, build, and maintain solutions using SQL, Hadoop, Spark, Python, AWS, and Data warehousing. We're looking for someone with strong problem-solving skills, excellent communication, and a passion for data-driven decision making. Entry-level candidates with strong internship experience are encouraged to apply."
1055,Data Scientist II,Juniper Cybersecurity,"San Francisco, CA",2026-04-18,Data Scientist,124000,"Join Juniper Cybersecurity as a Data Scientist II! You'll be responsible for building and maintaining systems that rely on Python, SQL, Machine Learning, PyTorch, Deep Learning, A/B testing, and TensorFlow. This is a great opportunity for someone who enjoys solving complex problems and working with a talented, supportive team. Entry-level candidates with strong internship experience are encouraged to apply."
1768,Senior Data Engineer,Lattice Biotech,"Hyderabad, India",2026-04-18,Data Engineer,49500,"Lattice Biotech seeks an experienced Senior Data Engineer to support our expanding analytics function. Day-to-day responsibilities include working with Azure, Hadoop, Python, Data warehousing, and Spark to build scalable, production-grade systems. We value curiosity, ownership, and clear communication. Ideal for candidates with 4-6 years of industry experience."
120,Data Analyst,Ivory Real Estate Tech,"Hyderabad, India",2026-04-19,Data Analyst,32000,"As a Data Analyst at Ivory Real Estate Tech, you will partner with engineering and product teams to deliver high-quality, reliable solutions. Required skills: Power BI, Tableau, SQL, Excel, and A/B testing. Bonus points if you have experience mentoring junior team members and contributing to a strong engineering culture. Ideal for candidates with 4-6 years of industry experience."
318,Software Development Engineer,Pixel & Co,"Atlanta, GA",2026-04-19,Software Engineer,137000,"As a Software Development Engineer at Pixel & Co, you will partner with engineering and product teams to deliver high-quality, reliable solutions. Required skills: JavaScript, Python, Git, Linux, PostgreSQL, and Java. Bonus points if you have experience mentoring junior team members and contributing to a strong engineering culture. Minimum of 2 years in a similar role."
411,Junior Data Analyst,Marlin Shipping,"Los Angeles, CA",2026-04-19,Data Analyst,85500,"Marlin Shipping is hiring a Junior Data Analyst to help scale our data capabilities. In this role you'll design, build, and maintain solutions using Power BI, ETL, Excel, and Tableau. We're looking for someone with strong problem-solving skills, excellent communication, and a passion for data-driven decision making. 3+ years of relevant experience preferred."
1766,Senior Data Scientist,Vantage Point Retail,"Denver, CO",2026-04-19,Data Scientist,146500,"Vantage Point Retail seeks an experienced Senior Data Scientist to support our expanding analytics function. Day-to-day responsibilities include working with Machine Learning, AWS, Power BI, NLP, and SQL to build scalable, production-grade systems. We value curiosity, ownership, and clear communication. Entry-level candidates with strong internship experience are encouraged to apply."
792,Junior Data Analyst,Redwood Bank,"San Francisco, CA",2026-04-20,Data Analyst,101000,"Redwood Bank seeks an experienced Junior Data Analyst to support our expanding analytics function. Day-to-day responsibilities include working with Git, SQL, Looker, Excel, Power BI, and A/B testing to build scalable, production-grade systems. We value curiosity, ownership, and clear communication. 5+ years of professional experience required."
1226,Data Scientist II,Pixel & Co,"Pune, India",2026-04-20,Data Scientist,47000,"As a Data Scientist II at Pixel & Co, you will partner with engineering and product teams to deliver high-quality, reliable solutions. Required skills: Python, TensorFlow, Deep Learning, Statistics, SQL, A/B testing, and Computer Vision. Bonus points if you have experience mentoring junior team members and contributing to a strong engineering culture. Entry-level candidates with strong internship experience are encouraged to apply."
1853,Data Scientist,Orbit Financial Services,"Pune, India",2026-04-20,Data Scientist,59500,"Orbit Financial Services seeks an experienced Data Scientist to support our expanding analytics function. Day-to-day responsibilities include working with A/B testing, Machine Learning, PyTorch, Deep Learning, and Tableau to build scalable, production-grade systems. We value curiosity, ownership, and clear communication. 5+ years of professional experience required."
153,Senior ML Engineer,Tundra Telecom,"Los Angeles, CA",2026-04-21,ML Engineer,173000,"We are looking for a Senior ML Engineer to join our growing team at Tundra Telecom. You will work closely with cross-functional stakeholders to turn data into actionable insight. Key requirements include hands-on experience with Git, Machine Learning, PyTorch, AWS, Docker, and TensorFlow. The ideal candidate is comfortable working in a fast-paced, collaborative environment and has a strong track record of delivering measurable business impact. 5+ years of professional experience required."
212,Data Engineer,Prism Media Analytics,"Bengaluru, India",2026-04-21,Data Engineer,46500,"We are looking for a Data Engineer to join our growing team at Prism Media Analytics. You will work closely with cross-functional stakeholders to turn data into actionable insight. Key requirements include hands-on experience with SQL, Python, NoSQL, AWS, ETL, Spark, and Kafka. The ideal candidate is comfortable working in a fast-paced, collaborative environment and has a strong track record of delivering measurable business impact. 5+ years of professional experience required."
821,Machine Learning Engineer,Harbor Robotics,Singapore,2026-04-21,ML Engineer,112500,"Join Harbor Robotics as a Machine Learning Engineer! You'll be responsible for building and maintaining systems that rely on Docker, NLP, Deep Learning, Computer Vision, Machine Learning, Python, and Git. This is a great opportunity for someone who enjoys solving complex problems and working with a talented, supportive team. Minimum of 2 years in a similar role."
884,ETL Developer,Quantum Retail Group,"New York, NY",2026-04-21,Data Engineer,154000,"Join Quantum Retail Group as a ETL Developer! You'll be responsible for building and maintaining systems that rely on Docker, Airflow, AWS, Azure, dbt, SQL, and ETL. This is a great opportunity for someone who enjoys solving complex problems and working with a talented, supportive team. Ideal for candidates with 4-6 years of industry experience."
995,Senior Data Analyst,Opaline Cosmetics Analytics,"Toronto, Canada",2026-04-21,Data Analyst,72000,"Join Opaline Cosmetics Analytics as a Senior Data Analyst! You'll be responsible for building and maintaining systems that rely on Google Cloud Platform, Power BI, Git, and Python. This is a great opportunity for someone who enjoys solving complex problems and working with a talented, supportive team. Ideal for candidates with 4-6 years of industry experience."
1538,ML Ops Engineer,Willow Health Systems,Remote,2026-04-21,ML Engineer,139500,"Join Willow Health Systems as a ML Ops Engineer! You'll be responsible for building and maintaining systems that rely on NLP, Deep Learning, Git, Docker, Azure, and Spark. This is a great opportunity for someone who enjoys solving complex problems and working with a talented, supportive team. Minimum of 2 years in a similar role."
1899,Big Data Engineer,Nova Insurance,Remote,2026-04-21,Data Engineer,126500,"Join Nova Insurance as a Big Data Engineer! You'll be responsible for building and maintaining systems that rely on Snowflake, Data warehousing, SQL, ETL, Azure, and Airflow. This is a great opportunity for someone who enjoys solving complex problems and working with a talented, supportive team. 5+ years of professional experience required."
108,Deep Learning Engineer,Vantage Point Retail,"New York, NY",2026-04-22,ML Engineer,193000,"Join Vantage Point Retail as a Deep Learning Engineer! You'll be responsible for building and maintaining systems that rely on Kubernetes, Python, Scikit-learn, Machine Learning, Computer Vision, and PyTorch. This is a great opportunity for someone who enjoys solving complex problems and working with a talented, supportive team. Entry-level candidates with strong internship experience are encouraged to apply."
308,Business Data Analyst,Anchor Payments,Remote,2026-04-22,Data Analyst,102000,"Join Anchor Payments as a Business Data Analyst! You'll be responsible for building and maintaining systems that rely on Looker, R, Tableau, Excel, SQL, and Power BI. This is a great opportunity for someone who enjoys solving complex problems and working with a talented, supportive team. Ideal for candidates with 4-6 years of industry experience."
447,Full Stack Developer,Rustic Agritech,"Hyderabad, India",2026-04-22,Software Engineer,34500,"We are looking for a Full Stack Developer to join our growing team at Rustic Agritech. You will work closely with cross-functional stakeholders to turn data into actionable insight. Key requirements include hands-on experience with C++, PostgreSQL, REST API, Python, and Linux. The ideal candidate is comfortable working in a fast-paced, collaborative environment and has a strong track record of delivering measurable business impact. Entry-level candidates with strong internship experience are encouraged to apply."
451,Data Scientist II,Cortex Systems,"San Francisco, CA",2026-04-22,Data Scientist,142000,"We are looking for a Data Scientist II to join our growing team at Cortex Systems. You will work closely with cross-functional stakeholders to turn data into actionable insight. Key requirements include hands-on experience with Scikit-learn, Python, SQL, NLP, and Machine Learning. The ideal candidate is comfortable working in a fast-paced, collaborative environment and has a strong track record of delivering measurable business impact. Ideal for candidates with 4-6 years of industry experience."
1116,Senior Data Analyst,Bluepeak Technologies,"Los Angeles, CA",2026-04-22,Data Analyst,90500,"As a Senior Data Analyst at Bluepeak Technologies, you will partner with engineering and product teams to deliver high-quality, reliable solutions. Required skills: Tableau, SQL, A/B testing, and Looker. Bonus points if you have experience mentoring junior team members and contributing to a strong engineering culture. Ideal for candidates with 4-6 years of industry experience."
1661,ETL Developer,Opaline Cosmetics Analytics,"Toronto, Canada",2026-04-22,Data Engineer,112500,"Opaline Cosmetics Analytics seeks an experienced ETL Developer to support our expanding analytics function. Day-to-day responsibilities include working with Hadoop, Data warehousing, Snowflake, and Kafka to build scalable, production-grade systems. We value curiosity, ownership, and clear communication. 5+ years of professional experience required."
326,Senior Data Analyst,Meridian Health Analytics,"Toronto, Canada",2026-04-23,Data Analyst,70500,"Meridian Health Analytics is hiring a Senior Data Analyst to help scale our data capabilities. In this role you'll design, build, and maintain solutions using Power BI, Statistics, SQL, and Data warehousing. We're looking for someone with strong problem-solving skills, excellent communication, and a passion for data-driven decision making. 3+ years of relevant experience preferred."
1624,Applied ML Engineer,Quicksilver Payments,"San Francisco, CA",2026-04-23,ML Engineer,172500,"Quicksilver Payments is hiring a Applied ML Engineer to help scale our data capabilities. In this role you'll design, build, and maintain solutions using TensorFlow, PyTorch, Git, Kubernetes, Scikit-learn, and Docker. We're looking for someone with strong problem-solving skills, excellent communication, and a passion for data-driven decision making. 3+ years of relevant experience preferred."
1800,Backend Engineer,Summit Cloud Solutions,"London, UK",2026-04-23,Software Engineer,95000,"As a Backend Engineer at Summit Cloud Solutions, you will partner with engineering and product teams to deliver high-quality, reliable solutions. Required skills: JavaScript, Git, Agile, REST API, and MongoDB. Bonus points if you have experience mentoring junior team members and contributing to a strong engineering culture. Ideal for candidates with 4-6 years of industry experience."
620,Machine Learning Engineer,Marlin Shipping,"Bengaluru, India",2026-04-24,ML Engineer,54000,"Marlin Shipping seeks an experienced Machine Learning Engineer to support our expanding analytics function. Day-to-day responsibilities include working with Machine Learning, Docker, Spark, Python, Computer Vision, PyTorch, and Scikit-learn to build scalable, production-grade systems. We value curiosity, ownership, and clear communication. 5+ years of professional experience required."
1829,Machine Learning Engineer,Junction Mobility,Singapore,2026-04-24,ML Engineer,132500,"Junction Mobility is hiring a Machine Learning Engineer to help scale our data capabilities. In this role you'll design, build, and maintain solutions using Docker, Deep Learning, Airflow, PyTorch, and Kubernetes. We're looking for someone with strong problem-solving skills, excellent communication, and a passion for data-driven decision making. 5+ years of professional experience required."
53,Senior Data Scientist,Vantage Point Retail,"Denver, CO",2026-04-25,Data Scientist,126000,"We are looking for a Senior Data Scientist to join our growing team at Vantage Point Retail. You will work closely with cross-functional stakeholders to turn data into actionable insight. Key requirements include hands-on experience with Python, Spark, Scikit-learn, R, and SQL. The ideal candidate is comfortable working in a fast-paced, collaborative environment and has a strong track record of delivering measurable business impact. Entry-level candidates with strong internship experience are encouraged to apply."
132,Lead Data Scientist,Lattice Biotech,Remote,2026-04-25,Data Scientist,136500,"Lattice Biotech seeks an experienced Lead Data Scientist to support our expanding analytics function. Day-to-day responsibilities include working with Python, Computer Vision, Deep Learning, and AWS to build scalable, production-grade systems. We value curiosity, ownership, and clear communication. 3+ years of relevant experience preferred."
268,Deep Learning Engineer,Rustic Agritech,"Hyderabad, India",2026-04-25,ML Engineer,52000,"Join Rustic Agritech as a Deep Learning Engineer! You'll be responsible for building and maintaining systems that rely on Machine Learning, NLP, Spark, and Kubernetes. This is a great opportunity for someone who enjoys solving complex problems and working with a talented, supportive team. Minimum of 2 years in a similar role."
580,Applied ML Engineer,Northwind Digital,"Hyderabad, India",2026-04-25,ML Engineer,52000,"Northwind Digital seeks an experienced Applied ML Engineer to support our expanding analytics function. Day-to-day responsibilities include working with Python, Machine Learning, Computer Vision, TensorFlow, NLP, and AWS to build scalable, production-grade systems. We value curiosity, ownership, and clear communication. Minimum of 2 years in a similar role."
1135,Business Data Analyst,Evergreen Logistics,Remote,2026-04-25,Data Analyst,79000,"Evergreen Logistics is hiring a Business Data Analyst to help scale our data capabilities. In this role you'll design, build, and maintain solutions using Tableau, SQL, Excel, Python, A/B testing, and ETL. We're looking for someone with strong problem-solving skills, excellent communication, and a passion for data-driven decision making. 3+ years of relevant experience preferred."
1791,Research Data Scientist,Ironclad Security,"New York, NY",2026-04-25,Data Scientist,171000,"Join Ironclad Security as a Research Data Scientist! You'll be responsible for building and maintaining systems that rely on Statistics, Machine Learning, Python, TensorFlow, and Scikit-learn. This is a great opportunity for someone who enjoys solving complex problems and working with a talented, supportive team. Ideal for candidates with 4-6 years of industry experience."
473,Junior Data Analyst,Tundra Telecom,"Washington, DC",2026-04-26,Data Analyst,94000,"Join Tundra Telecom as a Junior Data Analyst! You'll be responsible for building and maintaining systems that rely on Tableau, Excel, Statistics, A/B testing, Python, and Google Cloud Platform. This is a great opportunity for someone who enjoys solving complex problems and working with a talented, supportive team. 3+ years of relevant experience preferred."
744,Data Engineer,Delta Freight Systems,Remote,2026-04-26,Data Engineer,123500,"As a Data Engineer at Delta Freight Systems, you will partner with engineering and product teams to deliver high-quality, reliable solutions. Required skills: Airflow, AWS, Google Cloud Platform, ETL, and Hadoop. Bonus points if you have experience mentoring junior team members and contributing to a strong engineering culture. Minimum of 2 years in a similar role."
754,Analytics Engineer,Meridian Health Analytics,"Austin, TX",2026-04-26,Data Engineer,123500,"Meridian Health Analytics seeks an experienced Analytics Engineer to support our expanding analytics function. Day-to-day responsibilities include working with AWS, Redshift, Python, and Airflow to build scalable, production-grade systems. We value curiosity, ownership, and clear communication. 3+ years of relevant experience preferred."
1328,Business Data Analyst,Rustic Agritech,"Pune, India",2026-04-26,Data Analyst,26000,"Rustic Agritech seeks an experienced Business Data Analyst to support our expanding analytics function. Day-to-day responsibilities include working with Statistics, Data warehousing, MongoDB, SQL, Power BI, R, and Tableau to build scalable, production-grade systems. We value curiosity, ownership, and clear communication. 5+ years of professional experience required."
1568,Data Analyst,Cortex Systems,"Bengaluru, India",2026-04-26,Data Analyst,29500,"Cortex Systems seeks an experienced Data Analyst to support our expanding analytics function. Day-to-day responsibilities include working with A/B testing, Statistics, Python, Tableau, SQL, and Git to build scalable, production-grade systems. We value curiosity, ownership, and clear communication. Minimum of 2 years in a similar role."
1850,Big Data Engineer,Hilltop Ventures,"San Francisco, CA",2026-04-26,Data Engineer,176500,"Hilltop Ventures is hiring a Big Data Engineer to help scale our data capabilities. In this role you'll design, build, and maintain solutions using Hadoop, Redshift, Airflow, Spark, SQL, and Python. We're looking for someone with strong problem-solving skills, excellent communication, and a passion for data-driven decision making. 5+ years of professional experience required."
1,Data Analyst,Pathfinder Travel Tech,"Chicago, IL",2026-04-27,Data Analyst,82500,"We are looking for a Data Analyst to join our growing team at Pathfinder Travel Tech. You will work closely with cross-functional stakeholders to turn data into actionable insight. Key requirements include hands-on experience with Power BI, MongoDB, A/B testing, Python, and SQL. The ideal candidate is comfortable working in a fast-paced, collaborative environment and has a strong track record of delivering measurable business impact. Ideal for candidates with 4-6 years of industry experience."
303,Research Data Scientist,Prism Media Analytics,"Bengaluru, India",2026-04-27,Data Scientist,46000,"We are looking for a Research Data Scientist to join our growing team at Prism Media Analytics. You will work closely with cross-functional stakeholders to turn data into actionable insight. Key requirements include hands-on experience with Tableau, Scikit-learn, TensorFlow, and Machine Learning. The ideal candidate is comfortable working in a fast-paced, collaborative environment and has a strong track record of delivering measurable business impact. 5+ years of professional experience required."
606,Full Stack Developer,Onyx Manufacturing,Remote,2026-04-27,Software Engineer,115500,"As a Full Stack Developer at Onyx Manufacturing, you will partner with engineering and product teams to deliver high-quality, reliable solutions. Required skills: Agile, Java, Kubernetes, Git, Python, Linux, and SQL. Bonus points if you have experience mentoring junior team members and contributing to a strong engineering culture. 5+ years of professional experience required."
1269,Data Engineer,Marlin Shipping,"Boston, MA",2026-04-27,Data Engineer,165000,"As a Data Engineer at Marlin Shipping, you will partner with engineering and product teams to deliver high-quality, reliable solutions. Required skills: SQL, dbt, Kafka, and Python. Bonus points if you have experience mentoring junior team members and contributing to a strong engineering culture. Minimum of 2 years in a similar role."
1378,Senior Data Analyst,Riverstone Tech,Remote,2026-04-27,Data Analyst,90500,"As a Senior Data Analyst at Riverstone Tech, you will partner with engineering and product teams to deliver high-quality, reliable solutions. Required skills: Excel, Looker, Tableau, and SQL. Bonus points if you have experience mentoring junior team members and contributing to a strong engineering culture. 5+ years of professional experience required."
1845,Senior Data Scientist,Skyline Software,"New York, NY",2026-04-27,Data Scientist,140500,"Skyline Software seeks an experienced Senior Data Scientist to support our expanding analytics function. Day-to-day responsibilities include working with Machine Learning, Statistics, Python, and Deep Learning to build scalable, production-grade systems. We value curiosity, ownership, and clear communication. 3+ years of relevant experience preferred."
1895,Lead Data Scientist,Falcon FinTech,"New York, NY",2026-04-27,Data Scientist,174500,"Falcon FinTech is hiring a Lead Data Scientist to help scale our data capabilities. In this role you'll design, build, and maintain solutions using R, Deep Learning, Scikit-learn, Spark, and Tableau. We're looking for someone with strong problem-solving skills, excellent communication, and a passion for data-driven decision making. Entry-level candidates with strong internship experience are encouraged to apply."
211,Data Scientist II,Vertex Insight Labs,Remote,2026-04-28,Data Scientist,113000,"As a Data Scientist II at Vertex Insight Labs, you will partner with engineering and product teams to deliver high-quality, reliable solutions. Required skills: Spark, Scikit-learn, A/B testing, PyTorch, Machine Learning, Statistics, and Python. Bonus points if you have experience mentoring junior team members and contributing to a strong engineering culture. 3+ years of relevant experience preferred."
292,BI Analyst,Harbor Robotics,"Denver, CO",2026-04-28,Data Analyst,80500,"Harbor Robotics is hiring a BI Analyst to help scale our data capabilities. In this role you'll design, build, and maintain solutions using Excel, SQL, Python, Statistics, and Tableau. We're looking for someone with strong problem-solving skills, excellent communication, and a passion for data-driven decision making. Minimum of 2 years in a similar role."
893,Senior Data Scientist,Junction Mobility,"Los Angeles, CA",2026-04-28,Data Scientist,184000,"Join Junction Mobility as a Senior Data Scientist! You'll be responsible for building and maintaining systems that rely on AWS, Deep Learning, Statistics, A/B testing, and Machine Learning. This is a great opportunity for someone who enjoys solving complex problems and working with a talented, supportive team. 3+ years of relevant experience preferred."
1131,Software Development Engineer,Ironclad Security,"Berlin, Germany",2026-04-28,Software Engineer,143000,"Ironclad Security seeks an experienced Software Development Engineer to support our expanding analytics function. Day-to-day responsibilities include working with Git, Python, REST API, Linux, and AWS to build scalable, production-grade systems. We value curiosity, ownership, and clear communication. 5+ years of professional experience required."
1308,Machine Learning Engineer,Skyline Software,"Atlanta, GA",2026-04-28,ML Engineer,159000,"We are looking for a Machine Learning Engineer to join our growing team at Skyline Software. You will work closely with cross-functional stakeholders to turn data into actionable insight. Key requirements include hands-on experience with Machine Learning, Docker, TensorFlow, NLP, Python, Scikit-learn, and Airflow. The ideal candidate is comfortable working in a fast-paced, collaborative environment and has a strong track record of delivering measurable business impact. 3+ years of relevant experience preferred."
1342,Deep Learning Engineer,Ivory Real Estate Tech,Remote,2026-04-28,ML Engineer,151000,"Ivory Real Estate Tech seeks an experienced Deep Learning Engineer to support our expanding analytics function. Day-to-day responsibilities include working with Deep Learning, Docker, TensorFlow, Python, PyTorch, and Kubernetes to build scalable, production-grade systems. We value curiosity, ownership, and clear communication. Minimum of 2 years in a similar role."
1748,ETL Developer,Ivory Real Estate Tech,"Boston, MA",2026-04-28,Data Engineer,136000,"We are looking for a ETL Developer to join our growing team at Ivory Real Estate Tech. You will work closely with cross-functional stakeholders to turn data into actionable insight. Key requirements include hands-on experience with Kafka, Spark, SQL, Docker, and Python. The ideal candidate is comfortable working in a fast-paced, collaborative environment and has a strong track record of delivering measurable business impact. 5+ years of professional experience required."
25,Reporting Analyst,Delta Freight Systems,"Seattle, WA",2026-04-29,Data Analyst,72000,"We are looking for a Reporting Analyst to join our growing team at Delta Freight Systems. You will work closely with cross-functional stakeholders to turn data into actionable insight. Key requirements include hands-on experience with Python, Tableau, Excel, and SQL. The ideal candidate is comfortable working in a fast-paced, collaborative environment and has a strong track record of delivering measurable business impact. 3+ years of relevant experience preferred."
141,Senior ML Engineer,Gridline Utilities,"Berlin, Germany",2026-04-29,ML Engineer,128500,"Join Gridline Utilities as a Senior ML Engineer! You'll be responsible for building and maintaining systems that rely on Kubernetes, Python, Computer Vision, TensorFlow, and Machine Learning. This is a great opportunity for someone who enjoys solving complex problems and working with a talented, supportive team. 5+ years of professional experience required."
1365,Platform Engineer,Pixel & Co,"Toronto, Canada",2026-04-29,Software Engineer,115000,"As a Platform Engineer at Pixel & Co, you will partner with engineering and product teams to deliver high-quality, reliable solutions. Required skills: Agile, NoSQL, AWS, MongoDB, Linux, and REST API. Bonus points if you have experience mentoring junior team members and contributing to a strong engineering culture. Entry-level candidates with strong internship experience are encouraged to apply."
1388,Platform Engineer,Rustic Agritech,"Mumbai, India",2026-04-29,Software Engineer,58000,"Rustic Agritech is hiring a Platform Engineer to help scale our data capabilities. In this role you'll design, build, and maintain solutions using C++, JavaScript, Linux, and Kubernetes. We're looking for someone with strong problem-solving skills, excellent communication, and a passion for data-driven decision making. 5+ years of professional experience required."
1462,Business Data Analyst,Bluepeak Technologies,"Boston, MA",2026-04-29,Data Analyst,88000,"Bluepeak Technologies is hiring a Business Data Analyst to help scale our data capabilities. In this role you'll design, build, and maintain solutions using Tableau, A/B testing, Excel, and SQL. We're looking for someone with strong problem-solving skills, excellent communication, and a passion for data-driven decision making. 5+ years of professional experience required."
1491,Research Data Scientist,Skyline Software,Remote,2026-04-29,Data Scientist,137500,"Skyline Software seeks an experienced Research Data Scientist to support our expanding analytics function. Day-to-day responsibilities include working with Scikit-learn, Computer Vision, SQL, NLP, Deep Learning, and Python to build scalable, production-grade systems. We value curiosity, ownership, and clear communication. Minimum of 2 years in a similar role."
1577,Cloud Data Engineer,Pathfinder Travel Tech,"Toronto, Canada",2026-04-29,Data Engineer,106000,"As a Cloud Data Engineer at Pathfinder Travel Tech, you will partner with engineering and product teams to deliver high-quality, reliable solutions. Required skills: Hadoop, Google Cloud Platform, ETL, Kafka, SQL, dbt, and Airflow. Bonus points if you have experience mentoring junior team members and contributing to a strong engineering culture. 5+ years of professional experience required."
1632,Business Data Analyst,Meridian Health Analytics,"Hyderabad, India",2026-04-29,Data Analyst,31500,"As a Business Data Analyst at Meridian Health Analytics, you will partner with engineering and product teams to deliver high-quality, reliable solutions. Required skills: Excel, Statistics, Tableau, Python, and A/B testing. Bonus points if you have experience mentoring junior team members and contributing to a strong engineering culture. Minimum of 2 years in a similar role."
1643,Machine Learning Engineer,Falcon FinTech,"Washington, DC",2026-04-29,ML Engineer,156500,"We are looking for a Machine Learning Engineer to join our growing team at Falcon FinTech. You will work closely with cross-functional stakeholders to turn data into actionable insight. Key requirements include hands-on experience with Machine Learning, Git, Scikit-learn, Docker, Deep Learning, and Computer Vision. The ideal candidate is comfortable working in a fast-paced, collaborative environment and has a strong track record of delivering measurable business impact. 5+ years of professional experience required."
83,Cloud Data Engineer,Quantum Retail Group,"Bengaluru, India",2026-04-30,Data Engineer,48500,"As a Cloud Data Engineer at Quantum Retail Group, you will partner with engineering and product teams to deliver high-quality, reliable solutions. Required skills: Python, Airflow, Data warehousing, Snowflake, BigQuery, dbt, and AWS. Bonus points if you have experience mentoring junior team members and contributing to a strong engineering culture. 5+ years of professional experience required."
401,ETL Developer,Lattice Biotech,"Los Angeles, CA",2026-04-30,Data Engineer,166500,"We are looking for a ETL Developer to join our growing team at Lattice Biotech. You will work closely with cross-functional stakeholders to turn data into actionable insight. Key requirements include hands-on experience with Spark, AWS, Snowflake, and Airflow. The ideal candidate is comfortable working in a fast-paced, collaborative environment and has a strong track record of delivering measurable business impact. Entry-level candidates with strong internship experience are encouraged to apply."
720,Machine Learning Engineer,Echo Streaming,"Atlanta, GA",2026-04-30,ML Engineer,137500,"As a Machine Learning Engineer at Echo Streaming, you will partner with engineering and product teams to deliver high-quality, reliable solutions. Required skills: Python, Deep Learning, NLP, and Azure. Bonus points if you have experience mentoring junior team members and contributing to a strong engineering culture. Minimum of 2 years in a similar role."
849,Reporting Analyst,Keystone Auto Group,"Dublin, Ireland",2026-04-30,Data Analyst,87000,"We are looking for a Reporting Analyst to join our growing team at Keystone Auto Group. You will work closely with cross-functional stakeholders to turn data into actionable insight. Key requirements include hands-on experience with SQL, A/B testing, Excel, and Python. The ideal candidate is comfortable working in a fast-paced, collaborative environment and has a strong track record of delivering measurable business impact. 3+ years of relevant experience preferred."
896,Software Engineer,Marlin Shipping,"Delhi, India",2026-04-30,Software Engineer,44000,"As a Software Engineer at Marlin Shipping, you will partner with engineering and product teams to deliver high-quality, reliable solutions. Required skills: Linux, Python, REST API, JavaScript, and Java. Bonus points if you have experience mentoring junior team members and contributing to a strong engineering culture. 5+ years of professional experience required."
1203,BI Analyst,Opaline Cosmetics Analytics,"Delhi, India",2026-04-30,Data Analyst,20000,"Opaline Cosmetics Analytics seeks an experienced BI Analyst to support our expanding analytics function. Day-to-day responsibilities include working with Excel, SQL, Data warehousing, Statistics, Power BI, Google Cloud Platform, and Python to build scalable, production-grade systems. We value curiosity, ownership, and clear communication. Ideal for candidates with 4-6 years of industry experience."
1830,Data Scientist II,Falcon FinTech,"Seattle, WA",2026-04-30,Data Scientist,156500,"We are looking for a Data Scientist II to join our growing team at Falcon FinTech. You will work closely with cross-functional stakeholders to turn data into actionable insight. Key requirements include hands-on experience with Python, TensorFlow, Machine Learning, Computer Vision, AWS, and Tableau. The ideal candidate is comfortable working in a fast-paced, collaborative environment and has a strong track record of delivering measurable business impact. Entry-level candidates with strong internship experience are encouraged to apply."
1641,Data Scientist,Harbor Robotics,"Chicago, IL",2026-05-01,Data Scientist,144000,"We are looking for a Data Scientist to join our growing team at Harbor Robotics. You will work closely with cross-functional stakeholders to turn data into actionable insight. Key requirements include hands-on experience with Computer Vision, Machine Learning, SQL, A/B testing, Statistics, R, and TensorFlow. The ideal candidate is comfortable working in a fast-paced, collaborative environment and has a strong track record of delivering measurable business impact. Ideal for candidates with 4-6 years of industry experience."
572,Data Engineer,Lumina Commerce,"Seattle, WA",2026-05-02,Data Engineer,129500,"As a Data Engineer at Lumina Commerce, you will partner with engineering and product teams to deliver high-quality, reliable solutions. Required skills: SQL, Snowflake, Docker, Python, ETL, and Kafka. Bonus points if you have experience mentoring junior team members and contributing to a strong engineering culture. 5+ years of professional experience required."
717,Machine Learning Engineer,Ironclad Security,Remote,2026-05-02,ML Engineer,133000,"We are looking for a Machine Learning Engineer to join our growing team at Ironclad Security. You will work closely with cross-functional stakeholders to turn data into actionable insight. Key requirements include hands-on experience with Machine Learning, Python, Kubernetes, NLP, TensorFlow, and Deep Learning. The ideal candidate is comfortable working in a fast-paced, collaborative environment and has a strong track record of delivering measurable business impact. 5+ years of professional experience required."
1217,Senior Software Engineer,Sable Energy,"San Francisco, CA",2026-05-02,Software Engineer,144000,"As a Senior Software Engineer at Sable Energy, you will partner with engineering and product teams to deliver high-quality, reliable solutions. Required skills: Docker, Java, JavaScript, and REST API. Bonus points if you have experience mentoring junior team members and contributing to a strong engineering culture. 5+ years of professional experience required."
1323,AI Engineer,Willow Health Systems,"Chicago, IL",2026-05-02,ML Engineer,141000,"Join Willow Health Systems as a AI Engineer! You'll be responsible for building and maintaining systems that rely on TensorFlow, Git, Python, and Machine Learning. This is a great opportunity for someone who enjoys solving complex problems and working with a talented, supportive team. Minimum of 2 years in a similar role."
1684,Applied ML Engineer,Vertex Insight Labs,"Dublin, Ireland",2026-05-02,ML Engineer,131500,"As a Applied ML Engineer at Vertex Insight Labs, you will partner with engineering and product teams to deliver high-quality, reliable solutions. Required skills: AWS, Spark, NLP, Git, and Machine Learning. Bonus points if you have experience mentoring junior team members and contributing to a strong engineering culture. Entry-level candidates with strong internship experience are encouraged to apply."
1816,AI Engineer,Rustic Agritech,"Los Angeles, CA",2026-05-02,ML Engineer,213000,"As a AI Engineer at Rustic Agritech, you will partner with engineering and product teams to deliver high-quality, reliable solutions. Required skills: AWS, PyTorch, Deep Learning, Scikit-learn, and Python. Bonus points if you have experience mentoring junior team members and contributing to a strong engineering culture. Minimum of 2 years in a similar role."
390,Senior Software Engineer,Pixel & Co,Remote,2026-05-03,Software Engineer,112000,"As a Senior Software Engineer at Pixel & Co, you will partner with engineering and product teams to deliver high-quality, reliable solutions. Required skills: C++, MongoDB, REST API, Python, Kubernetes, Java, and Docker. Bonus points if you have experience mentoring junior team members and contributing to a strong engineering culture. 5+ years of professional experience required."
1020,Applied Data Scientist,Marlin Shipping,"Atlanta, GA",2026-05-03,Data Scientist,102500,"Marlin Shipping seeks an experienced Applied Data Scientist to support our expanding analytics function. Day-to-day responsibilities include working with Python, Statistics, A/B testing, TensorFlow, Machine Learning, Tableau, and Scikit-learn to build scalable, production-grade systems. We value curiosity, ownership, and clear communication. Ideal for candidates with 4-6 years of industry experience."
1251,Software Engineer,Tundra Telecom,"Bengaluru, India",2026-05-03,Software Engineer,39000,"Tundra Telecom is hiring a Software Engineer to help scale our data capabilities. In this role you'll design, build, and maintain solutions using Git, Java, REST API, C++, and Python. We're looking for someone with strong problem-solving skills, excellent communication, and a passion for data-driven decision making. 3+ years of relevant experience preferred."
1266,Cloud Data Engineer,Coral Reef Gaming,"Seattle, WA",2026-05-03,Data Engineer,143000,"We are looking for a Cloud Data Engineer to join our growing team at Coral Reef Gaming. You will work closely with cross-functional stakeholders to turn data into actionable insight. Key requirements include hands-on experience with Azure, Python, Spark, AWS, and Airflow. The ideal candidate is comfortable working in a fast-paced, collaborative environment and has a strong track record of delivering measurable business impact. 3+ years of relevant experience preferred."
1345,Data Analyst,Keystone Auto Group,"London, UK",2026-05-03,Data Analyst,83000,"Keystone Auto Group seeks an experienced Data Analyst to support our expanding analytics function. Day-to-day responsibilities include working with Python, Excel, Tableau, SQL, Power BI, and ETL to build scalable, production-grade systems. We value curiosity, ownership, and clear communication. 5+ years of professional experience required."
668,Deep Learning Engineer,Marlin Shipping,"London, UK",2026-05-04,ML Engineer,148000,"Marlin Shipping seeks an experienced Deep Learning Engineer to support our expanding analytics function. Day-to-day responsibilities include working with Kubernetes, Spark, NLP, Docker, and TensorFlow to build scalable, production-grade systems. We value curiosity, ownership, and clear communication. 3+ years of relevant experience preferred."
778,Senior Software Engineer,Brightline Education,"Seattle, WA",2026-05-04,Software Engineer,95000,"We are looking for a Senior Software Engineer to join our growing team at Brightline Education. You will work closely with cross-functional stakeholders to turn data into actionable insight. Key requirements include hands-on experience with SQL, Git, REST API, and PostgreSQL. The ideal candidate is comfortable working in a fast-paced, collaborative environment and has a strong track record of delivering measurable business impact. Ideal for candidates with 4-6 years of industry experience."
882,Data Analyst,Juniper Cybersecurity,"Denver, CO",2026-05-04,Data Analyst,93000,"As a Data Analyst at Juniper Cybersecurity, you will partner with engineering and product teams to deliver high-quality, reliable solutions. Required skills: Data warehousing, Tableau, Excel, Looker, SQL, Power BI, and Python. Bonus points if you have experience mentoring junior team members and contributing to a strong engineering culture. 5+ years of professional experience required."
1164,Cloud Data Engineer,Quantum Retail Group,"Boston, MA",2026-05-04,Data Engineer,90500,"Quantum Retail Group seeks an experienced Cloud Data Engineer to support our expanding analytics function. Day-to-day responsibilities include working with ETL, Spark, AWS, SQL, Python, and Data warehousing to build scalable, production-grade systems. We value curiosity, ownership, and clear communication. Entry-level candidates with strong internship experience are encouraged to apply."
1183,Data Scientist II,Granite Data Partners,"Seattle, WA",2026-05-04,Data Scientist,178000,"Granite Data Partners is hiring a Data Scientist II to help scale our data capabilities. In this role you'll design, build, and maintain solutions using AWS, Python, Statistics, SQL, Deep Learning, Spark, and R. We're looking for someone with strong problem-solving skills, excellent communication, and a passion for data-driven decision making. Ideal for candidates with 4-6 years of industry experience."
1663,Senior Software Engineer,Nimbus Analytics,"Chicago, IL",2026-05-04,Software Engineer,118500,"Join Nimbus Analytics as a Senior Software Engineer! You'll be responsible for building and maintaining systems that rely on Agile, SQL, Git, Docker, Java, Python, and REST API. This is a great opportunity for someone who enjoys solving complex problems and working with a talented, supportive team. Minimum of 2 years in a similar role."
526,Senior ML Engineer,Cortex Systems,"Bengaluru, India",2026-05-05,ML Engineer,63500,"As a Senior ML Engineer at Cortex Systems, you will partner with engineering and product teams to deliver high-quality, reliable solutions. Required skills: Python, PyTorch, Scikit-learn, Deep Learning, Docker, TensorFlow, and Machine Learning. Bonus points if you have experience mentoring junior team members and contributing to a strong engineering culture. Entry-level candidates with strong internship experience are encouraged to apply."
1172,Cloud Data Engineer,Fenwick Pharma,"Pune, India",2026-05-05,Data Engineer,48000,"Fenwick Pharma is hiring a Cloud Data Engineer to help scale our data capabilities. In this role you'll design, build, and maintain solutions using Docker, Spark, Kafka, AWS, and dbt. We're looking for someone with strong problem-solving skills, excellent communication, and a passion for data-driven decision making. Minimum of 2 years in a similar role."
1831,Data Engineer,Onyx Manufacturing,"New York, NY",2026-05-05,Data Engineer,192000,"We are looking for a Data Engineer to join our growing team at Onyx Manufacturing. You will work closely with cross-functional stakeholders to turn data into actionable insight. Key requirements include hands-on experience with Docker, Spark, AWS, Python, dbt, Data warehousing, and Hadoop. The ideal candidate is comfortable working in a fast-paced, collaborative environment and has a strong track record of delivering measurable business impact. Minimum of 2 years in a similar role."
426,Cloud Data Engineer,Opaline Cosmetics Analytics,"Boston, MA",2026-05-06,Data Engineer,114500,"Opaline Cosmetics Analytics seeks an experienced Cloud Data Engineer to support our expanding analytics function. Day-to-day responsibilities include working with Spark, Redshift, Hadoop, dbt, and Kafka to build scalable, production-grade systems. We value curiosity, ownership, and clear communication. Minimum of 2 years in a similar role."
470,Senior Software Engineer,Summit Cloud Solutions,"San Francisco, CA",2026-05-06,Software Engineer,176000,"As a Senior Software Engineer at Summit Cloud Solutions, you will partner with engineering and product teams to deliver high-quality, reliable solutions. Required skills: Python, PostgreSQL, Java, Kubernetes, and C++. Bonus points if you have experience mentoring junior team members and contributing to a strong engineering culture. 3+ years of relevant experience preferred."
578,Lead Data Scientist,Sable Energy,"Toronto, Canada",2026-05-06,Data Scientist,105500,"We are looking for a Lead Data Scientist to join our growing team at Sable Energy. You will work closely with cross-functional stakeholders to turn data into actionable insight. Key requirements include hands-on experience with Python, A/B testing, TensorFlow, NLP, Spark, Machine Learning, and AWS. The ideal candidate is comfortable working in a fast-paced, collaborative environment and has a strong track record of delivering measurable business impact. Entry-level candidates with strong internship experience are encouraged to apply."
1073,Software Engineer,Riverstone Tech,"Pune, India",2026-05-06,Software Engineer,28000,"Riverstone Tech is hiring a Software Engineer to help scale our data capabilities. In this role you'll design, build, and maintain solutions using REST API, C++, Docker, JavaScript, Git, and Linux. We're looking for someone with strong problem-solving skills, excellent communication, and a passion for data-driven decision making. 5+ years of professional experience required."
1195,Cloud Data Engineer,Northwind Digital,"Atlanta, GA",2026-05-06,Data Engineer,146000,"Northwind Digital is hiring a Cloud Data Engineer to help scale our data capabilities. In this role you'll design, build, and maintain solutions using BigQuery, Airflow, Snowflake, SQL, and dbt. We're looking for someone with strong problem-solving skills, excellent communication, and a passion for data-driven decision making. 5+ years of professional experience required."
1228,Lead Data Scientist,Kestrel Media Group,"Boston, MA",2026-05-06,Data Scientist,108500,"Kestrel Media Group is hiring a Lead Data Scientist to help scale our data capabilities. In this role you'll design, build, and maintain solutions using Machine Learning, AWS, NLP, and SQL. We're looking for someone with strong problem-solving skills, excellent communication, and a passion for data-driven decision making. Entry-level candidates with strong internship experience are encouraged to apply."
1488,Lead Data Scientist,Juniper Cybersecurity,"Delhi, India",2026-05-06,Data Scientist,46000,"We are looking for a Lead Data Scientist to join our growing team at Juniper Cybersecurity. You will work closely with cross-functional stakeholders to turn data into actionable insight. Key requirements include hands-on experience with Python, PyTorch, SQL, and Statistics. The ideal candidate is comfortable working in a fast-paced, collaborative environment and has a strong track record of delivering measurable business impact. Minimum of 2 years in a similar role."
39,Platform Engineer,Junction Mobility,Remote,2026-05-07,Software Engineer,126000,"Junction Mobility is hiring a Platform Engineer to help scale our data capabilities. In this role you'll design, build, and maintain solutions using Java, Linux, Git, JavaScript, SQL, and C++. We're looking for someone with strong problem-solving skills, excellent communication, and a passion for data-driven decision making. 5+ years of professional experience required."
314,Backend Engineer,Onyx Manufacturing,"Seattle, WA",2026-05-07,Software Engineer,125500,"We are looking for a Backend Engineer to join our growing team at Onyx Manufacturing. You will work closely with cross-functional stakeholders to turn data into actionable insight. Key requirements include hands-on experience with Git, SQL, REST API, Docker, Agile, and NoSQL. The ideal candidate is comfortable working in a fast-paced, collaborative environment and has a strong track record of delivering measurable business impact. Minimum of 2 years in a similar role."
626,Full Stack Developer,Lattice Biotech,"Atlanta, GA",2026-05-07,Software Engineer,98500,"Join Lattice Biotech as a Full Stack Developer! You'll be responsible for building and maintaining systems that rely on MongoDB, REST API, Git, PostgreSQL, Agile, Docker, and C++. This is a great opportunity for someone who enjoys solving complex problems and working with a talented, supportive team. Ideal for candidates with 4-6 years of industry experience."
1231,Research Data Scientist,Delta Freight Systems,"Toronto, Canada",2026-05-07,Data Scientist,86500,"Join Delta Freight Systems as a Research Data Scientist! You'll be responsible for building and maintaining systems that rely on NLP, Machine Learning, Python, A/B testing, and Computer Vision. This is a great opportunity for someone who enjoys solving complex problems and working with a talented, supportive team. 3+ years of relevant experience preferred."
1718,AI Engineer,Vertex Insight Labs,"Austin, TX",2026-05-07,ML Engineer,142000,"We are looking for a AI Engineer to join our growing team at Vertex Insight Labs. You will work closely with cross-functional stakeholders to turn data into actionable insight. Key requirements include hands-on experience with Python, TensorFlow, Deep Learning, Kubernetes, Docker, Machine Learning, and Scikit-learn. The ideal candidate is comfortable working in a fast-paced, collaborative environment and has a strong track record of delivering measurable business impact. Entry-level candidates with strong internship experience are encouraged to apply."
1842,Marketing Data Analyst,Riverstone Tech,"New York, NY",2026-05-07,Data Analyst,103500,"Riverstone Tech seeks an experienced Marketing Data Analyst to support our expanding analytics function. Day-to-day responsibilities include working with SQL, Data warehousing, Statistics, Python, Git, and ETL to build scalable, production-grade systems. We value curiosity, ownership, and clear communication. 5+ years of professional experience required."
452,Data Engineer,Kestrel Media Group,Remote,2026-05-08,Data Engineer,78000,"As a Data Engineer at Kestrel Media Group, you will partner with engineering and product teams to deliver high-quality, reliable solutions. Required skills: Kafka, Snowflake, BigQuery, dbt, and Data warehousing. Bonus points if you have experience mentoring junior team members and contributing to a strong engineering culture. Entry-level candidates with strong internship experience are encouraged to apply."
755,ML Ops Engineer,Granite Data Partners,"London, UK",2026-05-08,ML Engineer,131000,"We are looking for a ML Ops Engineer to join our growing team at Granite Data Partners. You will work closely with cross-functional stakeholders to turn data into actionable insight. Key requirements include hands-on experience with Python, AWS, Docker, Scikit-learn, and Machine Learning. The ideal candidate is comfortable working in a fast-paced, collaborative environment and has a strong track record of delivering measurable business impact. Entry-level candidates with strong internship experience are encouraged to apply."
871,ETL Developer,Hilltop Ventures,"Seattle, WA",2026-05-08,Data Engineer,178500,"As a ETL Developer at Hilltop Ventures, you will partner with engineering and product teams to deliver high-quality, reliable solutions. Required skills: Airflow, AWS, Kafka, Data warehousing, Docker, dbt, and Hadoop. Bonus points if you have experience mentoring junior team members and contributing to a strong engineering culture. Minimum of 2 years in a similar role."
1197,Software Development Engineer,Lattice Biotech,"Washington, DC",2026-05-08,Software Engineer,156000,"Lattice Biotech is hiring a Software Development Engineer to help scale our data capabilities. In this role you'll design, build, and maintain solutions using C++, JavaScript, Git, and Linux. We're looking for someone with strong problem-solving skills, excellent communication, and a passion for data-driven decision making. Minimum of 2 years in a similar role."
1404,Marketing Data Analyst,Ironclad Security,"Austin, TX",2026-05-08,Data Analyst,73000,"Ironclad Security is hiring a Marketing Data Analyst to help scale our data capabilities. In this role you'll design, build, and maintain solutions using Power BI, Python, Data warehousing, and Excel. We're looking for someone with strong problem-solving skills, excellent communication, and a passion for data-driven decision making. 5+ years of professional experience required."
240,Applied ML Engineer,Granite Data Partners,"San Francisco, CA",2026-05-09,ML Engineer,185500,"Granite Data Partners is hiring a Applied ML Engineer to help scale our data capabilities. In this role you'll design, build, and maintain solutions using Python, Kubernetes, Docker, AWS, and Scikit-learn. We're looking for someone with strong problem-solving skills, excellent communication, and a passion for data-driven decision making. Minimum of 2 years in a similar role."
490,Software Engineer,Clearwater Consulting,"Austin, TX",2026-05-09,Software Engineer,125000,"Clearwater Consulting is hiring a Software Engineer to help scale our data capabilities. In this role you'll design, build, and maintain solutions using Git, JavaScript, Linux, and Java. We're looking for someone with strong problem-solving skills, excellent communication, and a passion for data-driven decision making. 3+ years of relevant experience preferred."
886,Data Scientist,Lighthouse AI,"Delhi, India",2026-05-09,Data Scientist,43000,"Lighthouse AI is hiring a Data Scientist to help scale our data capabilities. In this role you'll design, build, and maintain solutions using R, Scikit-learn, Statistics, Tableau, Machine Learning, SQL, and Python. We're looking for someone with strong problem-solving skills, excellent communication, and a passion for data-driven decision making. 3+ years of relevant experience preferred."
1008,Cloud Data Engineer,Meridian Health Analytics,"New York, NY",2026-05-09,Data Engineer,177000,"As a Cloud Data Engineer at Meridian Health Analytics, you will partner with engineering and product teams to deliver high-quality, reliable solutions. Required skills: Airflow, ETL, Kafka, Data warehousing, Docker, and Spark. Bonus points if you have experience mentoring junior team members and contributing to a strong engineering culture. Ideal for candidates with 4-6 years of industry experience."
1155,Senior Data Analyst,Lumina Commerce,"Austin, TX",2026-05-09,Data Analyst,104000,"We are looking for a Senior Data Analyst to join our growing team at Lumina Commerce. You will work closely with cross-functional stakeholders to turn data into actionable insight. Key requirements include hands-on experience with SQL, Google Cloud Platform, ETL, Tableau, and A/B testing. The ideal candidate is comfortable working in a fast-paced, collaborative environment and has a strong track record of delivering measurable business impact. 5+ years of professional experience required."
1179,Data Analyst,Nova Insurance,"New York, NY",2026-05-09,Data Analyst,104500,"Nova Insurance is hiring a Data Analyst to help scale our data capabilities. In this role you'll design, build, and maintain solutions using A/B testing, SQL, MongoDB, R, ETL, and Google Cloud Platform. We're looking for someone with strong problem-solving skills, excellent communication, and a passion for data-driven decision making. 5+ years of professional experience required."
1540,Research Data Scientist,Pathfinder Travel Tech,"Mumbai, India",2026-05-09,Data Scientist,49000,"Pathfinder Travel Tech seeks an experienced Research Data Scientist to support our expanding analytics function. Day-to-day responsibilities include working with PyTorch, Python, SQL, Statistics, A/B testing, Machine Learning, and R to build scalable, production-grade systems. We value curiosity, ownership, and clear communication. 5+ years of professional experience required."
1703,Senior Data Engineer,Summit Cloud Solutions,"Chicago, IL",2026-05-09,Data Engineer,140500,"As a Senior Data Engineer at Summit Cloud Solutions, you will partner with engineering and product teams to deliver high-quality, reliable solutions. Required skills: ETL, Hadoop, SQL, BigQuery, and Docker. Bonus points if you have experience mentoring junior team members and contributing to a strong engineering culture. 5+ years of professional experience required."
1914,Data Engineer,Clearwater Consulting,"Chicago, IL",2026-05-09,Data Engineer,136000,"As a Data Engineer at Clearwater Consulting, you will partner with engineering and product teams to deliver high-quality, reliable solutions. Required skills: Snowflake, ETL, Data warehousing, SQL, and Docker. Bonus points if you have experience mentoring junior team members and contributing to a strong engineering culture. 3+ years of relevant experience preferred."
1943,Data Scientist,Delta Freight Systems,Singapore,2026-05-09,Data Scientist,118000,"Join Delta Freight Systems as a Data Scientist! You'll be responsible for building and maintaining systems that rely on Statistics, Deep Learning, Scikit-learn, SQL, and NLP. This is a great opportunity for someone who enjoys solving complex problems and working with a talented, supportive team. 3+ years of relevant experience preferred."
189,Senior Data Scientist,Skyline Software,"San Francisco, CA",2026-05-10,Data Scientist,154000,"Join Skyline Software as a Senior Data Scientist! You'll be responsible for building and maintaining systems that rely on Machine Learning, Python, A/B testing, Computer Vision, and AWS. This is a great opportunity for someone who enjoys solving complex problems and working with a talented, supportive team. Entry-level candidates with strong internship experience are encouraged to apply."
590,Deep Learning Engineer,Northwind Digital,"Seattle, WA",2026-05-10,ML Engineer,146500,"As a Deep Learning Engineer at Northwind Digital, you will partner with engineering and product teams to deliver high-quality, reliable solutions. Required skills: Scikit-learn, Spark, Git, TensorFlow, NLP, Machine Learning, and Deep Learning. Bonus points if you have experience mentoring junior team members and contributing to a strong engineering culture. 5+ years of professional experience required."
961,BI Analyst,Riverstone Tech,"New York, NY",2026-05-10,Data Analyst,62000,"Riverstone Tech is hiring a BI Analyst to help scale our data capabilities. In this role you'll design, build, and maintain solutions using Python, Data warehousing, Git, Power BI, Excel, and SQL. We're looking for someone with strong problem-solving skills, excellent communication, and a passion for data-driven decision making. Ideal for candidates with 4-6 years of industry experience."
1232,Cloud Data Engineer,Vantage Point Retail,"Boston, MA",2026-05-10,Data Engineer,143500,"Vantage Point Retail seeks an experienced Cloud Data Engineer to support our expanding analytics function. Day-to-day responsibilities include working with Kafka, BigQuery, Spark, Azure, and SQL to build scalable, production-grade systems. We value curiosity, ownership, and clear communication. Entry-level candidates with strong internship experience are encouraged to apply."
1429,Big Data Engineer,Quicksilver Payments,"Chicago, IL",2026-05-10,Data Engineer,119500,"Quicksilver Payments seeks an experienced Big Data Engineer to support our expanding analytics function. Day-to-day responsibilities include working with AWS, Kafka, ETL, Python, Airflow, and dbt to build scalable, production-grade systems. We value curiosity, ownership, and clear communication. Minimum of 2 years in a similar role."
1793,Data Engineer,Tundra Telecom,"San Francisco, CA",2026-05-10,Data Engineer,156000,"Join Tundra Telecom as a Data Engineer! You'll be responsible for building and maintaining systems that rely on BigQuery, Kafka, ETL, and Data warehousing. This is a great opportunity for someone who enjoys solving complex problems and working with a talented, supportive team. Ideal for candidates with 4-6 years of industry experience."
1966,Lead Data Scientist,Prism Media Analytics,"Hyderabad, India",2026-05-10,Data Scientist,29500,"Prism Media Analytics seeks an experienced Lead Data Scientist to support our expanding analytics function. Day-to-day responsibilities include working with Statistics, A/B testing, AWS, R, and Spark to build scalable, production-grade systems. We value curiosity, ownership, and clear communication. 5+ years of professional experience required."
657,Research Data Scientist,Sable Energy,Singapore,2026-05-11,Data Scientist,117500,"Sable Energy is hiring a Research Data Scientist to help scale our data capabilities. In this role you'll design, build, and maintain solutions using Machine Learning, PyTorch, Statistics, Deep Learning, and Python. We're looking for someone with strong problem-solving skills, excellent communication, and a passion for data-driven decision making. Minimum of 2 years in a similar role."
729,Data Scientist II,Prism Media Analytics,"Pune, India",2026-05-11,Data Scientist,41500,"Prism Media Analytics is hiring a Data Scientist II to help scale our data capabilities. In this role you'll design, build, and maintain solutions using Machine Learning, Python, A/B testing, Statistics, and AWS. We're looking for someone with strong problem-solving skills, excellent communication, and a passion for data-driven decision making. 3+ years of relevant experience preferred."
508,Platform Engineer,Northwind Digital,"Washington, DC",2026-05-12,Software Engineer,154500,"Northwind Digital seeks an experienced Platform Engineer to support our expanding analytics function. Day-to-day responsibilities include working with Linux, Git, JavaScript, and Kubernetes to build scalable, production-grade systems. We value curiosity, ownership, and clear communication. Ideal for candidates with 4-6 years of industry experience."
566,Backend Engineer,Rustic Agritech,"Delhi, India",2026-05-12,Software Engineer,47000,"Rustic Agritech seeks an experienced Backend Engineer to support our expanding analytics function. Day-to-day responsibilities include working with REST API, SQL, Git, NoSQL, JavaScript, and C++ to build scalable, production-grade systems. We value curiosity, ownership, and clear communication. Entry-level candidates with strong internship experience are encouraged to apply."
1206,Big Data Engineer,Pathfinder Travel Tech,"Atlanta, GA",2026-05-12,Data Engineer,65500,"We are looking for a Big Data Engineer to join our growing team at Pathfinder Travel Tech. You will work closely with cross-functional stakeholders to turn data into actionable insight. Key requirements include hands-on experience with SQL, BigQuery, Spark, Snowflake, Python, ETL, and AWS. The ideal candidate is comfortable working in a fast-paced, collaborative environment and has a strong track record of delivering measurable business impact. 3+ years of relevant experience preferred."
1910,Senior Software Engineer,Opaline Cosmetics Analytics,"Austin, TX",2026-05-12,Software Engineer,146500,"Join Opaline Cosmetics Analytics as a Senior Software Engineer! You'll be responsible for building and maintaining systems that rely on NoSQL, Docker, Git, Linux, and Kubernetes. This is a great opportunity for someone who enjoys solving complex problems and working with a talented, supportive team. Entry-level candidates with strong internship experience are encouraged to apply."
97,AI Engineer,Evergreen Logistics,"Seattle, WA",2026-05-13,ML Engineer,216500,"We are looking for a AI Engineer to join our growing team at Evergreen Logistics. You will work closely with cross-functional stakeholders to turn data into actionable insight. Key requirements include hands-on experience with TensorFlow, Scikit-learn, Python, Kubernetes, Git, and Docker. The ideal candidate is comfortable working in a fast-paced, collaborative environment and has a strong track record of delivering measurable business impact. Ideal for candidates with 4-6 years of industry experience."
287,AI Engineer,Echo Streaming,"Mumbai, India",2026-05-13,ML Engineer,71000,"Join Echo Streaming as a AI Engineer! You'll be responsible for building and maintaining systems that rely on TensorFlow, Machine Learning, Docker, Python, and Kubernetes. This is a great opportunity for someone who enjoys solving complex problems and working with a talented, supportive team. Minimum of 2 years in a similar role."
1129,Data Analyst,Vantage Point Retail,"Denver, CO",2026-05-13,Data Analyst,91500,"We are looking for a Data Analyst to join our growing team at Vantage Point Retail. You will work closely with cross-functional stakeholders to turn data into actionable insight. Key requirements include hands-on experience with SQL, Excel, Power BI, R, Statistics, Data warehousing, and Looker. The ideal candidate is comfortable working in a fast-paced, collaborative environment and has a strong track record of delivering measurable business impact. Entry-level candidates with strong internship experience are encouraged to apply."
1350,Reporting Analyst,Juniper Cybersecurity,"Toronto, Canada",2026-05-13,Data Analyst,88000,"We are looking for a Reporting Analyst to join our growing team at Juniper Cybersecurity. You will work closely with cross-functional stakeholders to turn data into actionable insight. Key requirements include hands-on experience with Power BI, SQL, Python, Tableau, A/B testing, Data warehousing, and MongoDB. The ideal candidate is comfortable working in a fast-paced, collaborative environment and has a strong track record of delivering measurable business impact. 3+ years of relevant experience preferred."
1555,Data Scientist II,Brightline Education,"Berlin, Germany",2026-05-13,Data Scientist,86000,"Join Brightline Education as a Data Scientist II! You'll be responsible for building and maintaining systems that rely on Deep Learning, A/B testing, SQL, and Machine Learning. This is a great opportunity for someone who enjoys solving complex problems and working with a talented, supportive team. 3+ years of relevant experience preferred."
1802,Software Development Engineer,Orbit Financial Services,"Boston, MA",2026-05-13,Software Engineer,98000,"Orbit Financial Services is hiring a Software Development Engineer to help scale our data capabilities. In this role you'll design, build, and maintain solutions using SQL, NoSQL, Linux, MongoDB, Python, C++, and JavaScript. We're looking for someone with strong problem-solving skills, excellent communication, and a passion for data-driven decision making. Entry-level candidates with strong internship experience are encouraged to apply."
123,Data Scientist II,Delta Freight Systems,"San Francisco, CA",2026-05-14,Data Scientist,230500,"We are looking for a Data Scientist II to join our growing team at Delta Freight Systems. You will work closely with cross-functional stakeholders to turn data into actionable insight. Key requirements include hands-on experience with A/B testing, SQL, NLP, Python, and PyTorch. The ideal candidate is comfortable working in a fast-paced, collaborative environment and has a strong track record of delivering measurable business impact. 5+ years of professional experience required."
315,Machine Learning Engineer,Coral Reef Gaming,"Delhi, India",2026-05-14,ML Engineer,65000,"As a Machine Learning Engineer at Coral Reef Gaming, you will partner with engineering and product teams to deliver high-quality, reliable solutions. Required skills: PyTorch, NLP, Scikit-learn, and Kubernetes. Bonus points if you have experience mentoring junior team members and contributing to a strong engineering culture. Minimum of 2 years in a similar role."
317,AI Engineer,Nimbus Analytics,"Seattle, WA",2026-05-14,ML Engineer,207500,"Nimbus Analytics seeks an experienced AI Engineer to support our expanding analytics function. Day-to-day responsibilities include working with Git, Python, Docker, and Deep Learning to build scalable, production-grade systems. We value curiosity, ownership, and clear communication. Entry-level candidates with strong internship experience are encouraged to apply."
467,Data Scientist,Skyline Software,"Boston, MA",2026-05-14,Data Scientist,187000,"Join Skyline Software as a Data Scientist! You'll be responsible for building and maintaining systems that rely on Machine Learning, TensorFlow, Deep Learning, Spark, Statistics, Python, and Computer Vision. This is a great opportunity for someone who enjoys solving complex problems and working with a talented, supportive team. Ideal for candidates with 4-6 years of industry experience."
503,Reporting Analyst,Nectar Foods,Remote,2026-05-14,Data Analyst,85000,"Nectar Foods is hiring a Reporting Analyst to help scale our data capabilities. In this role you'll design, build, and maintain solutions using R, Looker, Excel, Google Cloud Platform, SQL, and Tableau. We're looking for someone with strong problem-solving skills, excellent communication, and a passion for data-driven decision making. Ideal for candidates with 4-6 years of industry experience."
1238,Lead Data Scientist,Willow Health Systems,"Austin, TX",2026-05-14,Data Scientist,133000,"We are looking for a Lead Data Scientist to join our growing team at Willow Health Systems. You will work closely with cross-functional stakeholders to turn data into actionable insight. Key requirements include hands-on experience with Machine Learning, A/B testing, NLP, and Deep Learning. The ideal candidate is comfortable working in a fast-paced, collaborative environment and has a strong track record of delivering measurable business impact. Ideal for candidates with 4-6 years of industry experience."
316,Platform Engineer,Cortex Systems,Singapore,2026-05-15,Software Engineer,105500,"Cortex Systems seeks an experienced Platform Engineer to support our expanding analytics function. Day-to-day responsibilities include working with Agile, Java, REST API, SQL, and AWS to build scalable, production-grade systems. We value curiosity, ownership, and clear communication. Entry-level candidates with strong internship experience are encouraged to apply."
450,Applied ML Engineer,Echo Streaming,"San Francisco, CA",2026-05-15,ML Engineer,177000,"Join Echo Streaming as a Applied ML Engineer! You'll be responsible for building and maintaining systems that rely on TensorFlow, Kubernetes, Spark, Machine Learning, Docker, Scikit-learn, and PyTorch. This is a great opportunity for someone who enjoys solving complex problems and working with a talented, supportive team. 5+ years of professional experience required."
549,Data Engineer,Evergreen Logistics,"Hyderabad, India",2026-05-15,Data Engineer,41000,"Evergreen Logistics seeks an experienced Data Engineer to support our expanding analytics function. Day-to-day responsibilities include working with Docker, SQL, Google Cloud Platform, and dbt to build scalable, production-grade systems. We value curiosity, ownership, and clear communication. Entry-level candidates with strong internship experience are encouraged to apply."
911,Cloud Data Engineer,Juniper Cybersecurity,"New York, NY",2026-05-15,Data Engineer,148000,"We are looking for a Cloud Data Engineer to join our growing team at Juniper Cybersecurity. You will work closely with cross-functional stakeholders to turn data into actionable insight. Key requirements include hands-on experience with Spark, SQL, Azure, and Kafka. The ideal candidate is comfortable working in a fast-paced, collaborative environment and has a strong track record of delivering measurable business impact. Entry-level candidates with strong internship experience are encouraged to apply."
1492,Platform Engineer,Summit Cloud Solutions,"London, UK",2026-05-15,Software Engineer,87500,"As a Platform Engineer at Summit Cloud Solutions, you will partner with engineering and product teams to deliver high-quality, reliable solutions. Required skills: Git, Linux, PostgreSQL, and Python. Bonus points if you have experience mentoring junior team members and contributing to a strong engineering culture. Minimum of 2 years in a similar role."
1946,BI Analyst,Anchor Payments,"London, UK",2026-05-15,Data Analyst,82500,"As a BI Analyst at Anchor Payments, you will partner with engineering and product teams to deliver high-quality, reliable solutions. Required skills: ETL, SQL, Python, Tableau, and Statistics. Bonus points if you have experience mentoring junior team members and contributing to a strong engineering culture. 3+ years of relevant experience preferred."
441,Senior Data Engineer,Lumina Commerce,"Seattle, WA",2026-05-16,Data Engineer,148500,"As a Senior Data Engineer at Lumina Commerce, you will partner with engineering and product teams to deliver high-quality, reliable solutions. Required skills: Python, Snowflake, Spark, Azure, ETL, and SQL. Bonus points if you have experience mentoring junior team members and contributing to a strong engineering culture. Minimum of 2 years in a similar role."
791,Backend Engineer,Echo Streaming,"Hyderabad, India",2026-05-16,Software Engineer,41500,"As a Backend Engineer at Echo Streaming, you will partner with engineering and product teams to deliver high-quality, reliable solutions. Required skills: SQL, JavaScript, Git, and Kubernetes. Bonus points if you have experience mentoring junior team members and contributing to a strong engineering culture. 5+ years of professional experience required."
1453,Cloud Data Engineer,Ivory Real Estate Tech,"London, UK",2026-05-16,Data Engineer,116500,"Ivory Real Estate Tech is hiring a Cloud Data Engineer to help scale our data capabilities. In this role you'll design, build, and maintain solutions using Docker, dbt, Snowflake, ETL, and Airflow. We're looking for someone with strong problem-solving skills, excellent communication, and a passion for data-driven decision making. 5+ years of professional experience required."
1504,Applied Data Scientist,Lattice Biotech,"New York, NY",2026-05-16,Data Scientist,131000,"Lattice Biotech seeks an experienced Applied Data Scientist to support our expanding analytics function. Day-to-day responsibilities include working with Scikit-learn, Spark, Python, Machine Learning, SQL, and Deep Learning to build scalable, production-grade systems. We value curiosity, ownership, and clear communication. Entry-level candidates with strong internship experience are encouraged to apply."
1711,AI Engineer,Riverstone Tech,"Washington, DC",2026-05-16,ML Engineer,139000,"Riverstone Tech seeks an experienced AI Engineer to support our expanding analytics function. Day-to-day responsibilities include working with Machine Learning, Kubernetes, Python, and TensorFlow to build scalable, production-grade systems. We value curiosity, ownership, and clear communication. Ideal for candidates with 4-6 years of industry experience."
1856,Full Stack Developer,Kestrel Media Group,Remote,2026-05-16,Software Engineer,140000,"As a Full Stack Developer at Kestrel Media Group, you will partner with engineering and product teams to deliver high-quality, reliable solutions. Required skills: Git, REST API, JavaScript, Linux, MongoDB, and Docker. Bonus points if you have experience mentoring junior team members and contributing to a strong engineering culture. Minimum of 2 years in a similar role."
1933,Business Data Analyst,Skyline Software,"Los Angeles, CA",2026-05-16,Data Analyst,105000,"As a Business Data Analyst at Skyline Software, you will partner with engineering and product teams to deliver high-quality, reliable solutions. Required skills: Statistics, Excel, R, SQL, and Looker. Bonus points if you have experience mentoring junior team members and contributing to a strong engineering culture. 3+ years of relevant experience preferred."
667,Platform Engineer,Tundra Telecom,"Los Angeles, CA",2026-05-17,Software Engineer,144000,"Tundra Telecom is hiring a Platform Engineer to help scale our data capabilities. In this role you'll design, build, and maintain solutions using Git, NoSQL, REST API, and SQL. We're looking for someone with strong problem-solving skills, excellent communication, and a passion for data-driven decision making. Entry-level candidates with strong internship experience are encouraged to apply."
681,ML Ops Engineer,Summit Cloud Solutions,Singapore,2026-05-18,ML Engineer,143000,"As a ML Ops Engineer at Summit Cloud Solutions, you will partner with engineering and product teams to deliver high-quality, reliable solutions. Required skills: Machine Learning, Azure, NLP, Docker, and AWS. Bonus points if you have experience mentoring junior team members and contributing to a strong engineering culture. 3+ years of relevant experience preferred."
1789,Senior Data Scientist,Evergreen Logistics,"Berlin, Germany",2026-05-18,Data Scientist,122500,"Evergreen Logistics is hiring a Senior Data Scientist to help scale our data capabilities. In this role you'll design, build, and maintain solutions using Spark, Python, R, Machine Learning, and SQL. We're looking for someone with strong problem-solving skills, excellent communication, and a passion for data-driven decision making. Minimum of 2 years in a similar role."
510,ETL Developer,Vantage Point Retail,"San Francisco, CA",2026-05-19,Data Engineer,214000,"Vantage Point Retail seeks an experienced ETL Developer to support our expanding analytics function. Day-to-day responsibilities include working with Data warehousing, Spark, ETL, and Redshift to build scalable, production-grade systems. We value curiosity, ownership, and clear communication. 5+ years of professional experience required."
846,Full Stack Developer,Lattice Biotech,"Mumbai, India",2026-05-19,Software Engineer,44500,"Join Lattice Biotech as a Full Stack Developer! You'll be responsible for building and maintaining systems that rely on Git, Agile, C++, Python, JavaScript, and PostgreSQL. This is a great opportunity for someone who enjoys solving complex problems and working with a talented, supportive team. 3+ years of relevant experience preferred."
986,Senior Software Engineer,Keystone Auto Group,"London, UK",2026-05-19,Software Engineer,123000,"Join Keystone Auto Group as a Senior Software Engineer! You'll be responsible for building and maintaining systems that rely on C++, Kubernetes, AWS, and REST API. This is a great opportunity for someone who enjoys solving complex problems and working with a talented, supportive team. Entry-level candidates with strong internship experience are encouraged to apply."
1339,BI Analyst,Opaline Cosmetics Analytics,"Bengaluru, India",2026-05-19,Data Analyst,29000,"Join Opaline Cosmetics Analytics as a BI Analyst! You'll be responsible for building and maintaining systems that rely on Statistics, Tableau, Git, A/B testing, and MongoDB. This is a great opportunity for someone who enjoys solving complex problems and working with a talented, supportive team. Entry-level candidates with strong internship experience are encouraged to apply."
1380,Data Scientist II,Brightline Education,"Boston, MA",2026-05-19,Data Scientist,155000,"Brightline Education is hiring a Data Scientist II to help scale our data capabilities. In this role you'll design, build, and maintain solutions using R, Scikit-learn, Python, Statistics, A/B testing, Deep Learning, and Machine Learning. We're looking for someone with strong problem-solving skills, excellent communication, and a passion for data-driven decision making. 5+ years of professional experience required."
1548,Analytics Engineer,Willow Health Systems,"Hyderabad, India",2026-05-19,Data Engineer,42000,"Willow Health Systems is hiring a Analytics Engineer to help scale our data capabilities. In this role you'll design, build, and maintain solutions using AWS, Airflow, Kafka, Data warehousing, Python, and Hadoop. We're looking for someone with strong problem-solving skills, excellent communication, and a passion for data-driven decision making. 5+ years of professional experience required."
1574,Data Analyst,DataForge Inc,"San Francisco, CA",2026-05-19,Data Analyst,80000,"We are looking for a Data Analyst to join our growing team at DataForge Inc. You will work closely with cross-functional stakeholders to turn data into actionable insight. Key requirements include hands-on experience with Git, Looker, ETL, Power BI, SQL, and Excel. The ideal candidate is comfortable working in a fast-paced, collaborative environment and has a strong track record of delivering measurable business impact. 5+ years of professional experience required."
1746,Software Development Engineer,Cortex Systems,"Hyderabad, India",2026-05-19,Software Engineer,43000,"As a Software Development Engineer at Cortex Systems, you will partner with engineering and product teams to deliver high-quality, reliable solutions. Required skills: Agile, JavaScript, Java, MongoDB, SQL, and C++. Bonus points if you have experience mentoring junior team members and contributing to a strong engineering culture. 3+ years of relevant experience preferred."
329,Reporting Analyst,Marlin Shipping,"Mumbai, India",2026-05-20,Data Analyst,28500,"We are looking for a Reporting Analyst to join our growing team at Marlin Shipping. You will work closely with cross-functional stakeholders to turn data into actionable insight. Key requirements include hands-on experience with Excel, SQL, Statistics, and R. The ideal candidate is comfortable working in a fast-paced, collaborative environment and has a strong track record of delivering measurable business impact. Ideal for candidates with 4-6 years of industry experience."
1459,Senior Data Scientist,Ironclad Security,"New York, NY",2026-05-20,Data Scientist,176500,"We are looking for a Senior Data Scientist to join our growing team at Ironclad Security. You will work closely with cross-functional stakeholders to turn data into actionable insight. Key requirements include hands-on experience with NLP, Machine Learning, Python, and Spark. The ideal candidate is comfortable working in a fast-paced, collaborative environment and has a strong track record of delivering measurable business impact. 5+ years of professional experience required."
1677,Data Scientist,Opaline Cosmetics Analytics,"Seattle, WA",2026-05-20,Data Scientist,141500,"Join Opaline Cosmetics Analytics as a Data Scientist! You'll be responsible for building and maintaining systems that rely on R, AWS, TensorFlow, Deep Learning, Python, and SQL. This is a great opportunity for someone who enjoys solving complex problems and working with a talented, supportive team. 3+ years of relevant experience preferred."
1687,Platform Engineer,Summit Cloud Solutions,"Atlanta, GA",2026-05-20,Software Engineer,127500,"Summit Cloud Solutions is hiring a Platform Engineer to help scale our data capabilities. In this role you'll design, build, and maintain solutions using Git, REST API, JavaScript, and Python. We're looking for someone with strong problem-solving skills, excellent communication, and a passion for data-driven decision making. Minimum of 2 years in a similar role."
1757,Senior Data Scientist,Quantum Retail Group,"Bengaluru, India",2026-05-20,Data Scientist,66500,"Quantum Retail Group seeks an experienced Senior Data Scientist to support our expanding analytics function. Day-to-day responsibilities include working with PyTorch, A/B testing, Scikit-learn, TensorFlow, and Statistics to build scalable, production-grade systems. We value curiosity, ownership, and clear communication. Ideal for candidates with 4-6 years of industry experience."
970,Analytics Engineer,Vantage Point Retail,"New York, NY",2026-05-21,Data Engineer,156000,"Vantage Point Retail is hiring a Analytics Engineer to help scale our data capabilities. In this role you'll design, build, and maintain solutions using BigQuery, dbt, Airflow, ETL, Python, and SQL. We're looking for someone with strong problem-solving skills, excellent communication, and a passion for data-driven decision making. Minimum of 2 years in a similar role."
1639,Senior ML Engineer,Keystone Auto Group,"Los Angeles, CA",2026-05-21,ML Engineer,165000,"As a Senior ML Engineer at Keystone Auto Group, you will partner with engineering and product teams to deliver high-quality, reliable solutions. Required skills: Git, Scikit-learn, Deep Learning, Kubernetes, Docker, Machine Learning, and Computer Vision. Bonus points if you have experience mentoring junior team members and contributing to a strong engineering culture. 3+ years of relevant experience preferred."
159,Senior ML Engineer,Fenwick Pharma,"Boston, MA",2026-05-22,ML Engineer,162000,"We are looking for a Senior ML Engineer to join our growing team at Fenwick Pharma. You will work closely with cross-functional stakeholders to turn data into actionable insight. Key requirements include hands-on experience with Docker, Python, Kubernetes, TensorFlow, Spark, and AWS. The ideal candidate is comfortable working in a fast-paced, collaborative environment and has a strong track record of delivering measurable business impact. Entry-level candidates with strong internship experience are encouraged to apply."
222,Applied ML Engineer,Kestrel Media Group,"Toronto, Canada",2026-05-22,ML Engineer,122500,"Kestrel Media Group seeks an experienced Applied ML Engineer to support our expanding analytics function. Day-to-day responsibilities include working with NLP, Python, Computer Vision, Docker, AWS, Deep Learning, and Machine Learning to build scalable, production-grade systems. We value curiosity, ownership, and clear communication. Entry-level candidates with strong internship experience are encouraged to apply."
310,Machine Learning Engineer,Delta Freight Systems,Remote,2026-05-22,ML Engineer,125000,"Join Delta Freight Systems as a Machine Learning Engineer! You'll be responsible for building and maintaining systems that rely on Docker, PyTorch, Airflow, Computer Vision, AWS, Kubernetes, and Python. This is a great opportunity for someone who enjoys solving complex problems and working with a talented, supportive team. Minimum of 2 years in a similar role."
435,Software Engineer,Lattice Biotech,"Chicago, IL",2026-05-22,Software Engineer,135500,"Lattice Biotech seeks an experienced Software Engineer to support our expanding analytics function. Day-to-day responsibilities include working with JavaScript, NoSQL, AWS, and Linux to build scalable, production-grade systems. We value curiosity, ownership, and clear communication. Minimum of 2 years in a similar role."
529,ML Ops Engineer,DataForge Inc,"San Francisco, CA",2026-05-22,ML Engineer,166000,"As a ML Ops Engineer at DataForge Inc, you will partner with engineering and product teams to deliver high-quality, reliable solutions. Required skills: Kubernetes, Computer Vision, Airflow, and Scikit-learn. Bonus points if you have experience mentoring junior team members and contributing to a strong engineering culture. 5+ years of professional experience required."
595,AI Engineer,Zenith Aerospace,"Bengaluru, India",2026-05-22,ML Engineer,50000,"As a AI Engineer at Zenith Aerospace, you will partner with engineering and product teams to deliver high-quality, reliable solutions. Required skills: Python, Azure, Deep Learning, and AWS. Bonus points if you have experience mentoring junior team members and contributing to a strong engineering culture. Entry-level candidates with strong internship experience are encouraged to apply."
998,Data Scientist II,Pixel & Co,"San Francisco, CA",2026-05-22,Data Scientist,154500,"As a Data Scientist II at Pixel & Co, you will partner with engineering and product teams to deliver high-quality, reliable solutions. Required skills: Machine Learning, PyTorch, SQL, Scikit-learn, and A/B testing. Bonus points if you have experience mentoring junior team members and contributing to a strong engineering culture. Minimum of 2 years in a similar role."
1134,Software Development Engineer,Lattice Biotech,"Hyderabad, India",2026-05-22,Software Engineer,43000,"Join Lattice Biotech as a Software Development Engineer! You'll be responsible for building and maintaining systems that rely on MongoDB, REST API, Java, and AWS. This is a great opportunity for someone who enjoys solving complex problems and working with a talented, supportive team. Entry-level candidates with strong internship experience are encouraged to apply."
1200,ML Ops Engineer,Hilltop Ventures,"Toronto, Canada",2026-05-22,ML Engineer,138500,"Hilltop Ventures is hiring a ML Ops Engineer to help scale our data capabilities. In this role you'll design, build, and maintain solutions using AWS, NLP, Python, PyTorch, Computer Vision, Machine Learning, and Spark. We're looking for someone with strong problem-solving skills, excellent communication, and a passion for data-driven decision making. Entry-level candidates with strong internship experience are encouraged to apply."
106,Deep Learning Engineer,Vertex Insight Labs,"Austin, TX",2026-05-23,ML Engineer,109500,"Vertex Insight Labs is hiring a Deep Learning Engineer to help scale our data capabilities. In this role you'll design, build, and maintain solutions using AWS, Python, Deep Learning, and Machine Learning. We're looking for someone with strong problem-solving skills, excellent communication, and a passion for data-driven decision making. 3+ years of relevant experience preferred."
1288,Big Data Engineer,Marlin Shipping,"Hyderabad, India",2026-05-23,Data Engineer,42000,"We are looking for a Big Data Engineer to join our growing team at Marlin Shipping. You will work closely with cross-functional stakeholders to turn data into actionable insight. Key requirements include hands-on experience with Snowflake, Kafka, Redshift, Spark, SQL, Google Cloud Platform, and Data warehousing. The ideal candidate is comfortable working in a fast-paced, collaborative environment and has a strong track record of delivering measurable business impact. Minimum of 2 years in a similar role."
1691,ETL Developer,Ivory Real Estate Tech,"Los Angeles, CA",2026-05-23,Data Engineer,127000,"Join Ivory Real Estate Tech as a ETL Developer! You'll be responsible for building and maintaining systems that rely on BigQuery, Python, Snowflake, ETL, Redshift, Google Cloud Platform, and NoSQL. This is a great opportunity for someone who enjoys solving complex problems and working with a talented, supportive team. 3+ years of relevant experience preferred."
504,Cloud Data Engineer,Lumina Commerce,"Bengaluru, India",2026-05-24,Data Engineer,45500,"As a Cloud Data Engineer at Lumina Commerce, you will partner with engineering and product teams to deliver high-quality, reliable solutions. Required skills: SQL, Python, Kafka, AWS, and Snowflake. Bonus points if you have experience mentoring junior team members and contributing to a strong engineering culture. 3+ years of relevant experience preferred."
767,Data Scientist II,Delta Freight Systems,"Atlanta, GA",2026-05-24,Data Scientist,131000,"Join Delta Freight Systems as a Data Scientist II! You'll be responsible for building and maintaining systems that rely on TensorFlow, Scikit-learn, PyTorch, Machine Learning, A/B testing, and Python. This is a great opportunity for someone who enjoys solving complex problems and working with a talented, supportive team. Entry-level candidates with strong internship experience are encouraged to apply."
890,Marketing Data Analyst,Vantage Point Retail,"Washington, DC",2026-05-24,Data Analyst,76000,"Vantage Point Retail is hiring a Marketing Data Analyst to help scale our data capabilities. In this role you'll design, build, and maintain solutions using Tableau, Power BI, Looker, Data warehousing, Statistics, and SQL. We're looking for someone with strong problem-solving skills, excellent communication, and a passion for data-driven decision making. 5+ years of professional experience required."
891,Backend Engineer,Ivory Real Estate Tech,Remote,2026-05-24,Software Engineer,62500,"We are looking for a Backend Engineer to join our growing team at Ivory Real Estate Tech. You will work closely with cross-functional stakeholders to turn data into actionable insight. Key requirements include hands-on experience with Docker, C++, JavaScript, Python, and Agile. The ideal candidate is comfortable working in a fast-paced, collaborative environment and has a strong track record of delivering measurable business impact. Minimum of 2 years in a similar role."
1052,Data Analyst,Prism Media Analytics,"San Francisco, CA",2026-05-24,Data Analyst,92000,"Prism Media Analytics seeks an experienced Data Analyst to support our expanding analytics function. Day-to-day responsibilities include working with A/B testing, SQL, Git, Power BI, Excel, ETL, and Statistics to build scalable, production-grade systems. We value curiosity, ownership, and clear communication. Minimum of 2 years in a similar role."
1359,Deep Learning Engineer,Falcon FinTech,"Bengaluru, India",2026-05-24,ML Engineer,72500,"We are looking for a Deep Learning Engineer to join our growing team at Falcon FinTech. You will work closely with cross-functional stakeholders to turn data into actionable insight. Key requirements include hands-on experience with Machine Learning, AWS, Computer Vision, Scikit-learn, and NLP. The ideal candidate is comfortable working in a fast-paced, collaborative environment and has a strong track record of delivering measurable business impact. Ideal for candidates with 4-6 years of industry experience."
1475,ML Ops Engineer,Quantum Retail Group,"San Francisco, CA",2026-05-24,ML Engineer,174500,"Join Quantum Retail Group as a ML Ops Engineer! You'll be responsible for building and maintaining systems that rely on Python, Machine Learning, Airflow, PyTorch, Deep Learning, and Scikit-learn. This is a great opportunity for someone who enjoys solving complex problems and working with a talented, supportive team. Minimum of 2 years in a similar role."
247,Platform Engineer,Vertex Insight Labs,"Bengaluru, India",2026-05-25,Software Engineer,59500,"Vertex Insight Labs is hiring a Platform Engineer to help scale our data capabilities. In this role you'll design, build, and maintain solutions using REST API, JavaScript, Java, Kubernetes, and SQL. We're looking for someone with strong problem-solving skills, excellent communication, and a passion for data-driven decision making. Ideal for candidates with 4-6 years of industry experience."
378,Junior Data Analyst,Granite Data Partners,"Bengaluru, India",2026-05-25,Data Analyst,28500,"Join Granite Data Partners as a Junior Data Analyst! You'll be responsible for building and maintaining systems that rely on Data warehousing, SQL, Power BI, Excel, Statistics, Looker, and Tableau. This is a great opportunity for someone who enjoys solving complex problems and working with a talented, supportive team. Minimum of 2 years in a similar role."
1285,Data Scientist II,Sable Energy,"Mumbai, India",2026-05-25,Data Scientist,63500,"We are looking for a Data Scientist II to join our growing team at Sable Energy. You will work closely with cross-functional stakeholders to turn data into actionable insight. Key requirements include hands-on experience with Spark, Python, PyTorch, and Machine Learning. The ideal candidate is comfortable working in a fast-paced, collaborative environment and has a strong track record of delivering measurable business impact. 5+ years of professional experience required."
1320,Software Engineer,Gridline Utilities,"Los Angeles, CA",2026-05-25,Software Engineer,135000,"Gridline Utilities is hiring a Software Engineer to help scale our data capabilities. In this role you'll design, build, and maintain solutions using Agile, MongoDB, Linux, JavaScript, and NoSQL. We're looking for someone with strong problem-solving skills, excellent communication, and a passion for data-driven decision making. 3+ years of relevant experience preferred."
1700,Applied ML Engineer,Ivory Real Estate Tech,Remote,2026-05-25,ML Engineer,144500,"Ivory Real Estate Tech is hiring a Applied ML Engineer to help scale our data capabilities. In this role you'll design, build, and maintain solutions using Deep Learning, Machine Learning, Git, and Python. We're looking for someone with strong problem-solving skills, excellent communication, and a passion for data-driven decision making. 5+ years of professional experience required."
1916,Software Engineer,Lattice Biotech,"Denver, CO",2026-05-25,Software Engineer,105000,"Join Lattice Biotech as a Software Engineer! You'll be responsible for building and maintaining systems that rely on JavaScript, Java, REST API, and Git. This is a great opportunity for someone who enjoys solving complex problems and working with a talented, supportive team. 3+ years of relevant experience preferred."
1979,Reporting Analyst,Fenwick Pharma,"Los Angeles, CA",2026-05-25,Data Analyst,79000,"As a Reporting Analyst at Fenwick Pharma, you will partner with engineering and product teams to deliver high-quality, reliable solutions. Required skills: Data warehousing, Power BI, SQL, R, Google Cloud Platform, and Statistics. Bonus points if you have experience mentoring junior team members and contributing to a strong engineering culture. Entry-level candidates with strong internship experience are encouraged to apply."
462,Senior Data Analyst,Tundra Telecom,"Delhi, India",2026-05-26,Data Analyst,20000,"Tundra Telecom seeks an experienced Senior Data Analyst to support our expanding analytics function. Day-to-day responsibilities include working with Looker, SQL, Tableau, Python, Git, Power BI, and Data warehousing to build scalable, production-grade systems. We value curiosity, ownership, and clear communication. Minimum of 2 years in a similar role."
664,ML Ops Engineer,Ivory Real Estate Tech,Remote,2026-05-26,ML Engineer,111500,"Ivory Real Estate Tech seeks an experienced ML Ops Engineer to support our expanding analytics function. Day-to-day responsibilities include working with Docker, Scikit-learn, Machine Learning, Python, TensorFlow, and PyTorch to build scalable, production-grade systems. We value curiosity, ownership, and clear communication. Ideal for candidates with 4-6 years of industry experience."
1120,ETL Developer,Harbor Robotics,"Pune, India",2026-05-26,Data Engineer,44500,"We are looking for a ETL Developer to join our growing team at Harbor Robotics. You will work closely with cross-functional stakeholders to turn data into actionable insight. Key requirements include hands-on experience with SQL, Snowflake, ETL, and Python. The ideal candidate is comfortable working in a fast-paced, collaborative environment and has a strong track record of delivering measurable business impact. Minimum of 2 years in a similar role."
1435,Data Scientist II,Marlin Shipping,"Bengaluru, India",2026-05-26,Data Scientist,51000,"Marlin Shipping is hiring a Data Scientist II to help scale our data capabilities. In this role you'll design, build, and maintain solutions using SQL, Deep Learning, Python, Machine Learning, Scikit-learn, R, and Computer Vision. We're looking for someone with strong problem-solving skills, excellent communication, and a passion for data-driven decision making. 5+ years of professional experience required."
1613,Marketing Data Analyst,Sable Energy,"New York, NY",2026-05-26,Data Analyst,112500,"Sable Energy is hiring a Marketing Data Analyst to help scale our data capabilities. In this role you'll design, build, and maintain solutions using Statistics, Data warehousing, Tableau, and SQL. We're looking for someone with strong problem-solving skills, excellent communication, and a passion for data-driven decision making. Ideal for candidates with 4-6 years of industry experience."
1644,Analytics Engineer,Granite Data Partners,"Bengaluru, India",2026-05-26,Data Engineer,44000,"We are looking for a Analytics Engineer to join our growing team at Granite Data Partners. You will work closely with cross-functional stakeholders to turn data into actionable insight. Key requirements include hands-on experience with AWS, dbt, SQL, Google Cloud Platform, and ETL. The ideal candidate is comfortable working in a fast-paced, collaborative environment and has a strong track record of delivering measurable business impact. Ideal for candidates with 4-6 years of industry experience."
1764,Data Engineer,Junction Mobility,"Hyderabad, India",2026-05-26,Data Engineer,57500,"We are looking for a Data Engineer to join our growing team at Junction Mobility. You will work closely with cross-functional stakeholders to turn data into actionable insight. Key requirements include hands-on experience with ETL, SQL, Snowflake, Spark, NoSQL, dbt, and Python. The ideal candidate is comfortable working in a fast-paced, collaborative environment and has a strong track record of delivering measurable business impact. 5+ years of professional experience required."
1941,Data Engineer,Clearwater Consulting,"Bengaluru, India",2026-05-26,Data Engineer,50000,"Clearwater Consulting seeks an experienced Data Engineer to support our expanding analytics function. Day-to-day responsibilities include working with SQL, Airflow, BigQuery, ETL, Python, and AWS to build scalable, production-grade systems. We value curiosity, ownership, and clear communication. 5+ years of professional experience required."
296,Backend Engineer,Echo Streaming,"Bengaluru, India",2026-05-27,Software Engineer,47000,"Join Echo Streaming as a Backend Engineer! You'll be responsible for building and maintaining systems that rely on Java, REST API, Python, Docker, JavaScript, and Kubernetes. This is a great opportunity for someone who enjoys solving complex problems and working with a talented, supportive team. Minimum of 2 years in a similar role."
413,BI Analyst,Meridian Health Analytics,"Mumbai, India",2026-05-28,Data Analyst,30500,"As a BI Analyst at Meridian Health Analytics, you will partner with engineering and product teams to deliver high-quality, reliable solutions. Required skills: Excel, SQL, A/B testing, Python, R, Statistics, and Tableau. Bonus points if you have experience mentoring junior team members and contributing to a strong engineering culture. Ideal for candidates with 4-6 years of industry experience."
494,Junior Data Analyst,Bluepeak Technologies,"Atlanta, GA",2026-05-28,Data Analyst,89000,"Bluepeak Technologies is hiring a Junior Data Analyst to help scale our data capabilities. In this role you'll design, build, and maintain solutions using Power BI, ETL, Excel, R, and Tableau. We're looking for someone with strong problem-solving skills, excellent communication, and a passion for data-driven decision making. Entry-level candidates with strong internship experience are encouraged to apply."
1157,Applied ML Engineer,Ironclad Security,"Los Angeles, CA",2026-05-28,ML Engineer,173000,"Ironclad Security seeks an experienced Applied ML Engineer to support our expanding analytics function. Day-to-day responsibilities include working with Python, Spark, Deep Learning, and PyTorch to build scalable, production-grade systems. We value curiosity, ownership, and clear communication. 3+ years of relevant experience preferred."
1833,Platform Engineer,Opaline Cosmetics Analytics,"Bengaluru, India",2026-05-28,Software Engineer,47500,"We are looking for a Platform Engineer to join our growing team at Opaline Cosmetics Analytics. You will work closely with cross-functional stakeholders to turn data into actionable insight. Key requirements include hands-on experience with Java, Agile, REST API, Linux, and PostgreSQL. The ideal candidate is comfortable working in a fast-paced, collaborative environment and has a strong track record of delivering measurable business impact. Minimum of 2 years in a similar role."
210,Software Engineer,Harbor Robotics,"San Francisco, CA",2026-05-29,Software Engineer,151000,"Harbor Robotics seeks an experienced Software Engineer to support our expanding analytics function. Day-to-day responsibilities include working with AWS, Git, PostgreSQL, Linux, JavaScript, and Agile to build scalable, production-grade systems. We value curiosity, ownership, and clear communication. Ideal for candidates with 4-6 years of industry experience."
245,Reporting Analyst,Orbit Financial Services,"Boston, MA",2026-05-29,Data Analyst,94500,"Orbit Financial Services is hiring a Reporting Analyst to help scale our data capabilities. In this role you'll design, build, and maintain solutions using Excel, Power BI, SQL, R, Python, and Statistics. We're looking for someone with strong problem-solving skills, excellent communication, and a passion for data-driven decision making. 5+ years of professional experience required."
915,ML Ops Engineer,Riverstone Tech,"Hyderabad, India",2026-05-29,ML Engineer,64000,"Riverstone Tech is hiring a ML Ops Engineer to help scale our data capabilities. In this role you'll design, build, and maintain solutions using Docker, Computer Vision, Spark, Python, Deep Learning, and Kubernetes. We're looking for someone with strong problem-solving skills, excellent communication, and a passion for data-driven decision making. Entry-level candidates with strong internship experience are encouraged to apply."
1004,Applied Data Scientist,Pixel & Co,Singapore,2026-05-29,Data Scientist,116000,"As a Applied Data Scientist at Pixel & Co, you will partner with engineering and product teams to deliver high-quality, reliable solutions. Required skills: Spark, Python, Deep Learning, Machine Learning, Statistics, A/B testing, and R. Bonus points if you have experience mentoring junior team members and contributing to a strong engineering culture. Minimum of 2 years in a similar role."
1296,Business Data Analyst,Echo Streaming,"Austin, TX",2026-05-29,Data Analyst,88000,"Join Echo Streaming as a Business Data Analyst! You'll be responsible for building and maintaining systems that rely on Excel, Tableau, Power BI, and Python. This is a great opportunity for someone who enjoys solving complex problems and working with a talented, supportive team. 5+ years of professional experience required."
1397,Reporting Analyst,Quicksilver Payments,"Austin, TX",2026-05-29,Data Analyst,70000,"Quicksilver Payments seeks an experienced Reporting Analyst to support our expanding analytics function. Day-to-day responsibilities include working with Excel, ETL, Tableau, and Statistics to build scalable, production-grade systems. We value curiosity, ownership, and clear communication. Minimum of 2 years in a similar role."
1410,Senior Data Scientist,Lattice Biotech,"Pune, India",2026-05-29,Data Scientist,36500,"Lattice Biotech seeks an experienced Senior Data Scientist to support our expanding analytics function. Day-to-day responsibilities include working with PyTorch, Statistics, AWS, Scikit-learn, Deep Learning, and TensorFlow to build scalable, production-grade systems. We value curiosity, ownership, and clear communication. Entry-level candidates with strong internship experience are encouraged to apply."
1999,BI Analyst,Lattice Biotech,"Seattle, WA",2026-05-29,Data Analyst,74500,"We are looking for a BI Analyst to join our growing team at Lattice Biotech. You will work closely with cross-functional stakeholders to turn data into actionable insight. Key requirements include hands-on experience with Excel, SQL, A/B testing, and Looker. The ideal candidate is comfortable working in a fast-paced, collaborative environment and has a strong track record of delivering measurable business impact. 3+ years of relevant experience preferred."
4,Full Stack Developer,Nimbus Analytics,"London, UK",2026-05-30,Software Engineer,68500,"As a Full Stack Developer at Nimbus Analytics, you will partner with engineering and product teams to deliver high-quality, reliable solutions. Required skills: C++, JavaScript, SQL, Docker, Java, Python, and PostgreSQL. Bonus points if you have experience mentoring junior team members and contributing to a strong engineering culture. 5+ years of professional experience required."
70,Senior Software Engineer,Delta Freight Systems,"Los Angeles, CA",2026-05-30,Software Engineer,153000,"Delta Freight Systems seeks an experienced Senior Software Engineer to support our expanding analytics function. Day-to-day responsibilities include working with REST API, JavaScript, PostgreSQL, Docker, Python, AWS, and Git to build scalable, production-grade systems. We value curiosity, ownership, and clear communication. 5+ years of professional experience required."
291,BI Analyst,Quantum Retail Group,"Washington, DC",2026-05-30,Data Analyst,79500,"Join Quantum Retail Group as a BI Analyst! You'll be responsible for building and maintaining systems that rely on ETL, A/B testing, Python, Power BI, R, MongoDB, and SQL. This is a great opportunity for someone who enjoys solving complex problems and working with a talented, supportive team. 5+ years of professional experience required."
571,Research Data Scientist,Northwind Digital,"Berlin, Germany",2026-05-30,Data Scientist,123000,"Join Northwind Digital as a Research Data Scientist! You'll be responsible for building and maintaining systems that rely on Machine Learning, SQL, Statistics, A/B testing, Scikit-learn, Python, and NLP. This is a great opportunity for someone who enjoys solving complex problems and working with a talented, supportive team. Ideal for candidates with 4-6 years of industry experience."
1769,Marketing Data Analyst,Gridline Utilities,"Toronto, Canada",2026-05-30,Data Analyst,58000,"Gridline Utilities seeks an experienced Marketing Data Analyst to support our expanding analytics function. Day-to-day responsibilities include working with SQL, Statistics, Power BI, Git, and Looker to build scalable, production-grade systems. We value curiosity, ownership, and clear communication. 3+ years of relevant experience preferred."
1821,Reporting Analyst,Rustic Agritech,"San Francisco, CA",2026-05-30,Data Analyst,125500,"Join Rustic Agritech as a Reporting Analyst! You'll be responsible for building and maintaining systems that rely on Tableau, Power BI, Data warehousing, and Excel. This is a great opportunity for someone who enjoys solving complex problems and working with a talented, supportive team. Minimum of 2 years in a similar role."
176,Data Scientist II,Redwood Bank,"Los Angeles, CA",2026-05-31,Data Scientist,179500,"As a Data Scientist II at Redwood Bank, you will partner with engineering and product teams to deliver high-quality, reliable solutions. Required skills: Scikit-learn, R, NLP, Deep Learning, Computer Vision, and Machine Learning. Bonus points if you have experience mentoring junior team members and contributing to a strong engineering culture. 5+ years of professional experience required."
455,AI Engineer,Junction Mobility,"San Francisco, CA",2026-05-31,ML Engineer,138500,"Junction Mobility seeks an experienced AI Engineer to support our expanding analytics function. Day-to-day responsibilities include working with Python, Machine Learning, Git, Kubernetes, Docker, Scikit-learn, and PyTorch to build scalable, production-grade systems. We value curiosity, ownership, and clear communication. 5+ years of professional experience required."
584,Analytics Engineer,Keystone Auto Group,"New York, NY",2026-05-31,Data Engineer,164000,"Keystone Auto Group is hiring a Analytics Engineer to help scale our data capabilities. In this role you'll design, build, and maintain solutions using AWS, Spark, ETL, Redshift, and Kafka. We're looking for someone with strong problem-solving skills, excellent communication, and a passion for data-driven decision making. Minimum of 2 years in a similar role."
713,Senior Software Engineer,Anchor Payments,"Boston, MA",2026-05-31,Software Engineer,118500,"As a Senior Software Engineer at Anchor Payments, you will partner with engineering and product teams to deliver high-quality, reliable solutions. Required skills: Git, JavaScript, AWS, Java, Docker, Agile, and SQL. Bonus points if you have experience mentoring junior team members and contributing to a strong engineering culture. 5+ years of professional experience required."
742,AI Engineer,Zenith Aerospace,"Atlanta, GA",2026-05-31,ML Engineer,163500,"As a AI Engineer at Zenith Aerospace, you will partner with engineering and product teams to deliver high-quality, reliable solutions. Required skills: Python, Kubernetes, Git, and AWS. Bonus points if you have experience mentoring junior team members and contributing to a strong engineering culture. 5+ years of professional experience required."
1202,Cloud Data Engineer,Cortex Systems,"Seattle, WA",2026-05-31,Data Engineer,177000,"Join Cortex Systems as a Cloud Data Engineer! You'll be responsible for building and maintaining systems that rely on Python, Spark, AWS, dbt, BigQuery, and Hadoop. This is a great opportunity for someone who enjoys solving complex problems and working with a talented, supportive team. 5+ years of professional experience required."
1393,Software Engineer,Willow Health Systems,"Toronto, Canada",2026-05-31,Software Engineer,61000,"Willow Health Systems is hiring a Software Engineer to help scale our data capabilities. In this role you'll design, build, and maintain solutions using Docker, Agile, MongoDB, and Java. We're looking for someone with strong problem-solving skills, excellent communication, and a passion for data-driven decision making. 5+ years of professional experience required."
1964,Business Data Analyst,Pixel & Co,"Boston, MA",2026-05-31,Data Analyst,82500,"Join Pixel & Co as a Business Data Analyst! You'll be responsible for building and maintaining systems that rely on Statistics, R, Python, Tableau, Excel, SQL, and A/B testing. This is a great opportunity for someone who enjoys solving complex problems and working with a talented, supportive team. Minimum of 2 years in a similar role."
171,Machine Learning Engineer,Echo Streaming,"Bengaluru, India",2026-06-01,ML Engineer,61000,"Echo Streaming is hiring a Machine Learning Engineer to help scale our data capabilities. In this role you'll design, build, and maintain solutions using Computer Vision, Machine Learning, AWS, Scikit-learn, Deep Learning, Git, and Python. We're looking for someone with strong problem-solving skills, excellent communication, and a passion for data-driven decision making. 3+ years of relevant experience preferred."
177,Platform Engineer,Vertex Insight Labs,"Dublin, Ireland",2026-06-01,Software Engineer,116500,"Join Vertex Insight Labs as a Platform Engineer! You'll be responsible for building and maintaining systems that rely on JavaScript, Python, Java, SQL, and MongoDB. This is a great opportunity for someone who enjoys solving complex problems and working with a talented, supportive team. 3+ years of relevant experience preferred."
203,Senior Data Engineer,Granite Data Partners,Remote,2026-06-01,Data Engineer,139500,"As a Senior Data Engineer at Granite Data Partners, you will partner with engineering and product teams to deliver high-quality, reliable solutions. Required skills: SQL, ETL, Kafka, and Airflow. Bonus points if you have experience mentoring junior team members and contributing to a strong engineering culture. 3+ years of relevant experience preferred."
410,Machine Learning Engineer,Anchor Payments,Remote,2026-06-01,ML Engineer,194000,"Anchor Payments seeks an experienced Machine Learning Engineer to support our expanding analytics function. Day-to-day responsibilities include working with Python, AWS, PyTorch, Machine Learning, Deep Learning, and Docker to build scalable, production-grade systems. We value curiosity, ownership, and clear communication. Ideal for candidates with 4-6 years of industry experience."
1754,ML Ops Engineer,Lattice Biotech,"Washington, DC",2026-06-01,ML Engineer,194500,"Join Lattice Biotech as a ML Ops Engineer! You'll be responsible for building and maintaining systems that rely on Docker, PyTorch, Python, Computer Vision, and Airflow. This is a great opportunity for someone who enjoys solving complex problems and working with a talented, supportive team. 5+ years of professional experience required."
1779,Cloud Data Engineer,Tundra Telecom,"Mumbai, India",2026-06-01,Data Engineer,62500,"Tundra Telecom is hiring a Cloud Data Engineer to help scale our data capabilities. In this role you'll design, build, and maintain solutions using SQL, ETL, Python, dbt, and Google Cloud Platform. We're looking for someone with strong problem-solving skills, excellent communication, and a passion for data-driven decision making. Ideal for candidates with 4-6 years of industry experience."
1839,Research Data Scientist,Nimbus Analytics,"San Francisco, CA",2026-06-01,Data Scientist,187000,"Nimbus Analytics seeks an experienced Research Data Scientist to support our expanding analytics function. Day-to-day responsibilities include working with NLP, PyTorch, Python, Scikit-learn, and TensorFlow to build scalable, production-grade systems. We value curiosity, ownership, and clear communication. 3+ years of relevant experience preferred."
19,Deep Learning Engineer,Anchor Payments,"Hyderabad, India",2026-06-02,ML Engineer,64500,"Anchor Payments is hiring a Deep Learning Engineer to help scale our data capabilities. In this role you'll design, build, and maintain solutions using TensorFlow, Computer Vision, Machine Learning, Docker, Airflow, and PyTorch. We're looking for someone with strong problem-solving skills, excellent communication, and a passion for data-driven decision making. Ideal for candidates with 4-6 years of industry experience."
322,Platform Engineer,Opaline Cosmetics Analytics,"Los Angeles, CA",2026-06-02,Software Engineer,125000,"As a Platform Engineer at Opaline Cosmetics Analytics, you will partner with engineering and product teams to deliver high-quality, reliable solutions. Required skills: JavaScript, Linux, PostgreSQL, Java, and Docker. Bonus points if you have experience mentoring junior team members and contributing to a strong engineering culture. Entry-level candidates with strong internship experience are encouraged to apply."
522,Reporting Analyst,Evergreen Logistics,"Washington, DC",2026-06-02,Data Analyst,100500,"We are looking for a Reporting Analyst to join our growing team at Evergreen Logistics. You will work closely with cross-functional stakeholders to turn data into actionable insight. Key requirements include hands-on experience with Tableau, Statistics, ETL, Looker, and Python. The ideal candidate is comfortable working in a fast-paced, collaborative environment and has a strong track record of delivering measurable business impact. 5+ years of professional experience required."
933,Senior Data Engineer,Bluepeak Technologies,"Berlin, Germany",2026-06-02,Data Engineer,110500,"As a Senior Data Engineer at Bluepeak Technologies, you will partner with engineering and product teams to deliver high-quality, reliable solutions. Required skills: Airflow, Snowflake, SQL, Kafka, ETL, and Spark. Bonus points if you have experience mentoring junior team members and contributing to a strong engineering culture. Minimum of 2 years in a similar role."
966,Data Scientist II,Gridline Utilities,"Mumbai, India",2026-06-02,Data Scientist,37000,"Join Gridline Utilities as a Data Scientist II! You'll be responsible for building and maintaining systems that rely on R, Python, Machine Learning, TensorFlow, A/B testing, and Computer Vision. This is a great opportunity for someone who enjoys solving complex problems and working with a talented, supportive team. Ideal for candidates with 4-6 years of industry experience."
1236,Marketing Data Analyst,Ironclad Security,"Hyderabad, India",2026-06-02,Data Analyst,27000,"As a Marketing Data Analyst at Ironclad Security, you will partner with engineering and product teams to deliver high-quality, reliable solutions. Required skills: SQL, Tableau, Power BI, Python, and Looker. Bonus points if you have experience mentoring junior team members and contributing to a strong engineering culture. Minimum of 2 years in a similar role."
1305,Platform Engineer,Riverstone Tech,"Los Angeles, CA",2026-06-02,Software Engineer,136000,"Riverstone Tech seeks an experienced Platform Engineer to support our expanding analytics function. Day-to-day responsibilities include working with REST API, Docker, Kubernetes, AWS, Git, and Python to build scalable, production-grade systems. We value curiosity, ownership, and clear communication. Minimum of 2 years in a similar role."
1327,Senior Data Engineer,Vertex Insight Labs,"Bengaluru, India",2026-06-02,Data Engineer,42000,"We are looking for a Senior Data Engineer to join our growing team at Vertex Insight Labs. You will work closely with cross-functional stakeholders to turn data into actionable insight. Key requirements include hands-on experience with AWS, Snowflake, BigQuery, SQL, Hadoop, ETL, and Data warehousing. The ideal candidate is comfortable working in a fast-paced, collaborative environment and has a strong track record of delivering measurable business impact. Minimum of 2 years in a similar role."
1337,Marketing Data Analyst,Sable Energy,"Seattle, WA",2026-06-02,Data Analyst,47000,"Sable Energy is hiring a Marketing Data Analyst to help scale our data capabilities. In this role you'll design, build, and maintain solutions using Statistics, Tableau, ETL, Power BI, and Excel. We're looking for someone with strong problem-solving skills, excellent communication, and a passion for data-driven decision making. 5+ years of professional experience required."
1412,Research Data Scientist,Gridline Utilities,"San Francisco, CA",2026-06-02,Data Scientist,210500,"We are looking for a Research Data Scientist to join our growing team at Gridline Utilities. You will work closely with cross-functional stakeholders to turn data into actionable insight. Key requirements include hands-on experience with A/B testing, R, Scikit-learn, Computer Vision, Statistics, Spark, and TensorFlow. The ideal candidate is comfortable working in a fast-paced, collaborative environment and has a strong track record of delivering measurable business impact. 3+ years of relevant experience preferred."
1873,Reporting Analyst,Pathfinder Travel Tech,"Hyderabad, India",2026-06-02,Data Analyst,38000,"As a Reporting Analyst at Pathfinder Travel Tech, you will partner with engineering and product teams to deliver high-quality, reliable solutions. Required skills: R, Excel, Power BI, and Tableau. Bonus points if you have experience mentoring junior team members and contributing to a strong engineering culture. 5+ years of professional experience required."
1948,Lead Data Scientist,DataForge Inc,"Atlanta, GA",2026-06-02,Data Scientist,108000,"Join DataForge Inc as a Lead Data Scientist! You'll be responsible for building and maintaining systems that rely on Tableau, Spark, Python, NLP, SQL, and R. This is a great opportunity for someone who enjoys solving complex problems and working with a talented, supportive team. 3+ years of relevant experience preferred."
509,ML Ops Engineer,DataForge Inc,Singapore,2026-06-03,ML Engineer,156500,"DataForge Inc is hiring a ML Ops Engineer to help scale our data capabilities. In this role you'll design, build, and maintain solutions using PyTorch, Deep Learning, TensorFlow, Python, and Airflow. We're looking for someone with strong problem-solving skills, excellent communication, and a passion for data-driven decision making. 5+ years of professional experience required."
909,Machine Learning Engineer,Marlin Shipping,"San Francisco, CA",2026-06-03,ML Engineer,253500,"Join Marlin Shipping as a Machine Learning Engineer! You'll be responsible for building and maintaining systems that rely on Python, Docker, Machine Learning, Kubernetes, and AWS. This is a great opportunity for someone who enjoys solving complex problems and working with a talented, supportive team. 3+ years of relevant experience preferred."
1028,Deep Learning Engineer,Zenith Aerospace,"London, UK",2026-06-03,ML Engineer,151000,"We are looking for a Deep Learning Engineer to join our growing team at Zenith Aerospace. You will work closely with cross-functional stakeholders to turn data into actionable insight. Key requirements include hands-on experience with Machine Learning, Deep Learning, Docker, Scikit-learn, Spark, NLP, and Computer Vision. The ideal candidate is comfortable working in a fast-paced, collaborative environment and has a strong track record of delivering measurable business impact. Entry-level candidates with strong internship experience are encouraged to apply."
1409,ETL Developer,Cortex Systems,"Chicago, IL",2026-06-03,Data Engineer,140500,"We are looking for a ETL Developer to join our growing team at Cortex Systems. You will work closely with cross-functional stakeholders to turn data into actionable insight. Key requirements include hands-on experience with Airflow, Data warehousing, Python, Snowflake, Redshift, ETL, and NoSQL. The ideal candidate is comfortable working in a fast-paced, collaborative environment and has a strong track record of delivering measurable business impact. 3+ years of relevant experience preferred."
1546,ETL Developer,Northwind Digital,"Austin, TX",2026-06-03,Data Engineer,135000,"Join Northwind Digital as a ETL Developer! You'll be responsible for building and maintaining systems that rely on Redshift, SQL, Hadoop, Python, ETL, and BigQuery. This is a great opportunity for someone who enjoys solving complex problems and working with a talented, supportive team. 5+ years of professional experience required."
1662,Big Data Engineer,Pathfinder Travel Tech,"Boston, MA",2026-06-03,Data Engineer,148500,"As a Big Data Engineer at Pathfinder Travel Tech, you will partner with engineering and product teams to deliver high-quality, reliable solutions. Required skills: Snowflake, NoSQL, Google Cloud Platform, and Python. Bonus points if you have experience mentoring junior team members and contributing to a strong engineering culture. Ideal for candidates with 4-6 years of industry experience."
109,Data Engineer,Coral Reef Gaming,"Seattle, WA",2026-06-04,Data Engineer,178000,"Coral Reef Gaming is hiring a Data Engineer to help scale our data capabilities. In this role you'll design, build, and maintain solutions using SQL, ETL, Snowflake, dbt, Redshift, and AWS. We're looking for someone with strong problem-solving skills, excellent communication, and a passion for data-driven decision making. 3+ years of relevant experience preferred."
215,Data Analyst,Bluepeak Technologies,"Seattle, WA",2026-06-04,Data Analyst,78000,"We are looking for a Data Analyst to join our growing team at Bluepeak Technologies. You will work closely with cross-functional stakeholders to turn data into actionable insight. Key requirements include hands-on experience with SQL, Tableau, Git, R, Python, Excel, and A/B testing. The ideal candidate is comfortable working in a fast-paced, collaborative environment and has a strong track record of delivering measurable business impact. 5+ years of professional experience required."
481,Platform Engineer,Redwood Bank,"San Francisco, CA",2026-06-04,Software Engineer,170500,"Join Redwood Bank as a Platform Engineer! You'll be responsible for building and maintaining systems that rely on AWS, SQL, Java, JavaScript, and Docker. This is a great opportunity for someone who enjoys solving complex problems and working with a talented, supportive team. Ideal for candidates with 4-6 years of industry experience."
608,Reporting Analyst,Juniper Cybersecurity,"Chicago, IL",2026-06-04,Data Analyst,75000,"Juniper Cybersecurity is hiring a Reporting Analyst to help scale our data capabilities. In this role you'll design, build, and maintain solutions using ETL, Tableau, Power BI, SQL, and MongoDB. We're looking for someone with strong problem-solving skills, excellent communication, and a passion for data-driven decision making. 5+ years of professional experience required."
617,Platform Engineer,Lattice Biotech,"Los Angeles, CA",2026-06-04,Software Engineer,133000,"Lattice Biotech is hiring a Platform Engineer to help scale our data capabilities. In this role you'll design, build, and maintain solutions using MongoDB, Agile, Docker, and Linux. We're looking for someone with strong problem-solving skills, excellent communication, and a passion for data-driven decision making. Minimum of 2 years in a similar role."
991,Backend Engineer,Prism Media Analytics,"Seattle, WA",2026-06-04,Software Engineer,148500,"We are looking for a Backend Engineer to join our growing team at Prism Media Analytics. You will work closely with cross-functional stakeholders to turn data into actionable insight. Key requirements include hands-on experience with Python, Linux, Java, Agile, and Docker. The ideal candidate is comfortable working in a fast-paced, collaborative environment and has a strong track record of delivering measurable business impact. Entry-level candidates with strong internship experience are encouraged to apply."
1382,Marketing Data Analyst,Nimbus Analytics,Singapore,2026-06-04,Data Analyst,64000,"As a Marketing Data Analyst at Nimbus Analytics, you will partner with engineering and product teams to deliver high-quality, reliable solutions. Required skills: Statistics, Python, Power BI, Tableau, and Excel. Bonus points if you have experience mentoring junior team members and contributing to a strong engineering culture. Entry-level candidates with strong internship experience are encouraged to apply."
1408,Software Engineer,Anchor Payments,"Berlin, Germany",2026-06-04,Software Engineer,84500,"Join Anchor Payments as a Software Engineer! You'll be responsible for building and maintaining systems that rely on SQL, Agile, Git, and REST API. This is a great opportunity for someone who enjoys solving complex problems and working with a talented, supportive team. Minimum of 2 years in a similar role."
1517,Cloud Data Engineer,Orbit Financial Services,"Washington, DC",2026-06-04,Data Engineer,113500,"Join Orbit Financial Services as a Cloud Data Engineer! You'll be responsible for building and maintaining systems that rely on Google Cloud Platform, Python, ETL, Data warehousing, Spark, and SQL. This is a great opportunity for someone who enjoys solving complex problems and working with a talented, supportive team. Ideal for candidates with 4-6 years of industry experience."
477,Platform Engineer,Lattice Biotech,Remote,2026-06-05,Software Engineer,140500,"Lattice Biotech seeks an experienced Platform Engineer to support our expanding analytics function. Day-to-day responsibilities include working with REST API, JavaScript, SQL, and MongoDB to build scalable, production-grade systems. We value curiosity, ownership, and clear communication. Entry-level candidates with strong internship experience are encouraged to apply."
1508,Research Data Scientist,Anchor Payments,"Austin, TX",2026-06-05,Data Scientist,169500,"We are looking for a Research Data Scientist to join our growing team at Anchor Payments. You will work closely with cross-functional stakeholders to turn data into actionable insight. Key requirements include hands-on experience with Statistics, Machine Learning, PyTorch, and Python. The ideal candidate is comfortable working in a fast-paced, collaborative environment and has a strong track record of delivering measurable business impact. 5+ years of professional experience required."
321,Data Engineer,Echo Streaming,Singapore,2026-06-06,Data Engineer,110500,"As a Data Engineer at Echo Streaming, you will partner with engineering and product teams to deliver high-quality, reliable solutions. Required skills: SQL, AWS, ETL, and Snowflake. Bonus points if you have experience mentoring junior team members and contributing to a strong engineering culture. Ideal for candidates with 4-6 years of industry experience."
686,Junior Data Analyst,Vertex Insight Labs,"Toronto, Canada",2026-06-06,Data Analyst,83000,"As a Junior Data Analyst at Vertex Insight Labs, you will partner with engineering and product teams to deliver high-quality, reliable solutions. Required skills: SQL, Tableau, Power BI, and Data warehousing. Bonus points if you have experience mentoring junior team members and contributing to a strong engineering culture. Minimum of 2 years in a similar role."
748,Backend Engineer,Sable Energy,Remote,2026-06-06,Software Engineer,123500,"As a Backend Engineer at Sable Energy, you will partner with engineering and product teams to deliver high-quality, reliable solutions. Required skills: Java, Docker, REST API, SQL, and JavaScript. Bonus points if you have experience mentoring junior team members and contributing to a strong engineering culture. 3+ years of relevant experience preferred."
1424,Reporting Analyst,Orbit Financial Services,Remote,2026-06-06,Data Analyst,56500,"As a Reporting Analyst at Orbit Financial Services, you will partner with engineering and product teams to deliver high-quality, reliable solutions. Required skills: Python, A/B testing, Power BI, ETL, and Tableau. Bonus points if you have experience mentoring junior team members and contributing to a strong engineering culture. Ideal for candidates with 4-6 years of industry experience."
1739,Reporting Analyst,Skyline Software,"San Francisco, CA",2026-06-06,Data Analyst,118000,"Skyline Software seeks an experienced Reporting Analyst to support our expanding analytics function. Day-to-day responsibilities include working with Power BI, Python, Tableau, Google Cloud Platform, A/B testing, SQL, and Looker to build scalable, production-grade systems. We value curiosity, ownership, and clear communication. 5+ years of professional experience required."
129,Reporting Analyst,Vantage Point Retail,"New York, NY",2026-06-07,Data Analyst,81000,"Vantage Point Retail is hiring a Reporting Analyst to help scale our data capabilities. In this role you'll design, build, and maintain solutions using Tableau, Data warehousing, R, Power BI, SQL, Python, and Excel. We're looking for someone with strong problem-solving skills, excellent communication, and a passion for data-driven decision making. 3+ years of relevant experience preferred."
941,Reporting Analyst,Fenwick Pharma,"Denver, CO",2026-06-07,Data Analyst,59000,"Fenwick Pharma is hiring a Reporting Analyst to help scale our data capabilities. In this role you'll design, build, and maintain solutions using SQL, Git, Statistics, and Tableau. We're looking for someone with strong problem-solving skills, excellent communication, and a passion for data-driven decision making. Ideal for candidates with 4-6 years of industry experience."
960,Software Development Engineer,Lattice Biotech,"San Francisco, CA",2026-06-07,Software Engineer,195500,"Lattice Biotech seeks an experienced Software Development Engineer to support our expanding analytics function. Day-to-day responsibilities include working with Kubernetes, SQL, Python, AWS, JavaScript, REST API, and Git to build scalable, production-grade systems. We value curiosity, ownership, and clear communication. Ideal for candidates with 4-6 years of industry experience."
1111,Data Analyst,Coral Reef Gaming,"Austin, TX",2026-06-07,Data Analyst,78500,"As a Data Analyst at Coral Reef Gaming, you will partner with engineering and product teams to deliver high-quality, reliable solutions. Required skills: Python, A/B testing, Excel, Looker, and Git. Bonus points if you have experience mentoring junior team members and contributing to a strong engineering culture. 3+ years of relevant experience preferred."
1264,Big Data Engineer,Gridline Utilities,"Austin, TX",2026-06-07,Data Engineer,130000,"Gridline Utilities is hiring a Big Data Engineer to help scale our data capabilities. In this role you'll design, build, and maintain solutions using AWS, SQL, Snowflake, and Airflow. We're looking for someone with strong problem-solving skills, excellent communication, and a passion for data-driven decision making. Minimum of 2 years in a similar role."
1521,Backend Engineer,Vertex Insight Labs,"Delhi, India",2026-06-07,Software Engineer,48500,"Vertex Insight Labs seeks an experienced Backend Engineer to support our expanding analytics function. Day-to-day responsibilities include working with Git, MongoDB, JavaScript, Java, and REST API to build scalable, production-grade systems. We value curiosity, ownership, and clear communication. Ideal for candidates with 4-6 years of industry experience."
1621,Big Data Engineer,Quicksilver Payments,"Austin, TX",2026-06-07,Data Engineer,109000,"Quicksilver Payments is hiring a Big Data Engineer to help scale our data capabilities. In this role you'll design, build, and maintain solutions using ETL, Snowflake, Data warehousing, and Azure. We're looking for someone with strong problem-solving skills, excellent communication, and a passion for data-driven decision making. Minimum of 2 years in a similar role."
1849,Senior Data Scientist,Anchor Payments,"San Francisco, CA",2026-06-07,Data Scientist,185000,"We are looking for a Senior Data Scientist to join our growing team at Anchor Payments. You will work closely with cross-functional stakeholders to turn data into actionable insight. Key requirements include hands-on experience with Python, AWS, Deep Learning, SQL, and Machine Learning. The ideal candidate is comfortable working in a fast-paced, collaborative environment and has a strong track record of delivering measurable business impact. 3+ years of relevant experience preferred."
175,Research Data Scientist,Keystone Auto Group,"Atlanta, GA",2026-06-08,Data Scientist,142000,"We are looking for a Research Data Scientist to join our growing team at Keystone Auto Group. You will work closely with cross-functional stakeholders to turn data into actionable insight. Key requirements include hands-on experience with A/B testing, TensorFlow, Machine Learning, and Python. The ideal candidate is comfortable working in a fast-paced, collaborative environment and has a strong track record of delivering measurable business impact. Ideal for candidates with 4-6 years of industry experience."
373,Machine Learning Engineer,Clearwater Consulting,"Denver, CO",2026-06-08,ML Engineer,162500,"Clearwater Consulting seeks an experienced Machine Learning Engineer to support our expanding analytics function. Day-to-day responsibilities include working with Deep Learning, Scikit-learn, NLP, TensorFlow, Spark, Machine Learning, and PyTorch to build scalable, production-grade systems. We value curiosity, ownership, and clear communication. Ideal for candidates with 4-6 years of industry experience."
736,Full Stack Developer,Delta Freight Systems,"Washington, DC",2026-06-08,Software Engineer,145500,"Delta Freight Systems seeks an experienced Full Stack Developer to support our expanding analytics function. Day-to-day responsibilities include working with Python, Java, MongoDB, and AWS to build scalable, production-grade systems. We value curiosity, ownership, and clear communication. Ideal for candidates with 4-6 years of industry experience."
762,Software Engineer,Marlin Shipping,"Bengaluru, India",2026-06-08,Software Engineer,42000,"Marlin Shipping seeks an experienced Software Engineer to support our expanding analytics function. Day-to-day responsibilities include working with Docker, Java, Python, Git, C++, Linux, and SQL to build scalable, production-grade systems. We value curiosity, ownership, and clear communication. 3+ years of relevant experience preferred."
946,Business Data Analyst,Meridian Health Analytics,Singapore,2026-06-08,Data Analyst,76500,"As a Business Data Analyst at Meridian Health Analytics, you will partner with engineering and product teams to deliver high-quality, reliable solutions. Required skills: SQL, Tableau, Python, Excel, and Looker. Bonus points if you have experience mentoring junior team members and contributing to a strong engineering culture. Entry-level candidates with strong internship experience are encouraged to apply."
1113,Junior Data Analyst,Onyx Manufacturing,"San Francisco, CA",2026-06-08,Data Analyst,136500,"As a Junior Data Analyst at Onyx Manufacturing, you will partner with engineering and product teams to deliver high-quality, reliable solutions. Required skills: SQL, Looker, Excel, Python, Power BI, Tableau, and Statistics. Bonus points if you have experience mentoring junior team members and contributing to a strong engineering culture. 5+ years of professional experience required."
1230,Business Data Analyst,DataForge Inc,"Pune, India",2026-06-08,Data Analyst,33500,"DataForge Inc is hiring a Business Data Analyst to help scale our data capabilities. In this role you'll design, build, and maintain solutions using Excel, Power BI, Tableau, Python, and SQL. We're looking for someone with strong problem-solving skills, excellent communication, and a passion for data-driven decision making. 3+ years of relevant experience preferred."
1669,Full Stack Developer,Echo Streaming,"Pune, India",2026-06-08,Software Engineer,41500,"Join Echo Streaming as a Full Stack Developer! You'll be responsible for building and maintaining systems that rely on JavaScript, Java, Python, REST API, Kubernetes, and Docker. This is a great opportunity for someone who enjoys solving complex problems and working with a talented, supportive team. Entry-level candidates with strong internship experience are encouraged to apply."
13,Cloud Data Engineer,Vantage Point Retail,"San Francisco, CA",2026-06-09,Data Engineer,148000,"Join Vantage Point Retail as a Cloud Data Engineer! You'll be responsible for building and maintaining systems that rely on Airflow, AWS, Azure, Spark, and ETL. This is a great opportunity for someone who enjoys solving complex problems and working with a talented, supportive team. Ideal for candidates with 4-6 years of industry experience."
214,Junior Data Analyst,Willow Health Systems,"Mumbai, India",2026-06-09,Data Analyst,31000,"Willow Health Systems seeks an experienced Junior Data Analyst to support our expanding analytics function. Day-to-day responsibilities include working with Git, SQL, Statistics, Excel, Tableau, Power BI, and Looker to build scalable, production-grade systems. We value curiosity, ownership, and clear communication. Ideal for candidates with 4-6 years of industry experience."
607,Analytics Engineer,Gridline Utilities,"New York, NY",2026-06-09,Data Engineer,177500,"Gridline Utilities is hiring a Analytics Engineer to help scale our data capabilities. In this role you'll design, build, and maintain solutions using Hadoop, SQL, Spark, Python, BigQuery, AWS, and Snowflake. We're looking for someone with strong problem-solving skills, excellent communication, and a passion for data-driven decision making. Entry-level candidates with strong internship experience are encouraged to apply."
1090,Deep Learning Engineer,Nectar Foods,"Bengaluru, India",2026-06-09,ML Engineer,52000,"Join Nectar Foods as a Deep Learning Engineer! You'll be responsible for building and maintaining systems that rely on Python, Kubernetes, Git, TensorFlow, Machine Learning, AWS, and Deep Learning. This is a great opportunity for someone who enjoys solving complex problems and working with a talented, supportive team. Entry-level candidates with strong internship experience are encouraged to apply."
1259,Cloud Data Engineer,Prism Media Analytics,"Delhi, India",2026-06-09,Data Engineer,31000,"Join Prism Media Analytics as a Cloud Data Engineer! You'll be responsible for building and maintaining systems that rely on dbt, Docker, BigQuery, and Snowflake. This is a great opportunity for someone who enjoys solving complex problems and working with a talented, supportive team. 3+ years of relevant experience preferred."
1524,Cloud Data Engineer,Junction Mobility,"Berlin, Germany",2026-06-09,Data Engineer,117000,"As a Cloud Data Engineer at Junction Mobility, you will partner with engineering and product teams to deliver high-quality, reliable solutions. Required skills: NoSQL, Spark, Data warehousing, Kafka, and AWS. Bonus points if you have experience mentoring junior team members and contributing to a strong engineering culture. Entry-level candidates with strong internship experience are encouraged to apply."
555,AI Engineer,Tundra Telecom,"Berlin, Germany",2026-06-10,ML Engineer,155000,"Join Tundra Telecom as a AI Engineer! You'll be responsible for building and maintaining systems that rely on PyTorch, Python, Docker, NLP, Machine Learning, AWS, and TensorFlow. This is a great opportunity for someone who enjoys solving complex problems and working with a talented, supportive team. Ideal for candidates with 4-6 years of industry experience."
872,Machine Learning Engineer,Lattice Biotech,"Hyderabad, India",2026-06-10,ML Engineer,57000,"Lattice Biotech is hiring a Machine Learning Engineer to help scale our data capabilities. In this role you'll design, build, and maintain solutions using TensorFlow, PyTorch, Docker, Azure, Machine Learning, and Python. We're looking for someone with strong problem-solving skills, excellent communication, and a passion for data-driven decision making. 3+ years of relevant experience preferred."
903,Reporting Analyst,Nectar Foods,"London, UK",2026-06-10,Data Analyst,60000,"Nectar Foods is hiring a Reporting Analyst to help scale our data capabilities. In this role you'll design, build, and maintain solutions using Excel, Tableau, Python, Statistics, Looker, and Power BI. We're looking for someone with strong problem-solving skills, excellent communication, and a passion for data-driven decision making. Ideal for candidates with 4-6 years of industry experience."
931,Cloud Data Engineer,Echo Streaming,"London, UK",2026-06-10,Data Engineer,128500,"Echo Streaming is hiring a Cloud Data Engineer to help scale our data capabilities. In this role you'll design, build, and maintain solutions using ETL, Hadoop, Azure, Python, and AWS. We're looking for someone with strong problem-solving skills, excellent communication, and a passion for data-driven decision making. Minimum of 2 years in a similar role."
1484,Big Data Engineer,Marlin Shipping,"Austin, TX",2026-06-10,Data Engineer,108000,"We are looking for a Big Data Engineer to join our growing team at Marlin Shipping. You will work closely with cross-functional stakeholders to turn data into actionable insight. Key requirements include hands-on experience with Hadoop, Azure, AWS, Snowflake, BigQuery, Python, and dbt. The ideal candidate is comfortable working in a fast-paced, collaborative environment and has a strong track record of delivering measurable business impact. Entry-level candidates with strong internship experience are encouraged to apply."
1520,Deep Learning Engineer,Nimbus Analytics,"New York, NY",2026-06-10,ML Engineer,166500,"As a Deep Learning Engineer at Nimbus Analytics, you will partner with engineering and product teams to deliver high-quality, reliable solutions. Required skills: TensorFlow, Git, AWS, Docker, Spark, and Machine Learning. Bonus points if you have experience mentoring junior team members and contributing to a strong engineering culture. Ideal for candidates with 4-6 years of industry experience."
301,Junior Data Analyst,Redwood Bank,"Austin, TX",2026-06-11,Data Analyst,77000,"As a Junior Data Analyst at Redwood Bank, you will partner with engineering and product teams to deliver high-quality, reliable solutions. Required skills: Tableau, SQL, Data warehousing, Power BI, Statistics, Looker, and Python. Bonus points if you have experience mentoring junior team members and contributing to a strong engineering culture. Minimum of 2 years in a similar role."
351,ML Ops Engineer,Juniper Cybersecurity,Remote,2026-06-11,ML Engineer,146000,"As a ML Ops Engineer at Juniper Cybersecurity, you will partner with engineering and product teams to deliver high-quality, reliable solutions. Required skills: TensorFlow, Azure, Machine Learning, Git, Airflow, and Deep Learning. Bonus points if you have experience mentoring junior team members and contributing to a strong engineering culture. Ideal for candidates with 4-6 years of industry experience."
385,Applied ML Engineer,Lattice Biotech,"Toronto, Canada",2026-06-11,ML Engineer,163500,"We are looking for a Applied ML Engineer to join our growing team at Lattice Biotech. You will work closely with cross-functional stakeholders to turn data into actionable insight. Key requirements include hands-on experience with TensorFlow, AWS, Azure, Python, Git, PyTorch, and Machine Learning. The ideal candidate is comfortable working in a fast-paced, collaborative environment and has a strong track record of delivering measurable business impact. 5+ years of professional experience required."
1534,Research Data Scientist,Pathfinder Travel Tech,Remote,2026-06-11,Data Scientist,117000,"Pathfinder Travel Tech is hiring a Research Data Scientist to help scale our data capabilities. In this role you'll design, build, and maintain solutions using Python, Scikit-learn, Machine Learning, TensorFlow, and PyTorch. We're looking for someone with strong problem-solving skills, excellent communication, and a passion for data-driven decision making. 5+ years of professional experience required."
1671,Deep Learning Engineer,Opaline Cosmetics Analytics,Remote,2026-06-11,ML Engineer,160000,"Join Opaline Cosmetics Analytics as a Deep Learning Engineer! You'll be responsible for building and maintaining systems that rely on Deep Learning, Machine Learning, Docker, Python, and Git. This is a great opportunity for someone who enjoys solving complex problems and working with a talented, supportive team. Minimum of 2 years in a similar role."
285,Cloud Data Engineer,Coral Reef Gaming,"Bengaluru, India",2026-06-12,Data Engineer,43500,"As a Cloud Data Engineer at Coral Reef Gaming, you will partner with engineering and product teams to deliver high-quality, reliable solutions. Required skills: Snowflake, Kafka, AWS, Redshift, SQL, Spark, and Airflow. Bonus points if you have experience mentoring junior team members and contributing to a strong engineering culture. Entry-level candidates with strong internship experience are encouraged to apply."
372,Applied ML Engineer,Fenwick Pharma,"San Francisco, CA",2026-06-12,ML Engineer,299000,"We are looking for a Applied ML Engineer to join our growing team at Fenwick Pharma. You will work closely with cross-functional stakeholders to turn data into actionable insight. Key requirements include hands-on experience with PyTorch, Git, NLP, Deep Learning, Docker, and Computer Vision. The ideal candidate is comfortable working in a fast-paced, collaborative environment and has a strong track record of delivering measurable business impact. Entry-level candidates with strong internship experience are encouraged to apply."
399,Senior ML Engineer,Onyx Manufacturing,"London, UK",2026-06-12,ML Engineer,132000,"We are looking for a Senior ML Engineer to join our growing team at Onyx Manufacturing. You will work closely with cross-functional stakeholders to turn data into actionable insight. Key requirements include hands-on experience with Python, Scikit-learn, PyTorch, AWS, and TensorFlow. The ideal candidate is comfortable working in a fast-paced, collaborative environment and has a strong track record of delivering measurable business impact. Ideal for candidates with 4-6 years of industry experience."
611,Business Data Analyst,Echo Streaming,"Hyderabad, India",2026-06-12,Data Analyst,28000,"Join Echo Streaming as a Business Data Analyst! You'll be responsible for building and maintaining systems that rely on Data warehousing, Excel, SQL, and Statistics. This is a great opportunity for someone who enjoys solving complex problems and working with a talented, supportive team. Entry-level candidates with strong internship experience are encouraged to apply."
777,ETL Developer,Northwind Digital,"Chicago, IL",2026-06-12,Data Engineer,135000,"As a ETL Developer at Northwind Digital, you will partner with engineering and product teams to deliver high-quality, reliable solutions. Required skills: Spark, Python, ETL, and SQL. Bonus points if you have experience mentoring junior team members and contributing to a strong engineering culture. 5+ years of professional experience required."
1010,ML Ops Engineer,Willow Health Systems,Singapore,2026-06-12,ML Engineer,112500,"Willow Health Systems is hiring a ML Ops Engineer to help scale our data capabilities. In this role you'll design, build, and maintain solutions using AWS, Deep Learning, PyTorch, NLP, Kubernetes, and Docker. We're looking for someone with strong problem-solving skills, excellent communication, and a passion for data-driven decision making. Ideal for candidates with 4-6 years of industry experience."
1250,Senior Data Scientist,Nova Insurance,"Austin, TX",2026-06-12,Data Scientist,150000,"Nova Insurance seeks an experienced Senior Data Scientist to support our expanding analytics function. Day-to-day responsibilities include working with TensorFlow, NLP, SQL, Python, and Spark to build scalable, production-grade systems. We value curiosity, ownership, and clear communication. Entry-level candidates with strong internship experience are encouraged to apply."
1906,Analytics Engineer,Nectar Foods,"London, UK",2026-06-12,Data Engineer,89000,"Nectar Foods is hiring a Analytics Engineer to help scale our data capabilities. In this role you'll design, build, and maintain solutions using ETL, Airflow, SQL, AWS, Snowflake, Spark, and Python. We're looking for someone with strong problem-solving skills, excellent communication, and a passion for data-driven decision making. Minimum of 2 years in a similar role."
119,Data Engineer,Pixel & Co,"Chicago, IL",2026-06-13,Data Engineer,123000,"Pixel & Co seeks an experienced Data Engineer to support our expanding analytics function. Day-to-day responsibilities include working with Python, Azure, Data warehousing, Snowflake, Redshift, and Spark to build scalable, production-grade systems. We value curiosity, ownership, and clear communication. Minimum of 2 years in a similar role."
396,Data Analyst,Pixel & Co,"Washington, DC",2026-06-13,Data Analyst,119000,"Join Pixel & Co as a Data Analyst! You'll be responsible for building and maintaining systems that rely on Excel, Power BI, ETL, Statistics, and Looker. This is a great opportunity for someone who enjoys solving complex problems and working with a talented, supportive team. Minimum of 2 years in a similar role."
616,Software Engineer,Granite Data Partners,"Atlanta, GA",2026-06-13,Software Engineer,103500,"We are looking for a Software Engineer to join our growing team at Granite Data Partners. You will work closely with cross-functional stakeholders to turn data into actionable insight. Key requirements include hands-on experience with Git, Docker, JavaScript, and PostgreSQL. The ideal candidate is comfortable working in a fast-paced, collaborative environment and has a strong track record of delivering measurable business impact. Entry-level candidates with strong internship experience are encouraged to apply."
769,Big Data Engineer,Ivory Real Estate Tech,"Austin, TX",2026-06-13,Data Engineer,128500,"We are looking for a Big Data Engineer to join our growing team at Ivory Real Estate Tech. You will work closely with cross-functional stakeholders to turn data into actionable insight. Key requirements include hands-on experience with Hadoop, NoSQL, AWS, ETL, and Kafka. The ideal candidate is comfortable working in a fast-paced, collaborative environment and has a strong track record of delivering measurable business impact. Ideal for candidates with 4-6 years of industry experience."
910,ML Ops Engineer,Lattice Biotech,"Bengaluru, India",2026-06-13,ML Engineer,61500,"As a ML Ops Engineer at Lattice Biotech, you will partner with engineering and product teams to deliver high-quality, reliable solutions. Required skills: TensorFlow, Scikit-learn, PyTorch, Docker, AWS, Python, and Spark. Bonus points if you have experience mentoring junior team members and contributing to a strong engineering culture. Minimum of 2 years in a similar role."
1651,Marketing Data Analyst,Onyx Manufacturing,"Pune, India",2026-06-13,Data Analyst,20000,"We are looking for a Marketing Data Analyst to join our growing team at Onyx Manufacturing. You will work closely with cross-functional stakeholders to turn data into actionable insight. Key requirements include hands-on experience with Power BI, Excel, Data warehousing, Python, Tableau, and SQL. The ideal candidate is comfortable working in a fast-paced, collaborative environment and has a strong track record of delivering measurable business impact. 3+ years of relevant experience preferred."
182,Senior Data Analyst,Pathfinder Travel Tech,"Los Angeles, CA",2026-06-14,Data Analyst,105000,"Join Pathfinder Travel Tech as a Senior Data Analyst! You'll be responsible for building and maintaining systems that rely on SQL, Google Cloud Platform, Statistics, Excel, Power BI, Looker, and Tableau. This is a great opportunity for someone who enjoys solving complex problems and working with a talented, supportive team. Entry-level candidates with strong internship experience are encouraged to apply."
244,Research Data Scientist,Ivory Real Estate Tech,"Hyderabad, India",2026-06-14,Data Scientist,61500,"Join Ivory Real Estate Tech as a Research Data Scientist! You'll be responsible for building and maintaining systems that rely on A/B testing, NLP, Python, Statistics, R, Deep Learning, and TensorFlow. This is a great opportunity for someone who enjoys solving complex problems and working with a talented, supportive team. 3+ years of relevant experience preferred."
429,Platform Engineer,DataForge Inc,"Los Angeles, CA",2026-06-14,Software Engineer,156000,"As a Platform Engineer at DataForge Inc, you will partner with engineering and product teams to deliver high-quality, reliable solutions. Required skills: Agile, NoSQL, Linux, Python, and SQL. Bonus points if you have experience mentoring junior team members and contributing to a strong engineering culture. 5+ years of professional experience required."
437,Data Analyst,Rustic Agritech,Remote,2026-06-14,Data Analyst,66000,"Rustic Agritech seeks an experienced Data Analyst to support our expanding analytics function. Day-to-day responsibilities include working with Google Cloud Platform, Excel, Tableau, Statistics, and A/B testing to build scalable, production-grade systems. We value curiosity, ownership, and clear communication. 5+ years of professional experience required."
704,Reporting Analyst,Keystone Auto Group,"New York, NY",2026-06-14,Data Analyst,104500,"We are looking for a Reporting Analyst to join our growing team at Keystone Auto Group. You will work closely with cross-functional stakeholders to turn data into actionable insight. Key requirements include hands-on experience with SQL, Data warehousing, Tableau, Excel, and A/B testing. The ideal candidate is comfortable working in a fast-paced, collaborative environment and has a strong track record of delivering measurable business impact. Entry-level candidates with strong internship experience are encouraged to apply."
728,ETL Developer,Sable Energy,"London, UK",2026-06-14,Data Engineer,132000,"Sable Energy seeks an experienced ETL Developer to support our expanding analytics function. Day-to-day responsibilities include working with Python, Spark, SQL, Snowflake, and Data warehousing to build scalable, production-grade systems. We value curiosity, ownership, and clear communication. Ideal for candidates with 4-6 years of industry experience."
1407,ML Ops Engineer,Opaline Cosmetics Analytics,"Denver, CO",2026-06-14,ML Engineer,189500,"As a ML Ops Engineer at Opaline Cosmetics Analytics, you will partner with engineering and product teams to deliver high-quality, reliable solutions. Required skills: Machine Learning, Python, Computer Vision, and NLP. Bonus points if you have experience mentoring junior team members and contributing to a strong engineering culture. Minimum of 2 years in a similar role."
1186,Software Engineer,Nova Insurance,"San Francisco, CA",2026-06-15,Software Engineer,160000,"We are looking for a Software Engineer to join our growing team at Nova Insurance. You will work closely with cross-functional stakeholders to turn data into actionable insight. Key requirements include hands-on experience with Git, AWS, Kubernetes, REST API, MongoDB, and SQL. The ideal candidate is comfortable working in a fast-paced, collaborative environment and has a strong track record of delivering measurable business impact. Minimum of 2 years in a similar role."
1312,Platform Engineer,Prism Media Analytics,"Washington, DC",2026-06-15,Software Engineer,163000,"We are looking for a Platform Engineer to join our growing team at Prism Media Analytics. You will work closely with cross-functional stakeholders to turn data into actionable insight. Key requirements include hands-on experience with C++, Git, Linux, Python, SQL, and JavaScript. The ideal candidate is comfortable working in a fast-paced, collaborative environment and has a strong track record of delivering measurable business impact. Ideal for candidates with 4-6 years of industry experience."
100,Reporting Analyst,Harbor Robotics,"Mumbai, India",2026-06-16,Data Analyst,45000,"We are looking for a Reporting Analyst to join our growing team at Harbor Robotics. You will work closely with cross-functional stakeholders to turn data into actionable insight. Key requirements include hands-on experience with Python, SQL, Data warehousing, Google Cloud Platform, Statistics, A/B testing, and Excel. The ideal candidate is comfortable working in a fast-paced, collaborative environment and has a strong track record of delivering measurable business impact. 3+ years of relevant experience preferred."
414,Software Development Engineer,Evergreen Logistics,"Austin, TX",2026-06-16,Software Engineer,151000,"We are looking for a Software Development Engineer to join our growing team at Evergreen Logistics. You will work closely with cross-functional stakeholders to turn data into actionable insight. Key requirements include hands-on experience with JavaScript, Agile, REST API, Java, Git, and Linux. The ideal candidate is comfortable working in a fast-paced, collaborative environment and has a strong track record of delivering measurable business impact. 3+ years of relevant experience preferred."
671,Lead Data Scientist,Harbor Robotics,"Los Angeles, CA",2026-06-16,Data Scientist,135500,"Join Harbor Robotics as a Lead Data Scientist! You'll be responsible for building and maintaining systems that rely on SQL, Machine Learning, Python, NLP, and A/B testing. This is a great opportunity for someone who enjoys solving complex problems and working with a talented, supportive team. Entry-level candidates with strong internship experience are encouraged to apply."
1399,Applied Data Scientist,Vertex Insight Labs,"Bengaluru, India",2026-06-16,Data Scientist,46500,"Vertex Insight Labs seeks an experienced Applied Data Scientist to support our expanding analytics function. Day-to-day responsibilities include working with NLP, Python, R, Statistics, and A/B testing to build scalable, production-grade systems. We value curiosity, ownership, and clear communication. Ideal for candidates with 4-6 years of industry experience."
1609,Analytics Engineer,Granite Data Partners,"Bengaluru, India",2026-06-16,Data Engineer,61500,"Granite Data Partners seeks an experienced Analytics Engineer to support our expanding analytics function. Day-to-day responsibilities include working with Python, AWS, dbt, ETL, and Google Cloud Platform to build scalable, production-grade systems. We value curiosity, ownership, and clear communication. Ideal for candidates with 4-6 years of industry experience."
1627,Senior Software Engineer,Opaline Cosmetics Analytics,"Los Angeles, CA",2026-06-16,Software Engineer,156500,"As a Senior Software Engineer at Opaline Cosmetics Analytics, you will partner with engineering and product teams to deliver high-quality, reliable solutions. Required skills: JavaScript, AWS, MongoDB, Git, Python, REST API, and SQL. Bonus points if you have experience mentoring junior team members and contributing to a strong engineering culture. 3+ years of relevant experience preferred."
1858,Cloud Data Engineer,Bluepeak Technologies,Remote,2026-06-16,Data Engineer,111000,"Bluepeak Technologies is hiring a Cloud Data Engineer to help scale our data capabilities. In this role you'll design, build, and maintain solutions using SQL, Kafka, NoSQL, and dbt. We're looking for someone with strong problem-solving skills, excellent communication, and a passion for data-driven decision making. Minimum of 2 years in a similar role."
1859,Data Analyst,Delta Freight Systems,"Delhi, India",2026-06-16,Data Analyst,30000,"As a Data Analyst at Delta Freight Systems, you will partner with engineering and product teams to deliver high-quality, reliable solutions. Required skills: Excel, SQL, Git, Power BI, ETL, and A/B testing. Bonus points if you have experience mentoring junior team members and contributing to a strong engineering culture. Minimum of 2 years in a similar role."
226,Marketing Data Analyst,Juniper Cybersecurity,"Boston, MA",2026-06-17,Data Analyst,102500,"Juniper Cybersecurity seeks an experienced Marketing Data Analyst to support our expanding analytics function. Day-to-day responsibilities include working with SQL, Git, Excel, Looker, Python, and Tableau to build scalable, production-grade systems. We value curiosity, ownership, and clear communication. Minimum of 2 years in a similar role."
1031,Marketing Data Analyst,Opaline Cosmetics Analytics,Singapore,2026-06-17,Data Analyst,98000,"We are looking for a Marketing Data Analyst to join our growing team at Opaline Cosmetics Analytics. You will work closely with cross-functional stakeholders to turn data into actionable insight. Key requirements include hands-on experience with SQL, R, Tableau, Statistics, Excel, and ETL. The ideal candidate is comfortable working in a fast-paced, collaborative environment and has a strong track record of delivering measurable business impact. Entry-level candidates with strong internship experience are encouraged to apply."
1088,Data Analyst,Quicksilver Payments,"Pune, India",2026-06-17,Data Analyst,28000,"As a Data Analyst at Quicksilver Payments, you will partner with engineering and product teams to deliver high-quality, reliable solutions. Required skills: Tableau, Excel, Looker, SQL, Google Cloud Platform, Power BI, and Git. Bonus points if you have experience mentoring junior team members and contributing to a strong engineering culture. Ideal for candidates with 4-6 years of industry experience."
1224,Business Data Analyst,Bluepeak Technologies,"Hyderabad, India",2026-06-17,Data Analyst,30000,"Bluepeak Technologies is hiring a Business Data Analyst to help scale our data capabilities. In this role you'll design, build, and maintain solutions using Power BI, Tableau, SQL, Excel, Statistics, and Git. We're looking for someone with strong problem-solving skills, excellent communication, and a passion for data-driven decision making. Minimum of 2 years in a similar role."
1253,Data Scientist,Harbor Robotics,"San Francisco, CA",2026-06-17,Data Scientist,213000,"We are looking for a Data Scientist to join our growing team at Harbor Robotics. You will work closely with cross-functional stakeholders to turn data into actionable insight. Key requirements include hands-on experience with Machine Learning, A/B testing, PyTorch, Tableau, Statistics, and Python. The ideal candidate is comfortable working in a fast-paced, collaborative environment and has a strong track record of delivering measurable business impact. 5+ years of professional experience required."
1306,Reporting Analyst,Lighthouse AI,"San Francisco, CA",2026-06-17,Data Analyst,143000,"Join Lighthouse AI as a Reporting Analyst! You'll be responsible for building and maintaining systems that rely on R, Data warehousing, Excel, and SQL. This is a great opportunity for someone who enjoys solving complex problems and working with a talented, supportive team. Minimum of 2 years in a similar role."
1375,Software Development Engineer,Falcon FinTech,"Pune, India",2026-06-17,Software Engineer,47000,"We are looking for a Software Development Engineer to join our growing team at Falcon FinTech. You will work closely with cross-functional stakeholders to turn data into actionable insight. Key requirements include hands-on experience with C++, PostgreSQL, Java, and Python. The ideal candidate is comfortable working in a fast-paced, collaborative environment and has a strong track record of delivering measurable business impact. 3+ years of relevant experience preferred."
1437,AI Engineer,Anchor Payments,"Toronto, Canada",2026-06-17,ML Engineer,155000,"Anchor Payments seeks an experienced AI Engineer to support our expanding analytics function. Day-to-day responsibilities include working with Computer Vision, Spark, Kubernetes, Deep Learning, Airflow, Python, and TensorFlow to build scalable, production-grade systems. We value curiosity, ownership, and clear communication. Minimum of 2 years in a similar role."
906,ML Ops Engineer,Zenith Aerospace,"Bengaluru, India",2026-06-18,ML Engineer,30500,"Join Zenith Aerospace as a ML Ops Engineer! You'll be responsible for building and maintaining systems that rely on Python, Spark, TensorFlow, Computer Vision, Git, Docker, and Deep Learning. This is a great opportunity for someone who enjoys solving complex problems and working with a talented, supportive team. Ideal for candidates with 4-6 years of industry experience."
964,Senior ML Engineer,Rustic Agritech,"Los Angeles, CA",2026-06-18,ML Engineer,202000,"Rustic Agritech seeks an experienced Senior ML Engineer to support our expanding analytics function. Day-to-day responsibilities include working with PyTorch, Machine Learning, Docker, Deep Learning, Kubernetes, and Azure to build scalable, production-grade systems. We value curiosity, ownership, and clear communication. Minimum of 2 years in a similar role."
1533,Cloud Data Engineer,Kestrel Media Group,Singapore,2026-06-18,Data Engineer,126000,"Kestrel Media Group is hiring a Cloud Data Engineer to help scale our data capabilities. In this role you'll design, build, and maintain solutions using Spark, Hadoop, SQL, and Google Cloud Platform. We're looking for someone with strong problem-solving skills, excellent communication, and a passion for data-driven decision making. Ideal for candidates with 4-6 years of industry experience."
397,Data Analyst,Marlin Shipping,"Boston, MA",2026-06-19,Data Analyst,84500,"Marlin Shipping is hiring a Data Analyst to help scale our data capabilities. In this role you'll design, build, and maintain solutions using Tableau, Statistics, Excel, MongoDB, SQL, Data warehousing, and Power BI. We're looking for someone with strong problem-solving skills, excellent communication, and a passion for data-driven decision making. Minimum of 2 years in a similar role."
432,Data Scientist II,Vantage Point Retail,"Boston, MA",2026-06-19,Data Scientist,166500,"Vantage Point Retail is hiring a Data Scientist II to help scale our data capabilities. In this role you'll design, build, and maintain solutions using Python, PyTorch, A/B testing, R, Deep Learning, and TensorFlow. We're looking for someone with strong problem-solving skills, excellent communication, and a passion for data-driven decision making. Minimum of 2 years in a similar role."
567,Business Data Analyst,Clearwater Consulting,"Delhi, India",2026-06-19,Data Analyst,34500,"We are looking for a Business Data Analyst to join our growing team at Clearwater Consulting. You will work closely with cross-functional stakeholders to turn data into actionable insight. Key requirements include hands-on experience with Power BI, SQL, MongoDB, Data warehousing, ETL, Git, and Excel. The ideal candidate is comfortable working in a fast-paced, collaborative environment and has a strong track record of delivering measurable business impact. Minimum of 2 years in a similar role."
1107,Data Scientist II,Anchor Payments,Remote,2026-06-19,Data Scientist,156000,"We are looking for a Data Scientist II to join our growing team at Anchor Payments. You will work closely with cross-functional stakeholders to turn data into actionable insight. Key requirements include hands-on experience with Python, Statistics, SQL, NLP, and A/B testing. The ideal candidate is comfortable working in a fast-paced, collaborative environment and has a strong track record of delivering measurable business impact. 5+ years of professional experience required."
1785,Senior Data Scientist,Falcon FinTech,"Hyderabad, India",2026-06-19,Data Scientist,45500,"As a Senior Data Scientist at Falcon FinTech, you will partner with engineering and product teams to deliver high-quality, reliable solutions. Required skills: SQL, TensorFlow, AWS, Scikit-learn, and A/B testing. Bonus points if you have experience mentoring junior team members and contributing to a strong engineering culture. Minimum of 2 years in a similar role."
1909,BI Analyst,Quicksilver Payments,"Denver, CO",2026-06-19,Data Analyst,71500,"Join Quicksilver Payments as a BI Analyst! You'll be responsible for building and maintaining systems that rely on Power BI, Excel, Python, and Looker. This is a great opportunity for someone who enjoys solving complex problems and working with a talented, supportive team. 3+ years of relevant experience preferred."
1911,Data Scientist,Juniper Cybersecurity,Remote,2026-06-19,Data Scientist,115000,"We are looking for a Data Scientist to join our growing team at Juniper Cybersecurity. You will work closely with cross-functional stakeholders to turn data into actionable insight. Key requirements include hands-on experience with PyTorch, Machine Learning, Scikit-learn, R, TensorFlow, and Deep Learning. The ideal candidate is comfortable working in a fast-paced, collaborative environment and has a strong track record of delivering measurable business impact. 3+ years of relevant experience preferred."
103,Full Stack Developer,Vertex Insight Labs,Remote,2026-06-20,Software Engineer,95000,"Join Vertex Insight Labs as a Full Stack Developer! You'll be responsible for building and maintaining systems that rely on Agile, SQL, Docker, Git, Java, Linux, and JavaScript. This is a great opportunity for someone who enjoys solving complex problems and working with a talented, supportive team. Ideal for candidates with 4-6 years of industry experience."
507,Applied ML Engineer,Harbor Robotics,"Washington, DC",2026-06-20,ML Engineer,180000,"We are looking for a Applied ML Engineer to join our growing team at Harbor Robotics. You will work closely with cross-functional stakeholders to turn data into actionable insight. Key requirements include hands-on experience with Machine Learning, AWS, TensorFlow, Computer Vision, Docker, PyTorch, and Scikit-learn. The ideal candidate is comfortable working in a fast-paced, collaborative environment and has a strong track record of delivering measurable business impact. Ideal for candidates with 4-6 years of industry experience."
879,Data Engineer,Delta Freight Systems,"Seattle, WA",2026-06-20,Data Engineer,118500,"Join Delta Freight Systems as a Data Engineer! You'll be responsible for building and maintaining systems that rely on Azure, dbt, SQL, and Airflow. This is a great opportunity for someone who enjoys solving complex problems and working with a talented, supportive team. 5+ years of professional experience required."
969,Marketing Data Analyst,Cortex Systems,Remote,2026-06-20,Data Analyst,90000,"Cortex Systems seeks an experienced Marketing Data Analyst to support our expanding analytics function. Day-to-day responsibilities include working with A/B testing, Power BI, Python, Statistics, Excel, SQL, and Tableau to build scalable, production-grade systems. We value curiosity, ownership, and clear communication. 5+ years of professional experience required."
117,Data Engineer,Junction Mobility,"Seattle, WA",2026-06-21,Data Engineer,154500,"Join Junction Mobility as a Data Engineer! You'll be responsible for building and maintaining systems that rely on Hadoop, Google Cloud Platform, AWS, Python, Spark, SQL, and Azure. This is a great opportunity for someone who enjoys solving complex problems and working with a talented, supportive team. 3+ years of relevant experience preferred."
150,Data Analyst,Ironclad Security,Remote,2026-06-21,Data Analyst,76500,"Ironclad Security is hiring a Data Analyst to help scale our data capabilities. In this role you'll design, build, and maintain solutions using Data warehousing, Git, A/B testing, and SQL. We're looking for someone with strong problem-solving skills, excellent communication, and a passion for data-driven decision making. Ideal for candidates with 4-6 years of industry experience."
417,Machine Learning Engineer,Echo Streaming,"Mumbai, India",2026-06-21,ML Engineer,55000,"Join Echo Streaming as a Machine Learning Engineer! You'll be responsible for building and maintaining systems that rely on Airflow, Kubernetes, TensorFlow, Machine Learning, and PyTorch. This is a great opportunity for someone who enjoys solving complex problems and working with a talented, supportive team. 3+ years of relevant experience preferred."
521,BI Analyst,Bluepeak Technologies,"New York, NY",2026-06-21,Data Analyst,82000,"Bluepeak Technologies seeks an experienced BI Analyst to support our expanding analytics function. Day-to-day responsibilities include working with Python, Tableau, SQL, Power BI, ETL, Statistics, and Excel to build scalable, production-grade systems. We value curiosity, ownership, and clear communication. Minimum of 2 years in a similar role."
558,Software Development Engineer,Ivory Real Estate Tech,"Boston, MA",2026-06-21,Software Engineer,157500,"Join Ivory Real Estate Tech as a Software Development Engineer! You'll be responsible for building and maintaining systems that rely on Java, JavaScript, SQL, Python, Docker, and NoSQL. This is a great opportunity for someone who enjoys solving complex problems and working with a talented, supportive team. Minimum of 2 years in a similar role."
84,Research Data Scientist,Gridline Utilities,Remote,2026-06-22,Data Scientist,108000,"As a Research Data Scientist at Gridline Utilities, you will partner with engineering and product teams to deliver high-quality, reliable solutions. Required skills: Deep Learning, PyTorch, Statistics, Python, and SQL. Bonus points if you have experience mentoring junior team members and contributing to a strong engineering culture. 3+ years of relevant experience preferred."
121,Reporting Analyst,Redwood Bank,"San Francisco, CA",2026-06-22,Data Analyst,140000,"We are looking for a Reporting Analyst to join our growing team at Redwood Bank. You will work closely with cross-functional stakeholders to turn data into actionable insight. Key requirements include hands-on experience with SQL, Python, Excel, Power BI, A/B testing, Statistics, and R. The ideal candidate is comfortable working in a fast-paced, collaborative environment and has a strong track record of delivering measurable business impact. Entry-level candidates with strong internship experience are encouraged to apply."
145,Big Data Engineer,Pathfinder Travel Tech,Singapore,2026-06-22,Data Engineer,107500,"We are looking for a Big Data Engineer to join our growing team at Pathfinder Travel Tech. You will work closely with cross-functional stakeholders to turn data into actionable insight. Key requirements include hands-on experience with Redshift, Hadoop, Data warehousing, BigQuery, AWS, Snowflake, and Python. The ideal candidate is comfortable working in a fast-paced, collaborative environment and has a strong track record of delivering measurable business impact. Entry-level candidates with strong internship experience are encouraged to apply."
524,Software Development Engineer,Hilltop Ventures,"San Francisco, CA",2026-06-22,Software Engineer,209500,"Hilltop Ventures seeks an experienced Software Development Engineer to support our expanding analytics function. Day-to-day responsibilities include working with Java, Kubernetes, Git, and AWS to build scalable, production-grade systems. We value curiosity, ownership, and clear communication. Entry-level candidates with strong internship experience are encouraged to apply."
1048,Software Engineer,Rustic Agritech,"Bengaluru, India",2026-06-22,Software Engineer,45000,"Rustic Agritech is hiring a Software Engineer to help scale our data capabilities. In this role you'll design, build, and maintain solutions using Java, Python, MongoDB, Git, SQL, Linux, and JavaScript. We're looking for someone with strong problem-solving skills, excellent communication, and a passion for data-driven decision making. Entry-level candidates with strong internship experience are encouraged to apply."
305,Big Data Engineer,Orbit Financial Services,"Chicago, IL",2026-06-23,Data Engineer,124000,"Orbit Financial Services seeks an experienced Big Data Engineer to support our expanding analytics function. Day-to-day responsibilities include working with ETL, Spark, Azure, and Python to build scalable, production-grade systems. We value curiosity, ownership, and clear communication. Ideal for candidates with 4-6 years of industry experience."
947,Senior Data Scientist,Vertex Insight Labs,"Los Angeles, CA",2026-06-23,Data Scientist,140000,"We are looking for a Senior Data Scientist to join our growing team at Vertex Insight Labs. You will work closely with cross-functional stakeholders to turn data into actionable insight. Key requirements include hands-on experience with Tableau, AWS, Machine Learning, and Computer Vision. The ideal candidate is comfortable working in a fast-paced, collaborative environment and has a strong track record of delivering measurable business impact. Minimum of 2 years in a similar role."
1054,Business Data Analyst,Meridian Health Analytics,"New York, NY",2026-06-23,Data Analyst,95500,"Meridian Health Analytics is hiring a Business Data Analyst to help scale our data capabilities. In this role you'll design, build, and maintain solutions using Power BI, Statistics, Excel, and SQL. We're looking for someone with strong problem-solving skills, excellent communication, and a passion for data-driven decision making. 3+ years of relevant experience preferred."
1638,Senior Software Engineer,Harbor Robotics,"San Francisco, CA",2026-06-23,Software Engineer,141500,"Harbor Robotics seeks an experienced Senior Software Engineer to support our expanding analytics function. Day-to-day responsibilities include working with Git, Docker, JavaScript, Python, REST API, and C++ to build scalable, production-grade systems. We value curiosity, ownership, and clear communication. Minimum of 2 years in a similar role."
1835,Full Stack Developer,Willow Health Systems,"Seattle, WA",2026-06-23,Software Engineer,113000,"We are looking for a Full Stack Developer to join our growing team at Willow Health Systems. You will work closely with cross-functional stakeholders to turn data into actionable insight. Key requirements include hands-on experience with Kubernetes, JavaScript, PostgreSQL, Java, Agile, Python, and SQL. The ideal candidate is comfortable working in a fast-paced, collaborative environment and has a strong track record of delivering measurable business impact. 3+ years of relevant experience preferred."
158,Research Data Scientist,Evergreen Logistics,"Berlin, Germany",2026-06-24,Data Scientist,105500,"Evergreen Logistics is hiring a Research Data Scientist to help scale our data capabilities. In this role you'll design, build, and maintain solutions using Python, TensorFlow, Statistics, and Machine Learning. We're looking for someone with strong problem-solving skills, excellent communication, and a passion for data-driven decision making. 3+ years of relevant experience preferred."
179,Research Data Scientist,Quantum Retail Group,"Denver, CO",2026-06-24,Data Scientist,144000,"Join Quantum Retail Group as a Research Data Scientist! You'll be responsible for building and maintaining systems that rely on Scikit-learn, TensorFlow, Machine Learning, Python, Statistics, and NLP. This is a great opportunity for someone who enjoys solving complex problems and working with a talented, supportive team. Minimum of 2 years in a similar role."
527,Data Analyst,Keystone Auto Group,"San Francisco, CA",2026-06-24,Data Analyst,81500,"Keystone Auto Group is hiring a Data Analyst to help scale our data capabilities. In this role you'll design, build, and maintain solutions using Python, R, MongoDB, Tableau, SQL, Power BI, and A/B testing. We're looking for someone with strong problem-solving skills, excellent communication, and a passion for data-driven decision making. 3+ years of relevant experience preferred."
1194,Applied Data Scientist,Redwood Bank,"Atlanta, GA",2026-06-24,Data Scientist,125500,"Join Redwood Bank as a Applied Data Scientist! You'll be responsible for building and maintaining systems that rely on Machine Learning, PyTorch, SQL, Statistics, and Scikit-learn. This is a great opportunity for someone who enjoys solving complex problems and working with a talented, supportive team. Minimum of 2 years in a similar role."
1499,BI Analyst,DataForge Inc,"Pune, India",2026-06-24,Data Analyst,29500,"We are looking for a BI Analyst to join our growing team at DataForge Inc. You will work closely with cross-functional stakeholders to turn data into actionable insight. Key requirements include hands-on experience with MongoDB, Git, Power BI, Excel, and Data warehousing. The ideal candidate is comfortable working in a fast-paced, collaborative environment and has a strong track record of delivering measurable business impact. 3+ years of relevant experience preferred."
52,Applied Data Scientist,Riverstone Tech,"Berlin, Germany",2026-06-25,Data Scientist,108000,"We are looking for a Applied Data Scientist to join our growing team at Riverstone Tech. You will work closely with cross-functional stakeholders to turn data into actionable insight. Key requirements include hands-on experience with Statistics, NLP, SQL, Spark, R, PyTorch, and TensorFlow. The ideal candidate is comfortable working in a fast-paced, collaborative environment and has a strong track record of delivering measurable business impact. Minimum of 2 years in a similar role."
1615,AI Engineer,Fenwick Pharma,"Hyderabad, India",2026-06-25,ML Engineer,66000,"We are looking for a AI Engineer to join our growing team at Fenwick Pharma. You will work closely with cross-functional stakeholders to turn data into actionable insight. Key requirements include hands-on experience with Scikit-learn, TensorFlow, Deep Learning, and Computer Vision. The ideal candidate is comfortable working in a fast-paced, collaborative environment and has a strong track record of delivering measurable business impact. 5+ years of professional experience required."
44,Business Data Analyst,Evergreen Logistics,"San Francisco, CA",2026-06-26,Data Analyst,97000,"As a Business Data Analyst at Evergreen Logistics, you will partner with engineering and product teams to deliver high-quality, reliable solutions. Required skills: Power BI, A/B testing, SQL, Excel, and ETL. Bonus points if you have experience mentoring junior team members and contributing to a strong engineering culture. 5+ years of professional experience required."
88,Machine Learning Engineer,Redwood Bank,"Toronto, Canada",2026-06-26,ML Engineer,120000,"As a Machine Learning Engineer at Redwood Bank, you will partner with engineering and product teams to deliver high-quality, reliable solutions. Required skills: Deep Learning, Git, Kubernetes, TensorFlow, Scikit-learn, Machine Learning, and PyTorch. Bonus points if you have experience mentoring junior team members and contributing to a strong engineering culture. Minimum of 2 years in a similar role."
647,Senior Data Scientist,Hilltop Ventures,"Denver, CO",2026-06-26,Data Scientist,156000,"We are looking for a Senior Data Scientist to join our growing team at Hilltop Ventures. You will work closely with cross-functional stakeholders to turn data into actionable insight. Key requirements include hands-on experience with Python, Deep Learning, Machine Learning, and R. The ideal candidate is comfortable working in a fast-paced, collaborative environment and has a strong track record of delivering measurable business impact. Minimum of 2 years in a similar role."
695,Deep Learning Engineer,Orbit Financial Services,"Mumbai, India",2026-06-26,ML Engineer,74000,"Orbit Financial Services seeks an experienced Deep Learning Engineer to support our expanding analytics function. Day-to-day responsibilities include working with TensorFlow, Docker, Scikit-learn, NLP, and Computer Vision to build scalable, production-grade systems. We value curiosity, ownership, and clear communication. Entry-level candidates with strong internship experience are encouraged to apply."
855,Senior Software Engineer,Pixel & Co,"Hyderabad, India",2026-06-26,Software Engineer,46000,"As a Senior Software Engineer at Pixel & Co, you will partner with engineering and product teams to deliver high-quality, reliable solutions. Required skills: REST API, Python, Git, JavaScript, Docker, AWS, and Agile. Bonus points if you have experience mentoring junior team members and contributing to a strong engineering culture. 3+ years of relevant experience preferred."
1274,Software Development Engineer,Gridline Utilities,"Hyderabad, India",2026-06-26,Software Engineer,41500,"We are looking for a Software Development Engineer to join our growing team at Gridline Utilities. You will work closely with cross-functional stakeholders to turn data into actionable insight. Key requirements include hands-on experience with Java, Python, JavaScript, REST API, AWS, Agile, and C++. The ideal candidate is comfortable working in a fast-paced, collaborative environment and has a strong track record of delivering measurable business impact. Ideal for candidates with 4-6 years of industry experience."
1349,Research Data Scientist,Onyx Manufacturing,"San Francisco, CA",2026-06-26,Data Scientist,135000,"Join Onyx Manufacturing as a Research Data Scientist! You'll be responsible for building and maintaining systems that rely on Python, Computer Vision, PyTorch, AWS, and Machine Learning. This is a great opportunity for someone who enjoys solving complex problems and working with a talented, supportive team. 3+ years of relevant experience preferred."
1403,Business Data Analyst,Harbor Robotics,"Austin, TX",2026-06-26,Data Analyst,85500,"Harbor Robotics is hiring a Business Data Analyst to help scale our data capabilities. In this role you'll design, build, and maintain solutions using Python, Power BI, SQL, and A/B testing. We're looking for someone with strong problem-solving skills, excellent communication, and a passion for data-driven decision making. Ideal for candidates with 4-6 years of industry experience."
1728,Senior Data Scientist,Prism Media Analytics,"Mumbai, India",2026-06-26,Data Scientist,56500,"We are looking for a Senior Data Scientist to join our growing team at Prism Media Analytics. You will work closely with cross-functional stakeholders to turn data into actionable insight. Key requirements include hands-on experience with Spark, Machine Learning, R, TensorFlow, Computer Vision, NLP, and SQL. The ideal candidate is comfortable working in a fast-paced, collaborative environment and has a strong track record of delivering measurable business impact. 5+ years of professional experience required."
221,Senior ML Engineer,Opaline Cosmetics Analytics,"Pune, India",2026-06-27,ML Engineer,39500,"Opaline Cosmetics Analytics is hiring a Senior ML Engineer to help scale our data capabilities. In this role you'll design, build, and maintain solutions using Docker, Spark, Computer Vision, Git, TensorFlow, and AWS. We're looking for someone with strong problem-solving skills, excellent communication, and a passion for data-driven decision making. 3+ years of relevant experience preferred."
553,Backend Engineer,Opaline Cosmetics Analytics,"Toronto, Canada",2026-06-27,Software Engineer,75500,"Join Opaline Cosmetics Analytics as a Backend Engineer! You'll be responsible for building and maintaining systems that rely on SQL, Docker, Python, JavaScript, Java, C++, and Agile. This is a great opportunity for someone who enjoys solving complex problems and working with a talented, supportive team. Ideal for candidates with 4-6 years of industry experience."
1191,Cloud Data Engineer,Ironclad Security,"San Francisco, CA",2026-06-27,Data Engineer,159000,"We are looking for a Cloud Data Engineer to join our growing team at Ironclad Security. You will work closely with cross-functional stakeholders to turn data into actionable insight. Key requirements include hands-on experience with Docker, Kafka, SQL, Hadoop, and Snowflake. The ideal candidate is comfortable working in a fast-paced, collaborative environment and has a strong track record of delivering measurable business impact. Ideal for candidates with 4-6 years of industry experience."
1419,Lead Data Scientist,Delta Freight Systems,"New York, NY",2026-06-27,Data Scientist,191000,"Delta Freight Systems seeks an experienced Lead Data Scientist to support our expanding analytics function. Day-to-day responsibilities include working with Python, Statistics, Machine Learning, NLP, Computer Vision, and Power BI to build scalable, production-grade systems. We value curiosity, ownership, and clear communication. Entry-level candidates with strong internship experience are encouraged to apply."
1928,Data Engineer,Zenith Aerospace,"New York, NY",2026-06-27,Data Engineer,192500,"Join Zenith Aerospace as a Data Engineer! You'll be responsible for building and maintaining systems that rely on dbt, Kafka, BigQuery, Data warehousing, Docker, and Snowflake. This is a great opportunity for someone who enjoys solving complex problems and working with a talented, supportive team. Minimum of 2 years in a similar role."
1952,AI Engineer,Cortex Systems,"San Francisco, CA",2026-06-27,ML Engineer,201000,"We are looking for a AI Engineer to join our growing team at Cortex Systems. You will work closely with cross-functional stakeholders to turn data into actionable insight. Key requirements include hands-on experience with Machine Learning, Python, Kubernetes, Spark, and PyTorch. The ideal candidate is comfortable working in a fast-paced, collaborative environment and has a strong track record of delivering measurable business impact. Minimum of 2 years in a similar role."
380,ETL Developer,Pixel & Co,Remote,2026-06-28,Data Engineer,127500,"As a ETL Developer at Pixel & Co, you will partner with engineering and product teams to deliver high-quality, reliable solutions. Required skills: Spark, Airflow, Redshift, Kafka, and ETL. Bonus points if you have experience mentoring junior team members and contributing to a strong engineering culture. 3+ years of relevant experience preferred."
398,Business Data Analyst,Onyx Manufacturing,"San Francisco, CA",2026-06-28,Data Analyst,104000,"As a Business Data Analyst at Onyx Manufacturing, you will partner with engineering and product teams to deliver high-quality, reliable solutions. Required skills: Excel, Tableau, SQL, and MongoDB. Bonus points if you have experience mentoring junior team members and contributing to a strong engineering culture. 5+ years of professional experience required."
1212,Software Development Engineer,Keystone Auto Group,"Delhi, India",2026-06-28,Software Engineer,43500,"As a Software Development Engineer at Keystone Auto Group, you will partner with engineering and product teams to deliver high-quality, reliable solutions. Required skills: PostgreSQL, Kubernetes, Git, REST API, Docker, JavaScript, and Java. Bonus points if you have experience mentoring junior team members and contributing to a strong engineering culture. Minimum of 2 years in a similar role."
1801,AI Engineer,Rustic Agritech,"Bengaluru, India",2026-06-28,ML Engineer,70500,"Join Rustic Agritech as a AI Engineer! You'll be responsible for building and maintaining systems that rely on Docker, PyTorch, Scikit-learn, Python, AWS, and Kubernetes. This is a great opportunity for someone who enjoys solving complex problems and working with a talented, supportive team. Entry-level candidates with strong internship experience are encouraged to apply."
8,Applied Data Scientist,Vertex Insight Labs,Singapore,2026-06-29,Data Scientist,88500,"As a Applied Data Scientist at Vertex Insight Labs, you will partner with engineering and product teams to deliver high-quality, reliable solutions. Required skills: SQL, R, Statistics, Deep Learning, Machine Learning, NLP, and Python. Bonus points if you have experience mentoring junior team members and contributing to a strong engineering culture. Minimum of 2 years in a similar role."
280,Senior Data Analyst,Kestrel Media Group,"Delhi, India",2026-06-29,Data Analyst,36500,"We are looking for a Senior Data Analyst to join our growing team at Kestrel Media Group. You will work closely with cross-functional stakeholders to turn data into actionable insight. Key requirements include hands-on experience with Data warehousing, Excel, SQL, Looker, and Power BI. The ideal candidate is comfortable working in a fast-paced, collaborative environment and has a strong track record of delivering measurable business impact. Ideal for candidates with 4-6 years of industry experience."
482,Software Engineer,Skyline Software,"Bengaluru, India",2026-06-29,Software Engineer,45000,"Join Skyline Software as a Software Engineer! You'll be responsible for building and maintaining systems that rely on Linux, NoSQL, Python, PostgreSQL, REST API, and Git. This is a great opportunity for someone who enjoys solving complex problems and working with a talented, supportive team. 5+ years of professional experience required."
1370,Data Scientist II,Juniper Cybersecurity,Remote,2026-06-29,Data Scientist,107000,"We are looking for a Data Scientist II to join our growing team at Juniper Cybersecurity. You will work closely with cross-functional stakeholders to turn data into actionable insight. Key requirements include hands-on experience with Statistics, SQL, Scikit-learn, Python, and NLP. The ideal candidate is comfortable working in a fast-paced, collaborative environment and has a strong track record of delivering measurable business impact. Ideal for candidates with 4-6 years of industry experience."
1836,Analytics Engineer,Prism Media Analytics,Remote,2026-06-29,Data Engineer,115000,"As a Analytics Engineer at Prism Media Analytics, you will partner with engineering and product teams to deliver high-quality, reliable solutions. Required skills: Airflow, Python, AWS, dbt, Redshift, and Azure. Bonus points if you have experience mentoring junior team members and contributing to a strong engineering culture. 5+ years of professional experience required."
659,Applied ML Engineer,Echo Streaming,"New York, NY",2026-06-30,ML Engineer,204500,"We are looking for a Applied ML Engineer to join our growing team at Echo Streaming. You will work closely with cross-functional stakeholders to turn data into actionable insight. Key requirements include hands-on experience with NLP, Machine Learning, Git, Scikit-learn, and AWS. The ideal candidate is comfortable working in a fast-paced, collaborative environment and has a strong track record of delivering measurable business impact. Entry-level candidates with strong internship experience are encouraged to apply."
847,Marketing Data Analyst,Northwind Digital,"New York, NY",2026-06-30,Data Analyst,109000,"Northwind Digital seeks an experienced Marketing Data Analyst to support our expanding analytics function. Day-to-day responsibilities include working with Python, Power BI, R, and Tableau to build scalable, production-grade systems. We value curiosity, ownership, and clear communication. 5+ years of professional experience required."
953,Research Data Scientist,Nimbus Analytics,Remote,2026-06-30,Data Scientist,131500,"Join Nimbus Analytics as a Research Data Scientist! You'll be responsible for building and maintaining systems that rely on Python, NLP, Deep Learning, SQL, and Machine Learning. This is a great opportunity for someone who enjoys solving complex problems and working with a talented, supportive team. Minimum of 2 years in a similar role."
1074,ETL Developer,Zenith Aerospace,"Delhi, India",2026-06-30,Data Engineer,54500,"As a ETL Developer at Zenith Aerospace, you will partner with engineering and product teams to deliver high-quality, reliable solutions. Required skills: Python, Spark, Snowflake, ETL, and AWS. Bonus points if you have experience mentoring junior team members and contributing to a strong engineering culture. 5+ years of professional experience required."
468,Deep Learning Engineer,Harbor Robotics,"Chicago, IL",2026-07-01,ML Engineer,155500,"Harbor Robotics seeks an experienced Deep Learning Engineer to support our expanding analytics function. Day-to-day responsibilities include working with Machine Learning, PyTorch, Python, and Azure to build scalable, production-grade systems. We value curiosity, ownership, and clear communication. Ideal for candidates with 4-6 years of industry experience."
1619,Research Data Scientist,Opaline Cosmetics Analytics,"Hyderabad, India",2026-07-01,Data Scientist,41500,"As a Research Data Scientist at Opaline Cosmetics Analytics, you will partner with engineering and product teams to deliver high-quality, reliable solutions. Required skills: PyTorch, AWS, Computer Vision, A/B testing, and SQL. Bonus points if you have experience mentoring junior team members and contributing to a strong engineering culture. Minimum of 2 years in a similar role."
1721,Cloud Data Engineer,Lighthouse AI,"London, UK",2026-07-01,Data Engineer,136000,"Lighthouse AI is hiring a Cloud Data Engineer to help scale our data capabilities. In this role you'll design, build, and maintain solutions using dbt, ETL, Hadoop, Spark, SQL, Redshift, and BigQuery. We're looking for someone with strong problem-solving skills, excellent communication, and a passion for data-driven decision making. 5+ years of professional experience required."
428,ML Ops Engineer,Pathfinder Travel Tech,"San Francisco, CA",2026-07-02,ML Engineer,155000,"Pathfinder Travel Tech seeks an experienced ML Ops Engineer to support our expanding analytics function. Day-to-day responsibilities include working with Python, Deep Learning, TensorFlow, Computer Vision, and Docker to build scalable, production-grade systems. We value curiosity, ownership, and clear communication. 3+ years of relevant experience preferred."
721,Data Scientist II,Marlin Shipping,"Mumbai, India",2026-07-02,Data Scientist,59500,"We are looking for a Data Scientist II to join our growing team at Marlin Shipping. You will work closely with cross-functional stakeholders to turn data into actionable insight. Key requirements include hands-on experience with A/B testing, Machine Learning, Python, NLP, Deep Learning, and Computer Vision. The ideal candidate is comfortable working in a fast-paced, collaborative environment and has a strong track record of delivering measurable business impact. Ideal for candidates with 4-6 years of industry experience."
1143,Marketing Data Analyst,Gridline Utilities,"Hyderabad, India",2026-07-02,Data Analyst,30000,"Join Gridline Utilities as a Marketing Data Analyst! You'll be responsible for building and maintaining systems that rely on SQL, Tableau, R, Python, Excel, A/B testing, and ETL. This is a great opportunity for someone who enjoys solving complex problems and working with a talented, supportive team. 3+ years of relevant experience preferred."
1291,Platform Engineer,Willow Health Systems,"Chicago, IL",2026-07-02,Software Engineer,131500,"Willow Health Systems seeks an experienced Platform Engineer to support our expanding analytics function. Day-to-day responsibilities include working with Python, JavaScript, AWS, C++, and SQL to build scalable, production-grade systems. We value curiosity, ownership, and clear communication. Minimum of 2 years in a similar role."
2,Reporting Analyst,Sable Energy,"New York, NY",2026-07-03,Data Analyst,113500,"Sable Energy is hiring a Reporting Analyst to help scale our data capabilities. In this role you'll design, build, and maintain solutions using A/B testing, SQL, Git, R, and Excel. We're looking for someone with strong problem-solving skills, excellent communication, and a passion for data-driven decision making. Ideal for candidates with 4-6 years of industry experience."
5,Senior Data Scientist,Quicksilver Payments,"Boston, MA",2026-07-03,Data Scientist,169500,"We are looking for a Senior Data Scientist to join our growing team at Quicksilver Payments. You will work closely with cross-functional stakeholders to turn data into actionable insight. Key requirements include hands-on experience with AWS, NLP, SQL, Python, TensorFlow, Statistics, and Deep Learning. The ideal candidate is comfortable working in a fast-paced, collaborative environment and has a strong track record of delivering measurable business impact. 5+ years of professional experience required."
32,BI Analyst,Coral Reef Gaming,"Toronto, Canada",2026-07-03,Data Analyst,75500,"Coral Reef Gaming is hiring a BI Analyst to help scale our data capabilities. In this role you'll design, build, and maintain solutions using Git, R, Excel, Power BI, and Data warehousing. We're looking for someone with strong problem-solving skills, excellent communication, and a passion for data-driven decision making. Minimum of 2 years in a similar role."
168,Data Engineer,Vertex Insight Labs,"Toronto, Canada",2026-07-03,Data Engineer,120000,"We are looking for a Data Engineer to join our growing team at Vertex Insight Labs. You will work closely with cross-functional stakeholders to turn data into actionable insight. Key requirements include hands-on experience with Google Cloud Platform, NoSQL, Redshift, Python, BigQuery, SQL, and Airflow. The ideal candidate is comfortable working in a fast-paced, collaborative environment and has a strong track record of delivering measurable business impact. 5+ years of professional experience required."
389,Big Data Engineer,Fenwick Pharma,"New York, NY",2026-07-03,Data Engineer,136000,"As a Big Data Engineer at Fenwick Pharma, you will partner with engineering and product teams to deliver high-quality, reliable solutions. Required skills: Spark, ETL, Docker, Hadoop, Python, BigQuery, and Google Cloud Platform. Bonus points if you have experience mentoring junior team members and contributing to a strong engineering culture. 3+ years of relevant experience preferred."
143,Reporting Analyst,Nova Insurance,"Delhi, India",2026-07-04,Data Analyst,20000,"As a Reporting Analyst at Nova Insurance, you will partner with engineering and product teams to deliver high-quality, reliable solutions. Required skills: Power BI, Excel, A/B testing, Tableau, SQL, and Data warehousing. Bonus points if you have experience mentoring junior team members and contributing to a strong engineering culture. Minimum of 2 years in a similar role."
433,ML Ops Engineer,Evergreen Logistics,Singapore,2026-07-04,ML Engineer,120500,"As a ML Ops Engineer at Evergreen Logistics, you will partner with engineering and product teams to deliver high-quality, reliable solutions. Required skills: NLP, Kubernetes, Airflow, Scikit-learn, and PyTorch. Bonus points if you have experience mentoring junior team members and contributing to a strong engineering culture. Ideal for candidates with 4-6 years of industry experience."
816,ML Ops Engineer,Juniper Cybersecurity,"Pune, India",2026-07-04,ML Engineer,60500,"Juniper Cybersecurity is hiring a ML Ops Engineer to help scale our data capabilities. In this role you'll design, build, and maintain solutions using Machine Learning, Docker, NLP, Deep Learning, and PyTorch. We're looking for someone with strong problem-solving skills, excellent communication, and a passion for data-driven decision making. Ideal for candidates with 4-6 years of industry experience."
1199,Analytics Engineer,Echo Streaming,"New York, NY",2026-07-04,Data Engineer,169500,"Echo Streaming seeks an experienced Analytics Engineer to support our expanding analytics function. Day-to-day responsibilities include working with Spark, ETL, BigQuery, AWS, Hadoop, and Kafka to build scalable, production-grade systems. We value curiosity, ownership, and clear communication. 5+ years of professional experience required."
1316,ML Ops Engineer,Rustic Agritech,"Boston, MA",2026-07-04,ML Engineer,151000,"We are looking for a ML Ops Engineer to join our growing team at Rustic Agritech. You will work closely with cross-functional stakeholders to turn data into actionable insight. Key requirements include hands-on experience with Docker, PyTorch, Airflow, and Python. The ideal candidate is comfortable working in a fast-paced, collaborative environment and has a strong track record of delivering measurable business impact. Entry-level candidates with strong internship experience are encouraged to apply."
1680,Marketing Data Analyst,Granite Data Partners,Remote,2026-07-04,Data Analyst,75500,"Granite Data Partners is hiring a Marketing Data Analyst to help scale our data capabilities. In this role you'll design, build, and maintain solutions using Tableau, Google Cloud Platform, Power BI, Git, and Python. We're looking for someone with strong problem-solving skills, excellent communication, and a passion for data-driven decision making. Entry-level candidates with strong internship experience are encouraged to apply."
1699,Senior Software Engineer,Vertex Insight Labs,"San Francisco, CA",2026-07-04,Software Engineer,161500,"We are looking for a Senior Software Engineer to join our growing team at Vertex Insight Labs. You will work closely with cross-functional stakeholders to turn data into actionable insight. Key requirements include hands-on experience with SQL, Linux, MongoDB, Docker, and C++. The ideal candidate is comfortable working in a fast-paced, collaborative environment and has a strong track record of delivering measurable business impact. Entry-level candidates with strong internship experience are encouraged to apply."
1707,Platform Engineer,Pathfinder Travel Tech,"Berlin, Germany",2026-07-04,Software Engineer,94500,"As a Platform Engineer at Pathfinder Travel Tech, you will partner with engineering and product teams to deliver high-quality, reliable solutions. Required skills: AWS, Kubernetes, Docker, PostgreSQL, and Java. Bonus points if you have experience mentoring junior team members and contributing to a strong engineering culture. Entry-level candidates with strong internship experience are encouraged to apply."
1969,Data Analyst,DataForge Inc,"Boston, MA",2026-07-04,Data Analyst,81500,"As a Data Analyst at DataForge Inc, you will partner with engineering and product teams to deliver high-quality, reliable solutions. Required skills: Excel, Python, Power BI, Git, Tableau, and Statistics. Bonus points if you have experience mentoring junior team members and contributing to a strong engineering culture. Entry-level candidates with strong internship experience are encouraged to apply."
282,AI Engineer,Juniper Cybersecurity,"New York, NY",2026-07-05,ML Engineer,203000,"Join Juniper Cybersecurity as a AI Engineer! You'll be responsible for building and maintaining systems that rely on Computer Vision, Kubernetes, Docker, PyTorch, and TensorFlow. This is a great opportunity for someone who enjoys solving complex problems and working with a talented, supportive team. 3+ years of relevant experience preferred."
460,Applied Data Scientist,Junction Mobility,"Austin, TX",2026-07-05,Data Scientist,139000,"Junction Mobility seeks an experienced Applied Data Scientist to support our expanding analytics function. Day-to-day responsibilities include working with A/B testing, PyTorch, Machine Learning, Scikit-learn, SQL, and Python to build scalable, production-grade systems. We value curiosity, ownership, and clear communication. 3+ years of relevant experience preferred."
512,Backend Engineer,Zenith Aerospace,"Berlin, Germany",2026-07-05,Software Engineer,107000,"Join Zenith Aerospace as a Backend Engineer! You'll be responsible for building and maintaining systems that rely on SQL, C++, Java, Linux, and MongoDB. This is a great opportunity for someone who enjoys solving complex problems and working with a talented, supportive team. Minimum of 2 years in a similar role."
675,AI Engineer,Willow Health Systems,"Bengaluru, India",2026-07-05,ML Engineer,58000,"As a AI Engineer at Willow Health Systems, you will partner with engineering and product teams to deliver high-quality, reliable solutions. Required skills: Kubernetes, Docker, PyTorch, Computer Vision, TensorFlow, AWS, and Azure. Bonus points if you have experience mentoring junior team members and contributing to a strong engineering culture. 5+ years of professional experience required."
1875,Big Data Engineer,Granite Data Partners,"Bengaluru, India",2026-07-05,Data Engineer,40000,"Granite Data Partners is hiring a Big Data Engineer to help scale our data capabilities. In this role you'll design, build, and maintain solutions using ETL, Python, Docker, AWS, Hadoop, and Airflow. We're looking for someone with strong problem-solving skills, excellent communication, and a passion for data-driven decision making. Minimum of 2 years in a similar role."
381,Big Data Engineer,Lumina Commerce,Singapore,2026-07-06,Data Engineer,116500,"We are looking for a Big Data Engineer to join our growing team at Lumina Commerce. You will work closely with cross-functional stakeholders to turn data into actionable insight. Key requirements include hands-on experience with SQL, dbt, Spark, ETL, BigQuery, Airflow, and Snowflake. The ideal candidate is comfortable working in a fast-paced, collaborative environment and has a strong track record of delivering measurable business impact. Entry-level candidates with strong internship experience are encouraged to apply."
579,Senior Data Analyst,Nectar Foods,"Boston, MA",2026-07-06,Data Analyst,99500,"We are looking for a Senior Data Analyst to join our growing team at Nectar Foods. You will work closely with cross-functional stakeholders to turn data into actionable insight. Key requirements include hands-on experience with Tableau, Python, Statistics, and MongoDB. The ideal candidate is comfortable working in a fast-paced, collaborative environment and has a strong track record of delivering measurable business impact. Entry-level candidates with strong internship experience are encouraged to apply."
635,Lead Data Scientist,Nimbus Analytics,Remote,2026-07-06,Data Scientist,101000,"Nimbus Analytics seeks an experienced Lead Data Scientist to support our expanding analytics function. Day-to-day responsibilities include working with SQL, Computer Vision, Python, NLP, R, and Machine Learning to build scalable, production-grade systems. We value curiosity, ownership, and clear communication. 5+ years of professional experience required."
927,AI Engineer,Tundra Telecom,Singapore,2026-07-06,ML Engineer,126500,"Tundra Telecom seeks an experienced AI Engineer to support our expanding analytics function. Day-to-day responsibilities include working with Machine Learning, TensorFlow, PyTorch, Spark, and AWS to build scalable, production-grade systems. We value curiosity, ownership, and clear communication. Minimum of 2 years in a similar role."
1413,Applied Data Scientist,Delta Freight Systems,Singapore,2026-07-06,Data Scientist,97500,"We are looking for a Applied Data Scientist to join our growing team at Delta Freight Systems. You will work closely with cross-functional stakeholders to turn data into actionable insight. Key requirements include hands-on experience with SQL, Deep Learning, Machine Learning, Python, Tableau, NLP, and Spark. The ideal candidate is comfortable working in a fast-paced, collaborative environment and has a strong track record of delivering measurable business impact. Minimum of 2 years in a similar role."
1628,Senior Data Analyst,Sable Energy,"Bengaluru, India",2026-07-06,Data Analyst,26000,"As a Senior Data Analyst at Sable Energy, you will partner with engineering and product teams to deliver high-quality, reliable solutions. Required skills: SQL, Python, Looker, Excel, and R. Bonus points if you have experience mentoring junior team members and contributing to a strong engineering culture. 3+ years of relevant experience preferred."
358,Deep Learning Engineer,Coral Reef Gaming,"Hyderabad, India",2026-07-07,ML Engineer,66000,"Coral Reef Gaming is hiring a Deep Learning Engineer to help scale our data capabilities. In this role you'll design, build, and maintain solutions using PyTorch, Scikit-learn, Git, and Kubernetes. We're looking for someone with strong problem-solving skills, excellent communication, and a passion for data-driven decision making. 5+ years of professional experience required."
362,Data Engineer,Harbor Robotics,"Los Angeles, CA",2026-07-07,Data Engineer,137500,"Harbor Robotics is hiring a Data Engineer to help scale our data capabilities. In this role you'll design, build, and maintain solutions using Docker, Data warehousing, ETL, and dbt. We're looking for someone with strong problem-solving skills, excellent communication, and a passion for data-driven decision making. 5+ years of professional experience required."
733,Senior ML Engineer,Quicksilver Payments,"Delhi, India",2026-07-07,ML Engineer,57000,"We are looking for a Senior ML Engineer to join our growing team at Quicksilver Payments. You will work closely with cross-functional stakeholders to turn data into actionable insight. Key requirements include hands-on experience with Airflow, Deep Learning, TensorFlow, and Spark. The ideal candidate is comfortable working in a fast-paced, collaborative environment and has a strong track record of delivering measurable business impact. Entry-level candidates with strong internship experience are encouraged to apply."
766,BI Analyst,Tundra Telecom,"Pune, India",2026-07-07,Data Analyst,26000,"Join Tundra Telecom as a BI Analyst! You'll be responsible for building and maintaining systems that rely on Google Cloud Platform, Statistics, R, SQL, Python, Tableau, and Excel. This is a great opportunity for someone who enjoys solving complex problems and working with a talented, supportive team. Ideal for candidates with 4-6 years of industry experience."
1373,Software Development Engineer,Kestrel Media Group,Singapore,2026-07-07,Software Engineer,143000,"Kestrel Media Group is hiring a Software Development Engineer to help scale our data capabilities. In this role you'll design, build, and maintain solutions using Git, JavaScript, REST API, NoSQL, and Java. We're looking for someone with strong problem-solving skills, excellent communication, and a passion for data-driven decision making. Minimum of 2 years in a similar role."
1379,Reporting Analyst,Kestrel Media Group,"San Francisco, CA",2026-07-07,Data Analyst,122000,"Join Kestrel Media Group as a Reporting Analyst! You'll be responsible for building and maintaining systems that rely on Excel, Looker, Tableau, and Python. This is a great opportunity for someone who enjoys solving complex problems and working with a talented, supportive team. Entry-level candidates with strong internship experience are encouraged to apply."
1525,ETL Developer,Summit Cloud Solutions,"Chicago, IL",2026-07-07,Data Engineer,127000,"Join Summit Cloud Solutions as a ETL Developer! You'll be responsible for building and maintaining systems that rely on Python, AWS, Airflow, dbt, Kafka, and Azure. This is a great opportunity for someone who enjoys solving complex problems and working with a talented, supportive team. Minimum of 2 years in a similar role."
1589,Junior Data Analyst,Lattice Biotech,Remote,2026-07-07,Data Analyst,59000,"Join Lattice Biotech as a Junior Data Analyst! You'll be responsible for building and maintaining systems that rely on Power BI, Statistics, SQL, Python, and ETL. This is a great opportunity for someone who enjoys solving complex problems and working with a talented, supportive team. 5+ years of professional experience required."
377,Cloud Data Engineer,Tundra Telecom,"Washington, DC",2026-07-08,Data Engineer,117500,"Tundra Telecom is hiring a Cloud Data Engineer to help scale our data capabilities. In this role you'll design, build, and maintain solutions using Data warehousing, Python, dbt, and Snowflake. We're looking for someone with strong problem-solving skills, excellent communication, and a passion for data-driven decision making. 5+ years of professional experience required."
622,ML Ops Engineer,Rustic Agritech,"Seattle, WA",2026-07-08,ML Engineer,143000,"Join Rustic Agritech as a ML Ops Engineer! You'll be responsible for building and maintaining systems that rely on Python, Machine Learning, TensorFlow, Computer Vision, AWS, and PyTorch. This is a great opportunity for someone who enjoys solving complex problems and working with a talented, supportive team. Ideal for candidates with 4-6 years of industry experience."
1660,Senior Data Scientist,Zenith Aerospace,"Hyderabad, India",2026-07-08,Data Scientist,45500,"Zenith Aerospace seeks an experienced Senior Data Scientist to support our expanding analytics function. Day-to-day responsibilities include working with Scikit-learn, Computer Vision, Python, SQL, and Machine Learning to build scalable, production-grade systems. We value curiosity, ownership, and clear communication. Ideal for candidates with 4-6 years of industry experience."
1978,Lead Data Scientist,Junction Mobility,"Chicago, IL",2026-07-08,Data Scientist,153000,"Join Junction Mobility as a Lead Data Scientist! You'll be responsible for building and maintaining systems that rely on Scikit-learn, Python, A/B testing, R, PyTorch, and SQL. This is a great opportunity for someone who enjoys solving complex problems and working with a talented, supportive team. Minimum of 2 years in a similar role."
163,Cloud Data Engineer,Tundra Telecom,"San Francisco, CA",2026-07-09,Data Engineer,213500,"Join Tundra Telecom as a Cloud Data Engineer! You'll be responsible for building and maintaining systems that rely on Python, Snowflake, BigQuery, dbt, SQL, and Redshift. This is a great opportunity for someone who enjoys solving complex problems and working with a talented, supportive team. Entry-level candidates with strong internship experience are encouraged to apply."
1035,Software Engineer,Junction Mobility,"San Francisco, CA",2026-07-09,Software Engineer,135000,"Junction Mobility seeks an experienced Software Engineer to support our expanding analytics function. Day-to-day responsibilities include working with Agile, Git, PostgreSQL, NoSQL, Python, Java, and Kubernetes to build scalable, production-grade systems. We value curiosity, ownership, and clear communication. Minimum of 2 years in a similar role."
1139,Machine Learning Engineer,Prism Media Analytics,"Austin, TX",2026-07-09,ML Engineer,146000,"Prism Media Analytics is hiring a Machine Learning Engineer to help scale our data capabilities. In this role you'll design, build, and maintain solutions using Deep Learning, TensorFlow, Python, and PyTorch. We're looking for someone with strong problem-solving skills, excellent communication, and a passion for data-driven decision making. Minimum of 2 years in a similar role."
1567,ETL Developer,Pathfinder Travel Tech,"Hyderabad, India",2026-07-09,Data Engineer,40500,"Pathfinder Travel Tech is hiring a ETL Developer to help scale our data capabilities. In this role you'll design, build, and maintain solutions using BigQuery, SQL, Snowflake, AWS, Spark, Data warehousing, and Redshift. We're looking for someone with strong problem-solving skills, excellent communication, and a passion for data-driven decision making. 5+ years of professional experience required."
1991,Data Analyst,Nectar Foods,"San Francisco, CA",2026-07-09,Data Analyst,101000,"We are looking for a Data Analyst to join our growing team at Nectar Foods. You will work closely with cross-functional stakeholders to turn data into actionable insight. Key requirements include hands-on experience with Python, Excel, A/B testing, Data warehousing, and ETL. The ideal candidate is comfortable working in a fast-paced, collaborative environment and has a strong track record of delivering measurable business impact. 3+ years of relevant experience preferred."
21,Data Scientist,Lighthouse AI,"Dublin, Ireland",2026-07-10,Data Scientist,94500,"Lighthouse AI seeks an experienced Data Scientist to support our expanding analytics function. Day-to-day responsibilities include working with A/B testing, Deep Learning, Python, and R to build scalable, production-grade systems. We value curiosity, ownership, and clear communication. 3+ years of relevant experience preferred."
277,Machine Learning Engineer,Harbor Robotics,Remote,2026-07-10,ML Engineer,164500,"Harbor Robotics seeks an experienced Machine Learning Engineer to support our expanding analytics function. Day-to-day responsibilities include working with NLP, TensorFlow, Computer Vision, Scikit-learn, Spark, and Python to build scalable, production-grade systems. We value curiosity, ownership, and clear communication. 5+ years of professional experience required."
707,Business Data Analyst,Juniper Cybersecurity,"Bengaluru, India",2026-07-10,Data Analyst,33500,"We are looking for a Business Data Analyst to join our growing team at Juniper Cybersecurity. You will work closely with cross-functional stakeholders to turn data into actionable insight. Key requirements include hands-on experience with Statistics, Power BI, Git, Excel, Google Cloud Platform, SQL, and Looker. The ideal candidate is comfortable working in a fast-paced, collaborative environment and has a strong track record of delivering measurable business impact. 5+ years of professional experience required."
1178,Applied ML Engineer,Anchor Payments,"Bengaluru, India",2026-07-10,ML Engineer,52000,"Anchor Payments is hiring a Applied ML Engineer to help scale our data capabilities. In this role you'll design, build, and maintain solutions using Spark, Kubernetes, Python, PyTorch, Scikit-learn, and NLP. We're looking for someone with strong problem-solving skills, excellent communication, and a passion for data-driven decision making. 3+ years of relevant experience preferred."
1452,Reporting Analyst,Nectar Foods,"Bengaluru, India",2026-07-10,Data Analyst,23500,"We are looking for a Reporting Analyst to join our growing team at Nectar Foods. You will work closely with cross-functional stakeholders to turn data into actionable insight. Key requirements include hands-on experience with SQL, MongoDB, A/B testing, Excel, Python, Tableau, and Git. The ideal candidate is comfortable working in a fast-paced, collaborative environment and has a strong track record of delivering measurable business impact. Entry-level candidates with strong internship experience are encouraged to apply."
1593,Backend Engineer,Redwood Bank,"New York, NY",2026-07-10,Software Engineer,120500,"Join Redwood Bank as a Backend Engineer! You'll be responsible for building and maintaining systems that rely on Python, AWS, PostgreSQL, Agile, Linux, and Git. This is a great opportunity for someone who enjoys solving complex problems and working with a talented, supportive team. Ideal for candidates with 4-6 years of industry experience."
1743,Deep Learning Engineer,Juniper Cybersecurity,"London, UK",2026-07-10,ML Engineer,148500,"We are looking for a Deep Learning Engineer to join our growing team at Juniper Cybersecurity. You will work closely with cross-functional stakeholders to turn data into actionable insight. Key requirements include hands-on experience with Python, Computer Vision, Machine Learning, Deep Learning, Kubernetes, NLP, and TensorFlow. The ideal candidate is comfortable working in a fast-paced, collaborative environment and has a strong track record of delivering measurable business impact. Entry-level candidates with strong internship experience are encouraged to apply."
193,Data Analyst,Nova Insurance,"Toronto, Canada",2026-07-11,Data Analyst,64500,"Join Nova Insurance as a Data Analyst! You'll be responsible for building and maintaining systems that rely on Statistics, MongoDB, Python, and R. This is a great opportunity for someone who enjoys solving complex problems and working with a talented, supportive team. Ideal for candidates with 4-6 years of industry experience."
420,Data Scientist II,Opaline Cosmetics Analytics,"Boston, MA",2026-07-11,Data Scientist,169000,"We are looking for a Data Scientist II to join our growing team at Opaline Cosmetics Analytics. You will work closely with cross-functional stakeholders to turn data into actionable insight. Key requirements include hands-on experience with NLP, Scikit-learn, Machine Learning, TensorFlow, A/B testing, and PyTorch. The ideal candidate is comfortable working in a fast-paced, collaborative environment and has a strong track record of delivering measurable business impact. Ideal for candidates with 4-6 years of industry experience."
939,AI Engineer,Brightline Education,"Pune, India",2026-07-11,ML Engineer,48000,"Brightline Education is hiring a AI Engineer to help scale our data capabilities. In this role you'll design, build, and maintain solutions using PyTorch, TensorFlow, Computer Vision, Python, and Git. We're looking for someone with strong problem-solving skills, excellent communication, and a passion for data-driven decision making. 3+ years of relevant experience preferred."
984,Senior Software Engineer,Sable Energy,"Seattle, WA",2026-07-11,Software Engineer,136500,"Join Sable Energy as a Senior Software Engineer! You'll be responsible for building and maintaining systems that rely on Docker, Java, REST API, Git, Python, and JavaScript. This is a great opportunity for someone who enjoys solving complex problems and working with a talented, supportive team. 5+ years of professional experience required."
1033,Platform Engineer,Clearwater Consulting,"Los Angeles, CA",2026-07-11,Software Engineer,169500,"Clearwater Consulting seeks an experienced Platform Engineer to support our expanding analytics function. Day-to-day responsibilities include working with Python, Git, Linux, SQL, and Agile to build scalable, production-grade systems. We value curiosity, ownership, and clear communication. 3+ years of relevant experience preferred."
1046,Big Data Engineer,Echo Streaming,"New York, NY",2026-07-11,Data Engineer,158000,"Join Echo Streaming as a Big Data Engineer! You'll be responsible for building and maintaining systems that rely on Airflow, BigQuery, SQL, and ETL. This is a great opportunity for someone who enjoys solving complex problems and working with a talented, supportive team. 3+ years of relevant experience preferred."
1210,Reporting Analyst,Pathfinder Travel Tech,"Atlanta, GA",2026-07-11,Data Analyst,64000,"As a Reporting Analyst at Pathfinder Travel Tech, you will partner with engineering and product teams to deliver high-quality, reliable solutions. Required skills: Excel, A/B testing, Power BI, and SQL. Bonus points if you have experience mentoring junior team members and contributing to a strong engineering culture. Entry-level candidates with strong internship experience are encouraged to apply."
1402,Senior Data Engineer,Falcon FinTech,"San Francisco, CA",2026-07-11,Data Engineer,164000,"Join Falcon FinTech as a Senior Data Engineer! You'll be responsible for building and maintaining systems that rely on Data warehousing, SQL, AWS, Snowflake, Spark, and dbt. This is a great opportunity for someone who enjoys solving complex problems and working with a talented, supportive team. 5+ years of professional experience required."
1576,Cloud Data Engineer,Quantum Retail Group,"Pune, India",2026-07-11,Data Engineer,43500,"Join Quantum Retail Group as a Cloud Data Engineer! You'll be responsible for building and maintaining systems that rely on dbt, AWS, Snowflake, Airflow, Redshift, and ETL. This is a great opportunity for someone who enjoys solving complex problems and working with a talented, supportive team. Entry-level candidates with strong internship experience are encouraged to apply."
1598,Reporting Analyst,Lighthouse AI,"Denver, CO",2026-07-11,Data Analyst,85000,"We are looking for a Reporting Analyst to join our growing team at Lighthouse AI. You will work closely with cross-functional stakeholders to turn data into actionable insight. Key requirements include hands-on experience with Tableau, Python, Excel, Statistics, Git, SQL, and Data warehousing. The ideal candidate is comfortable working in a fast-paced, collaborative environment and has a strong track record of delivering measurable business impact. Ideal for candidates with 4-6 years of industry experience."
31,Applied Data Scientist,Vantage Point Retail,"Seattle, WA",2026-07-12,Data Scientist,153000,"Join Vantage Point Retail as a Applied Data Scientist! You'll be responsible for building and maintaining systems that rely on Scikit-learn, Machine Learning, PyTorch, SQL, Python, A/B testing, and Tableau. This is a great opportunity for someone who enjoys solving complex problems and working with a talented, supportive team. 3+ years of relevant experience preferred."
438,Reporting Analyst,Fenwick Pharma,"Seattle, WA",2026-07-12,Data Analyst,86500,"We are looking for a Reporting Analyst to join our growing team at Fenwick Pharma. You will work closely with cross-functional stakeholders to turn data into actionable insight. Key requirements include hands-on experience with Statistics, Python, Excel, and Tableau. The ideal candidate is comfortable working in a fast-paced, collaborative environment and has a strong track record of delivering measurable business impact. Entry-level candidates with strong internship experience are encouraged to apply."
465,Senior ML Engineer,Onyx Manufacturing,"Austin, TX",2026-07-12,ML Engineer,133500,"As a Senior ML Engineer at Onyx Manufacturing, you will partner with engineering and product teams to deliver high-quality, reliable solutions. Required skills: Machine Learning, Python, Deep Learning, and AWS. Bonus points if you have experience mentoring junior team members and contributing to a strong engineering culture. Ideal for candidates with 4-6 years of industry experience."
851,AI Engineer,Vantage Point Retail,"Pune, India",2026-07-12,ML Engineer,41000,"As a AI Engineer at Vantage Point Retail, you will partner with engineering and product teams to deliver high-quality, reliable solutions. Required skills: Machine Learning, Spark, Deep Learning, Kubernetes, PyTorch, Scikit-learn, and AWS. Bonus points if you have experience mentoring junior team members and contributing to a strong engineering culture. Minimum of 2 years in a similar role."
1302,Senior ML Engineer,Opaline Cosmetics Analytics,"Hyderabad, India",2026-07-12,ML Engineer,53000,"As a Senior ML Engineer at Opaline Cosmetics Analytics, you will partner with engineering and product teams to deliver high-quality, reliable solutions. Required skills: TensorFlow, Python, Spark, PyTorch, Machine Learning, and Kubernetes. Bonus points if you have experience mentoring junior team members and contributing to a strong engineering culture. Minimum of 2 years in a similar role."
1483,Data Analyst,DataForge Inc,Remote,2026-07-12,Data Analyst,71500,"As a Data Analyst at DataForge Inc, you will partner with engineering and product teams to deliver high-quality, reliable solutions. Required skills: Excel, SQL, Python, A/B testing, R, and Statistics. Bonus points if you have experience mentoring junior team members and contributing to a strong engineering culture. Ideal for candidates with 4-6 years of industry experience."
1629,Machine Learning Engineer,Pathfinder Travel Tech,"Berlin, Germany",2026-07-12,ML Engineer,126500,"Pathfinder Travel Tech is hiring a Machine Learning Engineer to help scale our data capabilities. In this role you'll design, build, and maintain solutions using AWS, Docker, PyTorch, NLP, Scikit-learn, and TensorFlow. We're looking for someone with strong problem-solving skills, excellent communication, and a passion for data-driven decision making. Ideal for candidates with 4-6 years of industry experience."
1996,Lead Data Scientist,Quantum Retail Group,"Mumbai, India",2026-07-12,Data Scientist,46000,"Quantum Retail Group is hiring a Lead Data Scientist to help scale our data capabilities. In this role you'll design, build, and maintain solutions using Python, Power BI, Statistics, R, and Deep Learning. We're looking for someone with strong problem-solving skills, excellent communication, and a passion for data-driven decision making. 5+ years of professional experience required."
41,ETL Developer,Echo Streaming,Remote,2026-07-13,Data Engineer,129000,"Join Echo Streaming as a ETL Developer! You'll be responsible for building and maintaining systems that rely on Airflow, dbt, Spark, ETL, and SQL. This is a great opportunity for someone who enjoys solving complex problems and working with a talented, supportive team. 5+ years of professional experience required."
102,Data Engineer,Northwind Digital,"Atlanta, GA",2026-07-13,Data Engineer,117500,"Northwind Digital is hiring a Data Engineer to help scale our data capabilities. In this role you'll design, build, and maintain solutions using Google Cloud Platform, Hadoop, Python, and Azure. We're looking for someone with strong problem-solving skills, excellent communication, and a passion for data-driven decision making. Entry-level candidates with strong internship experience are encouraged to apply."
192,Applied ML Engineer,DataForge Inc,"Denver, CO",2026-07-13,ML Engineer,130500,"DataForge Inc seeks an experienced Applied ML Engineer to support our expanding analytics function. Day-to-day responsibilities include working with TensorFlow, Azure, Docker, Spark, Kubernetes, and Python to build scalable, production-grade systems. We value curiosity, ownership, and clear communication. Minimum of 2 years in a similar role."
1552,Full Stack Developer,Quantum Retail Group,"New York, NY",2026-07-13,Software Engineer,151500,"As a Full Stack Developer at Quantum Retail Group, you will partner with engineering and product teams to deliver high-quality, reliable solutions. Required skills: C++, Docker, AWS, MongoDB, REST API, Git, and NoSQL. Bonus points if you have experience mentoring junior team members and contributing to a strong engineering culture. Ideal for candidates with 4-6 years of industry experience."
1823,Cloud Data Engineer,Orbit Financial Services,"Pune, India",2026-07-13,Data Engineer,31000,"Join Orbit Financial Services as a Cloud Data Engineer! You'll be responsible for building and maintaining systems that rely on SQL, Spark, Airflow, Data warehousing, and AWS. This is a great opportunity for someone who enjoys solving complex problems and working with a talented, supportive team. 5+ years of professional experience required."
26,Data Scientist,Cortex Systems,Singapore,2026-07-14,Data Scientist,141500,"As a Data Scientist at Cortex Systems, you will partner with engineering and product teams to deliver high-quality, reliable solutions. Required skills: SQL, PyTorch, Computer Vision, NLP, and Deep Learning. Bonus points if you have experience mentoring junior team members and contributing to a strong engineering culture. Minimum of 2 years in a similar role."
183,Platform Engineer,Keystone Auto Group,"Berlin, Germany",2026-07-14,Software Engineer,107500,"We are looking for a Platform Engineer to join our growing team at Keystone Auto Group. You will work closely with cross-functional stakeholders to turn data into actionable insight. Key requirements include hands-on experience with AWS, NoSQL, Java, Git, Agile, C++, and SQL. The ideal candidate is comfortable working in a fast-paced, collaborative environment and has a strong track record of delivering measurable business impact. Minimum of 2 years in a similar role."
815,Senior Data Engineer,Ironclad Security,Remote,2026-07-15,Data Engineer,87000,"Join Ironclad Security as a Senior Data Engineer! You'll be responsible for building and maintaining systems that rely on SQL, ETL, Spark, and Snowflake. This is a great opportunity for someone who enjoys solving complex problems and working with a talented, supportive team. Minimum of 2 years in a similar role."
859,Cloud Data Engineer,Rustic Agritech,"Berlin, Germany",2026-07-15,Data Engineer,79000,"We are looking for a Cloud Data Engineer to join our growing team at Rustic Agritech. You will work closely with cross-functional stakeholders to turn data into actionable insight. Key requirements include hands-on experience with Airflow, dbt, Spark, Snowflake, and Kafka. The ideal candidate is comfortable working in a fast-paced, collaborative environment and has a strong track record of delivering measurable business impact. Minimum of 2 years in a similar role."
1079,Data Scientist,Nectar Foods,"Berlin, Germany",2026-07-15,Data Scientist,95000,"As a Data Scientist at Nectar Foods, you will partner with engineering and product teams to deliver high-quality, reliable solutions. Required skills: Machine Learning, Scikit-learn, Statistics, and Tableau. Bonus points if you have experience mentoring junior team members and contributing to a strong engineering culture. 5+ years of professional experience required."
1369,Data Scientist II,Lattice Biotech,"Hyderabad, India",2026-07-15,Data Scientist,54000,"We are looking for a Data Scientist II to join our growing team at Lattice Biotech. You will work closely with cross-functional stakeholders to turn data into actionable insight. Key requirements include hands-on experience with A/B testing, Machine Learning, SQL, Scikit-learn, and AWS. The ideal candidate is comfortable working in a fast-paced, collaborative environment and has a strong track record of delivering measurable business impact. Minimum of 2 years in a similar role."
37,Marketing Data Analyst,Clearwater Consulting,"New York, NY",2026-07-16,Data Analyst,97000,"Clearwater Consulting seeks an experienced Marketing Data Analyst to support our expanding analytics function. Day-to-day responsibilities include working with Looker, Data warehousing, Power BI, SQL, and Statistics to build scalable, production-grade systems. We value curiosity, ownership, and clear communication. 3+ years of relevant experience preferred."
191,Deep Learning Engineer,Junction Mobility,"San Francisco, CA",2026-07-16,ML Engineer,208000,"Junction Mobility seeks an experienced Deep Learning Engineer to support our expanding analytics function. Day-to-day responsibilities include working with TensorFlow, PyTorch, Python, Machine Learning, Deep Learning, Kubernetes, and Computer Vision to build scalable, production-grade systems. We value curiosity, ownership, and clear communication. 5+ years of professional experience required."
479,Research Data Scientist,Evergreen Logistics,"Boston, MA",2026-07-16,Data Scientist,147000,"Evergreen Logistics seeks an experienced Research Data Scientist to support our expanding analytics function. Day-to-day responsibilities include working with A/B testing, Computer Vision, Statistics, and SQL to build scalable, production-grade systems. We value curiosity, ownership, and clear communication. Ideal for candidates with 4-6 years of industry experience."
738,Senior Data Analyst,Juniper Cybersecurity,Remote,2026-07-16,Data Analyst,71500,"As a Senior Data Analyst at Juniper Cybersecurity, you will partner with engineering and product teams to deliver high-quality, reliable solutions. Required skills: Excel, Statistics, Power BI, Python, SQL, ETL, and Tableau. Bonus points if you have experience mentoring junior team members and contributing to a strong engineering culture. 5+ years of professional experience required."
935,Data Analyst,Quicksilver Payments,"Chicago, IL",2026-07-16,Data Analyst,71500,"Join Quicksilver Payments as a Data Analyst! You'll be responsible for building and maintaining systems that rely on Power BI, Git, Statistics, SQL, Tableau, and ETL. This is a great opportunity for someone who enjoys solving complex problems and working with a talented, supportive team. Minimum of 2 years in a similar role."
1561,AI Engineer,Onyx Manufacturing,"Mumbai, India",2026-07-16,ML Engineer,65000,"As a AI Engineer at Onyx Manufacturing, you will partner with engineering and product teams to deliver high-quality, reliable solutions. Required skills: Python, PyTorch, Scikit-learn, AWS, and Computer Vision. Bonus points if you have experience mentoring junior team members and contributing to a strong engineering culture. 3+ years of relevant experience preferred."
198,Software Engineer,Ivory Real Estate Tech,"Pune, India",2026-07-17,Software Engineer,49500,"We are looking for a Software Engineer to join our growing team at Ivory Real Estate Tech. You will work closely with cross-functional stakeholders to turn data into actionable insight. Key requirements include hands-on experience with NoSQL, JavaScript, Java, Kubernetes, Docker, and Python. The ideal candidate is comfortable working in a fast-paced, collaborative environment and has a strong track record of delivering measurable business impact. Ideal for candidates with 4-6 years of industry experience."
1988,Business Data Analyst,Northwind Digital,"Austin, TX",2026-07-17,Data Analyst,78000,"Join Northwind Digital as a Business Data Analyst! You'll be responsible for building and maintaining systems that rely on SQL, Statistics, Python, Excel, and R. This is a great opportunity for someone who enjoys solving complex problems and working with a talented, supportive team. Entry-level candidates with strong internship experience are encouraged to apply."
602,Business Data Analyst,Quicksilver Payments,"Washington, DC",2026-07-18,Data Analyst,80500,"As a Business Data Analyst at Quicksilver Payments, you will partner with engineering and product teams to deliver high-quality, reliable solutions. Required skills: SQL, ETL, R, A/B testing, Excel, and Power BI. Bonus points if you have experience mentoring junior team members and contributing to a strong engineering culture. Entry-level candidates with strong internship experience are encouraged to apply."
1646,AI Engineer,Rustic Agritech,"London, UK",2026-07-18,ML Engineer,149000,"Join Rustic Agritech as a AI Engineer! You'll be responsible for building and maintaining systems that rely on Git, Spark, Docker, and Deep Learning. This is a great opportunity for someone who enjoys solving complex problems and working with a talented, supportive team. Entry-level candidates with strong internship experience are encouraged to apply."
195,Applied ML Engineer,Willow Health Systems,"Bengaluru, India",2026-07-19,ML Engineer,77500,"We are looking for a Applied ML Engineer to join our growing team at Willow Health Systems. You will work closely with cross-functional stakeholders to turn data into actionable insight. Key requirements include hands-on experience with Scikit-learn, TensorFlow, Spark, PyTorch, Deep Learning, Python, and AWS. The ideal candidate is comfortable working in a fast-paced, collaborative environment and has a strong track record of delivering measurable business impact. 5+ years of professional experience required."
561,Applied Data Scientist,Lattice Biotech,"Seattle, WA",2026-07-19,Data Scientist,148000,"Lattice Biotech is hiring a Applied Data Scientist to help scale our data capabilities. In this role you'll design, build, and maintain solutions using Python, AWS, A/B testing, PyTorch, SQL, and Statistics. We're looking for someone with strong problem-solving skills, excellent communication, and a passion for data-driven decision making. Ideal for candidates with 4-6 years of industry experience."
1994,Big Data Engineer,Opaline Cosmetics Analytics,"Mumbai, India",2026-07-19,Data Engineer,54000,"Opaline Cosmetics Analytics is hiring a Big Data Engineer to help scale our data capabilities. In this role you'll design, build, and maintain solutions using Hadoop, Kafka, Airflow, ETL, Python, Spark, and dbt. We're looking for someone with strong problem-solving skills, excellent communication, and a passion for data-driven decision making. Ideal for candidates with 4-6 years of industry experience."
33,Analytics Engineer,Pixel & Co,Singapore,2026-07-20,Data Engineer,99000,"Pixel & Co seeks an experienced Analytics Engineer to support our expanding analytics function. Day-to-day responsibilities include working with Airflow, Python, Snowflake, Docker, and BigQuery to build scalable, production-grade systems. We value curiosity, ownership, and clear communication. 3+ years of relevant experience preferred."
325,Senior Data Engineer,Coral Reef Gaming,Remote,2026-07-20,Data Engineer,121000,"We are looking for a Senior Data Engineer to join our growing team at Coral Reef Gaming. You will work closely with cross-functional stakeholders to turn data into actionable insight. Key requirements include hands-on experience with Airflow, ETL, Spark, and Redshift. The ideal candidate is comfortable working in a fast-paced, collaborative environment and has a strong track record of delivering measurable business impact. 3+ years of relevant experience preferred."
1112,Applied Data Scientist,Redwood Bank,"Mumbai, India",2026-07-20,Data Scientist,43000,"Redwood Bank is hiring a Applied Data Scientist to help scale our data capabilities. In this role you'll design, build, and maintain solutions using Machine Learning, Python, SQL, TensorFlow, Deep Learning, and Statistics. We're looking for someone with strong problem-solving skills, excellent communication, and a passion for data-driven decision making. 3+ years of relevant experience preferred."
231,Big Data Engineer,Ivory Real Estate Tech,Remote,2026-07-21,Data Engineer,115500,"Ivory Real Estate Tech seeks an experienced Big Data Engineer to support our expanding analytics function. Day-to-day responsibilities include working with Hadoop, Data warehousing, Azure, and Spark to build scalable, production-grade systems. We value curiosity, ownership, and clear communication. 5+ years of professional experience required."
313,Deep Learning Engineer,Orbit Financial Services,"Berlin, Germany",2026-07-21,ML Engineer,135000,"Orbit Financial Services seeks an experienced Deep Learning Engineer to support our expanding analytics function. Day-to-day responsibilities include working with Machine Learning, Docker, Airflow, NLP, Kubernetes, PyTorch, and TensorFlow to build scalable, production-grade systems. We value curiosity, ownership, and clear communication. Ideal for candidates with 4-6 years of industry experience."
632,Full Stack Developer,Nectar Foods,Remote,2026-07-21,Software Engineer,124000,"Nectar Foods seeks an experienced Full Stack Developer to support our expanding analytics function. Day-to-day responsibilities include working with SQL, JavaScript, Kubernetes, Docker, and Linux to build scalable, production-grade systems. We value curiosity, ownership, and clear communication. Minimum of 2 years in a similar role."
937,Software Engineer,Evergreen Logistics,"Austin, TX",2026-07-21,Software Engineer,131000,"As a Software Engineer at Evergreen Logistics, you will partner with engineering and product teams to deliver high-quality, reliable solutions. Required skills: Docker, JavaScript, SQL, Python, and PostgreSQL. Bonus points if you have experience mentoring junior team members and contributing to a strong engineering culture. Minimum of 2 years in a similar role."
1154,Platform Engineer,Keystone Auto Group,"Mumbai, India",2026-07-21,Software Engineer,39000,"Join Keystone Auto Group as a Platform Engineer! You'll be responsible for building and maintaining systems that rely on REST API, Python, SQL, JavaScript, and NoSQL. This is a great opportunity for someone who enjoys solving complex problems and working with a talented, supportive team. Ideal for candidates with 4-6 years of industry experience."
1193,Deep Learning Engineer,Brightline Education,"New York, NY",2026-07-21,ML Engineer,236500,"Join Brightline Education as a Deep Learning Engineer! You'll be responsible for building and maintaining systems that rely on Spark, Git, Python, TensorFlow, Docker, and NLP. This is a great opportunity for someone who enjoys solving complex problems and working with a talented, supportive team. 3+ years of relevant experience preferred."
1904,Reporting Analyst,Tundra Telecom,"Bengaluru, India",2026-07-21,Data Analyst,24000,"Tundra Telecom seeks an experienced Reporting Analyst to support our expanding analytics function. Day-to-day responsibilities include working with A/B testing, Git, Looker, Google Cloud Platform, SQL, and Tableau to build scalable, production-grade systems. We value curiosity, ownership, and clear communication. Entry-level candidates with strong internship experience are encouraged to apply."
11,Lead Data Scientist,Junction Mobility,"Toronto, Canada",2026-07-22,Data Scientist,119000,"We are looking for a Lead Data Scientist to join our growing team at Junction Mobility. You will work closely with cross-functional stakeholders to turn data into actionable insight. Key requirements include hands-on experience with A/B testing, Computer Vision, Scikit-learn, Python, and TensorFlow. The ideal candidate is comfortable working in a fast-paced, collaborative environment and has a strong track record of delivering measurable business impact. 5+ years of professional experience required."
412,Data Engineer,Vantage Point Retail,"Hyderabad, India",2026-07-22,Data Engineer,45500,"Vantage Point Retail is hiring a Data Engineer to help scale our data capabilities. In this role you'll design, build, and maintain solutions using dbt, SQL, ETL, Snowflake, Redshift, and BigQuery. We're looking for someone with strong problem-solving skills, excellent communication, and a passion for data-driven decision making. 3+ years of relevant experience preferred."
448,Applied Data Scientist,Coral Reef Gaming,"Toronto, Canada",2026-07-22,Data Scientist,93500,"Join Coral Reef Gaming as a Applied Data Scientist! You'll be responsible for building and maintaining systems that rely on Machine Learning, Python, SQL, Statistics, and TensorFlow. This is a great opportunity for someone who enjoys solving complex problems and working with a talented, supportive team. Minimum of 2 years in a similar role."
923,Data Scientist II,Lumina Commerce,"San Francisco, CA",2026-07-22,Data Scientist,194500,"Join Lumina Commerce as a Data Scientist II! You'll be responsible for building and maintaining systems that rely on Power BI, NLP, Machine Learning, Scikit-learn, and Statistics. This is a great opportunity for someone who enjoys solving complex problems and working with a talented, supportive team. Ideal for candidates with 4-6 years of industry experience."
1391,Senior Data Engineer,Pixel & Co,"Toronto, Canada",2026-07-22,Data Engineer,123500,"We are looking for a Senior Data Engineer to join our growing team at Pixel & Co. You will work closely with cross-functional stakeholders to turn data into actionable insight. Key requirements include hands-on experience with Python, Airflow, Spark, AWS, and NoSQL. The ideal candidate is comfortable working in a fast-paced, collaborative environment and has a strong track record of delivering measurable business impact. Entry-level candidates with strong internship experience are encouraged to apply."
1788,Software Development Engineer,Coral Reef Gaming,Singapore,2026-07-22,Software Engineer,140000,"Join Coral Reef Gaming as a Software Development Engineer! You'll be responsible for building and maintaining systems that rely on JavaScript, PostgreSQL, Python, Linux, Docker, SQL, and REST API. This is a great opportunity for someone who enjoys solving complex problems and working with a talented, supportive team. Ideal for candidates with 4-6 years of industry experience."
338,Reporting Analyst,Pathfinder Travel Tech,Remote,2026-07-23,Data Analyst,73000,"Pathfinder Travel Tech seeks an experienced Reporting Analyst to support our expanding analytics function. Day-to-day responsibilities include working with Excel, Power BI, SQL, and A/B testing to build scalable, production-grade systems. We value curiosity, ownership, and clear communication. Entry-level candidates with strong internship experience are encouraged to apply."
560,Software Engineer,Bluepeak Technologies,"Atlanta, GA",2026-07-23,Software Engineer,150500,"Bluepeak Technologies is hiring a Software Engineer to help scale our data capabilities. In this role you'll design, build, and maintain solutions using REST API, Java, Git, and Python. We're looking for someone with strong problem-solving skills, excellent communication, and a passion for data-driven decision making. 5+ years of professional experience required."
564,Cloud Data Engineer,Junction Mobility,Remote,2026-07-23,Data Engineer,121000,"As a Cloud Data Engineer at Junction Mobility, you will partner with engineering and product teams to deliver high-quality, reliable solutions. Required skills: Spark, ETL, NoSQL, and Python. Bonus points if you have experience mentoring junior team members and contributing to a strong engineering culture. Entry-level candidates with strong internship experience are encouraged to apply."
650,Senior Data Engineer,Quicksilver Payments,"Hyderabad, India",2026-07-23,Data Engineer,51000,"Quicksilver Payments seeks an experienced Senior Data Engineer to support our expanding analytics function. Day-to-day responsibilities include working with Spark, Redshift, ETL, AWS, Kafka, Airflow, and Docker to build scalable, production-grade systems. We value curiosity, ownership, and clear communication. Ideal for candidates with 4-6 years of industry experience."
965,Lead Data Scientist,Meridian Health Analytics,"New York, NY",2026-07-23,Data Scientist,183000,"Meridian Health Analytics seeks an experienced Lead Data Scientist to support our expanding analytics function. Day-to-day responsibilities include working with A/B testing, NLP, Python, and Statistics to build scalable, production-grade systems. We value curiosity, ownership, and clear communication. 3+ years of relevant experience preferred."
1142,Senior Data Analyst,Lighthouse AI,Remote,2026-07-23,Data Analyst,92500,"Join Lighthouse AI as a Senior Data Analyst! You'll be responsible for building and maintaining systems that rely on Python, Git, A/B testing, Looker, Data warehousing, and Excel. This is a great opportunity for someone who enjoys solving complex problems and working with a talented, supportive team. Entry-level candidates with strong internship experience are encouraged to apply."
1716,Lead Data Scientist,Kestrel Media Group,"Berlin, Germany",2026-07-23,Data Scientist,105000,"As a Lead Data Scientist at Kestrel Media Group, you will partner with engineering and product teams to deliver high-quality, reliable solutions. Required skills: SQL, AWS, Machine Learning, and A/B testing. Bonus points if you have experience mentoring junior team members and contributing to a strong engineering culture. Entry-level candidates with strong internship experience are encouraged to apply."
170,Deep Learning Engineer,Quicksilver Payments,"Los Angeles, CA",2026-07-24,ML Engineer,201500,"Join Quicksilver Payments as a Deep Learning Engineer! You'll be responsible for building and maintaining systems that rely on Docker, Deep Learning, Computer Vision, PyTorch, Machine Learning, and AWS. This is a great opportunity for someone who enjoys solving complex problems and working with a talented, supportive team. 5+ years of professional experience required."
768,Senior Data Scientist,Clearwater Consulting,"London, UK",2026-07-24,Data Scientist,137000,"As a Senior Data Scientist at Clearwater Consulting, you will partner with engineering and product teams to deliver high-quality, reliable solutions. Required skills: Machine Learning, AWS, Scikit-learn, Python, A/B testing, SQL, and NLP. Bonus points if you have experience mentoring junior team members and contributing to a strong engineering culture. 5+ years of professional experience required."
883,Senior Software Engineer,Cortex Systems,"San Francisco, CA",2026-07-24,Software Engineer,187000,"Cortex Systems is hiring a Senior Software Engineer to help scale our data capabilities. In this role you'll design, build, and maintain solutions using PostgreSQL, MongoDB, JavaScript, Git, and Docker. We're looking for someone with strong problem-solving skills, excellent communication, and a passion for data-driven decision making. 3+ years of relevant experience preferred."
1021,Machine Learning Engineer,Skyline Software,"Bengaluru, India",2026-07-24,ML Engineer,53000,"Skyline Software is hiring a Machine Learning Engineer to help scale our data capabilities. In this role you'll design, build, and maintain solutions using NLP, Scikit-learn, Machine Learning, Spark, Kubernetes, and PyTorch. We're looking for someone with strong problem-solving skills, excellent communication, and a passion for data-driven decision making. Minimum of 2 years in a similar role."
1321,Senior ML Engineer,Anchor Payments,"Denver, CO",2026-07-24,ML Engineer,154500,"Anchor Payments seeks an experienced Senior ML Engineer to support our expanding analytics function. Day-to-day responsibilities include working with TensorFlow, Deep Learning, Computer Vision, Machine Learning, Azure, PyTorch, and Git to build scalable, production-grade systems. We value curiosity, ownership, and clear communication. Minimum of 2 years in a similar role."
1341,Reporting Analyst,Summit Cloud Solutions,"San Francisco, CA",2026-07-24,Data Analyst,99500,"Summit Cloud Solutions seeks an experienced Reporting Analyst to support our expanding analytics function. Day-to-day responsibilities include working with Git, ETL, Excel, Power BI, Looker, Python, and Data warehousing to build scalable, production-grade systems. We value curiosity, ownership, and clear communication. Ideal for candidates with 4-6 years of industry experience."
1448,Senior Data Engineer,Hilltop Ventures,"Pune, India",2026-07-24,Data Engineer,44500,"Hilltop Ventures is hiring a Senior Data Engineer to help scale our data capabilities. In this role you'll design, build, and maintain solutions using Python, SQL, Snowflake, Spark, Kafka, Data warehousing, and Hadoop. We're looking for someone with strong problem-solving skills, excellent communication, and a passion for data-driven decision making. Minimum of 2 years in a similar role."
1560,Machine Learning Engineer,Quantum Retail Group,"Bengaluru, India",2026-07-24,ML Engineer,61000,"We are looking for a Machine Learning Engineer to join our growing team at Quantum Retail Group. You will work closely with cross-functional stakeholders to turn data into actionable insight. Key requirements include hands-on experience with Airflow, Deep Learning, Docker, AWS, TensorFlow, and Python. The ideal candidate is comfortable working in a fast-paced, collaborative environment and has a strong track record of delivering measurable business impact. Entry-level candidates with strong internship experience are encouraged to apply."
1681,Data Engineer,Junction Mobility,"San Francisco, CA",2026-07-24,Data Engineer,151500,"Join Junction Mobility as a Data Engineer! You'll be responsible for building and maintaining systems that rely on SQL, Snowflake, Spark, Hadoop, and ETL. This is a great opportunity for someone who enjoys solving complex problems and working with a talented, supportive team. Minimum of 2 years in a similar role."
1792,Analytics Engineer,Skyline Software,"Bengaluru, India",2026-07-24,Data Engineer,56500,"We are looking for a Analytics Engineer to join our growing team at Skyline Software. You will work closely with cross-functional stakeholders to turn data into actionable insight. Key requirements include hands-on experience with Airflow, Data warehousing, SQL, Google Cloud Platform, Redshift, and Python. The ideal candidate is comfortable working in a fast-paced, collaborative environment and has a strong track record of delivering measurable business impact. Entry-level candidates with strong internship experience are encouraged to apply."
279,Software Development Engineer,Fenwick Pharma,"Seattle, WA",2026-07-25,Software Engineer,167500,"Fenwick Pharma is hiring a Software Development Engineer to help scale our data capabilities. In this role you'll design, build, and maintain solutions using Java, REST API, Python, Docker, and Git. We're looking for someone with strong problem-solving skills, excellent communication, and a passion for data-driven decision making. 3+ years of relevant experience preferred."
760,ETL Developer,Quicksilver Payments,"Pune, India",2026-07-25,Data Engineer,33000,"As a ETL Developer at Quicksilver Payments, you will partner with engineering and product teams to deliver high-quality, reliable solutions. Required skills: Spark, SQL, Data warehousing, NoSQL, and Airflow. Bonus points if you have experience mentoring junior team members and contributing to a strong engineering culture. Minimum of 2 years in a similar role."
1013,Applied Data Scientist,Marlin Shipping,Singapore,2026-07-25,Data Scientist,108500,"Join Marlin Shipping as a Applied Data Scientist! You'll be responsible for building and maintaining systems that rely on Statistics, Machine Learning, Python, SQL, PyTorch, Deep Learning, and Tableau. This is a great opportunity for someone who enjoys solving complex problems and working with a talented, supportive team. Minimum of 2 years in a similar role."
1474,Big Data Engineer,Junction Mobility,"Austin, TX",2026-07-25,Data Engineer,135500,"Junction Mobility seeks an experienced Big Data Engineer to support our expanding analytics function. Day-to-day responsibilities include working with SQL, Redshift, Airflow, BigQuery, Python, ETL, and Azure to build scalable, production-grade systems. We value curiosity, ownership, and clear communication. 3+ years of relevant experience preferred."
1497,Senior Data Analyst,Falcon FinTech,"Denver, CO",2026-07-25,Data Analyst,72500,"Falcon FinTech seeks an experienced Senior Data Analyst to support our expanding analytics function. Day-to-day responsibilities include working with Power BI, Python, Tableau, Git, R, Excel, and Looker to build scalable, production-grade systems. We value curiosity, ownership, and clear communication. Entry-level candidates with strong internship experience are encouraged to apply."
1992,Senior Data Analyst,Lattice Biotech,"Seattle, WA",2026-07-25,Data Analyst,84500,"Lattice Biotech seeks an experienced Senior Data Analyst to support our expanding analytics function. Day-to-day responsibilities include working with Statistics, Tableau, Excel, and Python to build scalable, production-grade systems. We value curiosity, ownership, and clear communication. 5+ years of professional experience required."
15,Research Data Scientist,Zenith Aerospace,"San Francisco, CA",2026-07-26,Data Scientist,155500,"Zenith Aerospace is hiring a Research Data Scientist to help scale our data capabilities. In this role you'll design, build, and maintain solutions using NLP, Machine Learning, Computer Vision, and Deep Learning. We're looking for someone with strong problem-solving skills, excellent communication, and a passion for data-driven decision making. Entry-level candidates with strong internship experience are encouraged to apply."
65,Senior ML Engineer,Summit Cloud Solutions,"San Francisco, CA",2026-07-27,ML Engineer,226000,"Summit Cloud Solutions seeks an experienced Senior ML Engineer to support our expanding analytics function. Day-to-day responsibilities include working with Spark, Deep Learning, Machine Learning, Computer Vision, and Azure to build scalable, production-grade systems. We value curiosity, ownership, and clear communication. Ideal for candidates with 4-6 years of industry experience."
421,Business Data Analyst,Granite Data Partners,"Berlin, Germany",2026-07-27,Data Analyst,83000,"We are looking for a Business Data Analyst to join our growing team at Granite Data Partners. You will work closely with cross-functional stakeholders to turn data into actionable insight. Key requirements include hands-on experience with Excel, Data warehousing, A/B testing, ETL, Python, Statistics, and Google Cloud Platform. The ideal candidate is comfortable working in a fast-paced, collaborative environment and has a strong track record of delivering measurable business impact. Minimum of 2 years in a similar role."
516,Platform Engineer,Ironclad Security,"Austin, TX",2026-07-27,Software Engineer,136000,"As a Platform Engineer at Ironclad Security, you will partner with engineering and product teams to deliver high-quality, reliable solutions. Required skills: AWS, Python, Docker, C++, Java, and JavaScript. Bonus points if you have experience mentoring junior team members and contributing to a strong engineering culture. Minimum of 2 years in a similar role."
530,ML Ops Engineer,Pathfinder Travel Tech,"San Francisco, CA",2026-07-27,ML Engineer,170000,"Pathfinder Travel Tech is hiring a ML Ops Engineer to help scale our data capabilities. In this role you'll design, build, and maintain solutions using PyTorch, Deep Learning, TensorFlow, and Python. We're looking for someone with strong problem-solving skills, excellent communication, and a passion for data-driven decision making. Entry-level candidates with strong internship experience are encouraged to apply."
548,Platform Engineer,Nova Insurance,"Mumbai, India",2026-07-27,Software Engineer,27000,"Nova Insurance seeks an experienced Platform Engineer to support our expanding analytics function. Day-to-day responsibilities include working with Docker, MongoDB, AWS, REST API, and Linux to build scalable, production-grade systems. We value curiosity, ownership, and clear communication. Entry-level candidates with strong internship experience are encouraged to apply."
1507,Senior Data Analyst,Lighthouse AI,"Washington, DC",2026-07-27,Data Analyst,110500,"Join Lighthouse AI as a Senior Data Analyst! You'll be responsible for building and maintaining systems that rely on Power BI, SQL, Data warehousing, and Tableau. This is a great opportunity for someone who enjoys solving complex problems and working with a talented, supportive team. 5+ years of professional experience required."
1844,BI Analyst,Orbit Financial Services,Remote,2026-07-27,Data Analyst,75500,"Join Orbit Financial Services as a BI Analyst! You'll be responsible for building and maintaining systems that rely on Power BI, Tableau, Excel, SQL, Google Cloud Platform, Git, and Python. This is a great opportunity for someone who enjoys solving complex problems and working with a talented, supportive team. Ideal for candidates with 4-6 years of industry experience."
57,Senior Data Analyst,Echo Streaming,"Austin, TX",2026-07-28,Data Analyst,70500,"We are looking for a Senior Data Analyst to join our growing team at Echo Streaming. You will work closely with cross-functional stakeholders to turn data into actionable insight. Key requirements include hands-on experience with SQL, Statistics, R, Excel, Git, Tableau, and Data warehousing. The ideal candidate is comfortable working in a fast-paced, collaborative environment and has a strong track record of delivering measurable business impact. Ideal for candidates with 4-6 years of industry experience."
427,Business Data Analyst,Nectar Foods,"Chicago, IL",2026-07-28,Data Analyst,83000,"Join Nectar Foods as a Business Data Analyst! You'll be responsible for building and maintaining systems that rely on Excel, SQL, Statistics, Power BI, and Tableau. This is a great opportunity for someone who enjoys solving complex problems and working with a talented, supportive team. Minimum of 2 years in a similar role."
1036,Applied ML Engineer,Keystone Auto Group,"New York, NY",2026-07-28,ML Engineer,185000,"As a Applied ML Engineer at Keystone Auto Group, you will partner with engineering and product teams to deliver high-quality, reliable solutions. Required skills: Deep Learning, Python, Computer Vision, Machine Learning, Azure, Scikit-learn, and Spark. Bonus points if you have experience mentoring junior team members and contributing to a strong engineering culture. Ideal for candidates with 4-6 years of industry experience."
1151,Senior Data Engineer,Lighthouse AI,"San Francisco, CA",2026-07-28,Data Engineer,198500,"Lighthouse AI is hiring a Senior Data Engineer to help scale our data capabilities. In this role you'll design, build, and maintain solutions using Spark, SQL, ETL, and Snowflake. We're looking for someone with strong problem-solving skills, excellent communication, and a passion for data-driven decision making. 5+ years of professional experience required."
1300,Backend Engineer,Marlin Shipping,"San Francisco, CA",2026-07-28,Software Engineer,137500,"We are looking for a Backend Engineer to join our growing team at Marlin Shipping. You will work closely with cross-functional stakeholders to turn data into actionable insight. Key requirements include hands-on experience with Docker, SQL, Java, REST API, and MongoDB. The ideal candidate is comfortable working in a fast-paced, collaborative environment and has a strong track record of delivering measurable business impact. Entry-level candidates with strong internship experience are encouraged to apply."
194,Senior Software Engineer,Vantage Point Retail,"Hyderabad, India",2026-07-29,Software Engineer,46500,"Join Vantage Point Retail as a Senior Software Engineer! You'll be responsible for building and maintaining systems that rely on JavaScript, Docker, REST API, Linux, Agile, Git, and Python. This is a great opportunity for someone who enjoys solving complex problems and working with a talented, supportive team. Entry-level candidates with strong internship experience are encouraged to apply."
648,Software Engineer,Quicksilver Payments,Singapore,2026-07-29,Software Engineer,105000,"As a Software Engineer at Quicksilver Payments, you will partner with engineering and product teams to deliver high-quality, reliable solutions. Required skills: Python, REST API, Java, Docker, Git, SQL, and JavaScript. Bonus points if you have experience mentoring junior team members and contributing to a strong engineering culture. Ideal for candidates with 4-6 years of industry experience."
866,Machine Learning Engineer,Kestrel Media Group,"Berlin, Germany",2026-07-29,ML Engineer,127500,"We are looking for a Machine Learning Engineer to join our growing team at Kestrel Media Group. You will work closely with cross-functional stakeholders to turn data into actionable insight. Key requirements include hands-on experience with Airflow, PyTorch, TensorFlow, Kubernetes, Python, AWS, and Computer Vision. The ideal candidate is comfortable working in a fast-paced, collaborative environment and has a strong track record of delivering measurable business impact. Entry-level candidates with strong internship experience are encouraged to apply."
1255,Machine Learning Engineer,Keystone Auto Group,"Hyderabad, India",2026-07-29,ML Engineer,68000,"Keystone Auto Group is hiring a Machine Learning Engineer to help scale our data capabilities. In this role you'll design, build, and maintain solutions using AWS, PyTorch, Deep Learning, and Git. We're looking for someone with strong problem-solving skills, excellent communication, and a passion for data-driven decision making. Ideal for candidates with 4-6 years of industry experience."
1515,Senior Software Engineer,Falcon FinTech,"Boston, MA",2026-07-29,Software Engineer,162000,"Join Falcon FinTech as a Senior Software Engineer! You'll be responsible for building and maintaining systems that rely on Python, JavaScript, SQL, Agile, AWS, and Docker. This is a great opportunity for someone who enjoys solving complex problems and working with a talented, supportive team. 3+ years of relevant experience preferred."
1924,Data Scientist II,Summit Cloud Solutions,"Berlin, Germany",2026-07-29,Data Scientist,77000,"We are looking for a Data Scientist II to join our growing team at Summit Cloud Solutions. You will work closely with cross-functional stakeholders to turn data into actionable insight. Key requirements include hands-on experience with PyTorch, Computer Vision, R, A/B testing, Statistics, and Scikit-learn. The ideal candidate is comfortable working in a fast-paced, collaborative environment and has a strong track record of delivering measurable business impact. Minimum of 2 years in a similar role."
697,Deep Learning Engineer,Meridian Health Analytics,"Seattle, WA",2026-07-30,ML Engineer,200000,"Meridian Health Analytics seeks an experienced Deep Learning Engineer to support our expanding analytics function. Day-to-day responsibilities include working with Deep Learning, Scikit-learn, TensorFlow, Spark, Docker, AWS, and Airflow to build scalable, production-grade systems. We value curiosity, ownership, and clear communication. Ideal for candidates with 4-6 years of industry experience."
862,Deep Learning Engineer,Summit Cloud Solutions,"Austin, TX",2026-07-30,ML Engineer,132500,"Summit Cloud Solutions is hiring a Deep Learning Engineer to help scale our data capabilities. In this role you'll design, build, and maintain solutions using Machine Learning, TensorFlow, Scikit-learn, Python, NLP, PyTorch, and Kubernetes. We're looking for someone with strong problem-solving skills, excellent communication, and a passion for data-driven decision making. 5+ years of professional experience required."
1227,AI Engineer,Juniper Cybersecurity,"Berlin, Germany",2026-07-30,ML Engineer,130000,"As a AI Engineer at Juniper Cybersecurity, you will partner with engineering and product teams to deliver high-quality, reliable solutions. Required skills: Docker, Spark, PyTorch, Python, Kubernetes, Scikit-learn, and NLP. Bonus points if you have experience mentoring junior team members and contributing to a strong engineering culture. 3+ years of relevant experience preferred."
1772,Junior Data Analyst,Prism Media Analytics,"Toronto, Canada",2026-07-30,Data Analyst,67500,"Prism Media Analytics seeks an experienced Junior Data Analyst to support our expanding analytics function. Day-to-day responsibilities include working with Python, A/B testing, Excel, R, Looker, and Data warehousing to build scalable, production-grade systems. We value curiosity, ownership, and clear communication. Ideal for candidates with 4-6 years of industry experience."
204,Platform Engineer,Pathfinder Travel Tech,"Dublin, Ireland",2026-07-31,Software Engineer,114500,"Join Pathfinder Travel Tech as a Platform Engineer! You'll be responsible for building and maintaining systems that rely on MongoDB, Python, Git, JavaScript, NoSQL, and AWS. This is a great opportunity for someone who enjoys solving complex problems and working with a talented, supportive team. Entry-level candidates with strong internship experience are encouraged to apply."
263,Senior Software Engineer,Anchor Payments,"New York, NY",2026-07-31,Software Engineer,141000,"As a Senior Software Engineer at Anchor Payments, you will partner with engineering and product teams to deliver high-quality, reliable solutions. Required skills: SQL, JavaScript, AWS, C++, and Git. Bonus points if you have experience mentoring junior team members and contributing to a strong engineering culture. Minimum of 2 years in a similar role."
631,Senior ML Engineer,Nova Insurance,"San Francisco, CA",2026-07-31,ML Engineer,232500,"Nova Insurance seeks an experienced Senior ML Engineer to support our expanding analytics function. Day-to-day responsibilities include working with Computer Vision, Kubernetes, Deep Learning, TensorFlow, Docker, Python, and Machine Learning to build scalable, production-grade systems. We value curiosity, ownership, and clear communication. Ideal for candidates with 4-6 years of industry experience."
857,Lead Data Scientist,Ivory Real Estate Tech,"New York, NY",2026-07-31,Data Scientist,178500,"As a Lead Data Scientist at Ivory Real Estate Tech, you will partner with engineering and product teams to deliver high-quality, reliable solutions. Required skills: A/B testing, SQL, Deep Learning, Machine Learning, R, Statistics, and NLP. Bonus points if you have experience mentoring junior team members and contributing to a strong engineering culture. Entry-level candidates with strong internship experience are encouraged to apply."
1240,Deep Learning Engineer,Fenwick Pharma,"New York, NY",2026-07-31,ML Engineer,176500,"Fenwick Pharma seeks an experienced Deep Learning Engineer to support our expanding analytics function. Day-to-day responsibilities include working with PyTorch, Machine Learning, Kubernetes, and Azure to build scalable, production-grade systems. We value curiosity, ownership, and clear communication. Ideal for candidates with 4-6 years of industry experience."
1944,Analytics Engineer,Skyline Software,"San Francisco, CA",2026-07-31,Data Engineer,156500,"Skyline Software is hiring a Analytics Engineer to help scale our data capabilities. In this role you'll design, build, and maintain solutions using SQL, Python, Snowflake, Data warehousing, ETL, BigQuery, and Spark. We're looking for someone with strong problem-solving skills, excellent communication, and a passion for data-driven decision making. 3+ years of relevant experience preferred."
283,Data Scientist II,Clearwater Consulting,Remote,2026-08-01,Data Scientist,105500,"Clearwater Consulting seeks an experienced Data Scientist II to support our expanding analytics function. Day-to-day responsibilities include working with Statistics, NLP, A/B testing, Computer Vision, Deep Learning, TensorFlow, and Machine Learning to build scalable, production-grade systems. We value curiosity, ownership, and clear communication. Entry-level candidates with strong internship experience are encouraged to apply."
787,Deep Learning Engineer,Willow Health Systems,Remote,2026-08-01,ML Engineer,130000,"Willow Health Systems seeks an experienced Deep Learning Engineer to support our expanding analytics function. Day-to-day responsibilities include working with Docker, AWS, Git, Kubernetes, and Python to build scalable, production-grade systems. We value curiosity, ownership, and clear communication. Entry-level candidates with strong internship experience are encouraged to apply."
833,Big Data Engineer,Harbor Robotics,"Chicago, IL",2026-08-01,Data Engineer,129000,"Join Harbor Robotics as a Big Data Engineer! You'll be responsible for building and maintaining systems that rely on SQL, Spark, dbt, Python, ETL, and Airflow. This is a great opportunity for someone who enjoys solving complex problems and working with a talented, supportive team. 5+ years of professional experience required."
1080,Senior Data Engineer,Sable Energy,"New York, NY",2026-08-01,Data Engineer,108000,"Join Sable Energy as a Senior Data Engineer! You'll be responsible for building and maintaining systems that rely on Python, SQL, dbt, Snowflake, and Kafka. This is a great opportunity for someone who enjoys solving complex problems and working with a talented, supportive team. 3+ years of relevant experience preferred."
1324,Applied Data Scientist,Juniper Cybersecurity,"Bengaluru, India",2026-08-01,Data Scientist,38000,"Join Juniper Cybersecurity as a Applied Data Scientist! You'll be responsible for building and maintaining systems that rely on Machine Learning, Scikit-learn, Computer Vision, TensorFlow, Deep Learning, Python, and SQL. This is a great opportunity for someone who enjoys solving complex problems and working with a talented, supportive team. Minimum of 2 years in a similar role."
1705,Cloud Data Engineer,Lattice Biotech,"Toronto, Canada",2026-08-01,Data Engineer,87500,"Lattice Biotech is hiring a Cloud Data Engineer to help scale our data capabilities. In this role you'll design, build, and maintain solutions using BigQuery, Airflow, Python, Snowflake, AWS, Kafka, and ETL. We're looking for someone with strong problem-solving skills, excellent communication, and a passion for data-driven decision making. Ideal for candidates with 4-6 years of industry experience."
1738,Reporting Analyst,Quantum Retail Group,"Denver, CO",2026-08-01,Data Analyst,69000,"Quantum Retail Group is hiring a Reporting Analyst to help scale our data capabilities. In this role you'll design, build, and maintain solutions using A/B testing, Excel, Statistics, SQL, Google Cloud Platform, Python, and Data warehousing. We're looking for someone with strong problem-solving skills, excellent communication, and a passion for data-driven decision making. Entry-level candidates with strong internship experience are encouraged to apply."
828,ML Ops Engineer,Coral Reef Gaming,"Hyderabad, India",2026-08-02,ML Engineer,56000,"Join Coral Reef Gaming as a ML Ops Engineer! You'll be responsible for building and maintaining systems that rely on TensorFlow, Spark, Python, and Kubernetes. This is a great opportunity for someone who enjoys solving complex problems and working with a talented, supportive team. Minimum of 2 years in a similar role."
848,Lead Data Scientist,Harbor Robotics,"Seattle, WA",2026-08-02,Data Scientist,158000,"Join Harbor Robotics as a Lead Data Scientist! You'll be responsible for building and maintaining systems that rely on SQL, Computer Vision, PyTorch, and Machine Learning. This is a great opportunity for someone who enjoys solving complex problems and working with a talented, supportive team. 3+ years of relevant experience preferred."
917,Senior ML Engineer,Pixel & Co,"Bengaluru, India",2026-08-02,ML Engineer,71000,"As a Senior ML Engineer at Pixel & Co, you will partner with engineering and product teams to deliver high-quality, reliable solutions. Required skills: TensorFlow, Docker, Deep Learning, Machine Learning, Scikit-learn, and Git. Bonus points if you have experience mentoring junior team members and contributing to a strong engineering culture. Entry-level candidates with strong internship experience are encouraged to apply."
1211,Big Data Engineer,Clearwater Consulting,"Seattle, WA",2026-08-02,Data Engineer,136500,"Clearwater Consulting seeks an experienced Big Data Engineer to support our expanding analytics function. Day-to-day responsibilities include working with BigQuery, Python, SQL, Spark, and Airflow to build scalable, production-grade systems. We value curiosity, ownership, and clear communication. 3+ years of relevant experience preferred."
1287,Lead Data Scientist,Opaline Cosmetics Analytics,"Atlanta, GA",2026-08-02,Data Scientist,117500,"Opaline Cosmetics Analytics is hiring a Lead Data Scientist to help scale our data capabilities. In this role you'll design, build, and maintain solutions using SQL, Deep Learning, Python, and Spark. We're looking for someone with strong problem-solving skills, excellent communication, and a passion for data-driven decision making. Minimum of 2 years in a similar role."
1689,Applied ML Engineer,Nimbus Analytics,"Hyderabad, India",2026-08-02,ML Engineer,52000,"Nimbus Analytics seeks an experienced Applied ML Engineer to support our expanding analytics function. Day-to-day responsibilities include working with Machine Learning, Kubernetes, Python, Docker, AWS, and Deep Learning to build scalable, production-grade systems. We value curiosity, ownership, and clear communication. Minimum of 2 years in a similar role."
1852,Big Data Engineer,Keystone Auto Group,"San Francisco, CA",2026-08-02,Data Engineer,165000,"We are looking for a Big Data Engineer to join our growing team at Keystone Auto Group. You will work closely with cross-functional stakeholders to turn data into actionable insight. Key requirements include hands-on experience with dbt, AWS, SQL, Snowflake, ETL, BigQuery, and Data warehousing. The ideal candidate is comfortable working in a fast-paced, collaborative environment and has a strong track record of delivering measurable business impact. Entry-level candidates with strong internship experience are encouraged to apply."
458,Senior Software Engineer,Rustic Agritech,Remote,2026-08-03,Software Engineer,104500,"Join Rustic Agritech as a Senior Software Engineer! You'll be responsible for building and maintaining systems that rely on Git, Java, SQL, Agile, and Linux. This is a great opportunity for someone who enjoys solving complex problems and working with a talented, supportive team. 5+ years of professional experience required."
838,Data Scientist II,Clearwater Consulting,"Berlin, Germany",2026-08-03,Data Scientist,102500,"We are looking for a Data Scientist II to join our growing team at Clearwater Consulting. You will work closely with cross-functional stakeholders to turn data into actionable insight. Key requirements include hands-on experience with TensorFlow, Computer Vision, Scikit-learn, A/B testing, Machine Learning, and NLP. The ideal candidate is comfortable working in a fast-paced, collaborative environment and has a strong track record of delivering measurable business impact. Entry-level candidates with strong internship experience are encouraged to apply."
1096,BI Analyst,Pixel & Co,"Los Angeles, CA",2026-08-03,Data Analyst,80000,"Join Pixel & Co as a BI Analyst! You'll be responsible for building and maintaining systems that rely on Power BI, Statistics, SQL, Python, and Data warehousing. This is a great opportunity for someone who enjoys solving complex problems and working with a talented, supportive team. 5+ years of professional experience required."
1188,Applied ML Engineer,Bluepeak Technologies,"Bengaluru, India",2026-08-03,ML Engineer,53500,"Bluepeak Technologies is hiring a Applied ML Engineer to help scale our data capabilities. In this role you'll design, build, and maintain solutions using Scikit-learn, Python, Docker, Deep Learning, and AWS. We're looking for someone with strong problem-solving skills, excellent communication, and a passion for data-driven decision making. 5+ years of professional experience required."
232,Software Development Engineer,Lattice Biotech,"Austin, TX",2026-08-04,Software Engineer,154500,"Join Lattice Biotech as a Software Development Engineer! You'll be responsible for building and maintaining systems that rely on Linux, Kubernetes, C++, AWS, and JavaScript. This is a great opportunity for someone who enjoys solving complex problems and working with a talented, supportive team. Minimum of 2 years in a similar role."
446,Data Scientist,Junction Mobility,"Hyderabad, India",2026-08-04,Data Scientist,46000,"We are looking for a Data Scientist to join our growing team at Junction Mobility. You will work closely with cross-functional stakeholders to turn data into actionable insight. Key requirements include hands-on experience with Machine Learning, Scikit-learn, SQL, Python, Statistics, and Tableau. The ideal candidate is comfortable working in a fast-paced, collaborative environment and has a strong track record of delivering measurable business impact. Minimum of 2 years in a similar role."
1512,Lead Data Scientist,Orbit Financial Services,"Denver, CO",2026-08-04,Data Scientist,146000,"Join Orbit Financial Services as a Lead Data Scientist! You'll be responsible for building and maintaining systems that rely on Statistics, Scikit-learn, NLP, R, and Spark. This is a great opportunity for someone who enjoys solving complex problems and working with a talented, supportive team. Minimum of 2 years in a similar role."
1767,Senior ML Engineer,Harbor Robotics,"New York, NY",2026-08-04,ML Engineer,165000,"Join Harbor Robotics as a Senior ML Engineer! You'll be responsible for building and maintaining systems that rely on Machine Learning, PyTorch, TensorFlow, Azure, and Spark. This is a great opportunity for someone who enjoys solving complex problems and working with a talented, supportive team. Minimum of 2 years in a similar role."
133,Senior Data Analyst,Riverstone Tech,"Mumbai, India",2026-08-05,Data Analyst,43000,"As a Senior Data Analyst at Riverstone Tech, you will partner with engineering and product teams to deliver high-quality, reliable solutions. Required skills: Looker, Git, Power BI, and Tableau. Bonus points if you have experience mentoring junior team members and contributing to a strong engineering culture. 3+ years of relevant experience preferred."
248,Full Stack Developer,Echo Streaming,"New York, NY",2026-08-05,Software Engineer,137500,"We are looking for a Full Stack Developer to join our growing team at Echo Streaming. You will work closely with cross-functional stakeholders to turn data into actionable insight. Key requirements include hands-on experience with C++, JavaScript, Docker, and Linux. The ideal candidate is comfortable working in a fast-paced, collaborative environment and has a strong track record of delivering measurable business impact. Ideal for candidates with 4-6 years of industry experience."
786,ML Ops Engineer,Opaline Cosmetics Analytics,"Bengaluru, India",2026-08-05,ML Engineer,53500,"Opaline Cosmetics Analytics is hiring a ML Ops Engineer to help scale our data capabilities. In this role you'll design, build, and maintain solutions using Python, Computer Vision, Spark, Machine Learning, and Docker. We're looking for someone with strong problem-solving skills, excellent communication, and a passion for data-driven decision making. 5+ years of professional experience required."
1214,Senior Data Scientist,Vertex Insight Labs,"New York, NY",2026-08-05,Data Scientist,207500,"As a Senior Data Scientist at Vertex Insight Labs, you will partner with engineering and product teams to deliver high-quality, reliable solutions. Required skills: NLP, AWS, Spark, and Statistics. Bonus points if you have experience mentoring junior team members and contributing to a strong engineering culture. Entry-level candidates with strong internship experience are encouraged to apply."
1625,Research Data Scientist,Anchor Payments,"London, UK",2026-08-05,Data Scientist,135000,"Join Anchor Payments as a Research Data Scientist! You'll be responsible for building and maintaining systems that rely on Python, Deep Learning, PyTorch, and SQL. This is a great opportunity for someone who enjoys solving complex problems and working with a talented, supportive team. Ideal for candidates with 4-6 years of industry experience."
1780,ML Ops Engineer,Evergreen Logistics,"Pune, India",2026-08-05,ML Engineer,41500,"Join Evergreen Logistics as a ML Ops Engineer! You'll be responsible for building and maintaining systems that rely on Azure, NLP, Docker, Scikit-learn, and Python. This is a great opportunity for someone who enjoys solving complex problems and working with a talented, supportive team. 5+ years of professional experience required."
173,Platform Engineer,Lattice Biotech,"Pune, India",2026-08-06,Software Engineer,30000,"We are looking for a Platform Engineer to join our growing team at Lattice Biotech. You will work closely with cross-functional stakeholders to turn data into actionable insight. Key requirements include hands-on experience with JavaScript, Git, PostgreSQL, Python, AWS, and Linux. The ideal candidate is comfortable working in a fast-paced, collaborative environment and has a strong track record of delivering measurable business impact. Entry-level candidates with strong internship experience are encouraged to apply."
669,Data Analyst,Willow Health Systems,"Bengaluru, India",2026-08-06,Data Analyst,29000,"Join Willow Health Systems as a Data Analyst! You'll be responsible for building and maintaining systems that rely on Git, Statistics, SQL, Data warehousing, Tableau, Python, and Power BI. This is a great opportunity for someone who enjoys solving complex problems and working with a talented, supportive team. 3+ years of relevant experience preferred."
1446,Data Scientist,Redwood Bank,"New York, NY",2026-08-06,Data Scientist,180000,"As a Data Scientist at Redwood Bank, you will partner with engineering and product teams to deliver high-quality, reliable solutions. Required skills: AWS, Python, Statistics, Computer Vision, and SQL. Bonus points if you have experience mentoring junior team members and contributing to a strong engineering culture. Ideal for candidates with 4-6 years of industry experience."
1569,Senior ML Engineer,Bluepeak Technologies,Remote,2026-08-06,ML Engineer,167500,"Join Bluepeak Technologies as a Senior ML Engineer! You'll be responsible for building and maintaining systems that rely on Kubernetes, TensorFlow, Docker, Spark, and Machine Learning. This is a great opportunity for someone who enjoys solving complex problems and working with a talented, supportive team. Ideal for candidates with 4-6 years of industry experience."
1626,Data Scientist,Zenith Aerospace,"Toronto, Canada",2026-08-06,Data Scientist,123500,"Zenith Aerospace is hiring a Data Scientist to help scale our data capabilities. In this role you'll design, build, and maintain solutions using Statistics, PyTorch, TensorFlow, Power BI, SQL, and Python. We're looking for someone with strong problem-solving skills, excellent communication, and a passion for data-driven decision making. 5+ years of professional experience required."
1843,Applied ML Engineer,Junction Mobility,"New York, NY",2026-08-06,ML Engineer,195000,"We are looking for a Applied ML Engineer to join our growing team at Junction Mobility. You will work closely with cross-functional stakeholders to turn data into actionable insight. Key requirements include hands-on experience with PyTorch, TensorFlow, Machine Learning, Python, Docker, and Airflow. The ideal candidate is comfortable working in a fast-paced, collaborative environment and has a strong track record of delivering measurable business impact. Minimum of 2 years in a similar role."
51,Senior Data Scientist,Clearwater Consulting,"Dublin, Ireland",2026-08-07,Data Scientist,112000,"As a Senior Data Scientist at Clearwater Consulting, you will partner with engineering and product teams to deliver high-quality, reliable solutions. Required skills: PyTorch, NLP, SQL, Machine Learning, and Computer Vision. Bonus points if you have experience mentoring junior team members and contributing to a strong engineering culture. Minimum of 2 years in a similar role."
148,Machine Learning Engineer,Lattice Biotech,"Seattle, WA",2026-08-07,ML Engineer,170000,"Join Lattice Biotech as a Machine Learning Engineer! You'll be responsible for building and maintaining systems that rely on Kubernetes, Azure, PyTorch, AWS, Git, and Python. This is a great opportunity for someone who enjoys solving complex problems and working with a talented, supportive team. Entry-level candidates with strong internship experience are encouraged to apply."
1980,Full Stack Developer,Brightline Education,Remote,2026-08-07,Software Engineer,98500,"As a Full Stack Developer at Brightline Education, you will partner with engineering and product teams to deliver high-quality, reliable solutions. Required skills: REST API, Agile, JavaScript, Linux, Python, MongoDB, and SQL. Bonus points if you have experience mentoring junior team members and contributing to a strong engineering culture. Entry-level candidates with strong internship experience are encouraged to apply."
683,Business Data Analyst,DataForge Inc,Remote,2026-08-08,Data Analyst,88000,"We are looking for a Business Data Analyst to join our growing team at DataForge Inc. You will work closely with cross-functional stakeholders to turn data into actionable insight. Key requirements include hands-on experience with Power BI, Tableau, Looker, R, and Statistics. The ideal candidate is comfortable working in a fast-paced, collaborative environment and has a strong track record of delivering measurable business impact. 5+ years of professional experience required."
741,Senior Software Engineer,Delta Freight Systems,Remote,2026-08-08,Software Engineer,103500,"Delta Freight Systems is hiring a Senior Software Engineer to help scale our data capabilities. In this role you'll design, build, and maintain solutions using Git, NoSQL, Docker, and REST API. We're looking for someone with strong problem-solving skills, excellent communication, and a passion for data-driven decision making. Ideal for candidates with 4-6 years of industry experience."
1461,Business Data Analyst,Gridline Utilities,"New York, NY",2026-08-08,Data Analyst,110000,"Gridline Utilities is hiring a Business Data Analyst to help scale our data capabilities. In this role you'll design, build, and maintain solutions using Git, Power BI, Google Cloud Platform, Excel, and Looker. We're looking for someone with strong problem-solving skills, excellent communication, and a passion for data-driven decision making. 5+ years of professional experience required."
1539,Software Engineer,Sable Energy,"San Francisco, CA",2026-08-08,Software Engineer,153500,"Sable Energy is hiring a Software Engineer to help scale our data capabilities. In this role you'll design, build, and maintain solutions using Python, JavaScript, SQL, REST API, and Agile. We're looking for someone with strong problem-solving skills, excellent communication, and a passion for data-driven decision making. Entry-level candidates with strong internship experience are encouraged to apply."
1755,Senior Software Engineer,Redwood Bank,Remote,2026-08-08,Software Engineer,117500,"Join Redwood Bank as a Senior Software Engineer! You'll be responsible for building and maintaining systems that rely on JavaScript, AWS, Agile, C++, REST API, and Docker. This is a great opportunity for someone who enjoys solving complex problems and working with a talented, supportive team. Minimum of 2 years in a similar role."
113,Lead Data Scientist,Echo Streaming,"Hyderabad, India",2026-08-09,Data Scientist,50000,"Join Echo Streaming as a Lead Data Scientist! You'll be responsible for building and maintaining systems that rely on R, Statistics, TensorFlow, Machine Learning, SQL, and Computer Vision. This is a great opportunity for someone who enjoys solving complex problems and working with a talented, supportive team. 3+ years of relevant experience preferred."
495,Applied Data Scientist,Juniper Cybersecurity,"Los Angeles, CA",2026-08-09,Data Scientist,186000,"Juniper Cybersecurity seeks an experienced Applied Data Scientist to support our expanding analytics function. Day-to-day responsibilities include working with Scikit-learn, SQL, Deep Learning, and Python to build scalable, production-grade systems. We value curiosity, ownership, and clear communication. Entry-level candidates with strong internship experience are encouraged to apply."
1505,BI Analyst,Willow Health Systems,"Los Angeles, CA",2026-08-09,Data Analyst,105000,"As a BI Analyst at Willow Health Systems, you will partner with engineering and product teams to deliver high-quality, reliable solutions. Required skills: SQL, Statistics, MongoDB, Git, and Power BI. Bonus points if you have experience mentoring junior team members and contributing to a strong engineering culture. 3+ years of relevant experience preferred."
1645,Full Stack Developer,Meridian Health Analytics,"Hyderabad, India",2026-08-09,Software Engineer,43000,"Meridian Health Analytics seeks an experienced Full Stack Developer to support our expanding analytics function. Day-to-day responsibilities include working with Git, Python, JavaScript, and C++ to build scalable, production-grade systems. We value curiosity, ownership, and clear communication. 3+ years of relevant experience preferred."
20,Software Engineer,Gridline Utilities,"Boston, MA",2026-08-10,Software Engineer,156000,"As a Software Engineer at Gridline Utilities, you will partner with engineering and product teams to deliver high-quality, reliable solutions. Required skills: Python, Kubernetes, Git, and Docker. Bonus points if you have experience mentoring junior team members and contributing to a strong engineering culture. 5+ years of professional experience required."
701,Senior Software Engineer,Opaline Cosmetics Analytics,"Austin, TX",2026-08-10,Software Engineer,134500,"Join Opaline Cosmetics Analytics as a Senior Software Engineer! You'll be responsible for building and maintaining systems that rely on REST API, JavaScript, MongoDB, Agile, Kubernetes, and Java. This is a great opportunity for someone who enjoys solving complex problems and working with a talented, supportive team. Entry-level candidates with strong internship experience are encouraged to apply."
1825,Machine Learning Engineer,Hilltop Ventures,"Toronto, Canada",2026-08-10,ML Engineer,139500,"Hilltop Ventures is hiring a Machine Learning Engineer to help scale our data capabilities. In this role you'll design, build, and maintain solutions using PyTorch, Python, Docker, and Spark. We're looking for someone with strong problem-solving skills, excellent communication, and a passion for data-driven decision making. 5+ years of professional experience required."
328,Reporting Analyst,Delta Freight Systems,"Los Angeles, CA",2026-08-11,Data Analyst,98000,"Join Delta Freight Systems as a Reporting Analyst! You'll be responsible for building and maintaining systems that rely on Looker, Python, Tableau, SQL, Excel, and A/B testing. This is a great opportunity for someone who enjoys solving complex problems and working with a talented, supportive team. 5+ years of professional experience required."
581,Cloud Data Engineer,Prism Media Analytics,"Los Angeles, CA",2026-08-11,Data Engineer,156000,"We are looking for a Cloud Data Engineer to join our growing team at Prism Media Analytics. You will work closely with cross-functional stakeholders to turn data into actionable insight. Key requirements include hands-on experience with BigQuery, Spark, Kafka, Airflow, ETL, Python, and Google Cloud Platform. The ideal candidate is comfortable working in a fast-paced, collaborative environment and has a strong track record of delivering measurable business impact. Ideal for candidates with 4-6 years of industry experience."
824,Senior Data Scientist,Nimbus Analytics,"New York, NY",2026-08-11,Data Scientist,157000,"Nimbus Analytics seeks an experienced Senior Data Scientist to support our expanding analytics function. Day-to-day responsibilities include working with AWS, PyTorch, SQL, Deep Learning, and Spark to build scalable, production-grade systems. We value curiosity, ownership, and clear communication. Minimum of 2 years in a similar role."
1441,Marketing Data Analyst,Skyline Software,"San Francisco, CA",2026-08-11,Data Analyst,78000,"We are looking for a Marketing Data Analyst to join our growing team at Skyline Software. You will work closely with cross-functional stakeholders to turn data into actionable insight. Key requirements include hands-on experience with Excel, Tableau, Statistics, SQL, Power BI, ETL, and Git. The ideal candidate is comfortable working in a fast-paced, collaborative environment and has a strong track record of delivering measurable business impact. Minimum of 2 years in a similar role."
1694,Full Stack Developer,Summit Cloud Solutions,"Pune, India",2026-08-11,Software Engineer,40500,"As a Full Stack Developer at Summit Cloud Solutions, you will partner with engineering and product teams to deliver high-quality, reliable solutions. Required skills: MongoDB, JavaScript, SQL, Docker, Java, and Git. Bonus points if you have experience mentoring junior team members and contributing to a strong engineering culture. Entry-level candidates with strong internship experience are encouraged to apply."
1737,Senior ML Engineer,Harbor Robotics,"Denver, CO",2026-08-11,ML Engineer,146500,"As a Senior ML Engineer at Harbor Robotics, you will partner with engineering and product teams to deliver high-quality, reliable solutions. Required skills: Machine Learning, Docker, NLP, TensorFlow, Deep Learning, PyTorch, and Azure. Bonus points if you have experience mentoring junior team members and contributing to a strong engineering culture. 5+ years of professional experience required."
1861,Senior Data Scientist,Lattice Biotech,"Seattle, WA",2026-08-11,Data Scientist,149500,"As a Senior Data Scientist at Lattice Biotech, you will partner with engineering and product teams to deliver high-quality, reliable solutions. Required skills: Spark, Tableau, SQL, Machine Learning, and Python. Bonus points if you have experience mentoring junior team members and contributing to a strong engineering culture. Ideal for candidates with 4-6 years of industry experience."
99,Senior ML Engineer,Nova Insurance,"Austin, TX",2026-08-12,ML Engineer,156500,"As a Senior ML Engineer at Nova Insurance, you will partner with engineering and product teams to deliver high-quality, reliable solutions. Required skills: PyTorch, Machine Learning, Computer Vision, Kubernetes, and Docker. Bonus points if you have experience mentoring junior team members and contributing to a strong engineering culture. 3+ years of relevant experience preferred."
636,Analytics Engineer,Fenwick Pharma,"Austin, TX",2026-08-12,Data Engineer,121000,"We are looking for a Analytics Engineer to join our growing team at Fenwick Pharma. You will work closely with cross-functional stakeholders to turn data into actionable insight. Key requirements include hands-on experience with BigQuery, AWS, Redshift, and Python. The ideal candidate is comfortable working in a fast-paced, collaborative environment and has a strong track record of delivering measurable business impact. Ideal for candidates with 4-6 years of industry experience."
869,Business Data Analyst,Marlin Shipping,"Pune, India",2026-08-12,Data Analyst,20000,"We are looking for a Business Data Analyst to join our growing team at Marlin Shipping. You will work closely with cross-functional stakeholders to turn data into actionable insight. Key requirements include hands-on experience with Power BI, SQL, Data warehousing, Statistics, and Excel. The ideal candidate is comfortable working in a fast-paced, collaborative environment and has a strong track record of delivering measurable business impact. 5+ years of professional experience required."
1436,Senior Data Scientist,Lattice Biotech,"Hyderabad, India",2026-08-12,Data Scientist,50000,"As a Senior Data Scientist at Lattice Biotech, you will partner with engineering and product teams to deliver high-quality, reliable solutions. Required skills: AWS, Deep Learning, A/B testing, Tableau, Python, and PyTorch. Bonus points if you have experience mentoring junior team members and contributing to a strong engineering culture. 3+ years of relevant experience preferred."
652,Senior Software Engineer,Junction Mobility,"Mumbai, India",2026-08-13,Software Engineer,45000,"Junction Mobility seeks an experienced Senior Software Engineer to support our expanding analytics function. Day-to-day responsibilities include working with SQL, Java, PostgreSQL, Git, and AWS to build scalable, production-grade systems. We value curiosity, ownership, and clear communication. Ideal for candidates with 4-6 years of industry experience."
1149,Applied ML Engineer,Summit Cloud Solutions,"San Francisco, CA",2026-08-13,ML Engineer,194500,"Join Summit Cloud Solutions as a Applied ML Engineer! You'll be responsible for building and maintaining systems that rely on NLP, AWS, TensorFlow, and Docker. This is a great opportunity for someone who enjoys solving complex problems and working with a talented, supportive team. Entry-level candidates with strong internship experience are encouraged to apply."
1218,Data Scientist,Prism Media Analytics,"Pune, India",2026-08-13,Data Scientist,45000,"Prism Media Analytics is hiring a Data Scientist to help scale our data capabilities. In this role you'll design, build, and maintain solutions using SQL, Machine Learning, A/B testing, Scikit-learn, Statistics, AWS, and Python. We're looking for someone with strong problem-solving skills, excellent communication, and a passion for data-driven decision making. Minimum of 2 years in a similar role."
1335,Business Data Analyst,Orbit Financial Services,"Denver, CO",2026-08-13,Data Analyst,58000,"We are looking for a Business Data Analyst to join our growing team at Orbit Financial Services. You will work closely with cross-functional stakeholders to turn data into actionable insight. Key requirements include hands-on experience with SQL, Power BI, Python, Excel, and Tableau. The ideal candidate is comfortable working in a fast-paced, collaborative environment and has a strong track record of delivering measurable business impact. 5+ years of professional experience required."
1371,Senior Data Analyst,Onyx Manufacturing,"New York, NY",2026-08-13,Data Analyst,101000,"Onyx Manufacturing is hiring a Senior Data Analyst to help scale our data capabilities. In this role you'll design, build, and maintain solutions using Excel, A/B testing, SQL, and MongoDB. We're looking for someone with strong problem-solving skills, excellent communication, and a passion for data-driven decision making. Entry-level candidates with strong internship experience are encouraged to apply."
1729,BI Analyst,Prism Media Analytics,"Berlin, Germany",2026-08-13,Data Analyst,65500,"As a BI Analyst at Prism Media Analytics, you will partner with engineering and product teams to deliver high-quality, reliable solutions. Required skills: Looker, Excel, Power BI, SQL, and Google Cloud Platform. Bonus points if you have experience mentoring junior team members and contributing to a strong engineering culture. Entry-level candidates with strong internship experience are encouraged to apply."
1989,Marketing Data Analyst,Northwind Digital,"New York, NY",2026-08-13,Data Analyst,106000,"Join Northwind Digital as a Marketing Data Analyst! You'll be responsible for building and maintaining systems that rely on Power BI, Excel, R, Statistics, ETL, and Looker. This is a great opportunity for someone who enjoys solving complex problems and working with a talented, supportive team. 3+ years of relevant experience preferred."
290,AI Engineer,Fenwick Pharma,"Delhi, India",2026-08-14,ML Engineer,64000,"As a AI Engineer at Fenwick Pharma, you will partner with engineering and product teams to deliver high-quality, reliable solutions. Required skills: Deep Learning, Airflow, Machine Learning, TensorFlow, PyTorch, and Kubernetes. Bonus points if you have experience mentoring junior team members and contributing to a strong engineering culture. Entry-level candidates with strong internship experience are encouraged to apply."
600,Software Engineer,Prism Media Analytics,"Denver, CO",2026-08-14,Software Engineer,115000,"Join Prism Media Analytics as a Software Engineer! You'll be responsible for building and maintaining systems that rely on C++, SQL, Git, Docker, and NoSQL. This is a great opportunity for someone who enjoys solving complex problems and working with a talented, supportive team. Entry-level candidates with strong internship experience are encouraged to apply."
949,Machine Learning Engineer,Northwind Digital,"Chicago, IL",2026-08-14,ML Engineer,134000,"We are looking for a Machine Learning Engineer to join our growing team at Northwind Digital. You will work closely with cross-functional stakeholders to turn data into actionable insight. Key requirements include hands-on experience with Kubernetes, Machine Learning, Computer Vision, and Deep Learning. The ideal candidate is comfortable working in a fast-paced, collaborative environment and has a strong track record of delivering measurable business impact. Ideal for candidates with 4-6 years of industry experience."
1363,AI Engineer,DataForge Inc,"Pune, India",2026-08-14,ML Engineer,51500,"DataForge Inc is hiring a AI Engineer to help scale our data capabilities. In this role you'll design, build, and maintain solutions using PyTorch, Azure, Docker, Scikit-learn, Machine Learning, and AWS. We're looking for someone with strong problem-solving skills, excellent communication, and a passion for data-driven decision making. 5+ years of professional experience required."
1481,Data Analyst,Granite Data Partners,"New York, NY",2026-08-14,Data Analyst,75500,"We are looking for a Data Analyst to join our growing team at Granite Data Partners. You will work closely with cross-functional stakeholders to turn data into actionable insight. Key requirements include hands-on experience with Power BI, SQL, Python, Data warehousing, and Looker. The ideal candidate is comfortable working in a fast-paced, collaborative environment and has a strong track record of delivering measurable business impact. 5+ years of professional experience required."
1730,Platform Engineer,Onyx Manufacturing,"Mumbai, India",2026-08-14,Software Engineer,32500,"Onyx Manufacturing seeks an experienced Platform Engineer to support our expanding analytics function. Day-to-day responsibilities include working with Git, PostgreSQL, C++, Agile, REST API, AWS, and MongoDB to build scalable, production-grade systems. We value curiosity, ownership, and clear communication. Minimum of 2 years in a similar role."
1871,Lead Data Scientist,Falcon FinTech,"London, UK",2026-08-14,Data Scientist,126000,"Join Falcon FinTech as a Lead Data Scientist! You'll be responsible for building and maintaining systems that rely on A/B testing, Machine Learning, SQL, and Statistics. This is a great opportunity for someone who enjoys solving complex problems and working with a talented, supportive team. 5+ years of professional experience required."
684,Senior ML Engineer,Nectar Foods,"Los Angeles, CA",2026-08-15,ML Engineer,159500,"We are looking for a Senior ML Engineer to join our growing team at Nectar Foods. You will work closely with cross-functional stakeholders to turn data into actionable insight. Key requirements include hands-on experience with Machine Learning, Docker, TensorFlow, Python, and Spark. The ideal candidate is comfortable working in a fast-paced, collaborative environment and has a strong track record of delivering measurable business impact. Entry-level candidates with strong internship experience are encouraged to apply."
1126,Reporting Analyst,Willow Health Systems,"New York, NY",2026-08-15,Data Analyst,97000,"Willow Health Systems seeks an experienced Reporting Analyst to support our expanding analytics function. Day-to-day responsibilities include working with SQL, Statistics, ETL, Looker, and Tableau to build scalable, production-grade systems. We value curiosity, ownership, and clear communication. Ideal for candidates with 4-6 years of industry experience."
1284,Lead Data Scientist,Summit Cloud Solutions,"Delhi, India",2026-08-15,Data Scientist,51500,"Join Summit Cloud Solutions as a Lead Data Scientist! You'll be responsible for building and maintaining systems that rely on Scikit-learn, Python, Machine Learning, SQL, Deep Learning, and Statistics. This is a great opportunity for someone who enjoys solving complex problems and working with a talented, supportive team. 3+ years of relevant experience preferred."
1794,Research Data Scientist,Zenith Aerospace,"Chicago, IL",2026-08-15,Data Scientist,116000,"We are looking for a Research Data Scientist to join our growing team at Zenith Aerospace. You will work closely with cross-functional stakeholders to turn data into actionable insight. Key requirements include hands-on experience with Python, Machine Learning, Spark, Statistics, Deep Learning, AWS, and Power BI. The ideal candidate is comfortable working in a fast-paced, collaborative environment and has a strong track record of delivering measurable business impact. Minimum of 2 years in a similar role."
623,Big Data Engineer,Summit Cloud Solutions,"New York, NY",2026-08-16,Data Engineer,171500,"Join Summit Cloud Solutions as a Big Data Engineer! You'll be responsible for building and maintaining systems that rely on Spark, Azure, Python, and NoSQL. This is a great opportunity for someone who enjoys solving complex problems and working with a talented, supportive team. 3+ years of relevant experience preferred."
678,Big Data Engineer,Gridline Utilities,"Seattle, WA",2026-08-16,Data Engineer,151500,"Gridline Utilities is hiring a Big Data Engineer to help scale our data capabilities. In this role you'll design, build, and maintain solutions using Airflow, SQL, Spark, NoSQL, Docker, and Redshift. We're looking for someone with strong problem-solving skills, excellent communication, and a passion for data-driven decision making. Minimum of 2 years in a similar role."
1248,Lead Data Scientist,Prism Media Analytics,"Mumbai, India",2026-08-16,Data Scientist,48000,"Prism Media Analytics seeks an experienced Lead Data Scientist to support our expanding analytics function. Day-to-day responsibilities include working with Python, Machine Learning, PyTorch, Scikit-learn, and NLP to build scalable, production-grade systems. We value curiosity, ownership, and clear communication. 3+ years of relevant experience preferred."
67,Senior Data Engineer,Orbit Financial Services,"Pune, India",2026-08-17,Data Engineer,45500,"Orbit Financial Services seeks an experienced Senior Data Engineer to support our expanding analytics function. Day-to-day responsibilities include working with dbt, Google Cloud Platform, Python, and Snowflake to build scalable, production-grade systems. We value curiosity, ownership, and clear communication. Entry-level candidates with strong internship experience are encouraged to apply."
1460,ML Ops Engineer,Hilltop Ventures,"Hyderabad, India",2026-08-17,ML Engineer,67500,"Join Hilltop Ventures as a ML Ops Engineer! You'll be responsible for building and maintaining systems that rely on Scikit-learn, PyTorch, TensorFlow, Spark, and Docker. This is a great opportunity for someone who enjoys solving complex problems and working with a talented, supportive team. 5+ years of professional experience required."
1556,Business Data Analyst,Cortex Systems,"Berlin, Germany",2026-08-17,Data Analyst,68500,"Cortex Systems seeks an experienced Business Data Analyst to support our expanding analytics function. Day-to-day responsibilities include working with Excel, Data warehousing, A/B testing, Statistics, Power BI, and Git to build scalable, production-grade systems. We value curiosity, ownership, and clear communication. Ideal for candidates with 4-6 years of industry experience."
1935,Lead Data Scientist,Quantum Retail Group,Remote,2026-08-17,Data Scientist,147000,"As a Lead Data Scientist at Quantum Retail Group, you will partner with engineering and product teams to deliver high-quality, reliable solutions. Required skills: Python, Spark, A/B testing, NLP, and Statistics. Bonus points if you have experience mentoring junior team members and contributing to a strong engineering culture. Entry-level candidates with strong internship experience are encouraged to apply."
124,Big Data Engineer,Anchor Payments,"Chicago, IL",2026-08-18,Data Engineer,125000,"As a Big Data Engineer at Anchor Payments, you will partner with engineering and product teams to deliver high-quality, reliable solutions. Required skills: ETL, Spark, Hadoop, dbt, BigQuery, and Snowflake. Bonus points if you have experience mentoring junior team members and contributing to a strong engineering culture. Ideal for candidates with 4-6 years of industry experience."
299,Deep Learning Engineer,Bluepeak Technologies,"Atlanta, GA",2026-08-18,ML Engineer,104500,"Join Bluepeak Technologies as a Deep Learning Engineer! You'll be responsible for building and maintaining systems that rely on Spark, NLP, Git, PyTorch, and TensorFlow. This is a great opportunity for someone who enjoys solving complex problems and working with a talented, supportive team. 3+ years of relevant experience preferred."
469,Senior Software Engineer,Orbit Financial Services,"New York, NY",2026-08-18,Software Engineer,158000,"We are looking for a Senior Software Engineer to join our growing team at Orbit Financial Services. You will work closely with cross-functional stakeholders to turn data into actionable insight. Key requirements include hands-on experience with AWS, MongoDB, Python, Docker, Git, Agile, and PostgreSQL. The ideal candidate is comfortable working in a fast-paced, collaborative environment and has a strong track record of delivering measurable business impact. 5+ years of professional experience required."
547,Data Analyst,Quicksilver Payments,"Pune, India",2026-08-18,Data Analyst,29000,"As a Data Analyst at Quicksilver Payments, you will partner with engineering and product teams to deliver high-quality, reliable solutions. Required skills: R, Looker, Excel, Google Cloud Platform, SQL, and Data warehousing. Bonus points if you have experience mentoring junior team members and contributing to a strong engineering culture. 5+ years of professional experience required."
1261,ETL Developer,Redwood Bank,"Pune, India",2026-08-18,Data Engineer,48500,"We are looking for a ETL Developer to join our growing team at Redwood Bank. You will work closely with cross-functional stakeholders to turn data into actionable insight. Key requirements include hands-on experience with dbt, ETL, AWS, Redshift, Azure, and Python. The ideal candidate is comfortable working in a fast-paced, collaborative environment and has a strong track record of delivering measurable business impact. 5+ years of professional experience required."
676,Big Data Engineer,Orbit Financial Services,"Boston, MA",2026-08-19,Data Engineer,156000,"As a Big Data Engineer at Orbit Financial Services, you will partner with engineering and product teams to deliver high-quality, reliable solutions. Required skills: ETL, Spark, NoSQL, Python, and Snowflake. Bonus points if you have experience mentoring junior team members and contributing to a strong engineering culture. 5+ years of professional experience required."
782,Lead Data Scientist,Harbor Robotics,Remote,2026-08-19,Data Scientist,121000,"We are looking for a Lead Data Scientist to join our growing team at Harbor Robotics. You will work closely with cross-functional stakeholders to turn data into actionable insight. Key requirements include hands-on experience with Deep Learning, SQL, TensorFlow, and A/B testing. The ideal candidate is comfortable working in a fast-paced, collaborative environment and has a strong track record of delivering measurable business impact. Minimum of 2 years in a similar role."
1717,ML Ops Engineer,Prism Media Analytics,"Austin, TX",2026-08-19,ML Engineer,176500,"Prism Media Analytics is hiring a ML Ops Engineer to help scale our data capabilities. In this role you'll design, build, and maintain solutions using NLP, PyTorch, Scikit-learn, TensorFlow, and Docker. We're looking for someone with strong problem-solving skills, excellent communication, and a passion for data-driven decision making. Entry-level candidates with strong internship experience are encouraged to apply."
