job_id,skill,category,role_category,location,posted_date
213,Python,Programming Language,Data Scientist,Remote,2025-08-19
213,SQL,Programming Language,Data Scientist,Remote,2025-08-19
213,Machine Learning,Machine Learning & AI,Data Scientist,Remote,2025-08-19
213,Computer Vision,Machine Learning & AI,Data Scientist,Remote,2025-08-19
213,Statistics,Analytics,Data Scientist,Remote,2025-08-19
213,A/B Testing,Analytics,Data Scientist,Remote,2025-08-19
238,Python,Programming Language,Data Analyst,"Los Angeles, CA",2025-08-19
238,SQL,Programming Language,Data Analyst,"Los Angeles, CA",2025-08-19
238,Excel,BI & Visualization,Data Analyst,"Los Angeles, CA",2025-08-19
238,Power BI,BI & Visualization,Data Analyst,"Los Angeles, CA",2025-08-19
238,Git,DevOps,Data Analyst,"Los Angeles, CA",2025-08-19
238,Data Warehousing,Data Engineering,Data Analyst,"Los Angeles, CA",2025-08-19
238,MongoDB,Databases,Data Analyst,"Los Angeles, CA",2025-08-19
419,Python,Programming Language,Data Scientist,"Berlin, Germany",2025-08-19
419,R,Programming Language,Data Scientist,"Berlin, Germany",2025-08-19
419,Deep Learning,Machine Learning & AI,Data Scientist,"Berlin, Germany",2025-08-19
419,TensorFlow,Machine Learning & AI,Data Scientist,"Berlin, Germany",2025-08-19
419,Scikit-learn,Machine Learning & AI,Data Scientist,"Berlin, Germany",2025-08-19
419,NLP,Machine Learning & AI,Data Scientist,"Berlin, Germany",2025-08-19
419,A/B Testing,Analytics,Data Scientist,"Berlin, Germany",2025-08-19
1009,Python,Programming Language,Data Analyst,"Seattle, WA",2025-08-19
1009,SQL,Programming Language,Data Analyst,"Seattle, WA",2025-08-19
1009,Excel,BI & Visualization,Data Analyst,"Seattle, WA",2025-08-19
1009,Power BI,BI & Visualization,Data Analyst,"Seattle, WA",2025-08-19
1009,GCP,Cloud,Data Analyst,"Seattle, WA",2025-08-19
1208,Python,Programming Language,Data Analyst,"Pune, India",2025-08-19
1208,Excel,BI & Visualization,Data Analyst,"Pune, India",2025-08-19
1208,Power BI,BI & Visualization,Data Analyst,"Pune, India",2025-08-19
1208,Tableau,BI & Visualization,Data Analyst,"Pune, India",2025-08-19
1208,GCP,Cloud,Data Analyst,"Pune, India",2025-08-19
1208,Git,DevOps,Data Analyst,"Pune, India",2025-08-19
1208,Data Warehousing,Data Engineering,Data Analyst,"Pune, India",2025-08-19
1333,Python,Programming Language,Data Engineer,"Berlin, Germany",2025-08-19
1333,Redshift,Cloud & Data Warehousing,Data Engineer,"Berlin, Germany",2025-08-19
1333,BigQuery,Cloud & Data Warehousing,Data Engineer,"Berlin, Germany",2025-08-19
1333,Spark,Big Data,Data Engineer,"Berlin, Germany",2025-08-19
1333,ETL,Data Engineering,Data Engineer,"Berlin, Germany",2025-08-19
1333,NoSQL,Databases,Data Engineer,"Berlin, Germany",2025-08-19
1692,Python,Programming Language,Data Analyst,"Hyderabad, India",2025-08-19
1692,SQL,Programming Language,Data Analyst,"Hyderabad, India",2025-08-19
1692,Looker,BI & Visualization,Data Analyst,"Hyderabad, India",2025-08-19
1692,GCP,Cloud,Data Analyst,"Hyderabad, India",2025-08-19
1692,A/B Testing,Analytics,Data Analyst,"Hyderabad, India",2025-08-19
336,Python,Programming Language,Data Analyst,"San Francisco, CA",2025-08-20
336,R,Programming Language,Data Analyst,"San Francisco, CA",2025-08-20
336,Excel,BI & Visualization,Data Analyst,"San Francisco, CA",2025-08-20
336,Power BI,BI & Visualization,Data Analyst,"San Francisco, CA",2025-08-20
336,Tableau,BI & Visualization,Data Analyst,"San Francisco, CA",2025-08-20
336,Statistics,Analytics,Data Analyst,"San Francisco, CA",2025-08-20
336,Data Warehousing,Data Engineering,Data Analyst,"San Francisco, CA",2025-08-20
386,Python,Programming Language,Data Scientist,"Seattle, WA",2025-08-20
386,SQL,Programming Language,Data Scientist,"Seattle, WA",2025-08-20
386,AWS,Cloud,Data Scientist,"Seattle, WA",2025-08-20
386,Machine Learning,Machine Learning & AI,Data Scientist,"Seattle, WA",2025-08-20
386,TensorFlow,Machine Learning & AI,Data Scientist,"Seattle, WA",2025-08-20
386,A/B Testing,Analytics,Data Scientist,"Seattle, WA",2025-08-20
434,Python,Programming Language,Data Analyst,"San Francisco, CA",2025-08-20
434,Excel,BI & Visualization,Data Analyst,"San Francisco, CA",2025-08-20
434,Power BI,BI & Visualization,Data Analyst,"San Francisco, CA",2025-08-20
434,GCP,Cloud,Data Analyst,"San Francisco, CA",2025-08-20
434,Statistics,Analytics,Data Analyst,"San Francisco, CA",2025-08-20
556,Python,Programming Language,ML Engineer,Singapore,2025-08-20
556,Azure,Cloud,ML Engineer,Singapore,2025-08-20
556,Kubernetes,DevOps,ML Engineer,Singapore,2025-08-20
556,Machine Learning,Machine Learning & AI,ML Engineer,Singapore,2025-08-20
556,Deep Learning,Machine Learning & AI,ML Engineer,Singapore,2025-08-20
556,Computer Vision,Machine Learning & AI,ML Engineer,Singapore,2025-08-20
765,Python,Programming Language,ML Engineer,"Pune, India",2025-08-20
765,AWS,Cloud,ML Engineer,"Pune, India",2025-08-20
765,Azure,Cloud,ML Engineer,"Pune, India",2025-08-20
765,Kubernetes,DevOps,ML Engineer,"Pune, India",2025-08-20
765,Machine Learning,Machine Learning & AI,ML Engineer,"Pune, India",2025-08-20
1352,Python,Programming Language,Data Analyst,"Los Angeles, CA",2025-08-20
1352,SQL,Programming Language,Data Analyst,"Los Angeles, CA",2025-08-20
1352,Power BI,BI & Visualization,Data Analyst,"Los Angeles, CA",2025-08-20
1352,Tableau,BI & Visualization,Data Analyst,"Los Angeles, CA",2025-08-20
1352,A/B Testing,Analytics,Data Analyst,"Los Angeles, CA",2025-08-20
1352,Data Warehousing,Data Engineering,Data Analyst,"Los Angeles, CA",2025-08-20
1487,SQL,Programming Language,Data Scientist,"London, UK",2025-08-20
1487,NLP,Machine Learning & AI,Data Scientist,"London, UK",2025-08-20
1487,Computer Vision,Machine Learning & AI,Data Scientist,"London, UK",2025-08-20
1487,Statistics,Analytics,Data Scientist,"London, UK",2025-08-20
1749,Python,Programming Language,Data Scientist,"Chicago, IL",2025-08-20
1749,Spark,Big Data,Data Scientist,"Chicago, IL",2025-08-20
1749,Machine Learning,Machine Learning & AI,Data Scientist,"Chicago, IL",2025-08-20
1749,Scikit-learn,Machine Learning & AI,Data Scientist,"Chicago, IL",2025-08-20
1749,Computer Vision,Machine Learning & AI,Data Scientist,"Chicago, IL",2025-08-20
1749,Statistics,Analytics,Data Scientist,"Chicago, IL",2025-08-20
1749,A/B Testing,Analytics,Data Scientist,"Chicago, IL",2025-08-20
382,Python,Programming Language,Data Scientist,"Mumbai, India",2025-08-21
382,SQL,Programming Language,Data Scientist,"Mumbai, India",2025-08-21
382,Machine Learning,Machine Learning & AI,Data Scientist,"Mumbai, India",2025-08-21
382,TensorFlow,Machine Learning & AI,Data Scientist,"Mumbai, India",2025-08-21
382,PyTorch,Machine Learning & AI,Data Scientist,"Mumbai, India",2025-08-21
382,Statistics,Analytics,Data Scientist,"Mumbai, India",2025-08-21
382,A/B Testing,Analytics,Data Scientist,"Mumbai, India",2025-08-21
489,Python,Programming Language,Data Analyst,"New York, NY",2025-08-21
489,R,Programming Language,Data Analyst,"New York, NY",2025-08-21
489,SQL,Programming Language,Data Analyst,"New York, NY",2025-08-21
489,Excel,BI & Visualization,Data Analyst,"New York, NY",2025-08-21
489,Power BI,BI & Visualization,Data Analyst,"New York, NY",2025-08-21
489,Statistics,Analytics,Data Analyst,"New York, NY",2025-08-21
489,Data Warehousing,Data Engineering,Data Analyst,"New York, NY",2025-08-21
1130,SQL,Programming Language,Data Analyst,"Mumbai, India",2025-08-21
1130,Power BI,BI & Visualization,Data Analyst,"Mumbai, India",2025-08-21
1130,Tableau,BI & Visualization,Data Analyst,"Mumbai, India",2025-08-21
1130,Git,DevOps,Data Analyst,"Mumbai, India",2025-08-21
1130,Statistics,Analytics,Data Analyst,"Mumbai, India",2025-08-21
1130,Data Warehousing,Data Engineering,Data Analyst,"Mumbai, India",2025-08-21
570,Snowflake,Cloud & Data Warehousing,Data Engineer,"Denver, CO",2025-08-22
570,BigQuery,Cloud & Data Warehousing,Data Engineer,"Denver, CO",2025-08-22
570,Spark,Big Data,Data Engineer,"Denver, CO",2025-08-22
570,Kafka,Big Data,Data Engineer,"Denver, CO",2025-08-22
570,dbt,Data Engineering,Data Engineer,"Denver, CO",2025-08-22
570,ETL,Data Engineering,Data Engineer,"Denver, CO",2025-08-22
708,Java,Programming Language,Software Engineer,"Toronto, Canada",2025-08-22
708,Docker,DevOps,Software Engineer,"Toronto, Canada",2025-08-22
708,PostgreSQL,Databases,Software Engineer,"Toronto, Canada",2025-08-22
708,Linux,DevOps,Software Engineer,"Toronto, Canada",2025-08-22
858,Python,Programming Language,ML Engineer,"New York, NY",2025-08-22
858,AWS,Cloud,ML Engineer,"New York, NY",2025-08-22
858,Spark,Big Data,ML Engineer,"New York, NY",2025-08-22
858,Kubernetes,DevOps,ML Engineer,"New York, NY",2025-08-22
858,Machine Learning,Machine Learning & AI,ML Engineer,"New York, NY",2025-08-22
858,Deep Learning,Machine Learning & AI,ML Engineer,"New York, NY",2025-08-22
858,Scikit-learn,Machine Learning & AI,ML Engineer,"New York, NY",2025-08-22
1664,AWS,Cloud,ML Engineer,"Boston, MA",2025-08-22
1664,Spark,Big Data,ML Engineer,"Boston, MA",2025-08-22
1664,Docker,DevOps,ML Engineer,"Boston, MA",2025-08-22
1664,Kubernetes,DevOps,ML Engineer,"Boston, MA",2025-08-22
1664,Deep Learning,Machine Learning & AI,ML Engineer,"Boston, MA",2025-08-22
1664,TensorFlow,Machine Learning & AI,ML Engineer,"Boston, MA",2025-08-22
1664,PyTorch,Machine Learning & AI,ML Engineer,"Boston, MA",2025-08-22
1993,Java,Programming Language,Software Engineer,"Toronto, Canada",2025-08-22
1993,AWS,Cloud,Software Engineer,"Toronto, Canada",2025-08-22
1993,Git,DevOps,Software Engineer,"Toronto, Canada",2025-08-22
1993,PostgreSQL,Databases,Software Engineer,"Toronto, Canada",2025-08-22
1993,Linux,DevOps,Software Engineer,"Toronto, Canada",2025-08-22
1993,REST API,Software Engineering,Software Engineer,"Toronto, Canada",2025-08-22
1993,Agile,Soft Skills & Methodology,Software Engineer,"Toronto, Canada",2025-08-22
1132,Python,Programming Language,Data Analyst,Remote,2025-08-23
1132,SQL,Programming Language,Data Analyst,Remote,2025-08-23
1132,Excel,BI & Visualization,Data Analyst,Remote,2025-08-23
1132,GCP,Cloud,Data Analyst,Remote,2025-08-23
1132,Data Warehousing,Data Engineering,Data Analyst,Remote,2025-08-23
1277,AWS,Cloud,ML Engineer,"San Francisco, CA",2025-08-23
1277,Kubernetes,DevOps,ML Engineer,"San Francisco, CA",2025-08-23
1277,Machine Learning,Machine Learning & AI,ML Engineer,"San Francisco, CA",2025-08-23
1277,Deep Learning,Machine Learning & AI,ML Engineer,"San Francisco, CA",2025-08-23
1277,TensorFlow,Machine Learning & AI,ML Engineer,"San Francisco, CA",2025-08-23
1277,PyTorch,Machine Learning & AI,ML Engineer,"San Francisco, CA",2025-08-23
1277,Scikit-learn,Machine Learning & AI,ML Engineer,"San Francisco, CA",2025-08-23
1579,Python,Programming Language,Data Analyst,Remote,2025-08-23
1579,SQL,Programming Language,Data Analyst,Remote,2025-08-23
1579,Power BI,BI & Visualization,Data Analyst,Remote,2025-08-23
1579,Tableau,BI & Visualization,Data Analyst,Remote,2025-08-23
1579,Git,DevOps,Data Analyst,Remote,2025-08-23
1579,Statistics,Analytics,Data Analyst,Remote,2025-08-23
1579,A/B Testing,Analytics,Data Analyst,Remote,2025-08-23
368,Spark,Big Data,Data Engineer,"Atlanta, GA",2025-08-24
368,Hadoop,Big Data,Data Engineer,"Atlanta, GA",2025-08-24
368,Kafka,Big Data,Data Engineer,"Atlanta, GA",2025-08-24
368,Airflow,Data Engineering,Data Engineer,"Atlanta, GA",2025-08-24
368,ETL,Data Engineering,Data Engineer,"Atlanta, GA",2025-08-24
384,Python,Programming Language,Software Engineer,"Boston, MA",2025-08-24
384,JavaScript,Programming Language,Software Engineer,"Boston, MA",2025-08-24
384,AWS,Cloud,Software Engineer,"Boston, MA",2025-08-24
384,Kubernetes,DevOps,Software Engineer,"Boston, MA",2025-08-24
384,Git,DevOps,Software Engineer,"Boston, MA",2025-08-24
384,REST API,Software Engineering,Software Engineer,"Boston, MA",2025-08-24
453,Airflow,Data Engineering,ML Engineer,"San Francisco, CA",2025-08-24
453,Kubernetes,DevOps,ML Engineer,"San Francisco, CA",2025-08-24
453,Machine Learning,Machine Learning & AI,ML Engineer,"San Francisco, CA",2025-08-24
453,TensorFlow,Machine Learning & AI,ML Engineer,"San Francisco, CA",2025-08-24
453,NLP,Machine Learning & AI,ML Engineer,"San Francisco, CA",2025-08-24
453,Computer Vision,Machine Learning & AI,ML Engineer,"San Francisco, CA",2025-08-24
565,Docker,DevOps,Software Engineer,Remote,2025-08-24
565,Kubernetes,DevOps,Software Engineer,Remote,2025-08-24
565,Git,DevOps,Software Engineer,Remote,2025-08-24
565,Linux,DevOps,Software Engineer,Remote,2025-08-24
565,REST API,Software Engineering,Software Engineer,Remote,2025-08-24
565,Agile,Soft Skills & Methodology,Software Engineer,Remote,2025-08-24
604,Power BI,BI & Visualization,Data Analyst,"Boston, MA",2025-08-24
604,Tableau,BI & Visualization,Data Analyst,"Boston, MA",2025-08-24
604,Looker,BI & Visualization,Data Analyst,"Boston, MA",2025-08-24
604,Statistics,Analytics,Data Analyst,"Boston, MA",2025-08-24
604,ETL,Data Engineering,Data Analyst,"Boston, MA",2025-08-24
604,Data Warehousing,Data Engineering,Data Analyst,"Boston, MA",2025-08-24
758,Java,Programming Language,Software Engineer,"Pune, India",2025-08-24
758,AWS,Cloud,Software Engineer,"Pune, India",2025-08-24
758,Docker,DevOps,Software Engineer,"Pune, India",2025-08-24
758,Agile,Soft Skills & Methodology,Software Engineer,"Pune, India",2025-08-24
801,Python,Programming Language,ML Engineer,"Chicago, IL",2025-08-24
801,Spark,Big Data,ML Engineer,"Chicago, IL",2025-08-24
801,Docker,DevOps,ML Engineer,"Chicago, IL",2025-08-24
801,Kubernetes,DevOps,ML Engineer,"Chicago, IL",2025-08-24
801,Machine Learning,Machine Learning & AI,ML Engineer,"Chicago, IL",2025-08-24
801,PyTorch,Machine Learning & AI,ML Engineer,"Chicago, IL",2025-08-24
1049,Python,Programming Language,Data Engineer,"Los Angeles, CA",2025-08-24
1049,BigQuery,Cloud & Data Warehousing,Data Engineer,"Los Angeles, CA",2025-08-24
1049,Airflow,Data Engineering,Data Engineer,"Los Angeles, CA",2025-08-24
1049,dbt,Data Engineering,Data Engineer,"Los Angeles, CA",2025-08-24
1049,Docker,DevOps,Data Engineer,"Los Angeles, CA",2025-08-24
1049,ETL,Data Engineering,Data Engineer,"Los Angeles, CA",2025-08-24
1807,Python,Programming Language,Data Scientist,"Chicago, IL",2025-08-24
1807,Deep Learning,Machine Learning & AI,Data Scientist,"Chicago, IL",2025-08-24
1807,TensorFlow,Machine Learning & AI,Data Scientist,"Chicago, IL",2025-08-24
1807,Statistics,Analytics,Data Scientist,"Chicago, IL",2025-08-24
1807,A/B Testing,Analytics,Data Scientist,"Chicago, IL",2025-08-24
1566,SQL,Programming Language,Data Analyst,Remote,2025-08-25
1566,Git,DevOps,Data Analyst,Remote,2025-08-25
1566,Statistics,Analytics,Data Analyst,Remote,2025-08-25
1566,Data Warehousing,Data Engineering,Data Analyst,Remote,2025-08-25
1837,SQL,Programming Language,Data Analyst,"Chicago, IL",2025-08-25
1837,Tableau,BI & Visualization,Data Analyst,"Chicago, IL",2025-08-25
1837,Statistics,Analytics,Data Analyst,"Chicago, IL",2025-08-25
1837,A/B Testing,Analytics,Data Analyst,"Chicago, IL",2025-08-25
1900,SQL,Programming Language,Data Analyst,"Boston, MA",2025-08-25
1900,Excel,BI & Visualization,Data Analyst,"Boston, MA",2025-08-25
1900,Tableau,BI & Visualization,Data Analyst,"Boston, MA",2025-08-25
1900,Statistics,Analytics,Data Analyst,"Boston, MA",2025-08-25
1900,Data Warehousing,Data Engineering,Data Analyst,"Boston, MA",2025-08-25
395,SQL,Programming Language,Data Analyst,"Boston, MA",2025-08-26
395,Power BI,BI & Visualization,Data Analyst,"Boston, MA",2025-08-26
395,Tableau,BI & Visualization,Data Analyst,"Boston, MA",2025-08-26
395,A/B Testing,Analytics,Data Analyst,"Boston, MA",2025-08-26
395,MongoDB,Databases,Data Analyst,"Boston, MA",2025-08-26
643,AWS,Cloud,Data Engineer,"Bengaluru, India",2025-08-26
643,Azure,Cloud,Data Engineer,"Bengaluru, India",2025-08-26
643,Snowflake,Cloud & Data Warehousing,Data Engineer,"Bengaluru, India",2025-08-26
643,Kafka,Big Data,Data Engineer,"Bengaluru, India",2025-08-26
643,Airflow,Data Engineering,Data Engineer,"Bengaluru, India",2025-08-26
643,Docker,DevOps,Data Engineer,"Bengaluru, India",2025-08-26
1002,Python,Programming Language,ML Engineer,"Boston, MA",2025-08-26
1002,Docker,DevOps,ML Engineer,"Boston, MA",2025-08-26
1002,Kubernetes,DevOps,ML Engineer,"Boston, MA",2025-08-26
1002,Deep Learning,Machine Learning & AI,ML Engineer,"Boston, MA",2025-08-26
1002,TensorFlow,Machine Learning & AI,ML Engineer,"Boston, MA",2025-08-26
1002,PyTorch,Machine Learning & AI,ML Engineer,"Boston, MA",2025-08-26
1503,Python,Programming Language,Data Analyst,"Bengaluru, India",2025-08-26
1503,SQL,Programming Language,Data Analyst,"Bengaluru, India",2025-08-26
1503,Excel,BI & Visualization,Data Analyst,"Bengaluru, India",2025-08-26
1503,Power BI,BI & Visualization,Data Analyst,"Bengaluru, India",2025-08-26
1503,Tableau,BI & Visualization,Data Analyst,"Bengaluru, India",2025-08-26
1503,Statistics,Analytics,Data Analyst,"Bengaluru, India",2025-08-26
1503,A/B Testing,Analytics,Data Analyst,"Bengaluru, India",2025-08-26
673,Python,Programming Language,ML Engineer,"San Francisco, CA",2025-08-27
673,Airflow,Data Engineering,ML Engineer,"San Francisco, CA",2025-08-27
673,Deep Learning,Machine Learning & AI,ML Engineer,"San Francisco, CA",2025-08-27
673,TensorFlow,Machine Learning & AI,ML Engineer,"San Francisco, CA",2025-08-27
673,PyTorch,Machine Learning & AI,ML Engineer,"San Francisco, CA",2025-08-27
1395,Python,Programming Language,Data Engineer,"London, UK",2025-08-27
1395,SQL,Programming Language,Data Engineer,"London, UK",2025-08-27
1395,AWS,Cloud,Data Engineer,"London, UK",2025-08-27
1395,Airflow,Data Engineering,Data Engineer,"London, UK",2025-08-27
1395,Docker,DevOps,Data Engineer,"London, UK",2025-08-27
1395,NoSQL,Databases,Data Engineer,"London, UK",2025-08-27
34,Python,Programming Language,Data Engineer,"Chicago, IL",2025-08-28
34,AWS,Cloud,Data Engineer,"Chicago, IL",2025-08-28
34,GCP,Cloud,Data Engineer,"Chicago, IL",2025-08-28
34,Redshift,Cloud & Data Warehousing,Data Engineer,"Chicago, IL",2025-08-28
34,BigQuery,Cloud & Data Warehousing,Data Engineer,"Chicago, IL",2025-08-28
34,Kafka,Big Data,Data Engineer,"Chicago, IL",2025-08-28
34,Data Warehousing,Data Engineering,Data Engineer,"Chicago, IL",2025-08-28
60,Azure,Cloud,ML Engineer,"Boston, MA",2025-08-28
60,Kubernetes,DevOps,ML Engineer,"Boston, MA",2025-08-28
60,Machine Learning,Machine Learning & AI,ML Engineer,"Boston, MA",2025-08-28
60,Deep Learning,Machine Learning & AI,ML Engineer,"Boston, MA",2025-08-28
60,TensorFlow,Machine Learning & AI,ML Engineer,"Boston, MA",2025-08-28
60,PyTorch,Machine Learning & AI,ML Engineer,"Boston, MA",2025-08-28
60,NLP,Machine Learning & AI,ML Engineer,"Boston, MA",2025-08-28
86,Python,Programming Language,Software Engineer,"Seattle, WA",2025-08-28
86,SQL,Programming Language,Software Engineer,"Seattle, WA",2025-08-28
86,Java,Programming Language,Software Engineer,"Seattle, WA",2025-08-28
86,JavaScript,Programming Language,Software Engineer,"Seattle, WA",2025-08-28
86,REST API,Software Engineering,Software Engineer,"Seattle, WA",2025-08-28
86,Agile,Soft Skills & Methodology,Software Engineer,"Seattle, WA",2025-08-28
151,Python,Programming Language,Data Scientist,"Denver, CO",2025-08-28
151,SQL,Programming Language,Data Scientist,"Denver, CO",2025-08-28
151,Deep Learning,Machine Learning & AI,Data Scientist,"Denver, CO",2025-08-28
151,TensorFlow,Machine Learning & AI,Data Scientist,"Denver, CO",2025-08-28
151,PyTorch,Machine Learning & AI,Data Scientist,"Denver, CO",2025-08-28
151,Scikit-learn,Machine Learning & AI,Data Scientist,"Denver, CO",2025-08-28
151,NLP,Machine Learning & AI,Data Scientist,"Denver, CO",2025-08-28
533,Redshift,Cloud & Data Warehousing,Data Engineer,"San Francisco, CA",2025-08-28
533,Spark,Big Data,Data Engineer,"San Francisco, CA",2025-08-28
533,Hadoop,Big Data,Data Engineer,"San Francisco, CA",2025-08-28
533,ETL,Data Engineering,Data Engineer,"San Francisco, CA",2025-08-28
763,C++,Programming Language,Software Engineer,"London, UK",2025-08-28
763,Git,DevOps,Software Engineer,"London, UK",2025-08-28
763,PostgreSQL,Databases,Software Engineer,"London, UK",2025-08-28
763,REST API,Software Engineering,Software Engineer,"London, UK",2025-08-28
763,Agile,Soft Skills & Methodology,Software Engineer,"London, UK",2025-08-28
978,Java,Programming Language,Software Engineer,"Chicago, IL",2025-08-28
978,JavaScript,Programming Language,Software Engineer,"Chicago, IL",2025-08-28
978,AWS,Cloud,Software Engineer,"Chicago, IL",2025-08-28
978,Kubernetes,DevOps,Software Engineer,"Chicago, IL",2025-08-28
978,Git,DevOps,Software Engineer,"Chicago, IL",2025-08-28
978,NoSQL,Databases,Software Engineer,"Chicago, IL",2025-08-28
978,Agile,Soft Skills & Methodology,Software Engineer,"Chicago, IL",2025-08-28
1430,Snowflake,Cloud & Data Warehousing,Data Engineer,"Berlin, Germany",2025-08-28
1430,BigQuery,Cloud & Data Warehousing,Data Engineer,"Berlin, Germany",2025-08-28
1430,Spark,Big Data,Data Engineer,"Berlin, Germany",2025-08-28
1430,Hadoop,Big Data,Data Engineer,"Berlin, Germany",2025-08-28
1430,Airflow,Data Engineering,Data Engineer,"Berlin, Germany",2025-08-28
1430,dbt,Data Engineering,Data Engineer,"Berlin, Germany",2025-08-28
1430,ETL,Data Engineering,Data Engineer,"Berlin, Germany",2025-08-28
73,Python,Programming Language,Data Analyst,"Seattle, WA",2025-08-29
73,SQL,Programming Language,Data Analyst,"Seattle, WA",2025-08-29
73,Power BI,BI & Visualization,Data Analyst,"Seattle, WA",2025-08-29
73,Tableau,BI & Visualization,Data Analyst,"Seattle, WA",2025-08-29
73,MongoDB,Databases,Data Analyst,"Seattle, WA",2025-08-29
425,Excel,BI & Visualization,Data Analyst,"Denver, CO",2025-08-29
425,Power BI,BI & Visualization,Data Analyst,"Denver, CO",2025-08-29
425,Looker,BI & Visualization,Data Analyst,"Denver, CO",2025-08-29
425,Statistics,Analytics,Data Analyst,"Denver, CO",2025-08-29
734,Docker,DevOps,Software Engineer,"New York, NY",2025-08-29
734,Git,DevOps,Software Engineer,"New York, NY",2025-08-29
734,MongoDB,Databases,Software Engineer,"New York, NY",2025-08-29
734,REST API,Software Engineering,Software Engineer,"New York, NY",2025-08-29
1144,Python,Programming Language,Data Analyst,"Atlanta, GA",2025-08-29
1144,SQL,Programming Language,Data Analyst,"Atlanta, GA",2025-08-29
1144,Excel,BI & Visualization,Data Analyst,"Atlanta, GA",2025-08-29
1144,Git,DevOps,Data Analyst,"Atlanta, GA",2025-08-29
1385,Python,Programming Language,ML Engineer,"Los Angeles, CA",2025-08-29
1385,Kubernetes,DevOps,ML Engineer,"Los Angeles, CA",2025-08-29
1385,Machine Learning,Machine Learning & AI,ML Engineer,"Los Angeles, CA",2025-08-29
1385,Deep Learning,Machine Learning & AI,ML Engineer,"Los Angeles, CA",2025-08-29
1385,TensorFlow,Machine Learning & AI,ML Engineer,"Los Angeles, CA",2025-08-29
1385,PyTorch,Machine Learning & AI,ML Engineer,"Los Angeles, CA",2025-08-29
1385,Computer Vision,Machine Learning & AI,ML Engineer,"Los Angeles, CA",2025-08-29
95,Python,Programming Language,Data Analyst,"Seattle, WA",2025-08-30
95,SQL,Programming Language,Data Analyst,"Seattle, WA",2025-08-30
95,Power BI,BI & Visualization,Data Analyst,"Seattle, WA",2025-08-30
95,ETL,Data Engineering,Data Analyst,"Seattle, WA",2025-08-30
95,MongoDB,Databases,Data Analyst,"Seattle, WA",2025-08-30
205,SQL,Programming Language,Software Engineer,"Austin, TX",2025-08-30
205,Java,Programming Language,Software Engineer,"Austin, TX",2025-08-30
205,C++,Programming Language,Software Engineer,"Austin, TX",2025-08-30
205,Docker,DevOps,Software Engineer,"Austin, TX",2025-08-30
205,Linux,DevOps,Software Engineer,"Austin, TX",2025-08-30
334,Python,Programming Language,Software Engineer,"Seattle, WA",2025-08-30
334,Java,Programming Language,Software Engineer,"Seattle, WA",2025-08-30
334,C++,Programming Language,Software Engineer,"Seattle, WA",2025-08-30
334,AWS,Cloud,Software Engineer,"Seattle, WA",2025-08-30
334,Docker,DevOps,Software Engineer,"Seattle, WA",2025-08-30
334,Git,DevOps,Software Engineer,"Seattle, WA",2025-08-30
334,PostgreSQL,Databases,Software Engineer,"Seattle, WA",2025-08-30
1158,SQL,Programming Language,Data Engineer,"Pune, India",2025-08-30
1158,AWS,Cloud,Data Engineer,"Pune, India",2025-08-30
1158,Snowflake,Cloud & Data Warehousing,Data Engineer,"Pune, India",2025-08-30
1158,Spark,Big Data,Data Engineer,"Pune, India",2025-08-30
1158,Airflow,Data Engineering,Data Engineer,"Pune, India",2025-08-30
1939,Python,Programming Language,Data Engineer,"New York, NY",2025-08-30
1939,SQL,Programming Language,Data Engineer,"New York, NY",2025-08-30
1939,Spark,Big Data,Data Engineer,"New York, NY",2025-08-30
1939,Hadoop,Big Data,Data Engineer,"New York, NY",2025-08-30
1939,Kafka,Big Data,Data Engineer,"New York, NY",2025-08-30
1939,Airflow,Data Engineering,Data Engineer,"New York, NY",2025-08-30
1939,ETL,Data Engineering,Data Engineer,"New York, NY",2025-08-30
23,Java,Programming Language,Software Engineer,Remote,2025-08-31
23,JavaScript,Programming Language,Software Engineer,Remote,2025-08-31
23,AWS,Cloud,Software Engineer,Remote,2025-08-31
23,Git,DevOps,Software Engineer,Remote,2025-08-31
23,MongoDB,Databases,Software Engineer,Remote,2025-08-31
94,Python,Programming Language,Data Engineer,"London, UK",2025-08-31
94,AWS,Cloud,Data Engineer,"London, UK",2025-08-31
94,Spark,Big Data,Data Engineer,"London, UK",2025-08-31
94,Hadoop,Big Data,Data Engineer,"London, UK",2025-08-31
94,Kafka,Big Data,Data Engineer,"London, UK",2025-08-31
94,Airflow,Data Engineering,Data Engineer,"London, UK",2025-08-31
94,ETL,Data Engineering,Data Engineer,"London, UK",2025-08-31
361,Python,Programming Language,Data Engineer,"Mumbai, India",2025-08-31
361,AWS,Cloud,Data Engineer,"Mumbai, India",2025-08-31
361,Snowflake,Cloud & Data Warehousing,Data Engineer,"Mumbai, India",2025-08-31
361,Kafka,Big Data,Data Engineer,"Mumbai, India",2025-08-31
361,ETL,Data Engineering,Data Engineer,"Mumbai, India",2025-08-31
829,Python,Programming Language,ML Engineer,"Washington, DC",2025-08-31
829,AWS,Cloud,ML Engineer,"Washington, DC",2025-08-31
829,Git,DevOps,ML Engineer,"Washington, DC",2025-08-31
829,Machine Learning,Machine Learning & AI,ML Engineer,"Washington, DC",2025-08-31
829,Scikit-learn,Machine Learning & AI,ML Engineer,"Washington, DC",2025-08-31
267,Python,Programming Language,Data Analyst,"Boston, MA",2025-09-01
267,Tableau,BI & Visualization,Data Analyst,"Boston, MA",2025-09-01
267,A/B Testing,Analytics,Data Analyst,"Boston, MA",2025-09-01
267,Data Warehousing,Data Engineering,Data Analyst,"Boston, MA",2025-09-01
1094,Snowflake,Cloud & Data Warehousing,Data Engineer,Remote,2025-09-01
1094,Redshift,Cloud & Data Warehousing,Data Engineer,Remote,2025-09-01
1094,BigQuery,Cloud & Data Warehousing,Data Engineer,Remote,2025-09-01
1094,Spark,Big Data,Data Engineer,Remote,2025-09-01
1094,dbt,Data Engineering,Data Engineer,Remote,2025-09-01
1094,ETL,Data Engineering,Data Engineer,Remote,2025-09-01
1094,Data Warehousing,Data Engineering,Data Engineer,Remote,2025-09-01
1650,AWS,Cloud,ML Engineer,"Seattle, WA",2025-09-01
1650,Git,DevOps,ML Engineer,"Seattle, WA",2025-09-01
1650,Machine Learning,Machine Learning & AI,ML Engineer,"Seattle, WA",2025-09-01
1650,TensorFlow,Machine Learning & AI,ML Engineer,"Seattle, WA",2025-09-01
1650,PyTorch,Machine Learning & AI,ML Engineer,"Seattle, WA",2025-09-01
45,SQL,Programming Language,Software Engineer,"Boston, MA",2025-09-02
45,Java,Programming Language,Software Engineer,"Boston, MA",2025-09-02
45,JavaScript,Programming Language,Software Engineer,"Boston, MA",2025-09-02
45,Docker,DevOps,Software Engineer,"Boston, MA",2025-09-02
45,Kubernetes,DevOps,Software Engineer,"Boston, MA",2025-09-02
45,REST API,Software Engineering,Software Engineer,"Boston, MA",2025-09-02
140,Python,Programming Language,Data Engineer,"Bengaluru, India",2025-09-02
140,Snowflake,Cloud & Data Warehousing,Data Engineer,"Bengaluru, India",2025-09-02
140,Spark,Big Data,Data Engineer,"Bengaluru, India",2025-09-02
140,Hadoop,Big Data,Data Engineer,"Bengaluru, India",2025-09-02
517,Java,Programming Language,Software Engineer,"Boston, MA",2025-09-02
517,Docker,DevOps,Software Engineer,"Boston, MA",2025-09-02
517,Kubernetes,DevOps,Software Engineer,"Boston, MA",2025-09-02
517,Git,DevOps,Software Engineer,"Boston, MA",2025-09-02
517,Agile,Soft Skills & Methodology,Software Engineer,"Boston, MA",2025-09-02
615,Python,Programming Language,Software Engineer,"Chicago, IL",2025-09-02
615,Java,Programming Language,Software Engineer,"Chicago, IL",2025-09-02
615,JavaScript,Programming Language,Software Engineer,"Chicago, IL",2025-09-02
615,Git,DevOps,Software Engineer,"Chicago, IL",2025-09-02
615,PostgreSQL,Databases,Software Engineer,"Chicago, IL",2025-09-02
615,Linux,DevOps,Software Engineer,"Chicago, IL",2025-09-02
651,Python,Programming Language,Data Analyst,"Atlanta, GA",2025-09-02
651,SQL,Programming Language,Data Analyst,"Atlanta, GA",2025-09-02
651,Power BI,BI & Visualization,Data Analyst,"Atlanta, GA",2025-09-02
651,Tableau,BI & Visualization,Data Analyst,"Atlanta, GA",2025-09-02
651,ETL,Data Engineering,Data Analyst,"Atlanta, GA",2025-09-02
752,Kubernetes,DevOps,Software Engineer,"Seattle, WA",2025-09-02
752,MongoDB,Databases,Software Engineer,"Seattle, WA",2025-09-02
752,Linux,DevOps,Software Engineer,"Seattle, WA",2025-09-02
752,REST API,Software Engineering,Software Engineer,"Seattle, WA",2025-09-02
1187,Python,Programming Language,ML Engineer,"Los Angeles, CA",2025-09-02
1187,AWS,Cloud,ML Engineer,"Los Angeles, CA",2025-09-02
1187,Docker,DevOps,ML Engineer,"Los Angeles, CA",2025-09-02
1187,Kubernetes,DevOps,ML Engineer,"Los Angeles, CA",2025-09-02
1187,Machine Learning,Machine Learning & AI,ML Engineer,"Los Angeles, CA",2025-09-02
1187,TensorFlow,Machine Learning & AI,ML Engineer,"Los Angeles, CA",2025-09-02
1187,Computer Vision,Machine Learning & AI,ML Engineer,"Los Angeles, CA",2025-09-02
250,Python,Programming Language,ML Engineer,"Washington, DC",2025-09-03
250,AWS,Cloud,ML Engineer,"Washington, DC",2025-09-03
250,Docker,DevOps,ML Engineer,"Washington, DC",2025-09-03
250,Machine Learning,Machine Learning & AI,ML Engineer,"Washington, DC",2025-09-03
250,Deep Learning,Machine Learning & AI,ML Engineer,"Washington, DC",2025-09-03
250,TensorFlow,Machine Learning & AI,ML Engineer,"Washington, DC",2025-09-03
250,Scikit-learn,Machine Learning & AI,ML Engineer,"Washington, DC",2025-09-03
250,Computer Vision,Machine Learning & AI,ML Engineer,"Washington, DC",2025-09-03
535,SQL,Programming Language,Data Engineer,"New York, NY",2025-09-03
535,AWS,Cloud,Data Engineer,"New York, NY",2025-09-03
535,Redshift,Cloud & Data Warehousing,Data Engineer,"New York, NY",2025-09-03
535,Spark,Big Data,Data Engineer,"New York, NY",2025-09-03
535,Hadoop,Big Data,Data Engineer,"New York, NY",2025-09-03
1045,Python,Programming Language,Data Engineer,Remote,2025-09-03
1045,SQL,Programming Language,Data Engineer,Remote,2025-09-03
1045,Spark,Big Data,Data Engineer,Remote,2025-09-03
1045,dbt,Data Engineering,Data Engineer,Remote,2025-09-03
1045,Docker,DevOps,Data Engineer,Remote,2025-09-03
1045,Data Warehousing,Data Engineering,Data Engineer,Remote,2025-09-03
1426,SQL,Programming Language,Data Analyst,Remote,2025-09-03
1426,Excel,BI & Visualization,Data Analyst,Remote,2025-09-03
1426,Power BI,BI & Visualization,Data Analyst,Remote,2025-09-03
1426,Looker,BI & Visualization,Data Analyst,Remote,2025-09-03
1426,Git,DevOps,Data Analyst,Remote,2025-09-03
1426,A/B Testing,Analytics,Data Analyst,Remote,2025-09-03
1426,Data Warehousing,Data Engineering,Data Analyst,Remote,2025-09-03
1527,Redshift,Cloud & Data Warehousing,Data Engineer,"Bengaluru, India",2025-09-03
1527,Hadoop,Big Data,Data Engineer,"Bengaluru, India",2025-09-03
1527,dbt,Data Engineering,Data Engineer,"Bengaluru, India",2025-09-03
1527,Docker,DevOps,Data Engineer,"Bengaluru, India",2025-09-03
1527,ETL,Data Engineering,Data Engineer,"Bengaluru, India",2025-09-03
1527,Data Warehousing,Data Engineering,Data Engineer,"Bengaluru, India",2025-09-03
1822,Java,Programming Language,Software Engineer,"London, UK",2025-09-03
1822,AWS,Cloud,Software Engineer,"London, UK",2025-09-03
1822,Docker,DevOps,Software Engineer,"London, UK",2025-09-03
1822,Git,DevOps,Software Engineer,"London, UK",2025-09-03
1822,MongoDB,Databases,Software Engineer,"London, UK",2025-09-03
1822,Linux,DevOps,Software Engineer,"London, UK",2025-09-03
1822,Agile,Soft Skills & Methodology,Software Engineer,"London, UK",2025-09-03
17,SQL,Programming Language,Software Engineer,"Delhi, India",2025-09-04
17,JavaScript,Programming Language,Software Engineer,"Delhi, India",2025-09-04
17,Kubernetes,DevOps,Software Engineer,"Delhi, India",2025-09-04
17,Git,DevOps,Software Engineer,"Delhi, India",2025-09-04
17,PostgreSQL,Databases,Software Engineer,"Delhi, India",2025-09-04
17,REST API,Software Engineering,Software Engineer,"Delhi, India",2025-09-04
1180,Python,Programming Language,ML Engineer,"Toronto, Canada",2025-09-04
1180,Azure,Cloud,ML Engineer,"Toronto, Canada",2025-09-04
1180,Kubernetes,DevOps,ML Engineer,"Toronto, Canada",2025-09-04
1180,Git,DevOps,ML Engineer,"Toronto, Canada",2025-09-04
1180,Deep Learning,Machine Learning & AI,ML Engineer,"Toronto, Canada",2025-09-04
1180,Scikit-learn,Machine Learning & AI,ML Engineer,"Toronto, Canada",2025-09-04
1418,Azure,Cloud,Data Engineer,"Chicago, IL",2025-09-04
1418,BigQuery,Cloud & Data Warehousing,Data Engineer,"Chicago, IL",2025-09-04
1418,Kafka,Big Data,Data Engineer,"Chicago, IL",2025-09-04
1418,Airflow,Data Engineering,Data Engineer,"Chicago, IL",2025-09-04
1418,ETL,Data Engineering,Data Engineer,"Chicago, IL",2025-09-04
294,Java,Programming Language,Software Engineer,"London, UK",2025-09-05
294,AWS,Cloud,Software Engineer,"London, UK",2025-09-05
294,Docker,DevOps,Software Engineer,"London, UK",2025-09-05
294,MongoDB,Databases,Software Engineer,"London, UK",2025-09-05
484,Python,Programming Language,ML Engineer,"Hyderabad, India",2025-09-05
484,Spark,Big Data,ML Engineer,"Hyderabad, India",2025-09-05
484,Docker,DevOps,ML Engineer,"Hyderabad, India",2025-09-05
484,Machine Learning,Machine Learning & AI,ML Engineer,"Hyderabad, India",2025-09-05
484,Deep Learning,Machine Learning & AI,ML Engineer,"Hyderabad, India",2025-09-05
484,TensorFlow,Machine Learning & AI,ML Engineer,"Hyderabad, India",2025-09-05
484,PyTorch,Machine Learning & AI,ML Engineer,"Hyderabad, India",2025-09-05
1034,Python,Programming Language,ML Engineer,"Mumbai, India",2025-09-05
1034,Spark,Big Data,ML Engineer,"Mumbai, India",2025-09-05
1034,Machine Learning,Machine Learning & AI,ML Engineer,"Mumbai, India",2025-09-05
1034,TensorFlow,Machine Learning & AI,ML Engineer,"Mumbai, India",2025-09-05
1034,PyTorch,Machine Learning & AI,ML Engineer,"Mumbai, India",2025-09-05
1081,Python,Programming Language,Software Engineer,"Atlanta, GA",2025-09-05
1081,SQL,Programming Language,Software Engineer,"Atlanta, GA",2025-09-05
1081,Java,Programming Language,Software Engineer,"Atlanta, GA",2025-09-05
1081,JavaScript,Programming Language,Software Engineer,"Atlanta, GA",2025-09-05
1081,Docker,DevOps,Software Engineer,"Atlanta, GA",2025-09-05
1081,Git,DevOps,Software Engineer,"Atlanta, GA",2025-09-05
1137,Python,Programming Language,ML Engineer,"Chicago, IL",2025-09-05
1137,AWS,Cloud,ML Engineer,"Chicago, IL",2025-09-05
1137,Git,DevOps,ML Engineer,"Chicago, IL",2025-09-05
1137,Machine Learning,Machine Learning & AI,ML Engineer,"Chicago, IL",2025-09-05
1137,Deep Learning,Machine Learning & AI,ML Engineer,"Chicago, IL",2025-09-05
1137,TensorFlow,Machine Learning & AI,ML Engineer,"Chicago, IL",2025-09-05
1137,PyTorch,Machine Learning & AI,ML Engineer,"Chicago, IL",2025-09-05
1908,Python,Programming Language,Data Engineer,"Bengaluru, India",2025-09-05
1908,BigQuery,Cloud & Data Warehousing,Data Engineer,"Bengaluru, India",2025-09-05
1908,Spark,Big Data,Data Engineer,"Bengaluru, India",2025-09-05
1908,Kafka,Big Data,Data Engineer,"Bengaluru, India",2025-09-05
1908,Airflow,Data Engineering,Data Engineer,"Bengaluru, India",2025-09-05
1908,ETL,Data Engineering,Data Engineer,"Bengaluru, India",2025-09-05
534,Python,Programming Language,Data Engineer,"Berlin, Germany",2025-09-06
534,SQL,Programming Language,Data Engineer,"Berlin, Germany",2025-09-06
534,AWS,Cloud,Data Engineer,"Berlin, Germany",2025-09-06
534,Snowflake,Cloud & Data Warehousing,Data Engineer,"Berlin, Germany",2025-09-06
534,BigQuery,Cloud & Data Warehousing,Data Engineer,"Berlin, Germany",2025-09-06
534,ETL,Data Engineering,Data Engineer,"Berlin, Germany",2025-09-06
534,NoSQL,Databases,Data Engineer,"Berlin, Germany",2025-09-06
619,R,Programming Language,Data Scientist,"Toronto, Canada",2025-09-06
619,SQL,Programming Language,Data Scientist,"Toronto, Canada",2025-09-06
619,Machine Learning,Machine Learning & AI,Data Scientist,"Toronto, Canada",2025-09-06
619,PyTorch,Machine Learning & AI,Data Scientist,"Toronto, Canada",2025-09-06
619,NLP,Machine Learning & AI,Data Scientist,"Toronto, Canada",2025-09-06
619,Statistics,Analytics,Data Scientist,"Toronto, Canada",2025-09-06
619,A/B Testing,Analytics,Data Scientist,"Toronto, Canada",2025-09-06
745,Deep Learning,Machine Learning & AI,Data Scientist,"Atlanta, GA",2025-09-06
745,NLP,Machine Learning & AI,Data Scientist,"Atlanta, GA",2025-09-06
745,Computer Vision,Machine Learning & AI,Data Scientist,"Atlanta, GA",2025-09-06
745,Statistics,Analytics,Data Scientist,"Atlanta, GA",2025-09-06
745,A/B Testing,Analytics,Data Scientist,"Atlanta, GA",2025-09-06
1280,Python,Programming Language,Data Analyst,"Boston, MA",2025-09-06
1280,R,Programming Language,Data Analyst,"Boston, MA",2025-09-06
1280,SQL,Programming Language,Data Analyst,"Boston, MA",2025-09-06
1280,Excel,BI & Visualization,Data Analyst,"Boston, MA",2025-09-06
1280,Power BI,BI & Visualization,Data Analyst,"Boston, MA",2025-09-06
1280,ETL,Data Engineering,Data Analyst,"Boston, MA",2025-09-06
1280,Data Warehousing,Data Engineering,Data Analyst,"Boston, MA",2025-09-06
1322,Machine Learning,Machine Learning & AI,Data Scientist,"Boston, MA",2025-09-06
1322,Deep Learning,Machine Learning & AI,Data Scientist,"Boston, MA",2025-09-06
1322,TensorFlow,Machine Learning & AI,Data Scientist,"Boston, MA",2025-09-06
1322,Scikit-learn,Machine Learning & AI,Data Scientist,"Boston, MA",2025-09-06
1322,A/B Testing,Analytics,Data Scientist,"Boston, MA",2025-09-06
1514,Python,Programming Language,Data Engineer,"Chicago, IL",2025-09-06
1514,SQL,Programming Language,Data Engineer,"Chicago, IL",2025-09-06
1514,GCP,Cloud,Data Engineer,"Chicago, IL",2025-09-06
1514,Redshift,Cloud & Data Warehousing,Data Engineer,"Chicago, IL",2025-09-06
1514,Spark,Big Data,Data Engineer,"Chicago, IL",2025-09-06
1514,Airflow,Data Engineering,Data Engineer,"Chicago, IL",2025-09-06
1514,ETL,Data Engineering,Data Engineer,"Chicago, IL",2025-09-06
61,Python,Programming Language,Data Scientist,Remote,2025-09-07
61,Tableau,BI & Visualization,Data Scientist,Remote,2025-09-07
61,AWS,Cloud,Data Scientist,Remote,2025-09-07
61,Deep Learning,Machine Learning & AI,Data Scientist,Remote,2025-09-07
61,Computer Vision,Machine Learning & AI,Data Scientist,Remote,2025-09-07
365,Python,Programming Language,Data Analyst,"Pune, India",2025-09-07
365,SQL,Programming Language,Data Analyst,"Pune, India",2025-09-07
365,Looker,BI & Visualization,Data Analyst,"Pune, India",2025-09-07
365,Statistics,Analytics,Data Analyst,"Pune, India",2025-09-07
365,Data Warehousing,Data Engineering,Data Analyst,"Pune, India",2025-09-07
585,Python,Programming Language,Software Engineer,"San Francisco, CA",2025-09-07
585,SQL,Programming Language,Software Engineer,"San Francisco, CA",2025-09-07
585,JavaScript,Programming Language,Software Engineer,"San Francisco, CA",2025-09-07
585,C++,Programming Language,Software Engineer,"San Francisco, CA",2025-09-07
585,Git,DevOps,Software Engineer,"San Francisco, CA",2025-09-07
585,MongoDB,Databases,Software Engineer,"San Francisco, CA",2025-09-07
1243,Python,Programming Language,Data Analyst,"Pune, India",2025-09-07
1243,Excel,BI & Visualization,Data Analyst,"Pune, India",2025-09-07
1243,Tableau,BI & Visualization,Data Analyst,"Pune, India",2025-09-07
1243,A/B Testing,Analytics,Data Analyst,"Pune, India",2025-09-07
1817,Python,Programming Language,Data Scientist,"Boston, MA",2025-09-07
1817,R,Programming Language,Data Scientist,"Boston, MA",2025-09-07
1817,SQL,Programming Language,Data Scientist,"Boston, MA",2025-09-07
1817,Scikit-learn,Machine Learning & AI,Data Scientist,"Boston, MA",2025-09-07
1817,Statistics,Analytics,Data Scientist,"Boston, MA",2025-09-07
1817,A/B Testing,Analytics,Data Scientist,"Boston, MA",2025-09-07
1968,C++,Programming Language,Software Engineer,"Dublin, Ireland",2025-09-07
1968,AWS,Cloud,Software Engineer,"Dublin, Ireland",2025-09-07
1968,Git,DevOps,Software Engineer,"Dublin, Ireland",2025-09-07
1968,MongoDB,Databases,Software Engineer,"Dublin, Ireland",2025-09-07
559,SQL,Programming Language,Software Engineer,"Delhi, India",2025-09-08
559,Java,Programming Language,Software Engineer,"Delhi, India",2025-09-08
559,JavaScript,Programming Language,Software Engineer,"Delhi, India",2025-09-08
559,AWS,Cloud,Software Engineer,"Delhi, India",2025-09-08
559,Git,DevOps,Software Engineer,"Delhi, India",2025-09-08
559,PostgreSQL,Databases,Software Engineer,"Delhi, India",2025-09-08
562,Python,Programming Language,Data Analyst,"San Francisco, CA",2025-09-08
562,Excel,BI & Visualization,Data Analyst,"San Francisco, CA",2025-09-08
562,Tableau,BI & Visualization,Data Analyst,"San Francisco, CA",2025-09-08
562,Looker,BI & Visualization,Data Analyst,"San Francisco, CA",2025-09-08
562,Statistics,Analytics,Data Analyst,"San Francisco, CA",2025-09-08
901,Python,Programming Language,ML Engineer,"Bengaluru, India",2025-09-08
901,AWS,Cloud,ML Engineer,"Bengaluru, India",2025-09-08
901,Azure,Cloud,ML Engineer,"Bengaluru, India",2025-09-08
901,Spark,Big Data,ML Engineer,"Bengaluru, India",2025-09-08
901,Docker,DevOps,ML Engineer,"Bengaluru, India",2025-09-08
901,Kubernetes,DevOps,ML Engineer,"Bengaluru, India",2025-09-08
901,Deep Learning,Machine Learning & AI,ML Engineer,"Bengaluru, India",2025-09-08
1148,SQL,Programming Language,Software Engineer,"Boston, MA",2025-09-08
1148,Java,Programming Language,Software Engineer,"Boston, MA",2025-09-08
1148,Kubernetes,DevOps,Software Engineer,"Boston, MA",2025-09-08
1148,Git,DevOps,Software Engineer,"Boston, MA",2025-09-08
1433,Python,Programming Language,Data Scientist,"San Francisco, CA",2025-09-08
1433,R,Programming Language,Data Scientist,"San Francisco, CA",2025-09-08
1433,SQL,Programming Language,Data Scientist,"San Francisco, CA",2025-09-08
1433,AWS,Cloud,Data Scientist,"San Francisco, CA",2025-09-08
1433,Machine Learning,Machine Learning & AI,Data Scientist,"San Francisco, CA",2025-09-08
1433,Statistics,Analytics,Data Scientist,"San Francisco, CA",2025-09-08
1433,A/B Testing,Analytics,Data Scientist,"San Francisco, CA",2025-09-08
1733,SQL,Programming Language,Data Engineer,"Atlanta, GA",2025-09-08
1733,GCP,Cloud,Data Engineer,"Atlanta, GA",2025-09-08
1733,Spark,Big Data,Data Engineer,"Atlanta, GA",2025-09-08
1733,ETL,Data Engineering,Data Engineer,"Atlanta, GA",2025-09-08
1733,NoSQL,Databases,Data Engineer,"Atlanta, GA",2025-09-08
557,SQL,Programming Language,Software Engineer,"Mumbai, India",2025-09-09
557,Java,Programming Language,Software Engineer,"Mumbai, India",2025-09-09
557,JavaScript,Programming Language,Software Engineer,"Mumbai, India",2025-09-09
557,AWS,Cloud,Software Engineer,"Mumbai, India",2025-09-09
557,PostgreSQL,Databases,Software Engineer,"Mumbai, India",2025-09-09
907,Python,Programming Language,ML Engineer,"Denver, CO",2025-09-09
907,AWS,Cloud,ML Engineer,"Denver, CO",2025-09-09
907,Machine Learning,Machine Learning & AI,ML Engineer,"Denver, CO",2025-09-09
907,Scikit-learn,Machine Learning & AI,ML Engineer,"Denver, CO",2025-09-09
954,Python,Programming Language,ML Engineer,"Austin, TX",2025-09-09
954,Kubernetes,DevOps,ML Engineer,"Austin, TX",2025-09-09
954,Deep Learning,Machine Learning & AI,ML Engineer,"Austin, TX",2025-09-09
954,TensorFlow,Machine Learning & AI,ML Engineer,"Austin, TX",2025-09-09
1254,Python,Programming Language,Data Analyst,"Washington, DC",2025-09-09
1254,Power BI,BI & Visualization,Data Analyst,"Washington, DC",2025-09-09
1254,Tableau,BI & Visualization,Data Analyst,"Washington, DC",2025-09-09
1254,Git,DevOps,Data Analyst,"Washington, DC",2025-09-09
9,Python,Programming Language,ML Engineer,"Denver, CO",2025-09-10
9,Spark,Big Data,ML Engineer,"Denver, CO",2025-09-10
9,Airflow,Data Engineering,ML Engineer,"Denver, CO",2025-09-10
9,Machine Learning,Machine Learning & AI,ML Engineer,"Denver, CO",2025-09-10
9,Deep Learning,Machine Learning & AI,ML Engineer,"Denver, CO",2025-09-10
9,Scikit-learn,Machine Learning & AI,ML Engineer,"Denver, CO",2025-09-10
58,SQL,Programming Language,Software Engineer,Remote,2025-09-10
58,Java,Programming Language,Software Engineer,Remote,2025-09-10
58,C++,Programming Language,Software Engineer,Remote,2025-09-10
58,MongoDB,Databases,Software Engineer,Remote,2025-09-10
58,REST API,Software Engineering,Software Engineer,Remote,2025-09-10
805,Kubernetes,DevOps,ML Engineer,"Delhi, India",2025-09-10
805,Machine Learning,Machine Learning & AI,ML Engineer,"Delhi, India",2025-09-10
805,Deep Learning,Machine Learning & AI,ML Engineer,"Delhi, India",2025-09-10
805,Scikit-learn,Machine Learning & AI,ML Engineer,"Delhi, India",2025-09-10
1268,Spark,Big Data,ML Engineer,Remote,2025-09-10
1268,Machine Learning,Machine Learning & AI,ML Engineer,Remote,2025-09-10
1268,Deep Learning,Machine Learning & AI,ML Engineer,Remote,2025-09-10
1268,TensorFlow,Machine Learning & AI,ML Engineer,Remote,2025-09-10
1473,SQL,Programming Language,Data Analyst,"Delhi, India",2025-09-10
1473,Power BI,BI & Visualization,Data Analyst,"Delhi, India",2025-09-10
1473,Git,DevOps,Data Analyst,"Delhi, India",2025-09-10
1473,ETL,Data Engineering,Data Analyst,"Delhi, India",2025-09-10
1976,Spark,Big Data,Data Scientist,Remote,2025-09-10
1976,Machine Learning,Machine Learning & AI,Data Scientist,Remote,2025-09-10
1976,PyTorch,Machine Learning & AI,Data Scientist,Remote,2025-09-10
1976,Computer Vision,Machine Learning & AI,Data Scientist,Remote,2025-09-10
1976,Statistics,Analytics,Data Scientist,Remote,2025-09-10
1976,A/B Testing,Analytics,Data Scientist,Remote,2025-09-10
288,AWS,Cloud,Data Engineer,"San Francisco, CA",2025-09-11
288,Snowflake,Cloud & Data Warehousing,Data Engineer,"San Francisco, CA",2025-09-11
288,Spark,Big Data,Data Engineer,"San Francisco, CA",2025-09-11
288,Docker,DevOps,Data Engineer,"San Francisco, CA",2025-09-11
288,ETL,Data Engineering,Data Engineer,"San Francisco, CA",2025-09-11
474,Python,Programming Language,Data Scientist,"San Francisco, CA",2025-09-11
474,AWS,Cloud,Data Scientist,"San Francisco, CA",2025-09-11
474,Spark,Big Data,Data Scientist,"San Francisco, CA",2025-09-11
474,Machine Learning,Machine Learning & AI,Data Scientist,"San Francisco, CA",2025-09-11
474,TensorFlow,Machine Learning & AI,Data Scientist,"San Francisco, CA",2025-09-11
474,Statistics,Analytics,Data Scientist,"San Francisco, CA",2025-09-11
537,SQL,Programming Language,Software Engineer,"Seattle, WA",2025-09-11
537,JavaScript,Programming Language,Software Engineer,"Seattle, WA",2025-09-11
537,AWS,Cloud,Software Engineer,"Seattle, WA",2025-09-11
537,Kubernetes,DevOps,Software Engineer,"Seattle, WA",2025-09-11
537,Git,DevOps,Software Engineer,"Seattle, WA",2025-09-11
537,REST API,Software Engineering,Software Engineer,"Seattle, WA",2025-09-11
897,Python,Programming Language,Data Scientist,"New York, NY",2025-09-11
897,AWS,Cloud,Data Scientist,"New York, NY",2025-09-11
897,Spark,Big Data,Data Scientist,"New York, NY",2025-09-11
897,Machine Learning,Machine Learning & AI,Data Scientist,"New York, NY",2025-09-11
897,Deep Learning,Machine Learning & AI,Data Scientist,"New York, NY",2025-09-11
897,PyTorch,Machine Learning & AI,Data Scientist,"New York, NY",2025-09-11
1679,SQL,Programming Language,Software Engineer,Singapore,2025-09-11
1679,JavaScript,Programming Language,Software Engineer,Singapore,2025-09-11
1679,AWS,Cloud,Software Engineer,Singapore,2025-09-11
1679,Docker,DevOps,Software Engineer,Singapore,2025-09-11
1679,PostgreSQL,Databases,Software Engineer,Singapore,2025-09-11
1679,Linux,DevOps,Software Engineer,Singapore,2025-09-11
1679,REST API,Software Engineering,Software Engineer,Singapore,2025-09-11
691,Python,Programming Language,ML Engineer,"Dublin, Ireland",2025-09-12
691,Kubernetes,DevOps,ML Engineer,"Dublin, Ireland",2025-09-12
691,Machine Learning,Machine Learning & AI,ML Engineer,"Dublin, Ireland",2025-09-12
691,Scikit-learn,Machine Learning & AI,ML Engineer,"Dublin, Ireland",2025-09-12
691,NLP,Machine Learning & AI,ML Engineer,"Dublin, Ireland",2025-09-12
963,Python,Programming Language,ML Engineer,"Denver, CO",2025-09-12
963,Spark,Big Data,ML Engineer,"Denver, CO",2025-09-12
963,Docker,DevOps,ML Engineer,"Denver, CO",2025-09-12
963,Machine Learning,Machine Learning & AI,ML Engineer,"Denver, CO",2025-09-12
963,Deep Learning,Machine Learning & AI,ML Engineer,"Denver, CO",2025-09-12
963,PyTorch,Machine Learning & AI,ML Engineer,"Denver, CO",2025-09-12
963,Computer Vision,Machine Learning & AI,ML Engineer,"Denver, CO",2025-09-12
980,SQL,Programming Language,Data Scientist,"Bengaluru, India",2025-09-12
980,Spark,Big Data,Data Scientist,"Bengaluru, India",2025-09-12
980,Machine Learning,Machine Learning & AI,Data Scientist,"Bengaluru, India",2025-09-12
980,Scikit-learn,Machine Learning & AI,Data Scientist,"Bengaluru, India",2025-09-12
980,Statistics,Analytics,Data Scientist,"Bengaluru, India",2025-09-12
980,A/B Testing,Analytics,Data Scientist,"Bengaluru, India",2025-09-12
1066,Python,Programming Language,Data Scientist,"London, UK",2025-09-12
1066,SQL,Programming Language,Data Scientist,"London, UK",2025-09-12
1066,Spark,Big Data,Data Scientist,"London, UK",2025-09-12
1066,Deep Learning,Machine Learning & AI,Data Scientist,"London, UK",2025-09-12
1066,Scikit-learn,Machine Learning & AI,Data Scientist,"London, UK",2025-09-12
1066,Statistics,Analytics,Data Scientist,"London, UK",2025-09-12
1066,A/B Testing,Analytics,Data Scientist,"London, UK",2025-09-12
563,Python,Programming Language,Data Scientist,"Chicago, IL",2025-09-13
563,SQL,Programming Language,Data Scientist,"Chicago, IL",2025-09-13
563,Spark,Big Data,Data Scientist,"Chicago, IL",2025-09-13
563,NLP,Machine Learning & AI,Data Scientist,"Chicago, IL",2025-09-13
1215,Excel,BI & Visualization,Data Analyst,"Berlin, Germany",2025-09-13
1215,Power BI,BI & Visualization,Data Analyst,"Berlin, Germany",2025-09-13
1215,Tableau,BI & Visualization,Data Analyst,"Berlin, Germany",2025-09-13
1215,Statistics,Analytics,Data Analyst,"Berlin, Germany",2025-09-13
1215,Data Warehousing,Data Engineering,Data Analyst,"Berlin, Germany",2025-09-13
1276,SQL,Programming Language,Data Scientist,"San Francisco, CA",2025-09-13
1276,TensorFlow,Machine Learning & AI,Data Scientist,"San Francisco, CA",2025-09-13
1276,Scikit-learn,Machine Learning & AI,Data Scientist,"San Francisco, CA",2025-09-13
1276,Statistics,Analytics,Data Scientist,"San Francisco, CA",2025-09-13
1332,Python,Programming Language,Data Scientist,Remote,2025-09-13
1332,SQL,Programming Language,Data Scientist,Remote,2025-09-13
1332,Machine Learning,Machine Learning & AI,Data Scientist,Remote,2025-09-13
1332,PyTorch,Machine Learning & AI,Data Scientist,Remote,2025-09-13
1332,Scikit-learn,Machine Learning & AI,Data Scientist,Remote,2025-09-13
1332,A/B Testing,Analytics,Data Scientist,Remote,2025-09-13
1695,SQL,Programming Language,Software Engineer,"Bengaluru, India",2025-09-13
1695,Java,Programming Language,Software Engineer,"Bengaluru, India",2025-09-13
1695,JavaScript,Programming Language,Software Engineer,"Bengaluru, India",2025-09-13
1695,AWS,Cloud,Software Engineer,"Bengaluru, India",2025-09-13
1695,Kubernetes,DevOps,Software Engineer,"Bengaluru, India",2025-09-13
1695,Git,DevOps,Software Engineer,"Bengaluru, India",2025-09-13
1695,REST API,Software Engineering,Software Engineer,"Bengaluru, India",2025-09-13
1960,Python,Programming Language,Data Engineer,"Boston, MA",2025-09-13
1960,SQL,Programming Language,Data Engineer,"Boston, MA",2025-09-13
1960,Azure,Cloud,Data Engineer,"Boston, MA",2025-09-13
1960,Redshift,Cloud & Data Warehousing,Data Engineer,"Boston, MA",2025-09-13
1960,Hadoop,Big Data,Data Engineer,"Boston, MA",2025-09-13
1960,ETL,Data Engineering,Data Engineer,"Boston, MA",2025-09-13
1960,Data Warehousing,Data Engineering,Data Engineer,"Boston, MA",2025-09-13
59,SQL,Programming Language,Data Analyst,"Hyderabad, India",2025-09-14
59,Excel,BI & Visualization,Data Analyst,"Hyderabad, India",2025-09-14
59,Power BI,BI & Visualization,Data Analyst,"Hyderabad, India",2025-09-14
59,Tableau,BI & Visualization,Data Analyst,"Hyderabad, India",2025-09-14
116,Python,Programming Language,ML Engineer,"Bengaluru, India",2025-09-14
116,AWS,Cloud,ML Engineer,"Bengaluru, India",2025-09-14
116,Spark,Big Data,ML Engineer,"Bengaluru, India",2025-09-14
116,Kubernetes,DevOps,ML Engineer,"Bengaluru, India",2025-09-14
116,Machine Learning,Machine Learning & AI,ML Engineer,"Bengaluru, India",2025-09-14
116,TensorFlow,Machine Learning & AI,ML Engineer,"Bengaluru, India",2025-09-14
116,PyTorch,Machine Learning & AI,ML Engineer,"Bengaluru, India",2025-09-14
272,Java,Programming Language,Software Engineer,"Boston, MA",2025-09-14
272,JavaScript,Programming Language,Software Engineer,"Boston, MA",2025-09-14
272,AWS,Cloud,Software Engineer,"Boston, MA",2025-09-14
272,Git,DevOps,Software Engineer,"Boston, MA",2025-09-14
272,MongoDB,Databases,Software Engineer,"Boston, MA",2025-09-14
272,REST API,Software Engineering,Software Engineer,"Boston, MA",2025-09-14
272,Agile,Soft Skills & Methodology,Software Engineer,"Boston, MA",2025-09-14
454,Docker,DevOps,ML Engineer,"Mumbai, India",2025-09-14
454,Machine Learning,Machine Learning & AI,ML Engineer,"Mumbai, India",2025-09-14
454,TensorFlow,Machine Learning & AI,ML Engineer,"Mumbai, India",2025-09-14
454,PyTorch,Machine Learning & AI,ML Engineer,"Mumbai, India",2025-09-14
454,Scikit-learn,Machine Learning & AI,ML Engineer,"Mumbai, India",2025-09-14
454,NLP,Machine Learning & AI,ML Engineer,"Mumbai, India",2025-09-14
454,Computer Vision,Machine Learning & AI,ML Engineer,"Mumbai, India",2025-09-14
498,Python,Programming Language,Data Engineer,"New York, NY",2025-09-14
498,AWS,Cloud,Data Engineer,"New York, NY",2025-09-14
498,Spark,Big Data,Data Engineer,"New York, NY",2025-09-14
498,Hadoop,Big Data,Data Engineer,"New York, NY",2025-09-14
498,Docker,DevOps,Data Engineer,"New York, NY",2025-09-14
498,ETL,Data Engineering,Data Engineer,"New York, NY",2025-09-14
1565,SQL,Programming Language,Software Engineer,Remote,2025-09-14
1565,C++,Programming Language,Software Engineer,Remote,2025-09-14
1565,Docker,DevOps,Software Engineer,Remote,2025-09-14
1565,Agile,Soft Skills & Methodology,Software Engineer,Remote,2025-09-14
1892,Python,Programming Language,Data Analyst,Remote,2025-09-14
1892,SQL,Programming Language,Data Analyst,Remote,2025-09-14
1892,Excel,BI & Visualization,Data Analyst,Remote,2025-09-14
1892,Power BI,BI & Visualization,Data Analyst,Remote,2025-09-14
1892,Tableau,BI & Visualization,Data Analyst,Remote,2025-09-14
1892,Statistics,Analytics,Data Analyst,Remote,2025-09-14
1892,ETL,Data Engineering,Data Analyst,Remote,2025-09-14
87,JavaScript,Programming Language,Software Engineer,"Bengaluru, India",2025-09-15
87,Git,DevOps,Software Engineer,"Bengaluru, India",2025-09-15
87,NoSQL,Databases,Software Engineer,"Bengaluru, India",2025-09-15
87,PostgreSQL,Databases,Software Engineer,"Bengaluru, India",2025-09-15
87,Linux,DevOps,Software Engineer,"Bengaluru, India",2025-09-15
87,Agile,Soft Skills & Methodology,Software Engineer,"Bengaluru, India",2025-09-15
302,Python,Programming Language,Data Engineer,"San Francisco, CA",2025-09-15
302,Snowflake,Cloud & Data Warehousing,Data Engineer,"San Francisco, CA",2025-09-15
302,BigQuery,Cloud & Data Warehousing,Data Engineer,"San Francisco, CA",2025-09-15
302,Spark,Big Data,Data Engineer,"San Francisco, CA",2025-09-15
302,Airflow,Data Engineering,Data Engineer,"San Francisco, CA",2025-09-15
309,Python,Programming Language,ML Engineer,"Dublin, Ireland",2025-09-15
309,Azure,Cloud,ML Engineer,"Dublin, Ireland",2025-09-15
309,Kubernetes,DevOps,ML Engineer,"Dublin, Ireland",2025-09-15
309,TensorFlow,Machine Learning & AI,ML Engineer,"Dublin, Ireland",2025-09-15
309,PyTorch,Machine Learning & AI,ML Engineer,"Dublin, Ireland",2025-09-15
1047,Python,Programming Language,Software Engineer,"San Francisco, CA",2025-09-15
1047,SQL,Programming Language,Software Engineer,"San Francisco, CA",2025-09-15
1047,JavaScript,Programming Language,Software Engineer,"San Francisco, CA",2025-09-15
1047,AWS,Cloud,Software Engineer,"San Francisco, CA",2025-09-15
1047,Kubernetes,DevOps,Software Engineer,"San Francisco, CA",2025-09-15
1047,PostgreSQL,Databases,Software Engineer,"San Francisco, CA",2025-09-15
1591,Python,Programming Language,Software Engineer,"Boston, MA",2025-09-15
1591,SQL,Programming Language,Software Engineer,"Boston, MA",2025-09-15
1591,Java,Programming Language,Software Engineer,"Boston, MA",2025-09-15
1591,Docker,DevOps,Software Engineer,"Boston, MA",2025-09-15
1591,Kubernetes,DevOps,Software Engineer,"Boston, MA",2025-09-15
1591,Agile,Soft Skills & Methodology,Software Engineer,"Boston, MA",2025-09-15
1840,Python,Programming Language,Data Analyst,Singapore,2025-09-15
1840,SQL,Programming Language,Data Analyst,Singapore,2025-09-15
1840,Excel,BI & Visualization,Data Analyst,Singapore,2025-09-15
1840,Power BI,BI & Visualization,Data Analyst,Singapore,2025-09-15
1840,Tableau,BI & Visualization,Data Analyst,Singapore,2025-09-15
1840,Statistics,Analytics,Data Analyst,Singapore,2025-09-15
628,Python,Programming Language,ML Engineer,"Delhi, India",2025-09-16
628,Deep Learning,Machine Learning & AI,ML Engineer,"Delhi, India",2025-09-16
628,PyTorch,Machine Learning & AI,ML Engineer,"Delhi, India",2025-09-16
628,NLP,Machine Learning & AI,ML Engineer,"Delhi, India",2025-09-16
948,AWS,Cloud,Data Engineer,"San Francisco, CA",2025-09-16
948,Hadoop,Big Data,Data Engineer,"San Francisco, CA",2025-09-16
948,Airflow,Data Engineering,Data Engineer,"San Francisco, CA",2025-09-16
948,ETL,Data Engineering,Data Engineer,"San Francisco, CA",2025-09-16
1201,SQL,Programming Language,Software Engineer,"Los Angeles, CA",2025-09-16
1201,JavaScript,Programming Language,Software Engineer,"Los Angeles, CA",2025-09-16
1201,AWS,Cloud,Software Engineer,"Los Angeles, CA",2025-09-16
1201,Linux,DevOps,Software Engineer,"Los Angeles, CA",2025-09-16
1201,Agile,Soft Skills & Methodology,Software Engineer,"Los Angeles, CA",2025-09-16
1445,R,Programming Language,Data Scientist,"Chicago, IL",2025-09-16
1445,SQL,Programming Language,Data Scientist,"Chicago, IL",2025-09-16
1445,Deep Learning,Machine Learning & AI,Data Scientist,"Chicago, IL",2025-09-16
1445,PyTorch,Machine Learning & AI,Data Scientist,"Chicago, IL",2025-09-16
1445,Computer Vision,Machine Learning & AI,Data Scientist,"Chicago, IL",2025-09-16
1445,Statistics,Analytics,Data Scientist,"Chicago, IL",2025-09-16
1547,SQL,Programming Language,Data Engineer,"Chicago, IL",2025-09-16
1547,Snowflake,Cloud & Data Warehousing,Data Engineer,"Chicago, IL",2025-09-16
1547,Kafka,Big Data,Data Engineer,"Chicago, IL",2025-09-16
1547,ETL,Data Engineering,Data Engineer,"Chicago, IL",2025-09-16
1547,Data Warehousing,Data Engineering,Data Engineer,"Chicago, IL",2025-09-16
1547,NoSQL,Databases,Data Engineer,"Chicago, IL",2025-09-16
1676,AWS,Cloud,Data Engineer,"Bengaluru, India",2025-09-16
1676,Snowflake,Cloud & Data Warehousing,Data Engineer,"Bengaluru, India",2025-09-16
1676,Hadoop,Big Data,Data Engineer,"Bengaluru, India",2025-09-16
1676,ETL,Data Engineering,Data Engineer,"Bengaluru, India",2025-09-16
1676,NoSQL,Databases,Data Engineer,"Bengaluru, India",2025-09-16
199,Python,Programming Language,Data Engineer,"Delhi, India",2025-09-17
199,SQL,Programming Language,Data Engineer,"Delhi, India",2025-09-17
199,Airflow,Data Engineering,Data Engineer,"Delhi, India",2025-09-17
199,ETL,Data Engineering,Data Engineer,"Delhi, India",2025-09-17
199,Data Warehousing,Data Engineering,Data Engineer,"Delhi, India",2025-09-17
1747,Python,Programming Language,Data Engineer,"Berlin, Germany",2025-09-17
1747,AWS,Cloud,Data Engineer,"Berlin, Germany",2025-09-17
1747,BigQuery,Cloud & Data Warehousing,Data Engineer,"Berlin, Germany",2025-09-17
1747,Airflow,Data Engineering,Data Engineer,"Berlin, Germany",2025-09-17
1747,NoSQL,Databases,Data Engineer,"Berlin, Germany",2025-09-17
1949,Python,Programming Language,Data Scientist,"Austin, TX",2025-09-17
1949,Power BI,BI & Visualization,Data Scientist,"Austin, TX",2025-09-17
1949,Tableau,BI & Visualization,Data Scientist,"Austin, TX",2025-09-17
1949,Spark,Big Data,Data Scientist,"Austin, TX",2025-09-17
1949,TensorFlow,Machine Learning & AI,Data Scientist,"Austin, TX",2025-09-17
1949,NLP,Machine Learning & AI,Data Scientist,"Austin, TX",2025-09-17
1949,Statistics,Analytics,Data Scientist,"Austin, TX",2025-09-17
1982,Python,Programming Language,Data Analyst,Remote,2025-09-17
1982,R,Programming Language,Data Analyst,Remote,2025-09-17
1982,Excel,BI & Visualization,Data Analyst,Remote,2025-09-17
1982,Power BI,BI & Visualization,Data Analyst,Remote,2025-09-17
1982,Looker,BI & Visualization,Data Analyst,Remote,2025-09-17
1982,A/B Testing,Analytics,Data Analyst,Remote,2025-09-17
1982,Data Warehousing,Data Engineering,Data Analyst,Remote,2025-09-17
323,Python,Programming Language,Data Engineer,"Bengaluru, India",2025-09-18
323,SQL,Programming Language,Data Engineer,"Bengaluru, India",2025-09-18
323,AWS,Cloud,Data Engineer,"Bengaluru, India",2025-09-18
323,BigQuery,Cloud & Data Warehousing,Data Engineer,"Bengaluru, India",2025-09-18
323,Spark,Big Data,Data Engineer,"Bengaluru, India",2025-09-18
323,dbt,Data Engineering,Data Engineer,"Bengaluru, India",2025-09-18
323,ETL,Data Engineering,Data Engineer,"Bengaluru, India",2025-09-18
670,Python,Programming Language,Data Analyst,"San Francisco, CA",2025-09-18
670,R,Programming Language,Data Analyst,"San Francisco, CA",2025-09-18
670,SQL,Programming Language,Data Analyst,"San Francisco, CA",2025-09-18
670,Excel,BI & Visualization,Data Analyst,"San Francisco, CA",2025-09-18
670,Tableau,BI & Visualization,Data Analyst,"San Francisco, CA",2025-09-18
670,Git,DevOps,Data Analyst,"San Francisco, CA",2025-09-18
670,ETL,Data Engineering,Data Analyst,"San Francisco, CA",2025-09-18
1182,Spark,Big Data,ML Engineer,"Toronto, Canada",2025-09-18
1182,Kubernetes,DevOps,ML Engineer,"Toronto, Canada",2025-09-18
1182,Deep Learning,Machine Learning & AI,ML Engineer,"Toronto, Canada",2025-09-18
1182,Computer Vision,Machine Learning & AI,ML Engineer,"Toronto, Canada",2025-09-18
1925,Python,Programming Language,Software Engineer,"San Francisco, CA",2025-09-18
1925,Java,Programming Language,Software Engineer,"San Francisco, CA",2025-09-18
1925,C++,Programming Language,Software Engineer,"San Francisco, CA",2025-09-18
1925,Git,DevOps,Software Engineer,"San Francisco, CA",2025-09-18
1925,REST API,Software Engineering,Software Engineer,"San Francisco, CA",2025-09-18
1925,Agile,Soft Skills & Methodology,Software Engineer,"San Francisco, CA",2025-09-18
43,SQL,Programming Language,Software Engineer,"Hyderabad, India",2025-09-19
43,Docker,DevOps,Software Engineer,"Hyderabad, India",2025-09-19
43,Kubernetes,DevOps,Software Engineer,"Hyderabad, India",2025-09-19
43,PostgreSQL,Databases,Software Engineer,"Hyderabad, India",2025-09-19
466,JavaScript,Programming Language,Software Engineer,"New York, NY",2025-09-19
466,C++,Programming Language,Software Engineer,"New York, NY",2025-09-19
466,Kubernetes,DevOps,Software Engineer,"New York, NY",2025-09-19
466,Git,DevOps,Software Engineer,"New York, NY",2025-09-19
466,Linux,DevOps,Software Engineer,"New York, NY",2025-09-19
723,Python,Programming Language,Data Analyst,"Seattle, WA",2025-09-19
723,SQL,Programming Language,Data Analyst,"Seattle, WA",2025-09-19
723,Excel,BI & Visualization,Data Analyst,"Seattle, WA",2025-09-19
723,MongoDB,Databases,Data Analyst,"Seattle, WA",2025-09-19
773,Python,Programming Language,Data Scientist,"San Francisco, CA",2025-09-19
773,Machine Learning,Machine Learning & AI,Data Scientist,"San Francisco, CA",2025-09-19
773,TensorFlow,Machine Learning & AI,Data Scientist,"San Francisco, CA",2025-09-19
773,PyTorch,Machine Learning & AI,Data Scientist,"San Francisco, CA",2025-09-19
773,Statistics,Analytics,Data Scientist,"San Francisco, CA",2025-09-19
773,A/B Testing,Analytics,Data Scientist,"San Francisco, CA",2025-09-19
868,Excel,BI & Visualization,Data Analyst,"San Francisco, CA",2025-09-19
868,Git,DevOps,Data Analyst,"San Francisco, CA",2025-09-19
868,ETL,Data Engineering,Data Analyst,"San Francisco, CA",2025-09-19
868,Data Warehousing,Data Engineering,Data Analyst,"San Francisco, CA",2025-09-19
1608,JavaScript,Programming Language,Software Engineer,Remote,2025-09-19
1608,AWS,Cloud,Software Engineer,Remote,2025-09-19
1608,Git,DevOps,Software Engineer,Remote,2025-09-19
1608,NoSQL,Databases,Software Engineer,Remote,2025-09-19
1608,MongoDB,Databases,Software Engineer,Remote,2025-09-19
1608,PostgreSQL,Databases,Software Engineer,Remote,2025-09-19
1608,Agile,Soft Skills & Methodology,Software Engineer,Remote,2025-09-19
1726,Python,Programming Language,ML Engineer,"Boston, MA",2025-09-19
1726,AWS,Cloud,ML Engineer,"Boston, MA",2025-09-19
1726,Machine Learning,Machine Learning & AI,ML Engineer,"Boston, MA",2025-09-19
1726,NLP,Machine Learning & AI,ML Engineer,"Boston, MA",2025-09-19
1726,Computer Vision,Machine Learning & AI,ML Engineer,"Boston, MA",2025-09-19
1765,Python,Programming Language,Data Analyst,"Dublin, Ireland",2025-09-19
1765,SQL,Programming Language,Data Analyst,"Dublin, Ireland",2025-09-19
1765,Excel,BI & Visualization,Data Analyst,"Dublin, Ireland",2025-09-19
1765,Power BI,BI & Visualization,Data Analyst,"Dublin, Ireland",2025-09-19
1765,Tableau,BI & Visualization,Data Analyst,"Dublin, Ireland",2025-09-19
1765,Looker,BI & Visualization,Data Analyst,"Dublin, Ireland",2025-09-19
1765,A/B Testing,Analytics,Data Analyst,"Dublin, Ireland",2025-09-19
89,Python,Programming Language,Data Scientist,"Delhi, India",2025-09-20
89,SQL,Programming Language,Data Scientist,"Delhi, India",2025-09-20
89,Machine Learning,Machine Learning & AI,Data Scientist,"Delhi, India",2025-09-20
89,Scikit-learn,Machine Learning & AI,Data Scientist,"Delhi, India",2025-09-20
89,Statistics,Analytics,Data Scientist,"Delhi, India",2025-09-20
89,A/B Testing,Analytics,Data Scientist,"Delhi, India",2025-09-20
500,Python,Programming Language,ML Engineer,"Pune, India",2025-09-20
500,Azure,Cloud,ML Engineer,"Pune, India",2025-09-20
500,Kubernetes,DevOps,ML Engineer,"Pune, India",2025-09-20
500,Git,DevOps,ML Engineer,"Pune, India",2025-09-20
500,Machine Learning,Machine Learning & AI,ML Engineer,"Pune, India",2025-09-20
500,NLP,Machine Learning & AI,ML Engineer,"Pune, India",2025-09-20
1083,Python,Programming Language,Data Scientist,"Berlin, Germany",2025-09-20
1083,SQL,Programming Language,Data Scientist,"Berlin, Germany",2025-09-20
1083,Machine Learning,Machine Learning & AI,Data Scientist,"Berlin, Germany",2025-09-20
1083,Deep Learning,Machine Learning & AI,Data Scientist,"Berlin, Germany",2025-09-20
1083,PyTorch,Machine Learning & AI,Data Scientist,"Berlin, Germany",2025-09-20
1083,Statistics,Analytics,Data Scientist,"Berlin, Germany",2025-09-20
1083,A/B Testing,Analytics,Data Scientist,"Berlin, Germany",2025-09-20
1294,Python,Programming Language,Software Engineer,"Toronto, Canada",2025-09-20
1294,JavaScript,Programming Language,Software Engineer,"Toronto, Canada",2025-09-20
1294,Git,DevOps,Software Engineer,"Toronto, Canada",2025-09-20
1294,Agile,Soft Skills & Methodology,Software Engineer,"Toronto, Canada",2025-09-20
3,Python,Programming Language,Software Engineer,"Austin, TX",2025-09-21
3,SQL,Programming Language,Software Engineer,"Austin, TX",2025-09-21
3,Java,Programming Language,Software Engineer,"Austin, TX",2025-09-21
3,JavaScript,Programming Language,Software Engineer,"Austin, TX",2025-09-21
3,Docker,DevOps,Software Engineer,"Austin, TX",2025-09-21
3,Git,DevOps,Software Engineer,"Austin, TX",2025-09-21
3,REST API,Software Engineering,Software Engineer,"Austin, TX",2025-09-21
739,R,Programming Language,Data Analyst,Singapore,2025-09-21
739,Excel,BI & Visualization,Data Analyst,Singapore,2025-09-21
739,Tableau,BI & Visualization,Data Analyst,Singapore,2025-09-21
739,Git,DevOps,Data Analyst,Singapore,2025-09-21
739,Statistics,Analytics,Data Analyst,Singapore,2025-09-21
739,A/B Testing,Analytics,Data Analyst,Singapore,2025-09-21
739,ETL,Data Engineering,Data Analyst,Singapore,2025-09-21
1127,Python,Programming Language,Data Engineer,"San Francisco, CA",2025-09-21
1127,AWS,Cloud,Data Engineer,"San Francisco, CA",2025-09-21
1127,Snowflake,Cloud & Data Warehousing,Data Engineer,"San Francisco, CA",2025-09-21
1127,ETL,Data Engineering,Data Engineer,"San Francisco, CA",2025-09-21
1219,Python,Programming Language,Data Scientist,"Toronto, Canada",2025-09-21
1219,Spark,Big Data,Data Scientist,"Toronto, Canada",2025-09-21
1219,Deep Learning,Machine Learning & AI,Data Scientist,"Toronto, Canada",2025-09-21
1219,PyTorch,Machine Learning & AI,Data Scientist,"Toronto, Canada",2025-09-21
1219,Scikit-learn,Machine Learning & AI,Data Scientist,"Toronto, Canada",2025-09-21
1219,Statistics,Analytics,Data Scientist,"Toronto, Canada",2025-09-21
1361,SQL,Programming Language,Data Scientist,"San Francisco, CA",2025-09-21
1361,AWS,Cloud,Data Scientist,"San Francisco, CA",2025-09-21
1361,Machine Learning,Machine Learning & AI,Data Scientist,"San Francisco, CA",2025-09-21
1361,Computer Vision,Machine Learning & AI,Data Scientist,"San Francisco, CA",2025-09-21
1361,Statistics,Analytics,Data Scientist,"San Francisco, CA",2025-09-21
1361,A/B Testing,Analytics,Data Scientist,"San Francisco, CA",2025-09-21
1581,Python,Programming Language,Data Scientist,"Mumbai, India",2025-09-21
1581,SQL,Programming Language,Data Scientist,"Mumbai, India",2025-09-21
1581,Tableau,BI & Visualization,Data Scientist,"Mumbai, India",2025-09-21
1581,Scikit-learn,Machine Learning & AI,Data Scientist,"Mumbai, India",2025-09-21
1581,Computer Vision,Machine Learning & AI,Data Scientist,"Mumbai, India",2025-09-21
1581,Statistics,Analytics,Data Scientist,"Mumbai, India",2025-09-21
1581,A/B Testing,Analytics,Data Scientist,"Mumbai, India",2025-09-21
225,Java,Programming Language,Software Engineer,"New York, NY",2025-09-22
225,JavaScript,Programming Language,Software Engineer,"New York, NY",2025-09-22
225,C++,Programming Language,Software Engineer,"New York, NY",2025-09-22
225,AWS,Cloud,Software Engineer,"New York, NY",2025-09-22
225,Kubernetes,DevOps,Software Engineer,"New York, NY",2025-09-22
286,SQL,Programming Language,Data Analyst,"Delhi, India",2025-09-22
286,Excel,BI & Visualization,Data Analyst,"Delhi, India",2025-09-22
286,Power BI,BI & Visualization,Data Analyst,"Delhi, India",2025-09-22
286,Tableau,BI & Visualization,Data Analyst,"Delhi, India",2025-09-22
286,Looker,BI & Visualization,Data Analyst,"Delhi, India",2025-09-22
286,Git,DevOps,Data Analyst,"Delhi, India",2025-09-22
610,Python,Programming Language,Data Engineer,"Hyderabad, India",2025-09-22
610,SQL,Programming Language,Data Engineer,"Hyderabad, India",2025-09-22
610,AWS,Cloud,Data Engineer,"Hyderabad, India",2025-09-22
610,Azure,Cloud,Data Engineer,"Hyderabad, India",2025-09-22
610,Hadoop,Big Data,Data Engineer,"Hyderabad, India",2025-09-22
610,Airflow,Data Engineering,Data Engineer,"Hyderabad, India",2025-09-22
610,Docker,DevOps,Data Engineer,"Hyderabad, India",2025-09-22
850,SQL,Programming Language,Software Engineer,"Pune, India",2025-09-22
850,JavaScript,Programming Language,Software Engineer,"Pune, India",2025-09-22
850,Git,DevOps,Software Engineer,"Pune, India",2025-09-22
850,Linux,DevOps,Software Engineer,"Pune, India",2025-09-22
850,REST API,Software Engineering,Software Engineer,"Pune, India",2025-09-22
1886,R,Programming Language,Data Scientist,Singapore,2025-09-22
1886,SQL,Programming Language,Data Scientist,Singapore,2025-09-22
1886,Tableau,BI & Visualization,Data Scientist,Singapore,2025-09-22
1886,Machine Learning,Machine Learning & AI,Data Scientist,Singapore,2025-09-22
1886,Deep Learning,Machine Learning & AI,Data Scientist,Singapore,2025-09-22
1886,NLP,Machine Learning & AI,Data Scientist,Singapore,2025-09-22
29,SQL,Programming Language,Data Engineer,"Mumbai, India",2025-09-23
29,Snowflake,Cloud & Data Warehousing,Data Engineer,"Mumbai, India",2025-09-23
29,Redshift,Cloud & Data Warehousing,Data Engineer,"Mumbai, India",2025-09-23
29,Airflow,Data Engineering,Data Engineer,"Mumbai, India",2025-09-23
142,Python,Programming Language,Data Scientist,Remote,2025-09-23
142,Deep Learning,Machine Learning & AI,Data Scientist,Remote,2025-09-23
142,Statistics,Analytics,Data Scientist,Remote,2025-09-23
142,A/B Testing,Analytics,Data Scientist,Remote,2025-09-23
233,Python,Programming Language,Data Analyst,"Seattle, WA",2025-09-23
233,SQL,Programming Language,Data Analyst,"Seattle, WA",2025-09-23
233,Excel,BI & Visualization,Data Analyst,"Seattle, WA",2025-09-23
233,Looker,BI & Visualization,Data Analyst,"Seattle, WA",2025-09-23
233,GCP,Cloud,Data Analyst,"Seattle, WA",2025-09-23
233,Git,DevOps,Data Analyst,"Seattle, WA",2025-09-23
333,Python,Programming Language,Data Scientist,Singapore,2025-09-23
333,R,Programming Language,Data Scientist,Singapore,2025-09-23
333,Tableau,BI & Visualization,Data Scientist,Singapore,2025-09-23
333,Machine Learning,Machine Learning & AI,Data Scientist,Singapore,2025-09-23
333,TensorFlow,Machine Learning & AI,Data Scientist,Singapore,2025-09-23
333,A/B Testing,Analytics,Data Scientist,Singapore,2025-09-23
359,Python,Programming Language,Data Scientist,"New York, NY",2025-09-23
359,AWS,Cloud,Data Scientist,"New York, NY",2025-09-23
359,Machine Learning,Machine Learning & AI,Data Scientist,"New York, NY",2025-09-23
359,Deep Learning,Machine Learning & AI,Data Scientist,"New York, NY",2025-09-23
359,NLP,Machine Learning & AI,Data Scientist,"New York, NY",2025-09-23
359,Statistics,Analytics,Data Scientist,"New York, NY",2025-09-23
359,A/B Testing,Analytics,Data Scientist,"New York, NY",2025-09-23
679,Python,Programming Language,Software Engineer,"Seattle, WA",2025-09-23
679,Java,Programming Language,Software Engineer,"Seattle, WA",2025-09-23
679,JavaScript,Programming Language,Software Engineer,"Seattle, WA",2025-09-23
679,Docker,DevOps,Software Engineer,"Seattle, WA",2025-09-23
679,MongoDB,Databases,Software Engineer,"Seattle, WA",2025-09-23
679,PostgreSQL,Databases,Software Engineer,"Seattle, WA",2025-09-23
679,Linux,DevOps,Software Engineer,"Seattle, WA",2025-09-23
854,Python,Programming Language,Data Engineer,"Atlanta, GA",2025-09-23
854,SQL,Programming Language,Data Engineer,"Atlanta, GA",2025-09-23
854,Azure,Cloud,Data Engineer,"Atlanta, GA",2025-09-23
854,BigQuery,Cloud & Data Warehousing,Data Engineer,"Atlanta, GA",2025-09-23
854,Airflow,Data Engineering,Data Engineer,"Atlanta, GA",2025-09-23
854,ETL,Data Engineering,Data Engineer,"Atlanta, GA",2025-09-23
854,Data Warehousing,Data Engineering,Data Engineer,"Atlanta, GA",2025-09-23
1062,SQL,Programming Language,Data Engineer,"Hyderabad, India",2025-09-23
1062,AWS,Cloud,Data Engineer,"Hyderabad, India",2025-09-23
1062,Snowflake,Cloud & Data Warehousing,Data Engineer,"Hyderabad, India",2025-09-23
1062,BigQuery,Cloud & Data Warehousing,Data Engineer,"Hyderabad, India",2025-09-23
1062,Hadoop,Big Data,Data Engineer,"Hyderabad, India",2025-09-23
1062,Airflow,Data Engineering,Data Engineer,"Hyderabad, India",2025-09-23
1177,SQL,Programming Language,Data Analyst,"Seattle, WA",2025-09-23
1177,Excel,BI & Visualization,Data Analyst,"Seattle, WA",2025-09-23
1177,Tableau,BI & Visualization,Data Analyst,"Seattle, WA",2025-09-23
1177,Data Warehousing,Data Engineering,Data Analyst,"Seattle, WA",2025-09-23
1444,R,Programming Language,Data Analyst,"Los Angeles, CA",2025-09-23
1444,SQL,Programming Language,Data Analyst,"Los Angeles, CA",2025-09-23
1444,Excel,BI & Visualization,Data Analyst,"Los Angeles, CA",2025-09-23
1444,Power BI,BI & Visualization,Data Analyst,"Los Angeles, CA",2025-09-23
1444,Tableau,BI & Visualization,Data Analyst,"Los Angeles, CA",2025-09-23
1444,Statistics,Analytics,Data Analyst,"Los Angeles, CA",2025-09-23
1444,Data Warehousing,Data Engineering,Data Analyst,"Los Angeles, CA",2025-09-23
1706,Python,Programming Language,Software Engineer,"Los Angeles, CA",2025-09-23
1706,Java,Programming Language,Software Engineer,"Los Angeles, CA",2025-09-23
1706,JavaScript,Programming Language,Software Engineer,"Los Angeles, CA",2025-09-23
1706,Docker,DevOps,Software Engineer,"Los Angeles, CA",2025-09-23
1706,Git,DevOps,Software Engineer,"Los Angeles, CA",2025-09-23
1706,Agile,Soft Skills & Methodology,Software Engineer,"Los Angeles, CA",2025-09-23
1902,Python,Programming Language,Data Scientist,"Delhi, India",2025-09-23
1902,Spark,Big Data,Data Scientist,"Delhi, India",2025-09-23
1902,Deep Learning,Machine Learning & AI,Data Scientist,"Delhi, India",2025-09-23
1902,PyTorch,Machine Learning & AI,Data Scientist,"Delhi, India",2025-09-23
1902,NLP,Machine Learning & AI,Data Scientist,"Delhi, India",2025-09-23
539,Python,Programming Language,Data Scientist,"New York, NY",2025-09-24
539,AWS,Cloud,Data Scientist,"New York, NY",2025-09-24
539,Machine Learning,Machine Learning & AI,Data Scientist,"New York, NY",2025-09-24
539,Scikit-learn,Machine Learning & AI,Data Scientist,"New York, NY",2025-09-24
539,Statistics,Analytics,Data Scientist,"New York, NY",2025-09-24
1476,R,Programming Language,Data Scientist,"Chicago, IL",2025-09-24
1476,Deep Learning,Machine Learning & AI,Data Scientist,"Chicago, IL",2025-09-24
1476,Statistics,Analytics,Data Scientist,"Chicago, IL",2025-09-24
1476,A/B Testing,Analytics,Data Scientist,"Chicago, IL",2025-09-24
1557,Python,Programming Language,Software Engineer,"Austin, TX",2025-09-25
1557,Java,Programming Language,Software Engineer,"Austin, TX",2025-09-25
1557,JavaScript,Programming Language,Software Engineer,"Austin, TX",2025-09-25
1557,C++,Programming Language,Software Engineer,"Austin, TX",2025-09-25
1557,Linux,DevOps,Software Engineer,"Austin, TX",2025-09-25
1557,REST API,Software Engineering,Software Engineer,"Austin, TX",2025-09-25
1557,Agile,Soft Skills & Methodology,Software Engineer,"Austin, TX",2025-09-25
784,Python,Programming Language,ML Engineer,"Seattle, WA",2025-09-26
784,Kubernetes,DevOps,ML Engineer,"Seattle, WA",2025-09-26
784,Machine Learning,Machine Learning & AI,ML Engineer,"Seattle, WA",2025-09-26
784,PyTorch,Machine Learning & AI,ML Engineer,"Seattle, WA",2025-09-26
784,Scikit-learn,Machine Learning & AI,ML Engineer,"Seattle, WA",2025-09-26
1434,R,Programming Language,Data Analyst,"Pune, India",2025-09-26
1434,Excel,BI & Visualization,Data Analyst,"Pune, India",2025-09-26
1434,Power BI,BI & Visualization,Data Analyst,"Pune, India",2025-09-26
1434,Looker,BI & Visualization,Data Analyst,"Pune, India",2025-09-26
1511,SQL,Programming Language,Data Engineer,"Mumbai, India",2025-09-26
1511,Redshift,Cloud & Data Warehousing,Data Engineer,"Mumbai, India",2025-09-26
1511,Spark,Big Data,Data Engineer,"Mumbai, India",2025-09-26
1511,Data Warehousing,Data Engineering,Data Engineer,"Mumbai, India",2025-09-26
405,Python,Programming Language,Data Engineer,"Seattle, WA",2025-09-27
405,BigQuery,Cloud & Data Warehousing,Data Engineer,"Seattle, WA",2025-09-27
405,Spark,Big Data,Data Engineer,"Seattle, WA",2025-09-27
405,Airflow,Data Engineering,Data Engineer,"Seattle, WA",2025-09-27
750,Redshift,Cloud & Data Warehousing,Data Engineer,"Los Angeles, CA",2025-09-27
750,BigQuery,Cloud & Data Warehousing,Data Engineer,"Los Angeles, CA",2025-09-27
750,Spark,Big Data,Data Engineer,"Los Angeles, CA",2025-09-27
750,Hadoop,Big Data,Data Engineer,"Los Angeles, CA",2025-09-27
750,ETL,Data Engineering,Data Engineer,"Los Angeles, CA",2025-09-27
750,Data Warehousing,Data Engineering,Data Engineer,"Los Angeles, CA",2025-09-27
1693,SQL,Programming Language,Data Analyst,"New York, NY",2025-09-27
1693,Excel,BI & Visualization,Data Analyst,"New York, NY",2025-09-27
1693,Tableau,BI & Visualization,Data Analyst,"New York, NY",2025-09-27
1693,Looker,BI & Visualization,Data Analyst,"New York, NY",2025-09-27
1741,Python,Programming Language,ML Engineer,"San Francisco, CA",2025-09-27
1741,Kubernetes,DevOps,ML Engineer,"San Francisco, CA",2025-09-27
1741,Git,DevOps,ML Engineer,"San Francisco, CA",2025-09-27
1741,TensorFlow,Machine Learning & AI,ML Engineer,"San Francisco, CA",2025-09-27
1940,Python,Programming Language,Data Scientist,"Seattle, WA",2025-09-27
1940,SQL,Programming Language,Data Scientist,"Seattle, WA",2025-09-27
1940,Spark,Big Data,Data Scientist,"Seattle, WA",2025-09-27
1940,Scikit-learn,Machine Learning & AI,Data Scientist,"Seattle, WA",2025-09-27
246,Python,Programming Language,Software Engineer,"Seattle, WA",2025-09-28
246,SQL,Programming Language,Software Engineer,"Seattle, WA",2025-09-28
246,JavaScript,Programming Language,Software Engineer,"Seattle, WA",2025-09-28
246,Linux,DevOps,Software Engineer,"Seattle, WA",2025-09-28
246,REST API,Software Engineering,Software Engineer,"Seattle, WA",2025-09-28
246,Agile,Soft Skills & Methodology,Software Engineer,"Seattle, WA",2025-09-28
981,Azure,Cloud,ML Engineer,"Austin, TX",2025-09-28
981,Docker,DevOps,ML Engineer,"Austin, TX",2025-09-28
981,TensorFlow,Machine Learning & AI,ML Engineer,"Austin, TX",2025-09-28
981,Scikit-learn,Machine Learning & AI,ML Engineer,"Austin, TX",2025-09-28
1759,Python,Programming Language,Data Analyst,Remote,2025-09-28
1759,Excel,BI & Visualization,Data Analyst,Remote,2025-09-28
1759,Tableau,BI & Visualization,Data Analyst,Remote,2025-09-28
1759,GCP,Cloud,Data Analyst,Remote,2025-09-28
1759,Statistics,Analytics,Data Analyst,Remote,2025-09-28
1759,Data Warehousing,Data Engineering,Data Analyst,Remote,2025-09-28
342,SQL,Programming Language,Data Analyst,"Atlanta, GA",2025-09-29
342,Excel,BI & Visualization,Data Analyst,"Atlanta, GA",2025-09-29
342,Power BI,BI & Visualization,Data Analyst,"Atlanta, GA",2025-09-29
342,Git,DevOps,Data Analyst,"Atlanta, GA",2025-09-29
342,Statistics,Analytics,Data Analyst,"Atlanta, GA",2025-09-29
714,Python,Programming Language,Software Engineer,"Los Angeles, CA",2025-09-29
714,SQL,Programming Language,Software Engineer,"Los Angeles, CA",2025-09-29
714,JavaScript,Programming Language,Software Engineer,"Los Angeles, CA",2025-09-29
714,AWS,Cloud,Software Engineer,"Los Angeles, CA",2025-09-29
714,Linux,DevOps,Software Engineer,"Los Angeles, CA",2025-09-29
714,REST API,Software Engineering,Software Engineer,"Los Angeles, CA",2025-09-29
714,Agile,Soft Skills & Methodology,Software Engineer,"Los Angeles, CA",2025-09-29
899,Python,Programming Language,Data Scientist,"Washington, DC",2025-09-29
899,R,Programming Language,Data Scientist,"Washington, DC",2025-09-29
899,Machine Learning,Machine Learning & AI,Data Scientist,"Washington, DC",2025-09-29
899,Scikit-learn,Machine Learning & AI,Data Scientist,"Washington, DC",2025-09-29
1304,Python,Programming Language,Data Scientist,"Delhi, India",2025-09-29
1304,R,Programming Language,Data Scientist,"Delhi, India",2025-09-29
1304,SQL,Programming Language,Data Scientist,"Delhi, India",2025-09-29
1304,Machine Learning,Machine Learning & AI,Data Scientist,"Delhi, India",2025-09-29
1304,Scikit-learn,Machine Learning & AI,Data Scientist,"Delhi, India",2025-09-29
1731,Excel,BI & Visualization,Data Analyst,"Seattle, WA",2025-09-29
1731,Power BI,BI & Visualization,Data Analyst,"Seattle, WA",2025-09-29
1731,A/B Testing,Analytics,Data Analyst,"Seattle, WA",2025-09-29
1731,Data Warehousing,Data Engineering,Data Analyst,"Seattle, WA",2025-09-29
1221,SQL,Programming Language,Data Scientist,"Hyderabad, India",2025-09-30
1221,Machine Learning,Machine Learning & AI,Data Scientist,"Hyderabad, India",2025-09-30
1221,Deep Learning,Machine Learning & AI,Data Scientist,"Hyderabad, India",2025-09-30
1221,PyTorch,Machine Learning & AI,Data Scientist,"Hyderabad, India",2025-09-30
1221,Scikit-learn,Machine Learning & AI,Data Scientist,"Hyderabad, India",2025-09-30
1221,Statistics,Analytics,Data Scientist,"Hyderabad, India",2025-09-30
1221,A/B Testing,Analytics,Data Scientist,"Hyderabad, India",2025-09-30
658,Python,Programming Language,Data Analyst,"Bengaluru, India",2025-10-01
658,R,Programming Language,Data Analyst,"Bengaluru, India",2025-10-01
658,SQL,Programming Language,Data Analyst,"Bengaluru, India",2025-10-01
658,Power BI,BI & Visualization,Data Analyst,"Bengaluru, India",2025-10-01
658,ETL,Data Engineering,Data Analyst,"Bengaluru, India",2025-10-01
658,Data Warehousing,Data Engineering,Data Analyst,"Bengaluru, India",2025-10-01
1637,Python,Programming Language,ML Engineer,"Bengaluru, India",2025-10-01
1637,Spark,Big Data,ML Engineer,"Bengaluru, India",2025-10-01
1637,Docker,DevOps,ML Engineer,"Bengaluru, India",2025-10-01
1637,Git,DevOps,ML Engineer,"Bengaluru, India",2025-10-01
1637,Deep Learning,Machine Learning & AI,ML Engineer,"Bengaluru, India",2025-10-01
1637,NLP,Machine Learning & AI,ML Engineer,"Bengaluru, India",2025-10-01
1637,Computer Vision,Machine Learning & AI,ML Engineer,"Bengaluru, India",2025-10-01
1659,Excel,BI & Visualization,Data Analyst,"Boston, MA",2025-10-01
1659,Tableau,BI & Visualization,Data Analyst,"Boston, MA",2025-10-01
1659,Git,DevOps,Data Analyst,"Boston, MA",2025-10-01
1659,Statistics,Analytics,Data Analyst,"Boston, MA",2025-10-01
1883,Python,Programming Language,Data Analyst,"Austin, TX",2025-10-01
1883,Excel,BI & Visualization,Data Analyst,"Austin, TX",2025-10-01
1883,Power BI,BI & Visualization,Data Analyst,"Austin, TX",2025-10-01
1883,Looker,BI & Visualization,Data Analyst,"Austin, TX",2025-10-01
1883,Statistics,Analytics,Data Analyst,"Austin, TX",2025-10-01
1883,A/B Testing,Analytics,Data Analyst,"Austin, TX",2025-10-01
387,SQL,Programming Language,Data Engineer,"Pune, India",2025-10-02
387,Snowflake,Cloud & Data Warehousing,Data Engineer,"Pune, India",2025-10-02
387,BigQuery,Cloud & Data Warehousing,Data Engineer,"Pune, India",2025-10-02
387,Spark,Big Data,Data Engineer,"Pune, India",2025-10-02
387,Airflow,Data Engineering,Data Engineer,"Pune, India",2025-10-02
387,Docker,DevOps,Data Engineer,"Pune, India",2025-10-02
387,Data Warehousing,Data Engineering,Data Engineer,"Pune, India",2025-10-02
596,Python,Programming Language,Software Engineer,"Delhi, India",2025-10-03
596,C++,Programming Language,Software Engineer,"Delhi, India",2025-10-03
596,Git,DevOps,Software Engineer,"Delhi, India",2025-10-03
596,PostgreSQL,Databases,Software Engineer,"Delhi, India",2025-10-03
880,Java,Programming Language,Software Engineer,"Washington, DC",2025-10-03
880,JavaScript,Programming Language,Software Engineer,"Washington, DC",2025-10-03
880,Docker,DevOps,Software Engineer,"Washington, DC",2025-10-03
880,MongoDB,Databases,Software Engineer,"Washington, DC",2025-10-03
880,PostgreSQL,Databases,Software Engineer,"Washington, DC",2025-10-03
1141,Azure,Cloud,Data Engineer,"Hyderabad, India",2025-10-03
1141,Snowflake,Cloud & Data Warehousing,Data Engineer,"Hyderabad, India",2025-10-03
1141,Redshift,Cloud & Data Warehousing,Data Engineer,"Hyderabad, India",2025-10-03
1141,Kafka,Big Data,Data Engineer,"Hyderabad, India",2025-10-03
1141,Airflow,Data Engineering,Data Engineer,"Hyderabad, India",2025-10-03
1141,dbt,Data Engineering,Data Engineer,"Hyderabad, India",2025-10-03
1690,Python,Programming Language,Data Analyst,"Seattle, WA",2025-10-03
1690,SQL,Programming Language,Data Analyst,"Seattle, WA",2025-10-03
1690,Excel,BI & Visualization,Data Analyst,"Seattle, WA",2025-10-03
1690,Statistics,Analytics,Data Analyst,"Seattle, WA",2025-10-03
1927,SQL,Programming Language,Data Scientist,"Austin, TX",2025-10-03
1927,Power BI,BI & Visualization,Data Scientist,"Austin, TX",2025-10-03
1927,Machine Learning,Machine Learning & AI,Data Scientist,"Austin, TX",2025-10-03
1927,Deep Learning,Machine Learning & AI,Data Scientist,"Austin, TX",2025-10-03
1927,TensorFlow,Machine Learning & AI,Data Scientist,"Austin, TX",2025-10-03
1927,PyTorch,Machine Learning & AI,Data Scientist,"Austin, TX",2025-10-03
1927,Statistics,Analytics,Data Scientist,"Austin, TX",2025-10-03
261,SQL,Programming Language,Software Engineer,"Bengaluru, India",2025-10-04
261,JavaScript,Programming Language,Software Engineer,"Bengaluru, India",2025-10-04
261,C++,Programming Language,Software Engineer,"Bengaluru, India",2025-10-04
261,PostgreSQL,Databases,Software Engineer,"Bengaluru, India",2025-10-04
780,Python,Programming Language,ML Engineer,"Hyderabad, India",2025-10-04
780,Kubernetes,DevOps,ML Engineer,"Hyderabad, India",2025-10-04
780,Git,DevOps,ML Engineer,"Hyderabad, India",2025-10-04
780,Machine Learning,Machine Learning & AI,ML Engineer,"Hyderabad, India",2025-10-04
780,PyTorch,Machine Learning & AI,ML Engineer,"Hyderabad, India",2025-10-04
780,Scikit-learn,Machine Learning & AI,ML Engineer,"Hyderabad, India",2025-10-04
1535,Python,Programming Language,ML Engineer,"Berlin, Germany",2025-10-04
1535,Spark,Big Data,ML Engineer,"Berlin, Germany",2025-10-04
1535,Kubernetes,DevOps,ML Engineer,"Berlin, Germany",2025-10-04
1535,Machine Learning,Machine Learning & AI,ML Engineer,"Berlin, Germany",2025-10-04
1535,Deep Learning,Machine Learning & AI,ML Engineer,"Berlin, Germany",2025-10-04
1535,PyTorch,Machine Learning & AI,ML Engineer,"Berlin, Germany",2025-10-04
1983,SQL,Programming Language,Software Engineer,Singapore,2025-10-04
1983,JavaScript,Programming Language,Software Engineer,Singapore,2025-10-04
1983,Git,DevOps,Software Engineer,Singapore,2025-10-04
1983,REST API,Software Engineering,Software Engineer,Singapore,2025-10-04
82,Python,Programming Language,Data Analyst,"Toronto, Canada",2025-10-05
82,SQL,Programming Language,Data Analyst,"Toronto, Canada",2025-10-05
82,Excel,BI & Visualization,Data Analyst,"Toronto, Canada",2025-10-05
82,Power BI,BI & Visualization,Data Analyst,"Toronto, Canada",2025-10-05
82,Tableau,BI & Visualization,Data Analyst,"Toronto, Canada",2025-10-05
574,Snowflake,Cloud & Data Warehousing,Data Engineer,"Hyderabad, India",2025-10-05
574,Kafka,Big Data,Data Engineer,"Hyderabad, India",2025-10-05
574,dbt,Data Engineering,Data Engineer,"Hyderabad, India",2025-10-05
574,ETL,Data Engineering,Data Engineer,"Hyderabad, India",2025-10-05
574,Data Warehousing,Data Engineering,Data Engineer,"Hyderabad, India",2025-10-05
682,Python,Programming Language,Data Engineer,"Chicago, IL",2025-10-05
682,AWS,Cloud,Data Engineer,"Chicago, IL",2025-10-05
682,GCP,Cloud,Data Engineer,"Chicago, IL",2025-10-05
682,Snowflake,Cloud & Data Warehousing,Data Engineer,"Chicago, IL",2025-10-05
682,BigQuery,Cloud & Data Warehousing,Data Engineer,"Chicago, IL",2025-10-05
682,Airflow,Data Engineering,Data Engineer,"Chicago, IL",2025-10-05
682,dbt,Data Engineering,Data Engineer,"Chicago, IL",2025-10-05
682,ETL,Data Engineering,Data Engineer,"Chicago, IL",2025-10-05
800,Python,Programming Language,Data Scientist,"San Francisco, CA",2025-10-05
800,Machine Learning,Machine Learning & AI,Data Scientist,"San Francisco, CA",2025-10-05
800,PyTorch,Machine Learning & AI,Data Scientist,"San Francisco, CA",2025-10-05
800,NLP,Machine Learning & AI,Data Scientist,"San Francisco, CA",2025-10-05
1175,Python,Programming Language,Data Scientist,"Washington, DC",2025-10-05
1175,Spark,Big Data,Data Scientist,"Washington, DC",2025-10-05
1175,Machine Learning,Machine Learning & AI,Data Scientist,"Washington, DC",2025-10-05
1175,Scikit-learn,Machine Learning & AI,Data Scientist,"Washington, DC",2025-10-05
1175,NLP,Machine Learning & AI,Data Scientist,"Washington, DC",2025-10-05
1175,A/B Testing,Analytics,Data Scientist,"Washington, DC",2025-10-05
38,Python,Programming Language,Software Engineer,"Hyderabad, India",2025-10-06
38,SQL,Programming Language,Software Engineer,"Hyderabad, India",2025-10-06
38,Java,Programming Language,Software Engineer,"Hyderabad, India",2025-10-06
38,Docker,DevOps,Software Engineer,"Hyderabad, India",2025-10-06
327,Python,Programming Language,Data Scientist,"Denver, CO",2025-10-07
327,Machine Learning,Machine Learning & AI,Data Scientist,"Denver, CO",2025-10-07
327,Deep Learning,Machine Learning & AI,Data Scientist,"Denver, CO",2025-10-07
327,TensorFlow,Machine Learning & AI,Data Scientist,"Denver, CO",2025-10-07
327,Scikit-learn,Machine Learning & AI,Data Scientist,"Denver, CO",2025-10-07
327,Statistics,Analytics,Data Scientist,"Denver, CO",2025-10-07
327,A/B Testing,Analytics,Data Scientist,"Denver, CO",2025-10-07
341,Python,Programming Language,Software Engineer,"San Francisco, CA",2025-10-07
341,Java,Programming Language,Software Engineer,"San Francisco, CA",2025-10-07
341,JavaScript,Programming Language,Software Engineer,"San Francisco, CA",2025-10-07
341,C++,Programming Language,Software Engineer,"San Francisco, CA",2025-10-07
341,Linux,DevOps,Software Engineer,"San Francisco, CA",2025-10-07
341,REST API,Software Engineering,Software Engineer,"San Francisco, CA",2025-10-07
544,SQL,Programming Language,Software Engineer,"Berlin, Germany",2025-10-07
544,Java,Programming Language,Software Engineer,"Berlin, Germany",2025-10-07
544,Docker,DevOps,Software Engineer,"Berlin, Germany",2025-10-07
544,Git,DevOps,Software Engineer,"Berlin, Germany",2025-10-07
544,Linux,DevOps,Software Engineer,"Berlin, Germany",2025-10-07
544,Agile,Soft Skills & Methodology,Software Engineer,"Berlin, Germany",2025-10-07
694,Python,Programming Language,Data Scientist,"San Francisco, CA",2025-10-07
694,Tableau,BI & Visualization,Data Scientist,"San Francisco, CA",2025-10-07
694,AWS,Cloud,Data Scientist,"San Francisco, CA",2025-10-07
694,Machine Learning,Machine Learning & AI,Data Scientist,"San Francisco, CA",2025-10-07
694,NLP,Machine Learning & AI,Data Scientist,"San Francisco, CA",2025-10-07
694,Statistics,Analytics,Data Scientist,"San Francisco, CA",2025-10-07
1558,Java,Programming Language,Software Engineer,"Denver, CO",2025-10-07
1558,C++,Programming Language,Software Engineer,"Denver, CO",2025-10-07
1558,NoSQL,Databases,Software Engineer,"Denver, CO",2025-10-07
1558,Linux,DevOps,Software Engineer,"Denver, CO",2025-10-07
1558,REST API,Software Engineering,Software Engineer,"Denver, CO",2025-10-07
1595,Python,Programming Language,Data Scientist,"San Francisco, CA",2025-10-07
1595,Tableau,BI & Visualization,Data Scientist,"San Francisco, CA",2025-10-07
1595,AWS,Cloud,Data Scientist,"San Francisco, CA",2025-10-07
1595,Machine Learning,Machine Learning & AI,Data Scientist,"San Francisco, CA",2025-10-07
1864,R,Programming Language,Data Analyst,"Pune, India",2025-10-07
1864,Power BI,BI & Visualization,Data Analyst,"Pune, India",2025-10-07
1864,Tableau,BI & Visualization,Data Analyst,"Pune, India",2025-10-07
1864,Looker,BI & Visualization,Data Analyst,"Pune, India",2025-10-07
1864,GCP,Cloud,Data Analyst,"Pune, India",2025-10-07
1891,Python,Programming Language,ML Engineer,"Austin, TX",2025-10-07
1891,AWS,Cloud,ML Engineer,"Austin, TX",2025-10-07
1891,Airflow,Data Engineering,ML Engineer,"Austin, TX",2025-10-07
1891,Machine Learning,Machine Learning & AI,ML Engineer,"Austin, TX",2025-10-07
1972,Python,Programming Language,Data Scientist,"San Francisco, CA",2025-10-07
1972,Machine Learning,Machine Learning & AI,Data Scientist,"San Francisco, CA",2025-10-07
1972,Deep Learning,Machine Learning & AI,Data Scientist,"San Francisco, CA",2025-10-07
1972,TensorFlow,Machine Learning & AI,Data Scientist,"San Francisco, CA",2025-10-07
1972,PyTorch,Machine Learning & AI,Data Scientist,"San Francisco, CA",2025-10-07
1972,NLP,Machine Learning & AI,Data Scientist,"San Francisco, CA",2025-10-07
1972,Computer Vision,Machine Learning & AI,Data Scientist,"San Francisco, CA",2025-10-07
152,Python,Programming Language,Data Engineer,"Toronto, Canada",2025-10-08
152,SQL,Programming Language,Data Engineer,"Toronto, Canada",2025-10-08
152,Redshift,Cloud & Data Warehousing,Data Engineer,"Toronto, Canada",2025-10-08
152,BigQuery,Cloud & Data Warehousing,Data Engineer,"Toronto, Canada",2025-10-08
152,Spark,Big Data,Data Engineer,"Toronto, Canada",2025-10-08
152,dbt,Data Engineering,Data Engineer,"Toronto, Canada",2025-10-08
152,ETL,Data Engineering,Data Engineer,"Toronto, Canada",2025-10-08
807,Python,Programming Language,Data Scientist,Singapore,2025-10-08
807,SQL,Programming Language,Data Scientist,Singapore,2025-10-08
807,PyTorch,Machine Learning & AI,Data Scientist,Singapore,2025-10-08
807,Scikit-learn,Machine Learning & AI,Data Scientist,Singapore,2025-10-08
807,NLP,Machine Learning & AI,Data Scientist,Singapore,2025-10-08
807,Computer Vision,Machine Learning & AI,Data Scientist,Singapore,2025-10-08
1053,JavaScript,Programming Language,Software Engineer,"Boston, MA",2025-10-08
1053,Docker,DevOps,Software Engineer,"Boston, MA",2025-10-08
1053,Kubernetes,DevOps,Software Engineer,"Boston, MA",2025-10-08
1053,Git,DevOps,Software Engineer,"Boston, MA",2025-10-08
1053,REST API,Software Engineering,Software Engineer,"Boston, MA",2025-10-08
1053,Agile,Soft Skills & Methodology,Software Engineer,"Boston, MA",2025-10-08
1167,SQL,Programming Language,Data Engineer,Remote,2025-10-08
1167,AWS,Cloud,Data Engineer,Remote,2025-10-08
1167,Azure,Cloud,Data Engineer,Remote,2025-10-08
1167,BigQuery,Cloud & Data Warehousing,Data Engineer,Remote,2025-10-08
1167,ETL,Data Engineering,Data Engineer,Remote,2025-10-08
1887,Machine Learning,Machine Learning & AI,Data Scientist,"Boston, MA",2025-10-08
1887,Deep Learning,Machine Learning & AI,Data Scientist,"Boston, MA",2025-10-08
1887,Scikit-learn,Machine Learning & AI,Data Scientist,"Boston, MA",2025-10-08
1887,Statistics,Analytics,Data Scientist,"Boston, MA",2025-10-08
1887,A/B Testing,Analytics,Data Scientist,"Boston, MA",2025-10-08
161,Python,Programming Language,Software Engineer,"Bengaluru, India",2025-10-09
161,Java,Programming Language,Software Engineer,"Bengaluru, India",2025-10-09
161,JavaScript,Programming Language,Software Engineer,"Bengaluru, India",2025-10-09
161,NoSQL,Databases,Software Engineer,"Bengaluru, India",2025-10-09
456,Python,Programming Language,Data Scientist,"Mumbai, India",2025-10-09
456,SQL,Programming Language,Data Scientist,"Mumbai, India",2025-10-09
456,Machine Learning,Machine Learning & AI,Data Scientist,"Mumbai, India",2025-10-09
456,Deep Learning,Machine Learning & AI,Data Scientist,"Mumbai, India",2025-10-09
456,TensorFlow,Machine Learning & AI,Data Scientist,"Mumbai, India",2025-10-09
456,Computer Vision,Machine Learning & AI,Data Scientist,"Mumbai, India",2025-10-09
634,Docker,DevOps,Software Engineer,"Mumbai, India",2025-10-09
634,Git,DevOps,Software Engineer,"Mumbai, India",2025-10-09
634,Linux,DevOps,Software Engineer,"Mumbai, India",2025-10-09
634,REST API,Software Engineering,Software Engineer,"Mumbai, India",2025-10-09
634,Agile,Soft Skills & Methodology,Software Engineer,"Mumbai, India",2025-10-09
237,Python,Programming Language,ML Engineer,"Los Angeles, CA",2025-10-10
237,AWS,Cloud,ML Engineer,"Los Angeles, CA",2025-10-10
237,Spark,Big Data,ML Engineer,"Los Angeles, CA",2025-10-10
237,Kubernetes,DevOps,ML Engineer,"Los Angeles, CA",2025-10-10
237,Machine Learning,Machine Learning & AI,ML Engineer,"Los Angeles, CA",2025-10-10
237,PyTorch,Machine Learning & AI,ML Engineer,"Los Angeles, CA",2025-10-10
271,Python,Programming Language,Data Engineer,"Los Angeles, CA",2025-10-10
271,Azure,Cloud,Data Engineer,"Los Angeles, CA",2025-10-10
271,Snowflake,Cloud & Data Warehousing,Data Engineer,"Los Angeles, CA",2025-10-10
271,Redshift,Cloud & Data Warehousing,Data Engineer,"Los Angeles, CA",2025-10-10
271,Kafka,Big Data,Data Engineer,"Los Angeles, CA",2025-10-10
271,Airflow,Data Engineering,Data Engineer,"Los Angeles, CA",2025-10-10
271,ETL,Data Engineering,Data Engineer,"Los Angeles, CA",2025-10-10
751,Python,Programming Language,Data Analyst,"New York, NY",2025-10-10
751,Excel,BI & Visualization,Data Analyst,"New York, NY",2025-10-10
751,Power BI,BI & Visualization,Data Analyst,"New York, NY",2025-10-10
751,Tableau,BI & Visualization,Data Analyst,"New York, NY",2025-10-10
751,Git,DevOps,Data Analyst,"New York, NY",2025-10-10
751,Statistics,Analytics,Data Analyst,"New York, NY",2025-10-10
1867,SQL,Programming Language,Software Engineer,"Seattle, WA",2025-10-10
1867,JavaScript,Programming Language,Software Engineer,"Seattle, WA",2025-10-10
1867,PostgreSQL,Databases,Software Engineer,"Seattle, WA",2025-10-10
1867,REST API,Software Engineering,Software Engineer,"Seattle, WA",2025-10-10
1934,AWS,Cloud,Data Scientist,"Bengaluru, India",2025-10-10
1934,Scikit-learn,Machine Learning & AI,Data Scientist,"Bengaluru, India",2025-10-10
1934,Statistics,Analytics,Data Scientist,"Bengaluru, India",2025-10-10
1934,A/B Testing,Analytics,Data Scientist,"Bengaluru, India",2025-10-10
105,Python,Programming Language,Data Engineer,"Hyderabad, India",2025-10-11
105,AWS,Cloud,Data Engineer,"Hyderabad, India",2025-10-11
105,Docker,DevOps,Data Engineer,"Hyderabad, India",2025-10-11
105,ETL,Data Engineering,Data Engineer,"Hyderabad, India",2025-10-11
830,Azure,Cloud,ML Engineer,"San Francisco, CA",2025-10-11
830,Docker,DevOps,ML Engineer,"San Francisco, CA",2025-10-11
830,Git,DevOps,ML Engineer,"San Francisco, CA",2025-10-11
830,Deep Learning,Machine Learning & AI,ML Engineer,"San Francisco, CA",2025-10-11
1072,AWS,Cloud,Data Engineer,"Berlin, Germany",2025-10-11
1072,Spark,Big Data,Data Engineer,"Berlin, Germany",2025-10-11
1072,Kafka,Big Data,Data Engineer,"Berlin, Germany",2025-10-11
1072,ETL,Data Engineering,Data Engineer,"Berlin, Germany",2025-10-11
1082,Python,Programming Language,Data Analyst,Remote,2025-10-11
1082,SQL,Programming Language,Data Analyst,Remote,2025-10-11
1082,Excel,BI & Visualization,Data Analyst,Remote,2025-10-11
1082,Git,DevOps,Data Analyst,Remote,2025-10-11
1082,Data Warehousing,Data Engineering,Data Analyst,Remote,2025-10-11
1562,Python,Programming Language,Software Engineer,Singapore,2025-10-11
1562,Java,Programming Language,Software Engineer,Singapore,2025-10-11
1562,JavaScript,Programming Language,Software Engineer,Singapore,2025-10-11
1562,AWS,Cloud,Software Engineer,Singapore,2025-10-11
1562,Git,DevOps,Software Engineer,Singapore,2025-10-11
1562,REST API,Software Engineering,Software Engineer,Singapore,2025-10-11
496,SQL,Programming Language,Data Scientist,"Seattle, WA",2025-10-12
496,AWS,Cloud,Data Scientist,"Seattle, WA",2025-10-12
496,Machine Learning,Machine Learning & AI,Data Scientist,"Seattle, WA",2025-10-12
496,TensorFlow,Machine Learning & AI,Data Scientist,"Seattle, WA",2025-10-12
496,NLP,Machine Learning & AI,Data Scientist,"Seattle, WA",2025-10-12
496,Statistics,Analytics,Data Scientist,"Seattle, WA",2025-10-12
554,Python,Programming Language,ML Engineer,"Los Angeles, CA",2025-10-12
554,Docker,DevOps,ML Engineer,"Los Angeles, CA",2025-10-12
554,Machine Learning,Machine Learning & AI,ML Engineer,"Los Angeles, CA",2025-10-12
554,Deep Learning,Machine Learning & AI,ML Engineer,"Los Angeles, CA",2025-10-12
554,PyTorch,Machine Learning & AI,ML Engineer,"Los Angeles, CA",2025-10-12
1001,Python,Programming Language,ML Engineer,"Pune, India",2025-10-13
1001,AWS,Cloud,ML Engineer,"Pune, India",2025-10-13
1001,Deep Learning,Machine Learning & AI,ML Engineer,"Pune, India",2025-10-13
1001,PyTorch,Machine Learning & AI,ML Engineer,"Pune, India",2025-10-13
1102,AWS,Cloud,ML Engineer,"Toronto, Canada",2025-10-13
1102,Docker,DevOps,ML Engineer,"Toronto, Canada",2025-10-13
1102,Deep Learning,Machine Learning & AI,ML Engineer,"Toronto, Canada",2025-10-13
1102,PyTorch,Machine Learning & AI,ML Engineer,"Toronto, Canada",2025-10-13
1102,NLP,Machine Learning & AI,ML Engineer,"Toronto, Canada",2025-10-13
1209,Spark,Big Data,ML Engineer,"Toronto, Canada",2025-10-13
1209,TensorFlow,Machine Learning & AI,ML Engineer,"Toronto, Canada",2025-10-13
1209,PyTorch,Machine Learning & AI,ML Engineer,"Toronto, Canada",2025-10-13
1209,NLP,Machine Learning & AI,ML Engineer,"Toronto, Canada",2025-10-13
1756,Deep Learning,Machine Learning & AI,Data Scientist,"San Francisco, CA",2025-10-13
1756,TensorFlow,Machine Learning & AI,Data Scientist,"San Francisco, CA",2025-10-13
1756,Scikit-learn,Machine Learning & AI,Data Scientist,"San Francisco, CA",2025-10-13
1756,A/B Testing,Analytics,Data Scientist,"San Francisco, CA",2025-10-13
1771,SQL,Programming Language,Data Engineer,"Bengaluru, India",2025-10-13
1771,AWS,Cloud,Data Engineer,"Bengaluru, India",2025-10-13
1771,Hadoop,Big Data,Data Engineer,"Bengaluru, India",2025-10-13
1771,NoSQL,Databases,Data Engineer,"Bengaluru, India",2025-10-13
112,Python,Programming Language,Software Engineer,"Delhi, India",2025-10-14
112,Java,Programming Language,Software Engineer,"Delhi, India",2025-10-14
112,JavaScript,Programming Language,Software Engineer,"Delhi, India",2025-10-14
112,AWS,Cloud,Software Engineer,"Delhi, India",2025-10-14
112,Kubernetes,DevOps,Software Engineer,"Delhi, India",2025-10-14
112,MongoDB,Databases,Software Engineer,"Delhi, India",2025-10-14
746,Python,Programming Language,Software Engineer,Remote,2025-10-14
746,SQL,Programming Language,Software Engineer,Remote,2025-10-14
746,Java,Programming Language,Software Engineer,Remote,2025-10-14
746,JavaScript,Programming Language,Software Engineer,Remote,2025-10-14
746,C++,Programming Language,Software Engineer,Remote,2025-10-14
746,Agile,Soft Skills & Methodology,Software Engineer,Remote,2025-10-14
779,Python,Programming Language,Software Engineer,"Delhi, India",2025-10-14
779,JavaScript,Programming Language,Software Engineer,"Delhi, India",2025-10-14
779,C++,Programming Language,Software Engineer,"Delhi, India",2025-10-14
779,Git,DevOps,Software Engineer,"Delhi, India",2025-10-14
779,Linux,DevOps,Software Engineer,"Delhi, India",2025-10-14
779,REST API,Software Engineering,Software Engineer,"Delhi, India",2025-10-14
925,Python,Programming Language,Data Engineer,"Boston, MA",2025-10-14
925,SQL,Programming Language,Data Engineer,"Boston, MA",2025-10-14
925,AWS,Cloud,Data Engineer,"Boston, MA",2025-10-14
925,Hadoop,Big Data,Data Engineer,"Boston, MA",2025-10-14
1196,Python,Programming Language,Data Engineer,"Washington, DC",2025-10-14
1196,Redshift,Cloud & Data Warehousing,Data Engineer,"Washington, DC",2025-10-14
1196,Kafka,Big Data,Data Engineer,"Washington, DC",2025-10-14
1196,ETL,Data Engineering,Data Engineer,"Washington, DC",2025-10-14
1196,Data Warehousing,Data Engineering,Data Engineer,"Washington, DC",2025-10-14
1196,NoSQL,Databases,Data Engineer,"Washington, DC",2025-10-14
1348,Docker,DevOps,ML Engineer,"Hyderabad, India",2025-10-14
1348,Kubernetes,DevOps,ML Engineer,"Hyderabad, India",2025-10-14
1348,Deep Learning,Machine Learning & AI,ML Engineer,"Hyderabad, India",2025-10-14
1348,PyTorch,Machine Learning & AI,ML Engineer,"Hyderabad, India",2025-10-14
1348,Scikit-learn,Machine Learning & AI,ML Engineer,"Hyderabad, India",2025-10-14
1348,Computer Vision,Machine Learning & AI,ML Engineer,"Hyderabad, India",2025-10-14
1881,Docker,DevOps,ML Engineer,"Delhi, India",2025-10-14
1881,Kubernetes,DevOps,ML Engineer,"Delhi, India",2025-10-14
1881,Git,DevOps,ML Engineer,"Delhi, India",2025-10-14
1881,TensorFlow,Machine Learning & AI,ML Engineer,"Delhi, India",2025-10-14
1881,PyTorch,Machine Learning & AI,ML Engineer,"Delhi, India",2025-10-14
1881,Scikit-learn,Machine Learning & AI,ML Engineer,"Delhi, India",2025-10-14
1881,Computer Vision,Machine Learning & AI,ML Engineer,"Delhi, India",2025-10-14
284,AWS,Cloud,ML Engineer,"Chicago, IL",2025-10-15
284,Docker,DevOps,ML Engineer,"Chicago, IL",2025-10-15
284,Git,DevOps,ML Engineer,"Chicago, IL",2025-10-15
284,Machine Learning,Machine Learning & AI,ML Engineer,"Chicago, IL",2025-10-15
284,PyTorch,Machine Learning & AI,ML Engineer,"Chicago, IL",2025-10-15
1301,Scikit-learn,Machine Learning & AI,Data Scientist,Remote,2025-10-15
1301,NLP,Machine Learning & AI,Data Scientist,Remote,2025-10-15
1301,Computer Vision,Machine Learning & AI,Data Scientist,Remote,2025-10-15
1301,Statistics,Analytics,Data Scientist,Remote,2025-10-15
1301,A/B Testing,Analytics,Data Scientist,Remote,2025-10-15
403,Python,Programming Language,ML Engineer,"Seattle, WA",2025-10-16
403,Docker,DevOps,ML Engineer,"Seattle, WA",2025-10-16
403,Kubernetes,DevOps,ML Engineer,"Seattle, WA",2025-10-16
403,Machine Learning,Machine Learning & AI,ML Engineer,"Seattle, WA",2025-10-16
403,Deep Learning,Machine Learning & AI,ML Engineer,"Seattle, WA",2025-10-16
403,PyTorch,Machine Learning & AI,ML Engineer,"Seattle, WA",2025-10-16
403,Computer Vision,Machine Learning & AI,ML Engineer,"Seattle, WA",2025-10-16
501,Java,Programming Language,Software Engineer,"Berlin, Germany",2025-10-16
501,JavaScript,Programming Language,Software Engineer,"Berlin, Germany",2025-10-16
501,Docker,DevOps,Software Engineer,"Berlin, Germany",2025-10-16
501,Kubernetes,DevOps,Software Engineer,"Berlin, Germany",2025-10-16
501,Git,DevOps,Software Engineer,"Berlin, Germany",2025-10-16
501,REST API,Software Engineering,Software Engineer,"Berlin, Germany",2025-10-16
501,Agile,Soft Skills & Methodology,Software Engineer,"Berlin, Germany",2025-10-16
546,SQL,Programming Language,Data Engineer,"London, UK",2025-10-16
546,Snowflake,Cloud & Data Warehousing,Data Engineer,"London, UK",2025-10-16
546,Redshift,Cloud & Data Warehousing,Data Engineer,"London, UK",2025-10-16
546,Hadoop,Big Data,Data Engineer,"London, UK",2025-10-16
546,Kafka,Big Data,Data Engineer,"London, UK",2025-10-16
546,Docker,DevOps,Data Engineer,"London, UK",2025-10-16
546,ETL,Data Engineering,Data Engineer,"London, UK",2025-10-16
1372,Tableau,BI & Visualization,Data Analyst,Remote,2025-10-16
1372,Looker,BI & Visualization,Data Analyst,Remote,2025-10-16
1372,Git,DevOps,Data Analyst,Remote,2025-10-16
1372,A/B Testing,Analytics,Data Analyst,Remote,2025-10-16
345,Python,Programming Language,Data Analyst,"San Francisco, CA",2025-10-17
345,SQL,Programming Language,Data Analyst,"San Francisco, CA",2025-10-17
345,Excel,BI & Visualization,Data Analyst,"San Francisco, CA",2025-10-17
345,Power BI,BI & Visualization,Data Analyst,"San Francisco, CA",2025-10-17
345,Tableau,BI & Visualization,Data Analyst,"San Francisco, CA",2025-10-17
345,Git,DevOps,Data Analyst,"San Francisco, CA",2025-10-17
699,AWS,Cloud,ML Engineer,"Chicago, IL",2025-10-17
699,Docker,DevOps,ML Engineer,"Chicago, IL",2025-10-17
699,Kubernetes,DevOps,ML Engineer,"Chicago, IL",2025-10-17
699,Deep Learning,Machine Learning & AI,ML Engineer,"Chicago, IL",2025-10-17
699,TensorFlow,Machine Learning & AI,ML Engineer,"Chicago, IL",2025-10-17
699,Computer Vision,Machine Learning & AI,ML Engineer,"Chicago, IL",2025-10-17
1022,Docker,DevOps,ML Engineer,Remote,2025-10-17
1022,Kubernetes,DevOps,ML Engineer,Remote,2025-10-17
1022,TensorFlow,Machine Learning & AI,ML Engineer,Remote,2025-10-17
1022,PyTorch,Machine Learning & AI,ML Engineer,Remote,2025-10-17
1758,Python,Programming Language,Data Engineer,"Seattle, WA",2025-10-17
1758,SQL,Programming Language,Data Engineer,"Seattle, WA",2025-10-17
1758,Airflow,Data Engineering,Data Engineer,"Seattle, WA",2025-10-17
1758,dbt,Data Engineering,Data Engineer,"Seattle, WA",2025-10-17
1758,ETL,Data Engineering,Data Engineer,"Seattle, WA",2025-10-17
1758,NoSQL,Databases,Data Engineer,"Seattle, WA",2025-10-17
16,SQL,Programming Language,Data Engineer,"Atlanta, GA",2025-10-18
16,AWS,Cloud,Data Engineer,"Atlanta, GA",2025-10-18
16,Spark,Big Data,Data Engineer,"Atlanta, GA",2025-10-18
16,Hadoop,Big Data,Data Engineer,"Atlanta, GA",2025-10-18
16,Airflow,Data Engineering,Data Engineer,"Atlanta, GA",2025-10-18
16,ETL,Data Engineering,Data Engineer,"Atlanta, GA",2025-10-18
16,Data Warehousing,Data Engineering,Data Engineer,"Atlanta, GA",2025-10-18
155,Power BI,BI & Visualization,Data Analyst,"Pune, India",2025-10-18
155,Tableau,BI & Visualization,Data Analyst,"Pune, India",2025-10-18
155,Git,DevOps,Data Analyst,"Pune, India",2025-10-18
155,Data Warehousing,Data Engineering,Data Analyst,"Pune, India",2025-10-18
157,Python,Programming Language,Data Scientist,"San Francisco, CA",2025-10-18
157,Spark,Big Data,Data Scientist,"San Francisco, CA",2025-10-18
157,NLP,Machine Learning & AI,Data Scientist,"San Francisco, CA",2025-10-18
157,A/B Testing,Analytics,Data Scientist,"San Francisco, CA",2025-10-18
1114,SQL,Programming Language,Data Engineer,"Austin, TX",2025-10-18
1114,AWS,Cloud,Data Engineer,"Austin, TX",2025-10-18
1114,Snowflake,Cloud & Data Warehousing,Data Engineer,"Austin, TX",2025-10-18
1114,Spark,Big Data,Data Engineer,"Austin, TX",2025-10-18
1114,NoSQL,Databases,Data Engineer,"Austin, TX",2025-10-18
1431,Python,Programming Language,Data Engineer,"Berlin, Germany",2025-10-18
1431,Azure,Cloud,Data Engineer,"Berlin, Germany",2025-10-18
1431,GCP,Cloud,Data Engineer,"Berlin, Germany",2025-10-18
1431,BigQuery,Cloud & Data Warehousing,Data Engineer,"Berlin, Germany",2025-10-18
1431,Spark,Big Data,Data Engineer,"Berlin, Germany",2025-10-18
1523,Python,Programming Language,Data Engineer,Remote,2025-10-18
1523,SQL,Programming Language,Data Engineer,Remote,2025-10-18
1523,GCP,Cloud,Data Engineer,Remote,2025-10-18
1523,Snowflake,Cloud & Data Warehousing,Data Engineer,Remote,2025-10-18
1523,BigQuery,Cloud & Data Warehousing,Data Engineer,Remote,2025-10-18
1523,Data Warehousing,Data Engineering,Data Engineer,Remote,2025-10-18
1715,Python,Programming Language,Data Scientist,Remote,2025-10-18
1715,SQL,Programming Language,Data Scientist,Remote,2025-10-18
1715,Deep Learning,Machine Learning & AI,Data Scientist,Remote,2025-10-18
1715,Statistics,Analytics,Data Scientist,Remote,2025-10-18
1715,A/B Testing,Analytics,Data Scientist,Remote,2025-10-18
306,Python,Programming Language,Data Analyst,"New York, NY",2025-10-19
306,R,Programming Language,Data Analyst,"New York, NY",2025-10-19
306,Git,DevOps,Data Analyst,"New York, NY",2025-10-19
306,Data Warehousing,Data Engineering,Data Analyst,"New York, NY",2025-10-19
339,R,Programming Language,Data Analyst,"London, UK",2025-10-19
339,SQL,Programming Language,Data Analyst,"London, UK",2025-10-19
339,Excel,BI & Visualization,Data Analyst,"London, UK",2025-10-19
339,Power BI,BI & Visualization,Data Analyst,"London, UK",2025-10-19
339,Looker,BI & Visualization,Data Analyst,"London, UK",2025-10-19
339,Statistics,Analytics,Data Analyst,"London, UK",2025-10-19
339,A/B Testing,Analytics,Data Analyst,"London, UK",2025-10-19
1439,Snowflake,Cloud & Data Warehousing,Data Engineer,"Austin, TX",2025-10-19
1439,Spark,Big Data,Data Engineer,"Austin, TX",2025-10-19
1439,Kafka,Big Data,Data Engineer,"Austin, TX",2025-10-19
1439,Airflow,Data Engineering,Data Engineer,"Austin, TX",2025-10-19
1439,Docker,DevOps,Data Engineer,"Austin, TX",2025-10-19
1506,Python,Programming Language,Data Scientist,Singapore,2025-10-19
1506,Machine Learning,Machine Learning & AI,Data Scientist,Singapore,2025-10-19
1506,TensorFlow,Machine Learning & AI,Data Scientist,Singapore,2025-10-19
1506,Scikit-learn,Machine Learning & AI,Data Scientist,Singapore,2025-10-19
1506,NLP,Machine Learning & AI,Data Scientist,Singapore,2025-10-19
1506,Statistics,Analytics,Data Scientist,Singapore,2025-10-19
1532,Git,DevOps,Data Analyst,"San Francisco, CA",2025-10-19
1532,ETL,Data Engineering,Data Analyst,"San Francisco, CA",2025-10-19
1532,Data Warehousing,Data Engineering,Data Analyst,"San Francisco, CA",2025-10-19
1532,MongoDB,Databases,Data Analyst,"San Francisco, CA",2025-10-19
90,Python,Programming Language,Data Engineer,"Toronto, Canada",2025-10-20
90,SQL,Programming Language,Data Engineer,"Toronto, Canada",2025-10-20
90,AWS,Cloud,Data Engineer,"Toronto, Canada",2025-10-20
90,GCP,Cloud,Data Engineer,"Toronto, Canada",2025-10-20
90,Snowflake,Cloud & Data Warehousing,Data Engineer,"Toronto, Canada",2025-10-20
90,Airflow,Data Engineering,Data Engineer,"Toronto, Canada",2025-10-20
804,Python,Programming Language,Data Engineer,"Hyderabad, India",2025-10-20
804,Snowflake,Cloud & Data Warehousing,Data Engineer,"Hyderabad, India",2025-10-20
804,Redshift,Cloud & Data Warehousing,Data Engineer,"Hyderabad, India",2025-10-20
804,BigQuery,Cloud & Data Warehousing,Data Engineer,"Hyderabad, India",2025-10-20
804,Spark,Big Data,Data Engineer,"Hyderabad, India",2025-10-20
804,Hadoop,Big Data,Data Engineer,"Hyderabad, India",2025-10-20
804,Airflow,Data Engineering,Data Engineer,"Hyderabad, India",2025-10-20
864,SQL,Programming Language,Data Scientist,"New York, NY",2025-10-20
864,AWS,Cloud,Data Scientist,"New York, NY",2025-10-20
864,Spark,Big Data,Data Scientist,"New York, NY",2025-10-20
864,Machine Learning,Machine Learning & AI,Data Scientist,"New York, NY",2025-10-20
864,Deep Learning,Machine Learning & AI,Data Scientist,"New York, NY",2025-10-20
976,Python,Programming Language,Data Scientist,"Pune, India",2025-10-20
976,Deep Learning,Machine Learning & AI,Data Scientist,"Pune, India",2025-10-20
976,NLP,Machine Learning & AI,Data Scientist,"Pune, India",2025-10-20
976,Statistics,Analytics,Data Scientist,"Pune, India",2025-10-20
1810,Python,Programming Language,Data Scientist,"Washington, DC",2025-10-20
1810,SQL,Programming Language,Data Scientist,"Washington, DC",2025-10-20
1810,Spark,Big Data,Data Scientist,"Washington, DC",2025-10-20
1810,Machine Learning,Machine Learning & AI,Data Scientist,"Washington, DC",2025-10-20
1810,Deep Learning,Machine Learning & AI,Data Scientist,"Washington, DC",2025-10-20
1810,PyTorch,Machine Learning & AI,Data Scientist,"Washington, DC",2025-10-20
1810,A/B Testing,Analytics,Data Scientist,"Washington, DC",2025-10-20
1997,Python,Programming Language,Data Scientist,"Pune, India",2025-10-20
1997,AWS,Cloud,Data Scientist,"Pune, India",2025-10-20
1997,TensorFlow,Machine Learning & AI,Data Scientist,"Pune, India",2025-10-20
1997,Scikit-learn,Machine Learning & AI,Data Scientist,"Pune, India",2025-10-20
1997,NLP,Machine Learning & AI,Data Scientist,"Pune, India",2025-10-20
1997,A/B Testing,Analytics,Data Scientist,"Pune, India",2025-10-20
128,Python,Programming Language,Data Scientist,"San Francisco, CA",2025-10-21
128,SQL,Programming Language,Data Scientist,"San Francisco, CA",2025-10-21
128,Tableau,BI & Visualization,Data Scientist,"San Francisco, CA",2025-10-21
128,AWS,Cloud,Data Scientist,"San Francisco, CA",2025-10-21
128,Spark,Big Data,Data Scientist,"San Francisco, CA",2025-10-21
128,TensorFlow,Machine Learning & AI,Data Scientist,"San Francisco, CA",2025-10-21
764,Python,Programming Language,ML Engineer,"Austin, TX",2025-10-21
764,Spark,Big Data,ML Engineer,"Austin, TX",2025-10-21
764,Git,DevOps,ML Engineer,"Austin, TX",2025-10-21
764,TensorFlow,Machine Learning & AI,ML Engineer,"Austin, TX",2025-10-21
764,NLP,Machine Learning & AI,ML Engineer,"Austin, TX",2025-10-21
870,SQL,Programming Language,Data Analyst,"Austin, TX",2025-10-21
870,Tableau,BI & Visualization,Data Analyst,"Austin, TX",2025-10-21
870,Git,DevOps,Data Analyst,"Austin, TX",2025-10-21
870,A/B Testing,Analytics,Data Analyst,"Austin, TX",2025-10-21
1878,Python,Programming Language,Data Engineer,"Bengaluru, India",2025-10-21
1878,AWS,Cloud,Data Engineer,"Bengaluru, India",2025-10-21
1878,GCP,Cloud,Data Engineer,"Bengaluru, India",2025-10-21
1878,Spark,Big Data,Data Engineer,"Bengaluru, India",2025-10-21
1878,Hadoop,Big Data,Data Engineer,"Bengaluru, India",2025-10-21
1878,Docker,DevOps,Data Engineer,"Bengaluru, India",2025-10-21
1878,ETL,Data Engineering,Data Engineer,"Bengaluru, India",2025-10-21
1099,SQL,Programming Language,Data Analyst,"San Francisco, CA",2025-10-22
1099,Excel,BI & Visualization,Data Analyst,"San Francisco, CA",2025-10-22
1099,Power BI,BI & Visualization,Data Analyst,"San Francisco, CA",2025-10-22
1099,Tableau,BI & Visualization,Data Analyst,"San Francisco, CA",2025-10-22
1099,Looker,BI & Visualization,Data Analyst,"San Francisco, CA",2025-10-22
1099,Statistics,Analytics,Data Analyst,"San Francisco, CA",2025-10-22
1099,Data Warehousing,Data Engineering,Data Analyst,"San Francisco, CA",2025-10-22
1309,Python,Programming Language,Data Scientist,"Dublin, Ireland",2025-10-22
1309,SQL,Programming Language,Data Scientist,"Dublin, Ireland",2025-10-22
1309,Spark,Big Data,Data Scientist,"Dublin, Ireland",2025-10-22
1309,Deep Learning,Machine Learning & AI,Data Scientist,"Dublin, Ireland",2025-10-22
1309,TensorFlow,Machine Learning & AI,Data Scientist,"Dublin, Ireland",2025-10-22
1309,NLP,Machine Learning & AI,Data Scientist,"Dublin, Ireland",2025-10-22
1309,A/B Testing,Analytics,Data Scientist,"Dublin, Ireland",2025-10-22
407,Python,Programming Language,Data Scientist,"San Francisco, CA",2025-10-23
407,Machine Learning,Machine Learning & AI,Data Scientist,"San Francisco, CA",2025-10-23
407,Scikit-learn,Machine Learning & AI,Data Scientist,"San Francisco, CA",2025-10-23
407,A/B Testing,Analytics,Data Scientist,"San Francisco, CA",2025-10-23
1465,Python,Programming Language,Data Engineer,"Berlin, Germany",2025-10-23
1465,AWS,Cloud,Data Engineer,"Berlin, Germany",2025-10-23
1465,BigQuery,Cloud & Data Warehousing,Data Engineer,"Berlin, Germany",2025-10-23
1465,Spark,Big Data,Data Engineer,"Berlin, Germany",2025-10-23
1465,Kafka,Big Data,Data Engineer,"Berlin, Germany",2025-10-23
1465,Airflow,Data Engineering,Data Engineer,"Berlin, Germany",2025-10-23
1723,Java,Programming Language,Software Engineer,"Washington, DC",2025-10-23
1723,JavaScript,Programming Language,Software Engineer,"Washington, DC",2025-10-23
1723,Docker,DevOps,Software Engineer,"Washington, DC",2025-10-23
1723,Git,DevOps,Software Engineer,"Washington, DC",2025-10-23
1811,Python,Programming Language,Data Engineer,Remote,2025-10-23
1811,AWS,Cloud,Data Engineer,Remote,2025-10-23
1811,Snowflake,Cloud & Data Warehousing,Data Engineer,Remote,2025-10-23
1811,Kafka,Big Data,Data Engineer,Remote,2025-10-23
1811,Airflow,Data Engineering,Data Engineer,Remote,2025-10-23
1811,dbt,Data Engineering,Data Engineer,Remote,2025-10-23
1811,NoSQL,Databases,Data Engineer,Remote,2025-10-23
164,R,Programming Language,Data Analyst,"Hyderabad, India",2025-10-24
164,SQL,Programming Language,Data Analyst,"Hyderabad, India",2025-10-24
164,Power BI,BI & Visualization,Data Analyst,"Hyderabad, India",2025-10-24
164,Looker,BI & Visualization,Data Analyst,"Hyderabad, India",2025-10-24
164,A/B Testing,Analytics,Data Analyst,"Hyderabad, India",2025-10-24
164,Data Warehousing,Data Engineering,Data Analyst,"Hyderabad, India",2025-10-24
431,SQL,Programming Language,Data Scientist,"San Francisco, CA",2025-10-24
431,Deep Learning,Machine Learning & AI,Data Scientist,"San Francisco, CA",2025-10-24
431,NLP,Machine Learning & AI,Data Scientist,"San Francisco, CA",2025-10-24
431,Statistics,Analytics,Data Scientist,"San Francisco, CA",2025-10-24
568,Docker,DevOps,ML Engineer,"San Francisco, CA",2025-10-24
568,Kubernetes,DevOps,ML Engineer,"San Francisco, CA",2025-10-24
568,Machine Learning,Machine Learning & AI,ML Engineer,"San Francisco, CA",2025-10-24
568,Deep Learning,Machine Learning & AI,ML Engineer,"San Francisco, CA",2025-10-24
568,PyTorch,Machine Learning & AI,ML Engineer,"San Francisco, CA",2025-10-24
568,Scikit-learn,Machine Learning & AI,ML Engineer,"San Francisco, CA",2025-10-24
582,Excel,BI & Visualization,Data Analyst,"Hyderabad, India",2025-10-24
582,Looker,BI & Visualization,Data Analyst,"Hyderabad, India",2025-10-24
582,Git,DevOps,Data Analyst,"Hyderabad, India",2025-10-24
582,Statistics,Analytics,Data Analyst,"Hyderabad, India",2025-10-24
1161,Python,Programming Language,Data Scientist,"Austin, TX",2025-10-24
1161,AWS,Cloud,Data Scientist,"Austin, TX",2025-10-24
1161,Deep Learning,Machine Learning & AI,Data Scientist,"Austin, TX",2025-10-24
1161,Scikit-learn,Machine Learning & AI,Data Scientist,"Austin, TX",2025-10-24
1161,NLP,Machine Learning & AI,Data Scientist,"Austin, TX",2025-10-24
1161,Statistics,Analytics,Data Scientist,"Austin, TX",2025-10-24
1826,Snowflake,Cloud & Data Warehousing,Data Engineer,Singapore,2025-10-24
1826,Hadoop,Big Data,Data Engineer,Singapore,2025-10-24
1826,Kafka,Big Data,Data Engineer,Singapore,2025-10-24
1826,dbt,Data Engineering,Data Engineer,Singapore,2025-10-24
1826,ETL,Data Engineering,Data Engineer,Singapore,2025-10-24
1826,Data Warehousing,Data Engineering,Data Engineer,Singapore,2025-10-24
1870,R,Programming Language,Data Scientist,"Delhi, India",2025-10-24
1870,SQL,Programming Language,Data Scientist,"Delhi, India",2025-10-24
1870,Machine Learning,Machine Learning & AI,Data Scientist,"Delhi, India",2025-10-24
1870,Statistics,Analytics,Data Scientist,"Delhi, India",2025-10-24
1870,A/B Testing,Analytics,Data Scientist,"Delhi, India",2025-10-24
14,Python,Programming Language,ML Engineer,"Los Angeles, CA",2025-10-25
14,AWS,Cloud,ML Engineer,"Los Angeles, CA",2025-10-25
14,Spark,Big Data,ML Engineer,"Los Angeles, CA",2025-10-25
14,Git,DevOps,ML Engineer,"Los Angeles, CA",2025-10-25
14,Machine Learning,Machine Learning & AI,ML Engineer,"Los Angeles, CA",2025-10-25
14,Deep Learning,Machine Learning & AI,ML Engineer,"Los Angeles, CA",2025-10-25
14,TensorFlow,Machine Learning & AI,ML Engineer,"Los Angeles, CA",2025-10-25
14,Computer Vision,Machine Learning & AI,ML Engineer,"Los Angeles, CA",2025-10-25
819,SQL,Programming Language,Data Engineer,Remote,2025-10-25
819,Snowflake,Cloud & Data Warehousing,Data Engineer,Remote,2025-10-25
819,Spark,Big Data,Data Engineer,Remote,2025-10-25
819,ETL,Data Engineering,Data Engineer,Remote,2025-10-25
1364,Python,Programming Language,Data Scientist,"Bengaluru, India",2025-10-25
1364,AWS,Cloud,Data Scientist,"Bengaluru, India",2025-10-25
1364,Machine Learning,Machine Learning & AI,Data Scientist,"Bengaluru, India",2025-10-25
1364,Computer Vision,Machine Learning & AI,Data Scientist,"Bengaluru, India",2025-10-25
1563,Python,Programming Language,Data Analyst,"Dublin, Ireland",2025-10-25
1563,SQL,Programming Language,Data Analyst,"Dublin, Ireland",2025-10-25
1563,Excel,BI & Visualization,Data Analyst,"Dublin, Ireland",2025-10-25
1563,Power BI,BI & Visualization,Data Analyst,"Dublin, Ireland",2025-10-25
1563,Tableau,BI & Visualization,Data Analyst,"Dublin, Ireland",2025-10-25
1563,Statistics,Analytics,Data Analyst,"Dublin, Ireland",2025-10-25
1563,A/B Testing,Analytics,Data Analyst,"Dublin, Ireland",2025-10-25
874,TensorFlow,Machine Learning & AI,ML Engineer,"Los Angeles, CA",2025-10-26
874,PyTorch,Machine Learning & AI,ML Engineer,"Los Angeles, CA",2025-10-26
874,Scikit-learn,Machine Learning & AI,ML Engineer,"Los Angeles, CA",2025-10-26
874,NLP,Machine Learning & AI,ML Engineer,"Los Angeles, CA",2025-10-26
904,SQL,Programming Language,Data Analyst,"Delhi, India",2025-10-26
904,Excel,BI & Visualization,Data Analyst,"Delhi, India",2025-10-26
904,Power BI,BI & Visualization,Data Analyst,"Delhi, India",2025-10-26
904,GCP,Cloud,Data Analyst,"Delhi, India",2025-10-26
904,A/B Testing,Analytics,Data Analyst,"Delhi, India",2025-10-26
1089,Python,Programming Language,Data Analyst,Remote,2025-10-26
1089,Excel,BI & Visualization,Data Analyst,Remote,2025-10-26
1089,Power BI,BI & Visualization,Data Analyst,Remote,2025-10-26
1089,Tableau,BI & Visualization,Data Analyst,Remote,2025-10-26
1089,Git,DevOps,Data Analyst,Remote,2025-10-26
1282,Python,Programming Language,Data Analyst,"London, UK",2025-10-26
1282,Excel,BI & Visualization,Data Analyst,"London, UK",2025-10-26
1282,Power BI,BI & Visualization,Data Analyst,"London, UK",2025-10-26
1282,Statistics,Analytics,Data Analyst,"London, UK",2025-10-26
1543,Python,Programming Language,Data Engineer,"Atlanta, GA",2025-10-26
1543,SQL,Programming Language,Data Engineer,"Atlanta, GA",2025-10-26
1543,Docker,DevOps,Data Engineer,"Atlanta, GA",2025-10-26
1543,ETL,Data Engineering,Data Engineer,"Atlanta, GA",2025-10-26
1543,Data Warehousing,Data Engineering,Data Engineer,"Atlanta, GA",2025-10-26
1543,NoSQL,Databases,Data Engineer,"Atlanta, GA",2025-10-26
1890,Python,Programming Language,Data Scientist,"San Francisco, CA",2025-10-26
1890,SQL,Programming Language,Data Scientist,"San Francisco, CA",2025-10-26
1890,Machine Learning,Machine Learning & AI,Data Scientist,"San Francisco, CA",2025-10-26
1890,NLP,Machine Learning & AI,Data Scientist,"San Francisco, CA",2025-10-26
1890,Statistics,Analytics,Data Scientist,"San Francisco, CA",2025-10-26
1890,A/B Testing,Analytics,Data Scientist,"San Francisco, CA",2025-10-26
597,SQL,Programming Language,Software Engineer,"Toronto, Canada",2025-10-27
597,Java,Programming Language,Software Engineer,"Toronto, Canada",2025-10-27
597,JavaScript,Programming Language,Software Engineer,"Toronto, Canada",2025-10-27
597,AWS,Cloud,Software Engineer,"Toronto, Canada",2025-10-27
597,Git,DevOps,Software Engineer,"Toronto, Canada",2025-10-27
597,PostgreSQL,Databases,Software Engineer,"Toronto, Canada",2025-10-27
597,Agile,Soft Skills & Methodology,Software Engineer,"Toronto, Canada",2025-10-27
831,Python,Programming Language,Data Analyst,"Bengaluru, India",2025-10-27
831,SQL,Programming Language,Data Analyst,"Bengaluru, India",2025-10-27
831,Excel,BI & Visualization,Data Analyst,"Bengaluru, India",2025-10-27
831,Tableau,BI & Visualization,Data Analyst,"Bengaluru, India",2025-10-27
831,Git,DevOps,Data Analyst,"Bengaluru, India",2025-10-27
831,Statistics,Analytics,Data Analyst,"Bengaluru, India",2025-10-27
1108,Python,Programming Language,Data Scientist,"Toronto, Canada",2025-10-27
1108,R,Programming Language,Data Scientist,"Toronto, Canada",2025-10-27
1108,SQL,Programming Language,Data Scientist,"Toronto, Canada",2025-10-27
1108,Machine Learning,Machine Learning & AI,Data Scientist,"Toronto, Canada",2025-10-27
1108,Deep Learning,Machine Learning & AI,Data Scientist,"Toronto, Canada",2025-10-27
1108,PyTorch,Machine Learning & AI,Data Scientist,"Toronto, Canada",2025-10-27
1108,Statistics,Analytics,Data Scientist,"Toronto, Canada",2025-10-27
1455,R,Programming Language,Data Analyst,"New York, NY",2025-10-27
1455,SQL,Programming Language,Data Analyst,"New York, NY",2025-10-27
1455,Excel,BI & Visualization,Data Analyst,"New York, NY",2025-10-27
1455,ETL,Data Engineering,Data Analyst,"New York, NY",2025-10-27
1704,Python,Programming Language,Data Engineer,"Bengaluru, India",2025-10-27
1704,SQL,Programming Language,Data Engineer,"Bengaluru, India",2025-10-27
1704,BigQuery,Cloud & Data Warehousing,Data Engineer,"Bengaluru, India",2025-10-27
1704,Spark,Big Data,Data Engineer,"Bengaluru, India",2025-10-27
1704,dbt,Data Engineering,Data Engineer,"Bengaluru, India",2025-10-27
1704,NoSQL,Databases,Data Engineer,"Bengaluru, India",2025-10-27
798,SQL,Programming Language,Software Engineer,"Boston, MA",2025-10-28
798,JavaScript,Programming Language,Software Engineer,"Boston, MA",2025-10-28
798,Docker,DevOps,Software Engineer,"Boston, MA",2025-10-28
798,Git,DevOps,Software Engineer,"Boston, MA",2025-10-28
798,MongoDB,Databases,Software Engineer,"Boston, MA",2025-10-28
798,Linux,DevOps,Software Engineer,"Boston, MA",2025-10-28
827,Python,Programming Language,Data Scientist,"Hyderabad, India",2025-10-28
827,SQL,Programming Language,Data Scientist,"Hyderabad, India",2025-10-28
827,Spark,Big Data,Data Scientist,"Hyderabad, India",2025-10-28
827,Machine Learning,Machine Learning & AI,Data Scientist,"Hyderabad, India",2025-10-28
827,Deep Learning,Machine Learning & AI,Data Scientist,"Hyderabad, India",2025-10-28
827,Statistics,Analytics,Data Scientist,"Hyderabad, India",2025-10-28
827,A/B Testing,Analytics,Data Scientist,"Hyderabad, India",2025-10-28
1272,Python,Programming Language,ML Engineer,Remote,2025-10-28
1272,Kubernetes,DevOps,ML Engineer,Remote,2025-10-28
1272,Git,DevOps,ML Engineer,Remote,2025-10-28
1272,Machine Learning,Machine Learning & AI,ML Engineer,Remote,2025-10-28
1493,Python,Programming Language,Data Scientist,Remote,2025-10-28
1493,SQL,Programming Language,Data Scientist,Remote,2025-10-28
1493,Machine Learning,Machine Learning & AI,Data Scientist,Remote,2025-10-28
1493,NLP,Machine Learning & AI,Data Scientist,Remote,2025-10-28
1827,Python,Programming Language,Data Scientist,"Dublin, Ireland",2025-10-28
1827,R,Programming Language,Data Scientist,"Dublin, Ireland",2025-10-28
1827,Spark,Big Data,Data Scientist,"Dublin, Ireland",2025-10-28
1827,Scikit-learn,Machine Learning & AI,Data Scientist,"Dublin, Ireland",2025-10-28
1827,A/B Testing,Analytics,Data Scientist,"Dublin, Ireland",2025-10-28
66,SQL,Programming Language,Data Analyst,"Dublin, Ireland",2025-10-29
66,Power BI,BI & Visualization,Data Analyst,"Dublin, Ireland",2025-10-29
66,Tableau,BI & Visualization,Data Analyst,"Dublin, Ireland",2025-10-29
66,GCP,Cloud,Data Analyst,"Dublin, Ireland",2025-10-29
66,Data Warehousing,Data Engineering,Data Analyst,"Dublin, Ireland",2025-10-29
75,Python,Programming Language,Data Engineer,"New York, NY",2025-10-29
75,AWS,Cloud,Data Engineer,"New York, NY",2025-10-29
75,Azure,Cloud,Data Engineer,"New York, NY",2025-10-29
75,GCP,Cloud,Data Engineer,"New York, NY",2025-10-29
75,Spark,Big Data,Data Engineer,"New York, NY",2025-10-29
75,Docker,DevOps,Data Engineer,"New York, NY",2025-10-29
75,ETL,Data Engineering,Data Engineer,"New York, NY",2025-10-29
139,Python,Programming Language,Data Analyst,"Bengaluru, India",2025-10-29
139,SQL,Programming Language,Data Analyst,"Bengaluru, India",2025-10-29
139,Excel,BI & Visualization,Data Analyst,"Bengaluru, India",2025-10-29
139,GCP,Cloud,Data Analyst,"Bengaluru, India",2025-10-29
139,Git,DevOps,Data Analyst,"Bengaluru, India",2025-10-29
139,Data Warehousing,Data Engineering,Data Analyst,"Bengaluru, India",2025-10-29
184,Python,Programming Language,Data Analyst,Singapore,2025-10-29
184,SQL,Programming Language,Data Analyst,Singapore,2025-10-29
184,Power BI,BI & Visualization,Data Analyst,Singapore,2025-10-29
184,Tableau,BI & Visualization,Data Analyst,Singapore,2025-10-29
184,Looker,BI & Visualization,Data Analyst,Singapore,2025-10-29
184,Statistics,Analytics,Data Analyst,Singapore,2025-10-29
184,Data Warehousing,Data Engineering,Data Analyst,Singapore,2025-10-29
621,Java,Programming Language,Software Engineer,"Toronto, Canada",2025-10-29
621,AWS,Cloud,Software Engineer,"Toronto, Canada",2025-10-29
621,Kubernetes,DevOps,Software Engineer,"Toronto, Canada",2025-10-29
621,Git,DevOps,Software Engineer,"Toronto, Canada",2025-10-29
638,Python,Programming Language,Software Engineer,Remote,2025-10-29
638,SQL,Programming Language,Software Engineer,Remote,2025-10-29
638,Kubernetes,DevOps,Software Engineer,Remote,2025-10-29
638,MongoDB,Databases,Software Engineer,Remote,2025-10-29
640,C++,Programming Language,Software Engineer,"Toronto, Canada",2025-10-29
640,Docker,DevOps,Software Engineer,"Toronto, Canada",2025-10-29
640,Kubernetes,DevOps,Software Engineer,"Toronto, Canada",2025-10-29
640,Git,DevOps,Software Engineer,"Toronto, Canada",2025-10-29
640,MongoDB,Databases,Software Engineer,"Toronto, Canada",2025-10-29
640,PostgreSQL,Databases,Software Engineer,"Toronto, Canada",2025-10-29
656,Python,Programming Language,Data Engineer,"San Francisco, CA",2025-10-29
656,SQL,Programming Language,Data Engineer,"San Francisco, CA",2025-10-29
656,GCP,Cloud,Data Engineer,"San Francisco, CA",2025-10-29
656,Airflow,Data Engineering,Data Engineer,"San Francisco, CA",2025-10-29
656,ETL,Data Engineering,Data Engineer,"San Francisco, CA",2025-10-29
730,AWS,Cloud,ML Engineer,"Mumbai, India",2025-10-29
730,Docker,DevOps,ML Engineer,"Mumbai, India",2025-10-29
730,Kubernetes,DevOps,ML Engineer,"Mumbai, India",2025-10-29
730,Deep Learning,Machine Learning & AI,ML Engineer,"Mumbai, India",2025-10-29
1611,Python,Programming Language,Data Engineer,Remote,2025-10-29
1611,SQL,Programming Language,Data Engineer,Remote,2025-10-29
1611,Redshift,Cloud & Data Warehousing,Data Engineer,Remote,2025-10-29
1611,Kafka,Big Data,Data Engineer,Remote,2025-10-29
1611,Airflow,Data Engineering,Data Engineer,Remote,2025-10-29
1611,dbt,Data Engineering,Data Engineer,Remote,2025-10-29
1611,ETL,Data Engineering,Data Engineer,Remote,2025-10-29
1880,Python,Programming Language,Data Analyst,Remote,2025-10-29
1880,R,Programming Language,Data Analyst,Remote,2025-10-29
1880,Statistics,Analytics,Data Analyst,Remote,2025-10-29
1880,ETL,Data Engineering,Data Analyst,Remote,2025-10-29
586,Python,Programming Language,Software Engineer,"New York, NY",2025-10-30
586,Java,Programming Language,Software Engineer,"New York, NY",2025-10-30
586,JavaScript,Programming Language,Software Engineer,"New York, NY",2025-10-30
586,Git,DevOps,Software Engineer,"New York, NY",2025-10-30
586,PostgreSQL,Databases,Software Engineer,"New York, NY",2025-10-30
586,REST API,Software Engineering,Software Engineer,"New York, NY",2025-10-30
586,Agile,Soft Skills & Methodology,Software Engineer,"New York, NY",2025-10-30
645,SQL,Programming Language,Data Engineer,"Seattle, WA",2025-10-30
645,AWS,Cloud,Data Engineer,"Seattle, WA",2025-10-30
645,Snowflake,Cloud & Data Warehousing,Data Engineer,"Seattle, WA",2025-10-30
645,Spark,Big Data,Data Engineer,"Seattle, WA",2025-10-30
645,Kafka,Big Data,Data Engineer,"Seattle, WA",2025-10-30
645,NoSQL,Databases,Data Engineer,"Seattle, WA",2025-10-30
834,SQL,Programming Language,Data Analyst,"Hyderabad, India",2025-10-30
834,Looker,BI & Visualization,Data Analyst,"Hyderabad, India",2025-10-30
834,Statistics,Analytics,Data Analyst,"Hyderabad, India",2025-10-30
834,Data Warehousing,Data Engineering,Data Analyst,"Hyderabad, India",2025-10-30
979,Kubernetes,DevOps,ML Engineer,"Atlanta, GA",2025-10-30
979,Machine Learning,Machine Learning & AI,ML Engineer,"Atlanta, GA",2025-10-30
979,TensorFlow,Machine Learning & AI,ML Engineer,"Atlanta, GA",2025-10-30
979,Computer Vision,Machine Learning & AI,ML Engineer,"Atlanta, GA",2025-10-30
982,AWS,Cloud,ML Engineer,"Chicago, IL",2025-10-30
982,Docker,DevOps,ML Engineer,"Chicago, IL",2025-10-30
982,Kubernetes,DevOps,ML Engineer,"Chicago, IL",2025-10-30
982,Git,DevOps,ML Engineer,"Chicago, IL",2025-10-30
982,Machine Learning,Machine Learning & AI,ML Engineer,"Chicago, IL",2025-10-30
982,Deep Learning,Machine Learning & AI,ML Engineer,"Chicago, IL",2025-10-30
982,Computer Vision,Machine Learning & AI,ML Engineer,"Chicago, IL",2025-10-30
1101,Python,Programming Language,ML Engineer,"Los Angeles, CA",2025-10-30
1101,Kubernetes,DevOps,ML Engineer,"Los Angeles, CA",2025-10-30
1101,Machine Learning,Machine Learning & AI,ML Engineer,"Los Angeles, CA",2025-10-30
1101,PyTorch,Machine Learning & AI,ML Engineer,"Los Angeles, CA",2025-10-30
1101,Scikit-learn,Machine Learning & AI,ML Engineer,"Los Angeles, CA",2025-10-30
1101,NLP,Machine Learning & AI,ML Engineer,"Los Angeles, CA",2025-10-30
1101,Computer Vision,Machine Learning & AI,ML Engineer,"Los Angeles, CA",2025-10-30
1189,Python,Programming Language,Software Engineer,Remote,2025-10-30
1189,SQL,Programming Language,Software Engineer,Remote,2025-10-30
1189,Java,Programming Language,Software Engineer,Remote,2025-10-30
1189,JavaScript,Programming Language,Software Engineer,Remote,2025-10-30
1189,AWS,Cloud,Software Engineer,Remote,2025-10-30
1189,Kubernetes,DevOps,Software Engineer,Remote,2025-10-30
1189,Linux,DevOps,Software Engineer,Remote,2025-10-30
1247,Python,Programming Language,Data Engineer,"San Francisco, CA",2025-10-30
1247,BigQuery,Cloud & Data Warehousing,Data Engineer,"San Francisco, CA",2025-10-30
1247,Hadoop,Big Data,Data Engineer,"San Francisco, CA",2025-10-30
1247,Kafka,Big Data,Data Engineer,"San Francisco, CA",2025-10-30
1247,ETL,Data Engineering,Data Engineer,"San Francisco, CA",2025-10-30
1247,NoSQL,Databases,Data Engineer,"San Francisco, CA",2025-10-30
1882,Python,Programming Language,ML Engineer,Singapore,2025-10-30
1882,AWS,Cloud,ML Engineer,Singapore,2025-10-30
1882,Deep Learning,Machine Learning & AI,ML Engineer,Singapore,2025-10-30
1882,TensorFlow,Machine Learning & AI,ML Engineer,Singapore,2025-10-30
1882,Computer Vision,Machine Learning & AI,ML Engineer,Singapore,2025-10-30
27,Python,Programming Language,Data Scientist,"Delhi, India",2025-10-31
27,SQL,Programming Language,Data Scientist,"Delhi, India",2025-10-31
27,Machine Learning,Machine Learning & AI,Data Scientist,"Delhi, India",2025-10-31
27,TensorFlow,Machine Learning & AI,Data Scientist,"Delhi, India",2025-10-31
27,PyTorch,Machine Learning & AI,Data Scientist,"Delhi, India",2025-10-31
27,Computer Vision,Machine Learning & AI,Data Scientist,"Delhi, India",2025-10-31
27,A/B Testing,Analytics,Data Scientist,"Delhi, India",2025-10-31
218,Python,Programming Language,Data Engineer,"Denver, CO",2025-10-31
218,SQL,Programming Language,Data Engineer,"Denver, CO",2025-10-31
218,AWS,Cloud,Data Engineer,"Denver, CO",2025-10-31
218,Spark,Big Data,Data Engineer,"Denver, CO",2025-10-31
218,Airflow,Data Engineering,Data Engineer,"Denver, CO",2025-10-31
218,dbt,Data Engineering,Data Engineer,"Denver, CO",2025-10-31
218,NoSQL,Databases,Data Engineer,"Denver, CO",2025-10-31
483,SQL,Programming Language,Data Engineer,"Pune, India",2025-10-31
483,AWS,Cloud,Data Engineer,"Pune, India",2025-10-31
483,Snowflake,Cloud & Data Warehousing,Data Engineer,"Pune, India",2025-10-31
483,BigQuery,Cloud & Data Warehousing,Data Engineer,"Pune, India",2025-10-31
483,Spark,Big Data,Data Engineer,"Pune, India",2025-10-31
483,Kafka,Big Data,Data Engineer,"Pune, India",2025-10-31
483,ETL,Data Engineering,Data Engineer,"Pune, India",2025-10-31
705,Python,Programming Language,Data Analyst,"San Francisco, CA",2025-10-31
705,R,Programming Language,Data Analyst,"San Francisco, CA",2025-10-31
705,SQL,Programming Language,Data Analyst,"San Francisco, CA",2025-10-31
705,Excel,BI & Visualization,Data Analyst,"San Francisco, CA",2025-10-31
705,Power BI,BI & Visualization,Data Analyst,"San Francisco, CA",2025-10-31
705,Tableau,BI & Visualization,Data Analyst,"San Francisco, CA",2025-10-31
705,Data Warehousing,Data Engineering,Data Analyst,"San Francisco, CA",2025-10-31
718,Python,Programming Language,Software Engineer,"Bengaluru, India",2025-10-31
718,Java,Programming Language,Software Engineer,"Bengaluru, India",2025-10-31
718,Docker,DevOps,Software Engineer,"Bengaluru, India",2025-10-31
718,Kubernetes,DevOps,Software Engineer,"Bengaluru, India",2025-10-31
718,Git,DevOps,Software Engineer,"Bengaluru, India",2025-10-31
1105,SQL,Programming Language,Data Analyst,"Mumbai, India",2025-10-31
1105,Excel,BI & Visualization,Data Analyst,"Mumbai, India",2025-10-31
1105,Tableau,BI & Visualization,Data Analyst,"Mumbai, India",2025-10-31
1105,Git,DevOps,Data Analyst,"Mumbai, India",2025-10-31
1105,Statistics,Analytics,Data Analyst,"Mumbai, India",2025-10-31
1105,MongoDB,Databases,Data Analyst,"Mumbai, India",2025-10-31
1357,AWS,Cloud,ML Engineer,"New York, NY",2025-10-31
1357,Deep Learning,Machine Learning & AI,ML Engineer,"New York, NY",2025-10-31
1357,TensorFlow,Machine Learning & AI,ML Engineer,"New York, NY",2025-10-31
1357,PyTorch,Machine Learning & AI,ML Engineer,"New York, NY",2025-10-31
1357,NLP,Machine Learning & AI,ML Engineer,"New York, NY",2025-10-31
1398,SQL,Programming Language,Data Engineer,"Toronto, Canada",2025-10-31
1398,AWS,Cloud,Data Engineer,"Toronto, Canada",2025-10-31
1398,Snowflake,Cloud & Data Warehousing,Data Engineer,"Toronto, Canada",2025-10-31
1398,BigQuery,Cloud & Data Warehousing,Data Engineer,"Toronto, Canada",2025-10-31
1398,Spark,Big Data,Data Engineer,"Toronto, Canada",2025-10-31
1398,Airflow,Data Engineering,Data Engineer,"Toronto, Canada",2025-10-31
1398,ETL,Data Engineering,Data Engineer,"Toronto, Canada",2025-10-31
1447,Python,Programming Language,Software Engineer,"Austin, TX",2025-10-31
1447,JavaScript,Programming Language,Software Engineer,"Austin, TX",2025-10-31
1447,AWS,Cloud,Software Engineer,"Austin, TX",2025-10-31
1447,Docker,DevOps,Software Engineer,"Austin, TX",2025-10-31
1447,Kubernetes,DevOps,Software Engineer,"Austin, TX",2025-10-31
1447,REST API,Software Engineering,Software Engineer,"Austin, TX",2025-10-31
1447,Agile,Soft Skills & Methodology,Software Engineer,"Austin, TX",2025-10-31
1752,Python,Programming Language,Data Engineer,"New York, NY",2025-10-31
1752,Snowflake,Cloud & Data Warehousing,Data Engineer,"New York, NY",2025-10-31
1752,Airflow,Data Engineering,Data Engineer,"New York, NY",2025-10-31
1752,Data Warehousing,Data Engineering,Data Engineer,"New York, NY",2025-10-31
1930,Python,Programming Language,Data Scientist,"Dublin, Ireland",2025-10-31
1930,Machine Learning,Machine Learning & AI,Data Scientist,"Dublin, Ireland",2025-10-31
1930,Deep Learning,Machine Learning & AI,Data Scientist,"Dublin, Ireland",2025-10-31
1930,PyTorch,Machine Learning & AI,Data Scientist,"Dublin, Ireland",2025-10-31
1930,Scikit-learn,Machine Learning & AI,Data Scientist,"Dublin, Ireland",2025-10-31
110,SQL,Programming Language,Data Analyst,"Hyderabad, India",2025-11-01
110,Excel,BI & Visualization,Data Analyst,"Hyderabad, India",2025-11-01
110,Power BI,BI & Visualization,Data Analyst,"Hyderabad, India",2025-11-01
110,GCP,Cloud,Data Analyst,"Hyderabad, India",2025-11-01
110,A/B Testing,Analytics,Data Analyst,"Hyderabad, India",2025-11-01
110,Data Warehousing,Data Engineering,Data Analyst,"Hyderabad, India",2025-11-01
383,Python,Programming Language,Data Scientist,"Berlin, Germany",2025-11-01
383,SQL,Programming Language,Data Scientist,"Berlin, Germany",2025-11-01
383,Tableau,BI & Visualization,Data Scientist,"Berlin, Germany",2025-11-01
383,Machine Learning,Machine Learning & AI,Data Scientist,"Berlin, Germany",2025-11-01
383,Scikit-learn,Machine Learning & AI,Data Scientist,"Berlin, Germany",2025-11-01
383,Statistics,Analytics,Data Scientist,"Berlin, Germany",2025-11-01
406,Python,Programming Language,ML Engineer,"Atlanta, GA",2025-11-01
406,Docker,DevOps,ML Engineer,"Atlanta, GA",2025-11-01
406,Kubernetes,DevOps,ML Engineer,"Atlanta, GA",2025-11-01
406,Machine Learning,Machine Learning & AI,ML Engineer,"Atlanta, GA",2025-11-01
406,TensorFlow,Machine Learning & AI,ML Engineer,"Atlanta, GA",2025-11-01
406,PyTorch,Machine Learning & AI,ML Engineer,"Atlanta, GA",2025-11-01
406,Computer Vision,Machine Learning & AI,ML Engineer,"Atlanta, GA",2025-11-01
889,Python,Programming Language,Data Scientist,"New York, NY",2025-11-01
889,AWS,Cloud,Data Scientist,"New York, NY",2025-11-01
889,Deep Learning,Machine Learning & AI,Data Scientist,"New York, NY",2025-11-01
889,Statistics,Analytics,Data Scientist,"New York, NY",2025-11-01
1394,SQL,Programming Language,Data Scientist,"San Francisco, CA",2025-11-01
1394,Machine Learning,Machine Learning & AI,Data Scientist,"San Francisco, CA",2025-11-01
1394,Deep Learning,Machine Learning & AI,Data Scientist,"San Francisco, CA",2025-11-01
1394,TensorFlow,Machine Learning & AI,Data Scientist,"San Francisco, CA",2025-11-01
1394,PyTorch,Machine Learning & AI,Data Scientist,"San Francisco, CA",2025-11-01
1394,NLP,Machine Learning & AI,Data Scientist,"San Francisco, CA",2025-11-01
1394,A/B Testing,Analytics,Data Scientist,"San Francisco, CA",2025-11-01
1559,Snowflake,Cloud & Data Warehousing,Data Engineer,Singapore,2025-11-01
1559,Kafka,Big Data,Data Engineer,Singapore,2025-11-01
1559,Airflow,Data Engineering,Data Engineer,Singapore,2025-11-01
1559,ETL,Data Engineering,Data Engineer,Singapore,2025-11-01
1961,Python,Programming Language,Data Scientist,"Delhi, India",2025-11-01
1961,Power BI,BI & Visualization,Data Scientist,"Delhi, India",2025-11-01
1961,Deep Learning,Machine Learning & AI,Data Scientist,"Delhi, India",2025-11-01
1961,Scikit-learn,Machine Learning & AI,Data Scientist,"Delhi, India",2025-11-01
1961,Statistics,Analytics,Data Scientist,"Delhi, India",2025-11-01
12,Python,Programming Language,Data Engineer,"Seattle, WA",2025-11-02
12,SQL,Programming Language,Data Engineer,"Seattle, WA",2025-11-02
12,AWS,Cloud,Data Engineer,"Seattle, WA",2025-11-02
12,BigQuery,Cloud & Data Warehousing,Data Engineer,"Seattle, WA",2025-11-02
12,dbt,Data Engineering,Data Engineer,"Seattle, WA",2025-11-02
12,ETL,Data Engineering,Data Engineer,"Seattle, WA",2025-11-02
416,SQL,Programming Language,Software Engineer,"Bengaluru, India",2025-11-02
416,Java,Programming Language,Software Engineer,"Bengaluru, India",2025-11-02
416,AWS,Cloud,Software Engineer,"Bengaluru, India",2025-11-02
416,Git,DevOps,Software Engineer,"Bengaluru, India",2025-11-02
416,Linux,DevOps,Software Engineer,"Bengaluru, India",2025-11-02
698,AWS,Cloud,ML Engineer,"Bengaluru, India",2025-11-02
698,Kubernetes,DevOps,ML Engineer,"Bengaluru, India",2025-11-02
698,Git,DevOps,ML Engineer,"Bengaluru, India",2025-11-02
698,Machine Learning,Machine Learning & AI,ML Engineer,"Bengaluru, India",2025-11-02
698,Scikit-learn,Machine Learning & AI,ML Engineer,"Bengaluru, India",2025-11-02
913,Python,Programming Language,Software Engineer,"Los Angeles, CA",2025-11-02
913,Java,Programming Language,Software Engineer,"Los Angeles, CA",2025-11-02
913,Docker,DevOps,Software Engineer,"Los Angeles, CA",2025-11-02
913,Git,DevOps,Software Engineer,"Los Angeles, CA",2025-11-02
913,PostgreSQL,Databases,Software Engineer,"Los Angeles, CA",2025-11-02
1313,SQL,Programming Language,Data Scientist,"San Francisco, CA",2025-11-02
1313,Power BI,BI & Visualization,Data Scientist,"San Francisco, CA",2025-11-02
1313,AWS,Cloud,Data Scientist,"San Francisco, CA",2025-11-02
1313,Machine Learning,Machine Learning & AI,Data Scientist,"San Francisco, CA",2025-11-02
1313,Scikit-learn,Machine Learning & AI,Data Scientist,"San Francisco, CA",2025-11-02
1313,NLP,Machine Learning & AI,Data Scientist,"San Francisco, CA",2025-11-02
1897,Python,Programming Language,Data Engineer,"Bengaluru, India",2025-11-02
1897,SQL,Programming Language,Data Engineer,"Bengaluru, India",2025-11-02
1897,Redshift,Cloud & Data Warehousing,Data Engineer,"Bengaluru, India",2025-11-02
1897,dbt,Data Engineering,Data Engineer,"Bengaluru, India",2025-11-02
1897,ETL,Data Engineering,Data Engineer,"Bengaluru, India",2025-11-02
1917,SQL,Programming Language,Data Analyst,"Boston, MA",2025-11-02
1917,Excel,BI & Visualization,Data Analyst,"Boston, MA",2025-11-02
1917,Power BI,BI & Visualization,Data Analyst,"Boston, MA",2025-11-02
1917,Tableau,BI & Visualization,Data Analyst,"Boston, MA",2025-11-02
1917,Looker,BI & Visualization,Data Analyst,"Boston, MA",2025-11-02
1917,A/B Testing,Analytics,Data Analyst,"Boston, MA",2025-11-02
1953,SQL,Programming Language,Data Analyst,"Toronto, Canada",2025-11-02
1953,Excel,BI & Visualization,Data Analyst,"Toronto, Canada",2025-11-02
1953,A/B Testing,Analytics,Data Analyst,"Toronto, Canada",2025-11-02
1953,MongoDB,Databases,Data Analyst,"Toronto, Canada",2025-11-02
391,Python,Programming Language,ML Engineer,"Hyderabad, India",2025-11-03
391,AWS,Cloud,ML Engineer,"Hyderabad, India",2025-11-03
391,Machine Learning,Machine Learning & AI,ML Engineer,"Hyderabad, India",2025-11-03
391,Deep Learning,Machine Learning & AI,ML Engineer,"Hyderabad, India",2025-11-03
391,TensorFlow,Machine Learning & AI,ML Engineer,"Hyderabad, India",2025-11-03
391,NLP,Machine Learning & AI,ML Engineer,"Hyderabad, India",2025-11-03
391,Computer Vision,Machine Learning & AI,ML Engineer,"Hyderabad, India",2025-11-03
445,Python,Programming Language,Data Engineer,"Denver, CO",2025-11-03
445,SQL,Programming Language,Data Engineer,"Denver, CO",2025-11-03
445,Hadoop,Big Data,Data Engineer,"Denver, CO",2025-11-03
445,Airflow,Data Engineering,Data Engineer,"Denver, CO",2025-11-03
445,Docker,DevOps,Data Engineer,"Denver, CO",2025-11-03
445,ETL,Data Engineering,Data Engineer,"Denver, CO",2025-11-03
445,NoSQL,Databases,Data Engineer,"Denver, CO",2025-11-03
601,Java,Programming Language,Software Engineer,"Austin, TX",2025-11-03
601,JavaScript,Programming Language,Software Engineer,"Austin, TX",2025-11-03
601,Git,DevOps,Software Engineer,"Austin, TX",2025-11-03
601,MongoDB,Databases,Software Engineer,"Austin, TX",2025-11-03
601,REST API,Software Engineering,Software Engineer,"Austin, TX",2025-11-03
724,Docker,DevOps,ML Engineer,"Boston, MA",2025-11-03
724,Kubernetes,DevOps,ML Engineer,"Boston, MA",2025-11-03
724,Git,DevOps,ML Engineer,"Boston, MA",2025-11-03
724,Machine Learning,Machine Learning & AI,ML Engineer,"Boston, MA",2025-11-03
724,Scikit-learn,Machine Learning & AI,ML Engineer,"Boston, MA",2025-11-03
1530,Python,Programming Language,ML Engineer,"Bengaluru, India",2025-11-03
1530,Machine Learning,Machine Learning & AI,ML Engineer,"Bengaluru, India",2025-11-03
1530,Deep Learning,Machine Learning & AI,ML Engineer,"Bengaluru, India",2025-11-03
1530,TensorFlow,Machine Learning & AI,ML Engineer,"Bengaluru, India",2025-11-03
1530,PyTorch,Machine Learning & AI,ML Engineer,"Bengaluru, India",2025-11-03
1530,Computer Vision,Machine Learning & AI,ML Engineer,"Bengaluru, India",2025-11-03
1819,Python,Programming Language,Software Engineer,"Denver, CO",2025-11-03
1819,Java,Programming Language,Software Engineer,"Denver, CO",2025-11-03
1819,JavaScript,Programming Language,Software Engineer,"Denver, CO",2025-11-03
1819,AWS,Cloud,Software Engineer,"Denver, CO",2025-11-03
1819,Git,DevOps,Software Engineer,"Denver, CO",2025-11-03
1819,Linux,DevOps,Software Engineer,"Denver, CO",2025-11-03
1819,Agile,Soft Skills & Methodology,Software Engineer,"Denver, CO",2025-11-03
295,Java,Programming Language,Software Engineer,"San Francisco, CA",2025-11-04
295,JavaScript,Programming Language,Software Engineer,"San Francisco, CA",2025-11-04
295,Kubernetes,DevOps,Software Engineer,"San Francisco, CA",2025-11-04
295,Agile,Soft Skills & Methodology,Software Engineer,"San Francisco, CA",2025-11-04
335,Python,Programming Language,Data Analyst,Remote,2025-11-04
335,Excel,BI & Visualization,Data Analyst,Remote,2025-11-04
335,Power BI,BI & Visualization,Data Analyst,Remote,2025-11-04
335,Tableau,BI & Visualization,Data Analyst,Remote,2025-11-04
674,SQL,Programming Language,Data Engineer,"Pune, India",2025-11-04
674,Snowflake,Cloud & Data Warehousing,Data Engineer,"Pune, India",2025-11-04
674,Kafka,Big Data,Data Engineer,"Pune, India",2025-11-04
674,Airflow,Data Engineering,Data Engineer,"Pune, India",2025-11-04
674,dbt,Data Engineering,Data Engineer,"Pune, India",2025-11-04
674,Docker,DevOps,Data Engineer,"Pune, India",2025-11-04
674,ETL,Data Engineering,Data Engineer,"Pune, India",2025-11-04
169,SQL,Programming Language,Data Scientist,"Hyderabad, India",2025-11-05
169,Machine Learning,Machine Learning & AI,Data Scientist,"Hyderabad, India",2025-11-05
169,PyTorch,Machine Learning & AI,Data Scientist,"Hyderabad, India",2025-11-05
169,Scikit-learn,Machine Learning & AI,Data Scientist,"Hyderabad, India",2025-11-05
169,Computer Vision,Machine Learning & AI,Data Scientist,"Hyderabad, India",2025-11-05
169,Statistics,Analytics,Data Scientist,"Hyderabad, India",2025-11-05
376,SQL,Programming Language,Data Engineer,"Toronto, Canada",2025-11-05
376,AWS,Cloud,Data Engineer,"Toronto, Canada",2025-11-05
376,BigQuery,Cloud & Data Warehousing,Data Engineer,"Toronto, Canada",2025-11-05
376,Spark,Big Data,Data Engineer,"Toronto, Canada",2025-11-05
376,Hadoop,Big Data,Data Engineer,"Toronto, Canada",2025-11-05
376,Kafka,Big Data,Data Engineer,"Toronto, Canada",2025-11-05
376,NoSQL,Databases,Data Engineer,"Toronto, Canada",2025-11-05
1237,Python,Programming Language,Data Engineer,"Chicago, IL",2025-11-05
1237,AWS,Cloud,Data Engineer,"Chicago, IL",2025-11-05
1237,Snowflake,Cloud & Data Warehousing,Data Engineer,"Chicago, IL",2025-11-05
1237,Redshift,Cloud & Data Warehousing,Data Engineer,"Chicago, IL",2025-11-05
1237,Spark,Big Data,Data Engineer,"Chicago, IL",2025-11-05
1237,Airflow,Data Engineering,Data Engineer,"Chicago, IL",2025-11-05
1237,dbt,Data Engineering,Data Engineer,"Chicago, IL",2025-11-05
69,R,Programming Language,Data Scientist,"Bengaluru, India",2025-11-06
69,Power BI,BI & Visualization,Data Scientist,"Bengaluru, India",2025-11-06
69,AWS,Cloud,Data Scientist,"Bengaluru, India",2025-11-06
69,Deep Learning,Machine Learning & AI,Data Scientist,"Bengaluru, India",2025-11-06
69,PyTorch,Machine Learning & AI,Data Scientist,"Bengaluru, India",2025-11-06
69,NLP,Machine Learning & AI,Data Scientist,"Bengaluru, India",2025-11-06
346,AWS,Cloud,ML Engineer,"London, UK",2025-11-06
346,Spark,Big Data,ML Engineer,"London, UK",2025-11-06
346,Kubernetes,DevOps,ML Engineer,"London, UK",2025-11-06
346,Machine Learning,Machine Learning & AI,ML Engineer,"London, UK",2025-11-06
346,Scikit-learn,Machine Learning & AI,ML Engineer,"London, UK",2025-11-06
505,Python,Programming Language,Data Engineer,"Seattle, WA",2025-11-06
505,AWS,Cloud,Data Engineer,"Seattle, WA",2025-11-06
505,Snowflake,Cloud & Data Warehousing,Data Engineer,"Seattle, WA",2025-11-06
505,Airflow,Data Engineering,Data Engineer,"Seattle, WA",2025-11-06
505,Data Warehousing,Data Engineering,Data Engineer,"Seattle, WA",2025-11-06
943,R,Programming Language,Data Scientist,"Toronto, Canada",2025-11-06
943,AWS,Cloud,Data Scientist,"Toronto, Canada",2025-11-06
943,Machine Learning,Machine Learning & AI,Data Scientist,"Toronto, Canada",2025-11-06
943,Deep Learning,Machine Learning & AI,Data Scientist,"Toronto, Canada",2025-11-06
1400,Python,Programming Language,Data Analyst,"Austin, TX",2025-11-06
1400,Power BI,BI & Visualization,Data Analyst,"Austin, TX",2025-11-06
1400,Tableau,BI & Visualization,Data Analyst,"Austin, TX",2025-11-06
1400,Looker,BI & Visualization,Data Analyst,"Austin, TX",2025-11-06
68,Python,Programming Language,Data Scientist,"Washington, DC",2025-11-07
68,R,Programming Language,Data Scientist,"Washington, DC",2025-11-07
68,SQL,Programming Language,Data Scientist,"Washington, DC",2025-11-07
68,Scikit-learn,Machine Learning & AI,Data Scientist,"Washington, DC",2025-11-07
68,Statistics,Analytics,Data Scientist,"Washington, DC",2025-11-07
711,Python,Programming Language,Data Scientist,Remote,2025-11-07
711,SQL,Programming Language,Data Scientist,Remote,2025-11-07
711,Tableau,BI & Visualization,Data Scientist,Remote,2025-11-07
711,Spark,Big Data,Data Scientist,Remote,2025-11-07
711,Scikit-learn,Machine Learning & AI,Data Scientist,Remote,2025-11-07
711,Statistics,Analytics,Data Scientist,Remote,2025-11-07
711,A/B Testing,Analytics,Data Scientist,Remote,2025-11-07
1012,Python,Programming Language,Software Engineer,Remote,2025-11-07
1012,SQL,Programming Language,Software Engineer,Remote,2025-11-07
1012,Java,Programming Language,Software Engineer,Remote,2025-11-07
1012,C++,Programming Language,Software Engineer,Remote,2025-11-07
1012,AWS,Cloud,Software Engineer,Remote,2025-11-07
1750,Java,Programming Language,Software Engineer,"Atlanta, GA",2025-11-07
1750,JavaScript,Programming Language,Software Engineer,"Atlanta, GA",2025-11-07
1750,Docker,DevOps,Software Engineer,"Atlanta, GA",2025-11-07
1750,MongoDB,Databases,Software Engineer,"Atlanta, GA",2025-11-07
1117,Python,Programming Language,Software Engineer,"Seattle, WA",2025-11-08
1117,SQL,Programming Language,Software Engineer,"Seattle, WA",2025-11-08
1117,AWS,Cloud,Software Engineer,"Seattle, WA",2025-11-08
1117,REST API,Software Engineering,Software Engineer,"Seattle, WA",2025-11-08
1117,Agile,Soft Skills & Methodology,Software Engineer,"Seattle, WA",2025-11-08
1123,Python,Programming Language,Data Engineer,"Toronto, Canada",2025-11-08
1123,AWS,Cloud,Data Engineer,"Toronto, Canada",2025-11-08
1123,Azure,Cloud,Data Engineer,"Toronto, Canada",2025-11-08
1123,Spark,Big Data,Data Engineer,"Toronto, Canada",2025-11-08
1123,dbt,Data Engineering,Data Engineer,"Toronto, Canada",2025-11-08
1123,ETL,Data Engineering,Data Engineer,"Toronto, Canada",2025-11-08
1295,R,Programming Language,Data Scientist,"Austin, TX",2025-11-08
1295,Tableau,BI & Visualization,Data Scientist,"Austin, TX",2025-11-08
1295,Machine Learning,Machine Learning & AI,Data Scientist,"Austin, TX",2025-11-08
1295,Deep Learning,Machine Learning & AI,Data Scientist,"Austin, TX",2025-11-08
1295,PyTorch,Machine Learning & AI,Data Scientist,"Austin, TX",2025-11-08
1295,Statistics,Analytics,Data Scientist,"Austin, TX",2025-11-08
1295,A/B Testing,Analytics,Data Scientist,"Austin, TX",2025-11-08
156,Python,Programming Language,Data Scientist,"Austin, TX",2025-11-09
156,R,Programming Language,Data Scientist,"Austin, TX",2025-11-09
156,PyTorch,Machine Learning & AI,Data Scientist,"Austin, TX",2025-11-09
156,NLP,Machine Learning & AI,Data Scientist,"Austin, TX",2025-11-09
156,A/B Testing,Analytics,Data Scientist,"Austin, TX",2025-11-09
260,Python,Programming Language,Data Analyst,"Austin, TX",2025-11-09
260,R,Programming Language,Data Analyst,"Austin, TX",2025-11-09
260,SQL,Programming Language,Data Analyst,"Austin, TX",2025-11-09
260,Power BI,BI & Visualization,Data Analyst,"Austin, TX",2025-11-09
260,Tableau,BI & Visualization,Data Analyst,"Austin, TX",2025-11-09
260,Statistics,Analytics,Data Analyst,"Austin, TX",2025-11-09
340,Python,Programming Language,ML Engineer,"Seattle, WA",2025-11-09
340,Azure,Cloud,ML Engineer,"Seattle, WA",2025-11-09
340,Airflow,Data Engineering,ML Engineer,"Seattle, WA",2025-11-09
340,Docker,DevOps,ML Engineer,"Seattle, WA",2025-11-09
340,Deep Learning,Machine Learning & AI,ML Engineer,"Seattle, WA",2025-11-09
340,TensorFlow,Machine Learning & AI,ML Engineer,"Seattle, WA",2025-11-09
340,Scikit-learn,Machine Learning & AI,ML Engineer,"Seattle, WA",2025-11-09
1061,Java,Programming Language,Software Engineer,"Hyderabad, India",2025-11-09
1061,C++,Programming Language,Software Engineer,"Hyderabad, India",2025-11-09
1061,Docker,DevOps,Software Engineer,"Hyderabad, India",2025-11-09
1061,Linux,DevOps,Software Engineer,"Hyderabad, India",2025-11-09
1580,Python,Programming Language,Data Scientist,"Seattle, WA",2025-11-09
1580,SQL,Programming Language,Data Scientist,"Seattle, WA",2025-11-09
1580,Deep Learning,Machine Learning & AI,Data Scientist,"Seattle, WA",2025-11-09
1580,PyTorch,Machine Learning & AI,Data Scientist,"Seattle, WA",2025-11-09
1580,Scikit-learn,Machine Learning & AI,Data Scientist,"Seattle, WA",2025-11-09
1648,Python,Programming Language,Data Scientist,"Los Angeles, CA",2025-11-09
1648,R,Programming Language,Data Scientist,"Los Angeles, CA",2025-11-09
1648,SQL,Programming Language,Data Scientist,"Los Angeles, CA",2025-11-09
1648,Tableau,BI & Visualization,Data Scientist,"Los Angeles, CA",2025-11-09
1648,Deep Learning,Machine Learning & AI,Data Scientist,"Los Angeles, CA",2025-11-09
332,Python,Programming Language,Data Analyst,"Atlanta, GA",2025-11-10
332,SQL,Programming Language,Data Analyst,"Atlanta, GA",2025-11-10
332,Power BI,BI & Visualization,Data Analyst,"Atlanta, GA",2025-11-10
332,Tableau,BI & Visualization,Data Analyst,"Atlanta, GA",2025-11-10
332,Git,DevOps,Data Analyst,"Atlanta, GA",2025-11-10
332,Statistics,Analytics,Data Analyst,"Atlanta, GA",2025-11-10
332,ETL,Data Engineering,Data Analyst,"Atlanta, GA",2025-11-10
826,SQL,Programming Language,Software Engineer,"Bengaluru, India",2025-11-10
826,Java,Programming Language,Software Engineer,"Bengaluru, India",2025-11-10
826,Git,DevOps,Software Engineer,"Bengaluru, India",2025-11-10
826,NoSQL,Databases,Software Engineer,"Bengaluru, India",2025-11-10
826,PostgreSQL,Databases,Software Engineer,"Bengaluru, India",2025-11-10
826,Linux,DevOps,Software Engineer,"Bengaluru, India",2025-11-10
826,REST API,Software Engineering,Software Engineer,"Bengaluru, India",2025-11-10
1085,JavaScript,Programming Language,Software Engineer,"San Francisco, CA",2025-11-10
1085,C++,Programming Language,Software Engineer,"San Francisco, CA",2025-11-10
1085,AWS,Cloud,Software Engineer,"San Francisco, CA",2025-11-10
1085,Git,DevOps,Software Engineer,"San Francisco, CA",2025-11-10
1085,PostgreSQL,Databases,Software Engineer,"San Francisco, CA",2025-11-10
1085,Agile,Soft Skills & Methodology,Software Engineer,"San Francisco, CA",2025-11-10
1310,Python,Programming Language,ML Engineer,Singapore,2025-11-10
1310,Azure,Cloud,ML Engineer,Singapore,2025-11-10
1310,Kubernetes,DevOps,ML Engineer,Singapore,2025-11-10
1310,Deep Learning,Machine Learning & AI,ML Engineer,Singapore,2025-11-10
1310,TensorFlow,Machine Learning & AI,ML Engineer,Singapore,2025-11-10
1310,NLP,Machine Learning & AI,ML Engineer,Singapore,2025-11-10
1347,Python,Programming Language,Data Analyst,"New York, NY",2025-11-10
1347,Power BI,BI & Visualization,Data Analyst,"New York, NY",2025-11-10
1347,Tableau,BI & Visualization,Data Analyst,"New York, NY",2025-11-10
1347,Statistics,Analytics,Data Analyst,"New York, NY",2025-11-10
1347,A/B Testing,Analytics,Data Analyst,"New York, NY",2025-11-10
1570,Python,Programming Language,Data Engineer,"Delhi, India",2025-11-10
1570,SQL,Programming Language,Data Engineer,"Delhi, India",2025-11-10
1570,Azure,Cloud,Data Engineer,"Delhi, India",2025-11-10
1570,Redshift,Cloud & Data Warehousing,Data Engineer,"Delhi, India",2025-11-10
1570,Kafka,Big Data,Data Engineer,"Delhi, India",2025-11-10
1570,Airflow,Data Engineering,Data Engineer,"Delhi, India",2025-11-10
1570,dbt,Data Engineering,Data Engineer,"Delhi, India",2025-11-10
22,Python,Programming Language,Software Engineer,"Pune, India",2025-11-11
22,SQL,Programming Language,Software Engineer,"Pune, India",2025-11-11
22,Java,Programming Language,Software Engineer,"Pune, India",2025-11-11
22,AWS,Cloud,Software Engineer,"Pune, India",2025-11-11
22,Docker,DevOps,Software Engineer,"Pune, India",2025-11-11
354,Machine Learning,Machine Learning & AI,Data Scientist,"Austin, TX",2025-11-11
354,TensorFlow,Machine Learning & AI,Data Scientist,"Austin, TX",2025-11-11
354,PyTorch,Machine Learning & AI,Data Scientist,"Austin, TX",2025-11-11
354,A/B Testing,Analytics,Data Scientist,"Austin, TX",2025-11-11
589,Python,Programming Language,Software Engineer,Remote,2025-11-11
589,SQL,Programming Language,Software Engineer,Remote,2025-11-11
589,JavaScript,Programming Language,Software Engineer,Remote,2025-11-11
589,AWS,Cloud,Software Engineer,Remote,2025-11-11
589,PostgreSQL,Databases,Software Engineer,Remote,2025-11-11
589,Linux,DevOps,Software Engineer,Remote,2025-11-11
589,Agile,Soft Skills & Methodology,Software Engineer,Remote,2025-11-11
690,Python,Programming Language,Data Scientist,"New York, NY",2025-11-11
690,Deep Learning,Machine Learning & AI,Data Scientist,"New York, NY",2025-11-11
690,TensorFlow,Machine Learning & AI,Data Scientist,"New York, NY",2025-11-11
690,A/B Testing,Analytics,Data Scientist,"New York, NY",2025-11-11
715,Python,Programming Language,Data Scientist,"Seattle, WA",2025-11-11
715,R,Programming Language,Data Scientist,"Seattle, WA",2025-11-11
715,Spark,Big Data,Data Scientist,"Seattle, WA",2025-11-11
715,PyTorch,Machine Learning & AI,Data Scientist,"Seattle, WA",2025-11-11
715,NLP,Machine Learning & AI,Data Scientist,"Seattle, WA",2025-11-11
715,Statistics,Analytics,Data Scientist,"Seattle, WA",2025-11-11
820,AWS,Cloud,Data Engineer,"New York, NY",2025-11-11
820,GCP,Cloud,Data Engineer,"New York, NY",2025-11-11
820,Spark,Big Data,Data Engineer,"New York, NY",2025-11-11
820,Airflow,Data Engineering,Data Engineer,"New York, NY",2025-11-11
1386,Python,Programming Language,Data Scientist,"Atlanta, GA",2025-11-11
1386,R,Programming Language,Data Scientist,"Atlanta, GA",2025-11-11
1386,SQL,Programming Language,Data Scientist,"Atlanta, GA",2025-11-11
1386,Power BI,BI & Visualization,Data Scientist,"Atlanta, GA",2025-11-11
1386,Tableau,BI & Visualization,Data Scientist,"Atlanta, GA",2025-11-11
1386,PyTorch,Machine Learning & AI,Data Scientist,"Atlanta, GA",2025-11-11
1386,Statistics,Analytics,Data Scientist,"Atlanta, GA",2025-11-11
727,SQL,Programming Language,Data Analyst,"London, UK",2025-11-12
727,Excel,BI & Visualization,Data Analyst,"London, UK",2025-11-12
727,Tableau,BI & Visualization,Data Analyst,"London, UK",2025-11-12
727,GCP,Cloud,Data Analyst,"London, UK",2025-11-12
727,Git,DevOps,Data Analyst,"London, UK",2025-11-12
727,Statistics,Analytics,Data Analyst,"London, UK",2025-11-12
727,ETL,Data Engineering,Data Analyst,"London, UK",2025-11-12
772,Python,Programming Language,Software Engineer,"Seattle, WA",2025-11-12
772,JavaScript,Programming Language,Software Engineer,"Seattle, WA",2025-11-12
772,AWS,Cloud,Software Engineer,"Seattle, WA",2025-11-12
772,Kubernetes,DevOps,Software Engineer,"Seattle, WA",2025-11-12
772,MongoDB,Databases,Software Engineer,"Seattle, WA",2025-11-12
772,Agile,Soft Skills & Methodology,Software Engineer,"Seattle, WA",2025-11-12
48,Python,Programming Language,Data Analyst,Remote,2025-11-13
48,Power BI,BI & Visualization,Data Analyst,Remote,2025-11-13
48,Tableau,BI & Visualization,Data Analyst,Remote,2025-11-13
48,GCP,Cloud,Data Analyst,Remote,2025-11-13
1509,Python,Programming Language,ML Engineer,"Delhi, India",2025-11-13
1509,Docker,DevOps,ML Engineer,"Delhi, India",2025-11-13
1509,Machine Learning,Machine Learning & AI,ML Engineer,"Delhi, India",2025-11-13
1509,Deep Learning,Machine Learning & AI,ML Engineer,"Delhi, India",2025-11-13
1509,TensorFlow,Machine Learning & AI,ML Engineer,"Delhi, India",2025-11-13
1509,NLP,Machine Learning & AI,ML Engineer,"Delhi, India",2025-11-13
1657,Python,Programming Language,Data Engineer,Remote,2025-11-13
1657,AWS,Cloud,Data Engineer,Remote,2025-11-13
1657,Kafka,Big Data,Data Engineer,Remote,2025-11-13
1657,dbt,Data Engineering,Data Engineer,Remote,2025-11-13
1855,SQL,Programming Language,Data Engineer,"Hyderabad, India",2025-11-13
1855,AWS,Cloud,Data Engineer,"Hyderabad, India",2025-11-13
1855,Azure,Cloud,Data Engineer,"Hyderabad, India",2025-11-13
1855,GCP,Cloud,Data Engineer,"Hyderabad, India",2025-11-13
1855,BigQuery,Cloud & Data Warehousing,Data Engineer,"Hyderabad, India",2025-11-13
1855,Airflow,Data Engineering,Data Engineer,"Hyderabad, India",2025-11-13
1855,Data Warehousing,Data Engineering,Data Engineer,"Hyderabad, India",2025-11-13
1926,Java,Programming Language,Software Engineer,"Bengaluru, India",2025-11-13
1926,JavaScript,Programming Language,Software Engineer,"Bengaluru, India",2025-11-13
1926,AWS,Cloud,Software Engineer,"Bengaluru, India",2025-11-13
1926,NoSQL,Databases,Software Engineer,"Bengaluru, India",2025-11-13
1926,REST API,Software Engineering,Software Engineer,"Bengaluru, India",2025-11-13
219,SQL,Programming Language,Software Engineer,Remote,2025-11-14
219,Java,Programming Language,Software Engineer,Remote,2025-11-14
219,REST API,Software Engineering,Software Engineer,Remote,2025-11-14
219,Agile,Soft Skills & Methodology,Software Engineer,Remote,2025-11-14
444,Java,Programming Language,Software Engineer,Remote,2025-11-14
444,PostgreSQL,Databases,Software Engineer,Remote,2025-11-14
444,REST API,Software Engineering,Software Engineer,Remote,2025-11-14
444,Agile,Soft Skills & Methodology,Software Engineer,Remote,2025-11-14
35,Spark,Big Data,ML Engineer,"Hyderabad, India",2025-11-15
35,Deep Learning,Machine Learning & AI,ML Engineer,"Hyderabad, India",2025-11-15
35,TensorFlow,Machine Learning & AI,ML Engineer,"Hyderabad, India",2025-11-15
35,PyTorch,Machine Learning & AI,ML Engineer,"Hyderabad, India",2025-11-15
300,Python,Programming Language,Data Analyst,"Mumbai, India",2025-11-15
300,SQL,Programming Language,Data Analyst,"Mumbai, India",2025-11-15
300,Power BI,BI & Visualization,Data Analyst,"Mumbai, India",2025-11-15
300,Statistics,Analytics,Data Analyst,"Mumbai, India",2025-11-15
700,Python,Programming Language,Data Scientist,"Toronto, Canada",2025-11-15
700,SQL,Programming Language,Data Scientist,"Toronto, Canada",2025-11-15
700,Machine Learning,Machine Learning & AI,Data Scientist,"Toronto, Canada",2025-11-15
700,Deep Learning,Machine Learning & AI,Data Scientist,"Toronto, Canada",2025-11-15
700,Scikit-learn,Machine Learning & AI,Data Scientist,"Toronto, Canada",2025-11-15
700,A/B Testing,Analytics,Data Scientist,"Toronto, Canada",2025-11-15
747,R,Programming Language,Data Scientist,"San Francisco, CA",2025-11-15
747,AWS,Cloud,Data Scientist,"San Francisco, CA",2025-11-15
747,Machine Learning,Machine Learning & AI,Data Scientist,"San Francisco, CA",2025-11-15
747,Scikit-learn,Machine Learning & AI,Data Scientist,"San Francisco, CA",2025-11-15
747,Statistics,Analytics,Data Scientist,"San Francisco, CA",2025-11-15
1106,Python,Programming Language,Software Engineer,Remote,2025-11-15
1106,JavaScript,Programming Language,Software Engineer,Remote,2025-11-15
1106,AWS,Cloud,Software Engineer,Remote,2025-11-15
1106,Agile,Soft Skills & Methodology,Software Engineer,Remote,2025-11-15
1958,Python,Programming Language,Data Scientist,"Los Angeles, CA",2025-11-15
1958,Spark,Big Data,Data Scientist,"Los Angeles, CA",2025-11-15
1958,Machine Learning,Machine Learning & AI,Data Scientist,"Los Angeles, CA",2025-11-15
1958,PyTorch,Machine Learning & AI,Data Scientist,"Los Angeles, CA",2025-11-15
1958,NLP,Machine Learning & AI,Data Scientist,"Los Angeles, CA",2025-11-15
598,Python,Programming Language,Data Analyst,"Bengaluru, India",2025-11-16
598,SQL,Programming Language,Data Analyst,"Bengaluru, India",2025-11-16
598,Excel,BI & Visualization,Data Analyst,"Bengaluru, India",2025-11-16
598,Power BI,BI & Visualization,Data Analyst,"Bengaluru, India",2025-11-16
598,Git,DevOps,Data Analyst,"Bengaluru, India",2025-11-16
598,Statistics,Analytics,Data Analyst,"Bengaluru, India",2025-11-16
598,A/B Testing,Analytics,Data Analyst,"Bengaluru, India",2025-11-16
1086,Python,Programming Language,Data Scientist,"Dublin, Ireland",2025-11-16
1086,R,Programming Language,Data Scientist,"Dublin, Ireland",2025-11-16
1086,SQL,Programming Language,Data Scientist,"Dublin, Ireland",2025-11-16
1086,Spark,Big Data,Data Scientist,"Dublin, Ireland",2025-11-16
1086,Machine Learning,Machine Learning & AI,Data Scientist,"Dublin, Ireland",2025-11-16
1086,Statistics,Analytics,Data Scientist,"Dublin, Ireland",2025-11-16
1744,Java,Programming Language,Software Engineer,"Hyderabad, India",2025-11-16
1744,JavaScript,Programming Language,Software Engineer,"Hyderabad, India",2025-11-16
1744,C++,Programming Language,Software Engineer,"Hyderabad, India",2025-11-16
1744,Git,DevOps,Software Engineer,"Hyderabad, India",2025-11-16
1744,Linux,DevOps,Software Engineer,"Hyderabad, India",2025-11-16
312,Python,Programming Language,Data Scientist,"Austin, TX",2025-11-17
312,SQL,Programming Language,Data Scientist,"Austin, TX",2025-11-17
312,AWS,Cloud,Data Scientist,"Austin, TX",2025-11-17
312,Spark,Big Data,Data Scientist,"Austin, TX",2025-11-17
312,Deep Learning,Machine Learning & AI,Data Scientist,"Austin, TX",2025-11-17
312,NLP,Machine Learning & AI,Data Scientist,"Austin, TX",2025-11-17
312,Computer Vision,Machine Learning & AI,Data Scientist,"Austin, TX",2025-11-17
577,Python,Programming Language,Data Analyst,Remote,2025-11-17
577,SQL,Programming Language,Data Analyst,Remote,2025-11-17
577,Excel,BI & Visualization,Data Analyst,Remote,2025-11-17
577,Tableau,BI & Visualization,Data Analyst,Remote,2025-11-17
662,Tableau,BI & Visualization,Data Scientist,"Pune, India",2025-11-17
662,Machine Learning,Machine Learning & AI,Data Scientist,"Pune, India",2025-11-17
662,NLP,Machine Learning & AI,Data Scientist,"Pune, India",2025-11-17
662,Computer Vision,Machine Learning & AI,Data Scientist,"Pune, India",2025-11-17
662,Statistics,Analytics,Data Scientist,"Pune, India",2025-11-17
702,Python,Programming Language,ML Engineer,"Pune, India",2025-11-17
702,AWS,Cloud,ML Engineer,"Pune, India",2025-11-17
702,Docker,DevOps,ML Engineer,"Pune, India",2025-11-17
702,Kubernetes,DevOps,ML Engineer,"Pune, India",2025-11-17
702,Deep Learning,Machine Learning & AI,ML Engineer,"Pune, India",2025-11-17
702,PyTorch,Machine Learning & AI,ML Engineer,"Pune, India",2025-11-17
702,Scikit-learn,Machine Learning & AI,ML Engineer,"Pune, India",2025-11-17
702,NLP,Machine Learning & AI,ML Engineer,"Pune, India",2025-11-17
735,Python,Programming Language,Data Engineer,"Seattle, WA",2025-11-17
735,Spark,Big Data,Data Engineer,"Seattle, WA",2025-11-17
735,Kafka,Big Data,Data Engineer,"Seattle, WA",2025-11-17
735,Docker,DevOps,Data Engineer,"Seattle, WA",2025-11-17
735,ETL,Data Engineering,Data Engineer,"Seattle, WA",2025-11-17
924,Spark,Big Data,Data Scientist,"New York, NY",2025-11-17
924,Machine Learning,Machine Learning & AI,Data Scientist,"New York, NY",2025-11-17
924,Deep Learning,Machine Learning & AI,Data Scientist,"New York, NY",2025-11-17
924,TensorFlow,Machine Learning & AI,Data Scientist,"New York, NY",2025-11-17
924,Scikit-learn,Machine Learning & AI,Data Scientist,"New York, NY",2025-11-17
924,Statistics,Analytics,Data Scientist,"New York, NY",2025-11-17
924,A/B Testing,Analytics,Data Scientist,"New York, NY",2025-11-17
1920,AWS,Cloud,Data Engineer,"New York, NY",2025-11-17
1920,Spark,Big Data,Data Engineer,"New York, NY",2025-11-17
1920,Docker,DevOps,Data Engineer,"New York, NY",2025-11-17
1920,ETL,Data Engineering,Data Engineer,"New York, NY",2025-11-17
30,AWS,Cloud,ML Engineer,"Austin, TX",2025-11-18
30,Azure,Cloud,ML Engineer,"Austin, TX",2025-11-18
30,Spark,Big Data,ML Engineer,"Austin, TX",2025-11-18
30,Docker,DevOps,ML Engineer,"Austin, TX",2025-11-18
30,Kubernetes,DevOps,ML Engineer,"Austin, TX",2025-11-18
30,Machine Learning,Machine Learning & AI,ML Engineer,"Austin, TX",2025-11-18
30,PyTorch,Machine Learning & AI,ML Engineer,"Austin, TX",2025-11-18
30,Computer Vision,Machine Learning & AI,ML Engineer,"Austin, TX",2025-11-18
369,R,Programming Language,Data Analyst,"Berlin, Germany",2025-11-18
369,Excel,BI & Visualization,Data Analyst,"Berlin, Germany",2025-11-18
369,Power BI,BI & Visualization,Data Analyst,"Berlin, Germany",2025-11-18
369,A/B Testing,Analytics,Data Analyst,"Berlin, Germany",2025-11-18
369,ETL,Data Engineering,Data Analyst,"Berlin, Germany",2025-11-18
409,Python,Programming Language,Data Engineer,"San Francisco, CA",2025-11-18
409,AWS,Cloud,Data Engineer,"San Francisco, CA",2025-11-18
409,Azure,Cloud,Data Engineer,"San Francisco, CA",2025-11-18
409,BigQuery,Cloud & Data Warehousing,Data Engineer,"San Francisco, CA",2025-11-18
409,ETL,Data Engineering,Data Engineer,"San Francisco, CA",2025-11-18
789,Python,Programming Language,Software Engineer,"Boston, MA",2025-11-18
789,Git,DevOps,Software Engineer,"Boston, MA",2025-11-18
789,NoSQL,Databases,Software Engineer,"Boston, MA",2025-11-18
789,REST API,Software Engineering,Software Engineer,"Boston, MA",2025-11-18
867,Python,Programming Language,Software Engineer,Singapore,2025-11-18
867,JavaScript,Programming Language,Software Engineer,Singapore,2025-11-18
867,Docker,DevOps,Software Engineer,Singapore,2025-11-18
867,Git,DevOps,Software Engineer,Singapore,2025-11-18
867,NoSQL,Databases,Software Engineer,Singapore,2025-11-18
1293,SQL,Programming Language,Data Engineer,"Atlanta, GA",2025-11-18
1293,AWS,Cloud,Data Engineer,"Atlanta, GA",2025-11-18
1293,Snowflake,Cloud & Data Warehousing,Data Engineer,"Atlanta, GA",2025-11-18
1293,Redshift,Cloud & Data Warehousing,Data Engineer,"Atlanta, GA",2025-11-18
1293,BigQuery,Cloud & Data Warehousing,Data Engineer,"Atlanta, GA",2025-11-18
1293,dbt,Data Engineering,Data Engineer,"Atlanta, GA",2025-11-18
1293,NoSQL,Databases,Data Engineer,"Atlanta, GA",2025-11-18
1329,AWS,Cloud,ML Engineer,"Dublin, Ireland",2025-11-18
1329,Airflow,Data Engineering,ML Engineer,"Dublin, Ireland",2025-11-18
1329,Docker,DevOps,ML Engineer,"Dublin, Ireland",2025-11-18
1329,Kubernetes,DevOps,ML Engineer,"Dublin, Ireland",2025-11-18
1329,PyTorch,Machine Learning & AI,ML Engineer,"Dublin, Ireland",2025-11-18
1329,Computer Vision,Machine Learning & AI,ML Engineer,"Dublin, Ireland",2025-11-18
1647,Python,Programming Language,ML Engineer,Remote,2025-11-18
1647,AWS,Cloud,ML Engineer,Remote,2025-11-18
1647,Spark,Big Data,ML Engineer,Remote,2025-11-18
1647,Docker,DevOps,ML Engineer,Remote,2025-11-18
1647,Kubernetes,DevOps,ML Engineer,Remote,2025-11-18
1647,Deep Learning,Machine Learning & AI,ML Engineer,Remote,2025-11-18
1647,TensorFlow,Machine Learning & AI,ML Engineer,Remote,2025-11-18
1846,R,Programming Language,Data Analyst,Remote,2025-11-18
1846,SQL,Programming Language,Data Analyst,Remote,2025-11-18
1846,Power BI,BI & Visualization,Data Analyst,Remote,2025-11-18
1846,Tableau,BI & Visualization,Data Analyst,Remote,2025-11-18
1846,Git,DevOps,Data Analyst,Remote,2025-11-18
1846,Data Warehousing,Data Engineering,Data Analyst,Remote,2025-11-18
1846,MongoDB,Databases,Data Analyst,Remote,2025-11-18
1901,Python,Programming Language,Data Scientist,"Delhi, India",2025-11-18
1901,R,Programming Language,Data Scientist,"Delhi, India",2025-11-18
1901,SQL,Programming Language,Data Scientist,"Delhi, India",2025-11-18
1901,AWS,Cloud,Data Scientist,"Delhi, India",2025-11-18
1901,PyTorch,Machine Learning & AI,Data Scientist,"Delhi, India",2025-11-18
1901,Scikit-learn,Machine Learning & AI,Data Scientist,"Delhi, India",2025-11-18
1918,Python,Programming Language,Data Scientist,"Bengaluru, India",2025-11-18
1918,Deep Learning,Machine Learning & AI,Data Scientist,"Bengaluru, India",2025-11-18
1918,PyTorch,Machine Learning & AI,Data Scientist,"Bengaluru, India",2025-11-18
1918,Statistics,Analytics,Data Scientist,"Bengaluru, India",2025-11-18
1918,A/B Testing,Analytics,Data Scientist,"Bengaluru, India",2025-11-18
520,Python,Programming Language,Data Analyst,"Seattle, WA",2025-11-19
520,SQL,Programming Language,Data Analyst,"Seattle, WA",2025-11-19
520,Git,DevOps,Data Analyst,"Seattle, WA",2025-11-19
520,Data Warehousing,Data Engineering,Data Analyst,"Seattle, WA",2025-11-19
861,R,Programming Language,Data Analyst,"San Francisco, CA",2025-11-19
861,SQL,Programming Language,Data Analyst,"San Francisco, CA",2025-11-19
861,Excel,BI & Visualization,Data Analyst,"San Francisco, CA",2025-11-19
861,Power BI,BI & Visualization,Data Analyst,"San Francisco, CA",2025-11-19
861,A/B Testing,Analytics,Data Analyst,"San Francisco, CA",2025-11-19
861,Data Warehousing,Data Engineering,Data Analyst,"San Francisco, CA",2025-11-19
918,Python,Programming Language,ML Engineer,Remote,2025-11-19
918,Spark,Big Data,ML Engineer,Remote,2025-11-19
918,Git,DevOps,ML Engineer,Remote,2025-11-19
918,Machine Learning,Machine Learning & AI,ML Engineer,Remote,2025-11-19
918,TensorFlow,Machine Learning & AI,ML Engineer,Remote,2025-11-19
918,Scikit-learn,Machine Learning & AI,ML Engineer,Remote,2025-11-19
999,Python,Programming Language,Data Engineer,"New York, NY",2025-11-19
999,SQL,Programming Language,Data Engineer,"New York, NY",2025-11-19
999,Redshift,Cloud & Data Warehousing,Data Engineer,"New York, NY",2025-11-19
999,BigQuery,Cloud & Data Warehousing,Data Engineer,"New York, NY",2025-11-19
999,Spark,Big Data,Data Engineer,"New York, NY",2025-11-19
999,Kafka,Big Data,Data Engineer,"New York, NY",2025-11-19
1122,Java,Programming Language,Software Engineer,"Austin, TX",2025-11-19
1122,JavaScript,Programming Language,Software Engineer,"Austin, TX",2025-11-19
1122,AWS,Cloud,Software Engineer,"Austin, TX",2025-11-19
1122,REST API,Software Engineering,Software Engineer,"Austin, TX",2025-11-19
1828,Python,Programming Language,Data Scientist,"San Francisco, CA",2025-11-19
1828,Machine Learning,Machine Learning & AI,Data Scientist,"San Francisco, CA",2025-11-19
1828,Scikit-learn,Machine Learning & AI,Data Scientist,"San Francisco, CA",2025-11-19
1828,Statistics,Analytics,Data Scientist,"San Francisco, CA",2025-11-19
304,Python,Programming Language,Data Engineer,"Bengaluru, India",2025-11-20
304,SQL,Programming Language,Data Engineer,"Bengaluru, India",2025-11-20
304,AWS,Cloud,Data Engineer,"Bengaluru, India",2025-11-20
304,Spark,Big Data,Data Engineer,"Bengaluru, India",2025-11-20
304,Hadoop,Big Data,Data Engineer,"Bengaluru, India",2025-11-20
304,Airflow,Data Engineering,Data Engineer,"Bengaluru, India",2025-11-20
304,NoSQL,Databases,Data Engineer,"Bengaluru, India",2025-11-20
618,JavaScript,Programming Language,Software Engineer,"Dublin, Ireland",2025-11-20
618,Docker,DevOps,Software Engineer,"Dublin, Ireland",2025-11-20
618,Kubernetes,DevOps,Software Engineer,"Dublin, Ireland",2025-11-20
618,Git,DevOps,Software Engineer,"Dublin, Ireland",2025-11-20
1500,Python,Programming Language,Data Analyst,"Seattle, WA",2025-11-20
1500,R,Programming Language,Data Analyst,"Seattle, WA",2025-11-20
1500,Power BI,BI & Visualization,Data Analyst,"Seattle, WA",2025-11-20
1500,Statistics,Analytics,Data Analyst,"Seattle, WA",2025-11-20
1761,Python,Programming Language,Data Scientist,"Chicago, IL",2025-11-20
1761,R,Programming Language,Data Scientist,"Chicago, IL",2025-11-20
1761,SQL,Programming Language,Data Scientist,"Chicago, IL",2025-11-20
1761,AWS,Cloud,Data Scientist,"Chicago, IL",2025-11-20
1761,Scikit-learn,Machine Learning & AI,Data Scientist,"Chicago, IL",2025-11-20
1761,NLP,Machine Learning & AI,Data Scientist,"Chicago, IL",2025-11-20
36,Python,Programming Language,Data Analyst,"Bengaluru, India",2025-11-21
36,Tableau,BI & Visualization,Data Analyst,"Bengaluru, India",2025-11-21
36,Looker,BI & Visualization,Data Analyst,"Bengaluru, India",2025-11-21
36,Statistics,Analytics,Data Analyst,"Bengaluru, India",2025-11-21
36,ETL,Data Engineering,Data Analyst,"Bengaluru, India",2025-11-21
1636,Python,Programming Language,Software Engineer,"Denver, CO",2025-11-21
1636,Java,Programming Language,Software Engineer,"Denver, CO",2025-11-21
1636,JavaScript,Programming Language,Software Engineer,"Denver, CO",2025-11-21
1636,Docker,DevOps,Software Engineer,"Denver, CO",2025-11-21
1636,Kubernetes,DevOps,Software Engineer,"Denver, CO",2025-11-21
1753,Python,Programming Language,ML Engineer,"London, UK",2025-11-21
1753,AWS,Cloud,ML Engineer,"London, UK",2025-11-21
1753,Docker,DevOps,ML Engineer,"London, UK",2025-11-21
1753,Machine Learning,Machine Learning & AI,ML Engineer,"London, UK",2025-11-21
1753,TensorFlow,Machine Learning & AI,ML Engineer,"London, UK",2025-11-21
1753,PyTorch,Machine Learning & AI,ML Engineer,"London, UK",2025-11-21
1753,Scikit-learn,Machine Learning & AI,ML Engineer,"London, UK",2025-11-21
1863,Python,Programming Language,Software Engineer,Remote,2025-11-21
1863,JavaScript,Programming Language,Software Engineer,Remote,2025-11-21
1863,Kubernetes,DevOps,Software Engineer,Remote,2025-11-21
1863,Git,DevOps,Software Engineer,Remote,2025-11-21
1863,Agile,Soft Skills & Methodology,Software Engineer,Remote,2025-11-21
952,SQL,Programming Language,Data Analyst,"London, UK",2025-11-22
952,Excel,BI & Visualization,Data Analyst,"London, UK",2025-11-22
952,Power BI,BI & Visualization,Data Analyst,"London, UK",2025-11-22
952,Looker,BI & Visualization,Data Analyst,"London, UK",2025-11-22
952,Git,DevOps,Data Analyst,"London, UK",2025-11-22
1477,SQL,Programming Language,Data Scientist,"Dublin, Ireland",2025-11-22
1477,Machine Learning,Machine Learning & AI,Data Scientist,"Dublin, Ireland",2025-11-22
1477,Deep Learning,Machine Learning & AI,Data Scientist,"Dublin, Ireland",2025-11-22
1477,Statistics,Analytics,Data Scientist,"Dublin, Ireland",2025-11-22
1490,R,Programming Language,Data Analyst,"Toronto, Canada",2025-11-22
1490,SQL,Programming Language,Data Analyst,"Toronto, Canada",2025-11-22
1490,Power BI,BI & Visualization,Data Analyst,"Toronto, Canada",2025-11-22
1490,Looker,BI & Visualization,Data Analyst,"Toronto, Canada",2025-11-22
1490,Statistics,Analytics,Data Analyst,"Toronto, Canada",2025-11-22
1490,A/B Testing,Analytics,Data Analyst,"Toronto, Canada",2025-11-22
1165,Spark,Big Data,ML Engineer,"Austin, TX",2025-11-23
1165,Docker,DevOps,ML Engineer,"Austin, TX",2025-11-23
1165,Machine Learning,Machine Learning & AI,ML Engineer,"Austin, TX",2025-11-23
1165,Deep Learning,Machine Learning & AI,ML Engineer,"Austin, TX",2025-11-23
1165,TensorFlow,Machine Learning & AI,ML Engineer,"Austin, TX",2025-11-23
1165,PyTorch,Machine Learning & AI,ML Engineer,"Austin, TX",2025-11-23
1165,Scikit-learn,Machine Learning & AI,ML Engineer,"Austin, TX",2025-11-23
311,Python,Programming Language,Data Analyst,"Mumbai, India",2025-11-24
311,SQL,Programming Language,Data Analyst,"Mumbai, India",2025-11-24
311,Excel,BI & Visualization,Data Analyst,"Mumbai, India",2025-11-24
311,Power BI,BI & Visualization,Data Analyst,"Mumbai, India",2025-11-24
311,Tableau,BI & Visualization,Data Analyst,"Mumbai, India",2025-11-24
311,Git,DevOps,Data Analyst,"Mumbai, India",2025-11-24
996,Python,Programming Language,Data Analyst,"Toronto, Canada",2025-11-24
996,SQL,Programming Language,Data Analyst,"Toronto, Canada",2025-11-24
996,Excel,BI & Visualization,Data Analyst,"Toronto, Canada",2025-11-24
996,Power BI,BI & Visualization,Data Analyst,"Toronto, Canada",2025-11-24
996,Tableau,BI & Visualization,Data Analyst,"Toronto, Canada",2025-11-24
996,GCP,Cloud,Data Analyst,"Toronto, Canada",2025-11-24
1249,Python,Programming Language,Data Analyst,"Mumbai, India",2025-11-24
1249,SQL,Programming Language,Data Analyst,"Mumbai, India",2025-11-24
1249,Excel,BI & Visualization,Data Analyst,"Mumbai, India",2025-11-24
1249,Power BI,BI & Visualization,Data Analyst,"Mumbai, India",2025-11-24
1249,GCP,Cloud,Data Analyst,"Mumbai, India",2025-11-24
1249,Statistics,Analytics,Data Analyst,"Mumbai, India",2025-11-24
1249,A/B Testing,Analytics,Data Analyst,"Mumbai, India",2025-11-24
1358,SQL,Programming Language,Software Engineer,"Mumbai, India",2025-11-24
1358,Java,Programming Language,Software Engineer,"Mumbai, India",2025-11-24
1358,JavaScript,Programming Language,Software Engineer,"Mumbai, India",2025-11-24
1358,AWS,Cloud,Software Engineer,"Mumbai, India",2025-11-24
1358,MongoDB,Databases,Software Engineer,"Mumbai, India",2025-11-24
1358,REST API,Software Engineering,Software Engineer,"Mumbai, India",2025-11-24
1620,Python,Programming Language,ML Engineer,"Bengaluru, India",2025-11-24
1620,AWS,Cloud,ML Engineer,"Bengaluru, India",2025-11-24
1620,Docker,DevOps,ML Engineer,"Bengaluru, India",2025-11-24
1620,Kubernetes,DevOps,ML Engineer,"Bengaluru, India",2025-11-24
1620,Git,DevOps,ML Engineer,"Bengaluru, India",2025-11-24
1620,Machine Learning,Machine Learning & AI,ML Engineer,"Bengaluru, India",2025-11-24
1620,Deep Learning,Machine Learning & AI,ML Engineer,"Bengaluru, India",2025-11-24
1620,TensorFlow,Machine Learning & AI,ML Engineer,"Bengaluru, India",2025-11-24
1740,Python,Programming Language,ML Engineer,"Hyderabad, India",2025-11-24
1740,Kubernetes,DevOps,ML Engineer,"Hyderabad, India",2025-11-24
1740,Git,DevOps,ML Engineer,"Hyderabad, India",2025-11-24
1740,TensorFlow,Machine Learning & AI,ML Engineer,"Hyderabad, India",2025-11-24
1740,PyTorch,Machine Learning & AI,ML Engineer,"Hyderabad, India",2025-11-24
1740,NLP,Machine Learning & AI,ML Engineer,"Hyderabad, India",2025-11-24
1740,Computer Vision,Machine Learning & AI,ML Engineer,"Hyderabad, India",2025-11-24
1783,AWS,Cloud,Data Engineer,"Austin, TX",2025-11-24
1783,BigQuery,Cloud & Data Warehousing,Data Engineer,"Austin, TX",2025-11-24
1783,Spark,Big Data,Data Engineer,"Austin, TX",2025-11-24
1783,Kafka,Big Data,Data Engineer,"Austin, TX",2025-11-24
1783,dbt,Data Engineering,Data Engineer,"Austin, TX",2025-11-24
1783,ETL,Data Engineering,Data Engineer,"Austin, TX",2025-11-24
1783,Data Warehousing,Data Engineering,Data Engineer,"Austin, TX",2025-11-24
1786,Python,Programming Language,Data Engineer,Remote,2025-11-24
1786,SQL,Programming Language,Data Engineer,Remote,2025-11-24
1786,Azure,Cloud,Data Engineer,Remote,2025-11-24
1786,BigQuery,Cloud & Data Warehousing,Data Engineer,Remote,2025-11-24
1786,dbt,Data Engineering,Data Engineer,Remote,2025-11-24
1786,ETL,Data Engineering,Data Engineer,Remote,2025-11-24
1862,Java,Programming Language,Software Engineer,Singapore,2025-11-24
1862,Git,DevOps,Software Engineer,Singapore,2025-11-24
1862,REST API,Software Engineering,Software Engineer,Singapore,2025-11-24
1862,Agile,Soft Skills & Methodology,Software Engineer,Singapore,2025-11-24
525,SQL,Programming Language,Software Engineer,"Chicago, IL",2025-11-25
525,Java,Programming Language,Software Engineer,"Chicago, IL",2025-11-25
525,JavaScript,Programming Language,Software Engineer,"Chicago, IL",2025-11-25
525,Git,DevOps,Software Engineer,"Chicago, IL",2025-11-25
525,Linux,DevOps,Software Engineer,"Chicago, IL",2025-11-25
988,Snowflake,Cloud & Data Warehousing,Data Engineer,"Pune, India",2025-11-25
988,BigQuery,Cloud & Data Warehousing,Data Engineer,"Pune, India",2025-11-25
988,Kafka,Big Data,Data Engineer,"Pune, India",2025-11-25
988,Airflow,Data Engineering,Data Engineer,"Pune, India",2025-11-25
988,ETL,Data Engineering,Data Engineer,"Pune, India",2025-11-25
988,Data Warehousing,Data Engineering,Data Engineer,"Pune, India",2025-11-25
1299,R,Programming Language,Data Scientist,"Mumbai, India",2025-11-25
1299,Power BI,BI & Visualization,Data Scientist,"Mumbai, India",2025-11-25
1299,Machine Learning,Machine Learning & AI,Data Scientist,"Mumbai, India",2025-11-25
1299,TensorFlow,Machine Learning & AI,Data Scientist,"Mumbai, India",2025-11-25
1299,Statistics,Analytics,Data Scientist,"Mumbai, India",2025-11-25
1299,A/B Testing,Analytics,Data Scientist,"Mumbai, India",2025-11-25
1777,Python,Programming Language,Software Engineer,"San Francisco, CA",2025-11-25
1777,Java,Programming Language,Software Engineer,"San Francisco, CA",2025-11-25
1777,JavaScript,Programming Language,Software Engineer,"San Francisco, CA",2025-11-25
1777,C++,Programming Language,Software Engineer,"San Francisco, CA",2025-11-25
1777,Docker,DevOps,Software Engineer,"San Francisco, CA",2025-11-25
1777,REST API,Software Engineering,Software Engineer,"San Francisco, CA",2025-11-25
71,Python,Programming Language,Data Scientist,"London, UK",2025-11-26
71,R,Programming Language,Data Scientist,"London, UK",2025-11-26
71,Deep Learning,Machine Learning & AI,Data Scientist,"London, UK",2025-11-26
71,TensorFlow,Machine Learning & AI,Data Scientist,"London, UK",2025-11-26
71,Scikit-learn,Machine Learning & AI,Data Scientist,"London, UK",2025-11-26
71,NLP,Machine Learning & AI,Data Scientist,"London, UK",2025-11-26
71,A/B Testing,Analytics,Data Scientist,"London, UK",2025-11-26
363,Python,Programming Language,ML Engineer,"Berlin, Germany",2025-11-26
363,Docker,DevOps,ML Engineer,"Berlin, Germany",2025-11-26
363,Kubernetes,DevOps,ML Engineer,"Berlin, Germany",2025-11-26
363,Machine Learning,Machine Learning & AI,ML Engineer,"Berlin, Germany",2025-11-26
363,TensorFlow,Machine Learning & AI,ML Engineer,"Berlin, Germany",2025-11-26
363,PyTorch,Machine Learning & AI,ML Engineer,"Berlin, Germany",2025-11-26
363,NLP,Machine Learning & AI,ML Engineer,"Berlin, Germany",2025-11-26
480,Python,Programming Language,Data Engineer,Singapore,2025-11-26
480,SQL,Programming Language,Data Engineer,Singapore,2025-11-26
480,GCP,Cloud,Data Engineer,Singapore,2025-11-26
480,Snowflake,Cloud & Data Warehousing,Data Engineer,Singapore,2025-11-26
480,Spark,Big Data,Data Engineer,Singapore,2025-11-26
480,Hadoop,Big Data,Data Engineer,Singapore,2025-11-26
480,ETL,Data Engineering,Data Engineer,Singapore,2025-11-26
967,Python,Programming Language,Data Analyst,"Pune, India",2025-11-26
967,SQL,Programming Language,Data Analyst,"Pune, India",2025-11-26
967,Power BI,BI & Visualization,Data Analyst,"Pune, India",2025-11-26
967,GCP,Cloud,Data Analyst,"Pune, India",2025-11-26
967,Git,DevOps,Data Analyst,"Pune, India",2025-11-26
967,Data Warehousing,Data Engineering,Data Analyst,"Pune, India",2025-11-26
967,MongoDB,Databases,Data Analyst,"Pune, India",2025-11-26
1536,SQL,Programming Language,Data Analyst,"Dublin, Ireland",2025-11-26
1536,Excel,BI & Visualization,Data Analyst,"Dublin, Ireland",2025-11-26
1536,Data Warehousing,Data Engineering,Data Analyst,"Dublin, Ireland",2025-11-26
1536,MongoDB,Databases,Data Analyst,"Dublin, Ireland",2025-11-26
1851,Python,Programming Language,ML Engineer,"Mumbai, India",2025-11-26
1851,AWS,Cloud,ML Engineer,"Mumbai, India",2025-11-26
1851,Docker,DevOps,ML Engineer,"Mumbai, India",2025-11-26
1851,Kubernetes,DevOps,ML Engineer,"Mumbai, India",2025-11-26
1851,Git,DevOps,ML Engineer,"Mumbai, India",2025-11-26
1851,Deep Learning,Machine Learning & AI,ML Engineer,"Mumbai, India",2025-11-26
1851,Scikit-learn,Machine Learning & AI,ML Engineer,"Mumbai, India",2025-11-26
118,Python,Programming Language,Software Engineer,"New York, NY",2025-11-27
118,SQL,Programming Language,Software Engineer,"New York, NY",2025-11-27
118,Java,Programming Language,Software Engineer,"New York, NY",2025-11-27
118,JavaScript,Programming Language,Software Engineer,"New York, NY",2025-11-27
118,AWS,Cloud,Software Engineer,"New York, NY",2025-11-27
118,Linux,DevOps,Software Engineer,"New York, NY",2025-11-27
236,Python,Programming Language,Data Analyst,"Austin, TX",2025-11-27
236,SQL,Programming Language,Data Analyst,"Austin, TX",2025-11-27
236,Excel,BI & Visualization,Data Analyst,"Austin, TX",2025-11-27
236,Power BI,BI & Visualization,Data Analyst,"Austin, TX",2025-11-27
236,Looker,BI & Visualization,Data Analyst,"Austin, TX",2025-11-27
236,Git,DevOps,Data Analyst,"Austin, TX",2025-11-27
236,A/B Testing,Analytics,Data Analyst,"Austin, TX",2025-11-27
633,Python,Programming Language,Data Analyst,Remote,2025-11-27
633,SQL,Programming Language,Data Analyst,Remote,2025-11-27
633,Power BI,BI & Visualization,Data Analyst,Remote,2025-11-27
633,Git,DevOps,Data Analyst,Remote,2025-11-27
633,Statistics,Analytics,Data Analyst,Remote,2025-11-27
633,ETL,Data Engineering,Data Analyst,Remote,2025-11-27
1298,Python,Programming Language,Data Scientist,Remote,2025-11-27
1298,R,Programming Language,Data Scientist,Remote,2025-11-27
1298,Machine Learning,Machine Learning & AI,Data Scientist,Remote,2025-11-27
1298,Deep Learning,Machine Learning & AI,Data Scientist,Remote,2025-11-27
1298,PyTorch,Machine Learning & AI,Data Scientist,Remote,2025-11-27
1298,Computer Vision,Machine Learning & AI,Data Scientist,Remote,2025-11-27
1531,SQL,Programming Language,Data Scientist,"New York, NY",2025-11-27
1531,Tableau,BI & Visualization,Data Scientist,"New York, NY",2025-11-27
1531,TensorFlow,Machine Learning & AI,Data Scientist,"New York, NY",2025-11-27
1531,PyTorch,Machine Learning & AI,Data Scientist,"New York, NY",2025-11-27
1531,Scikit-learn,Machine Learning & AI,Data Scientist,"New York, NY",2025-11-27
1531,NLP,Machine Learning & AI,Data Scientist,"New York, NY",2025-11-27
1531,Statistics,Analytics,Data Scientist,"New York, NY",2025-11-27
1841,Redshift,Cloud & Data Warehousing,Data Engineer,"Austin, TX",2025-11-27
1841,Spark,Big Data,Data Engineer,"Austin, TX",2025-11-27
1841,Airflow,Data Engineering,Data Engineer,"Austin, TX",2025-11-27
1841,dbt,Data Engineering,Data Engineer,"Austin, TX",2025-11-27
1841,ETL,Data Engineering,Data Engineer,"Austin, TX",2025-11-27
1921,Python,Programming Language,Data Analyst,"Austin, TX",2025-11-27
1921,SQL,Programming Language,Data Analyst,"Austin, TX",2025-11-27
1921,Excel,BI & Visualization,Data Analyst,"Austin, TX",2025-11-27
1921,Power BI,BI & Visualization,Data Analyst,"Austin, TX",2025-11-27
1921,Tableau,BI & Visualization,Data Analyst,"Austin, TX",2025-11-27
93,SQL,Programming Language,Software Engineer,"Bengaluru, India",2025-11-28
93,JavaScript,Programming Language,Software Engineer,"Bengaluru, India",2025-11-28
93,AWS,Cloud,Software Engineer,"Bengaluru, India",2025-11-28
93,Git,DevOps,Software Engineer,"Bengaluru, India",2025-11-28
93,Linux,DevOps,Software Engineer,"Bengaluru, India",2025-11-28
612,Python,Programming Language,Data Analyst,Remote,2025-11-28
612,SQL,Programming Language,Data Analyst,Remote,2025-11-28
612,Excel,BI & Visualization,Data Analyst,Remote,2025-11-28
612,Power BI,BI & Visualization,Data Analyst,Remote,2025-11-28
612,Tableau,BI & Visualization,Data Analyst,Remote,2025-11-28
612,Statistics,Analytics,Data Analyst,Remote,2025-11-28
612,A/B Testing,Analytics,Data Analyst,Remote,2025-11-28
680,Airflow,Data Engineering,ML Engineer,"Pune, India",2025-11-28
680,Kubernetes,DevOps,ML Engineer,"Pune, India",2025-11-28
680,Machine Learning,Machine Learning & AI,ML Engineer,"Pune, India",2025-11-28
680,Deep Learning,Machine Learning & AI,ML Engineer,"Pune, India",2025-11-28
680,TensorFlow,Machine Learning & AI,ML Engineer,"Pune, India",2025-11-28
680,PyTorch,Machine Learning & AI,ML Engineer,"Pune, India",2025-11-28
680,Scikit-learn,Machine Learning & AI,ML Engineer,"Pune, India",2025-11-28
1027,Docker,DevOps,ML Engineer,Remote,2025-11-28
1027,Git,DevOps,ML Engineer,Remote,2025-11-28
1027,Machine Learning,Machine Learning & AI,ML Engineer,Remote,2025-11-28
1027,Deep Learning,Machine Learning & AI,ML Engineer,Remote,2025-11-28
1027,Scikit-learn,Machine Learning & AI,ML Engineer,Remote,2025-11-28
1027,Computer Vision,Machine Learning & AI,ML Engineer,Remote,2025-11-28
1078,Python,Programming Language,Data Engineer,Remote,2025-11-28
1078,SQL,Programming Language,Data Engineer,Remote,2025-11-28
1078,AWS,Cloud,Data Engineer,Remote,2025-11-28
1078,Snowflake,Cloud & Data Warehousing,Data Engineer,Remote,2025-11-28
1078,Docker,DevOps,Data Engineer,Remote,2025-11-28
1078,ETL,Data Engineering,Data Engineer,Remote,2025-11-28
1708,Python,Programming Language,Data Engineer,Remote,2025-11-28
1708,Snowflake,Cloud & Data Warehousing,Data Engineer,Remote,2025-11-28
1708,Redshift,Cloud & Data Warehousing,Data Engineer,Remote,2025-11-28
1708,BigQuery,Cloud & Data Warehousing,Data Engineer,Remote,2025-11-28
1708,Airflow,Data Engineering,Data Engineer,Remote,2025-11-28
1803,Python,Programming Language,Software Engineer,"Boston, MA",2025-11-28
1803,SQL,Programming Language,Software Engineer,"Boston, MA",2025-11-28
1803,Java,Programming Language,Software Engineer,"Boston, MA",2025-11-28
1803,JavaScript,Programming Language,Software Engineer,"Boston, MA",2025-11-28
1803,Git,DevOps,Software Engineer,"Boston, MA",2025-11-28
1803,PostgreSQL,Databases,Software Engineer,"Boston, MA",2025-11-28
1803,Linux,DevOps,Software Engineer,"Boston, MA",2025-11-28
217,SQL,Programming Language,Data Engineer,"New York, NY",2025-11-29
217,AWS,Cloud,Data Engineer,"New York, NY",2025-11-29
217,Spark,Big Data,Data Engineer,"New York, NY",2025-11-29
217,Kafka,Big Data,Data Engineer,"New York, NY",2025-11-29
217,ETL,Data Engineering,Data Engineer,"New York, NY",2025-11-29
264,JavaScript,Programming Language,Software Engineer,"Hyderabad, India",2025-11-29
264,AWS,Cloud,Software Engineer,"Hyderabad, India",2025-11-29
264,Docker,DevOps,Software Engineer,"Hyderabad, India",2025-11-29
264,REST API,Software Engineering,Software Engineer,"Hyderabad, India",2025-11-29
264,Agile,Soft Skills & Methodology,Software Engineer,"Hyderabad, India",2025-11-29
388,Python,Programming Language,Data Analyst,"San Francisco, CA",2025-11-29
388,R,Programming Language,Data Analyst,"San Francisco, CA",2025-11-29
388,SQL,Programming Language,Data Analyst,"San Francisco, CA",2025-11-29
388,Excel,BI & Visualization,Data Analyst,"San Francisco, CA",2025-11-29
388,Power BI,BI & Visualization,Data Analyst,"San Francisco, CA",2025-11-29
388,Statistics,Analytics,Data Analyst,"San Francisco, CA",2025-11-29
1071,Python,Programming Language,Software Engineer,Singapore,2025-11-29
1071,SQL,Programming Language,Software Engineer,Singapore,2025-11-29
1071,Java,Programming Language,Software Engineer,Singapore,2025-11-29
1071,JavaScript,Programming Language,Software Engineer,Singapore,2025-11-29
1286,SQL,Programming Language,Data Engineer,"San Francisco, CA",2025-11-29
1286,Azure,Cloud,Data Engineer,"San Francisco, CA",2025-11-29
1286,GCP,Cloud,Data Engineer,"San Francisco, CA",2025-11-29
1286,Redshift,Cloud & Data Warehousing,Data Engineer,"San Francisco, CA",2025-11-29
1286,Airflow,Data Engineering,Data Engineer,"San Francisco, CA",2025-11-29
1286,Data Warehousing,Data Engineering,Data Engineer,"San Francisco, CA",2025-11-29
1318,SQL,Programming Language,Software Engineer,"Washington, DC",2025-11-29
1318,Java,Programming Language,Software Engineer,"Washington, DC",2025-11-29
1318,JavaScript,Programming Language,Software Engineer,"Washington, DC",2025-11-29
1318,Docker,DevOps,Software Engineer,"Washington, DC",2025-11-29
1734,Python,Programming Language,ML Engineer,"Seattle, WA",2025-11-29
1734,AWS,Cloud,ML Engineer,"Seattle, WA",2025-11-29
1734,Docker,DevOps,ML Engineer,"Seattle, WA",2025-11-29
1734,Kubernetes,DevOps,ML Engineer,"Seattle, WA",2025-11-29
1734,Machine Learning,Machine Learning & AI,ML Engineer,"Seattle, WA",2025-11-29
1734,Deep Learning,Machine Learning & AI,ML Engineer,"Seattle, WA",2025-11-29
1734,Scikit-learn,Machine Learning & AI,ML Engineer,"Seattle, WA",2025-11-29
1734,NLP,Machine Learning & AI,ML Engineer,"Seattle, WA",2025-11-29
1417,Python,Programming Language,Software Engineer,"Los Angeles, CA",2025-11-30
1417,Docker,DevOps,Software Engineer,"Los Angeles, CA",2025-11-30
1417,Kubernetes,DevOps,Software Engineer,"Los Angeles, CA",2025-11-30
1417,MongoDB,Databases,Software Engineer,"Los Angeles, CA",2025-11-30
1417,PostgreSQL,Databases,Software Engineer,"Los Angeles, CA",2025-11-30
1417,Linux,DevOps,Software Engineer,"Los Angeles, CA",2025-11-30
1630,Python,Programming Language,ML Engineer,"Pune, India",2025-11-30
1630,TensorFlow,Machine Learning & AI,ML Engineer,"Pune, India",2025-11-30
1630,Scikit-learn,Machine Learning & AI,ML Engineer,"Pune, India",2025-11-30
1630,NLP,Machine Learning & AI,ML Engineer,"Pune, India",2025-11-30
188,Python,Programming Language,Data Analyst,"San Francisco, CA",2025-12-01
188,SQL,Programming Language,Data Analyst,"San Francisco, CA",2025-12-01
188,Looker,BI & Visualization,Data Analyst,"San Francisco, CA",2025-12-01
188,Git,DevOps,Data Analyst,"San Francisco, CA",2025-12-01
188,Statistics,Analytics,Data Analyst,"San Francisco, CA",2025-12-01
360,SQL,Programming Language,Data Analyst,"Seattle, WA",2025-12-01
360,Excel,BI & Visualization,Data Analyst,"Seattle, WA",2025-12-01
360,Tableau,BI & Visualization,Data Analyst,"Seattle, WA",2025-12-01
360,Git,DevOps,Data Analyst,"Seattle, WA",2025-12-01
360,Data Warehousing,Data Engineering,Data Analyst,"Seattle, WA",2025-12-01
1223,R,Programming Language,Data Analyst,"Los Angeles, CA",2025-12-01
1223,Power BI,BI & Visualization,Data Analyst,"Los Angeles, CA",2025-12-01
1223,Tableau,BI & Visualization,Data Analyst,"Los Angeles, CA",2025-12-01
1223,GCP,Cloud,Data Analyst,"Los Angeles, CA",2025-12-01
1223,Statistics,Analytics,Data Analyst,"Los Angeles, CA",2025-12-01
1290,Python,Programming Language,Data Analyst,"Pune, India",2025-12-02
1290,SQL,Programming Language,Data Analyst,"Pune, India",2025-12-02
1290,Excel,BI & Visualization,Data Analyst,"Pune, India",2025-12-02
1290,Power BI,BI & Visualization,Data Analyst,"Pune, India",2025-12-02
1290,Tableau,BI & Visualization,Data Analyst,"Pune, India",2025-12-02
1617,Python,Programming Language,Data Scientist,"Hyderabad, India",2025-12-02
1617,SQL,Programming Language,Data Scientist,"Hyderabad, India",2025-12-02
1617,Machine Learning,Machine Learning & AI,Data Scientist,"Hyderabad, India",2025-12-02
1617,A/B Testing,Analytics,Data Scientist,"Hyderabad, India",2025-12-02
1781,Python,Programming Language,Data Scientist,"Seattle, WA",2025-12-02
1781,SQL,Programming Language,Data Scientist,"Seattle, WA",2025-12-02
1781,Machine Learning,Machine Learning & AI,Data Scientist,"Seattle, WA",2025-12-02
1781,TensorFlow,Machine Learning & AI,Data Scientist,"Seattle, WA",2025-12-02
1781,Scikit-learn,Machine Learning & AI,Data Scientist,"Seattle, WA",2025-12-02
1781,NLP,Machine Learning & AI,Data Scientist,"Seattle, WA",2025-12-02
1781,Statistics,Analytics,Data Scientist,"Seattle, WA",2025-12-02
1798,Python,Programming Language,Data Scientist,"Boston, MA",2025-12-02
1798,SQL,Programming Language,Data Scientist,"Boston, MA",2025-12-02
1798,Machine Learning,Machine Learning & AI,Data Scientist,"Boston, MA",2025-12-02
1798,NLP,Machine Learning & AI,Data Scientist,"Boston, MA",2025-12-02
1798,Computer Vision,Machine Learning & AI,Data Scientist,"Boston, MA",2025-12-02
1798,Statistics,Analytics,Data Scientist,"Boston, MA",2025-12-02
1798,A/B Testing,Analytics,Data Scientist,"Boston, MA",2025-12-02
1932,R,Programming Language,Data Analyst,Singapore,2025-12-02
1932,Excel,BI & Visualization,Data Analyst,Singapore,2025-12-02
1932,Tableau,BI & Visualization,Data Analyst,Singapore,2025-12-02
1932,A/B Testing,Analytics,Data Analyst,Singapore,2025-12-02
1932,Data Warehousing,Data Engineering,Data Analyst,Singapore,2025-12-02
357,Python,Programming Language,Software Engineer,"Atlanta, GA",2025-12-03
357,Java,Programming Language,Software Engineer,"Atlanta, GA",2025-12-03
357,JavaScript,Programming Language,Software Engineer,"Atlanta, GA",2025-12-03
357,AWS,Cloud,Software Engineer,"Atlanta, GA",2025-12-03
357,Git,DevOps,Software Engineer,"Atlanta, GA",2025-12-03
357,NoSQL,Databases,Software Engineer,"Atlanta, GA",2025-12-03
357,MongoDB,Databases,Software Engineer,"Atlanta, GA",2025-12-03
1006,SQL,Programming Language,Data Engineer,"Mumbai, India",2025-12-03
1006,AWS,Cloud,Data Engineer,"Mumbai, India",2025-12-03
1006,Spark,Big Data,Data Engineer,"Mumbai, India",2025-12-03
1006,Airflow,Data Engineering,Data Engineer,"Mumbai, India",2025-12-03
519,Python,Programming Language,Data Scientist,"New York, NY",2025-12-04
519,Machine Learning,Machine Learning & AI,Data Scientist,"New York, NY",2025-12-04
519,Deep Learning,Machine Learning & AI,Data Scientist,"New York, NY",2025-12-04
519,Statistics,Analytics,Data Scientist,"New York, NY",2025-12-04
519,A/B Testing,Analytics,Data Scientist,"New York, NY",2025-12-04
551,Python,Programming Language,Data Engineer,"Hyderabad, India",2025-12-04
551,Azure,Cloud,Data Engineer,"Hyderabad, India",2025-12-04
551,Snowflake,Cloud & Data Warehousing,Data Engineer,"Hyderabad, India",2025-12-04
551,Airflow,Data Engineering,Data Engineer,"Hyderabad, India",2025-12-04
551,ETL,Data Engineering,Data Engineer,"Hyderabad, India",2025-12-04
835,R,Programming Language,Data Analyst,"San Francisco, CA",2025-12-04
835,Excel,BI & Visualization,Data Analyst,"San Francisco, CA",2025-12-04
835,Tableau,BI & Visualization,Data Analyst,"San Francisco, CA",2025-12-04
835,Looker,BI & Visualization,Data Analyst,"San Francisco, CA",2025-12-04
894,Python,Programming Language,Data Engineer,Remote,2025-12-04
894,SQL,Programming Language,Data Engineer,Remote,2025-12-04
894,Snowflake,Cloud & Data Warehousing,Data Engineer,Remote,2025-12-04
894,ETL,Data Engineering,Data Engineer,Remote,2025-12-04
1204,Python,Programming Language,Data Analyst,"London, UK",2025-12-04
1204,Excel,BI & Visualization,Data Analyst,"London, UK",2025-12-04
1204,Tableau,BI & Visualization,Data Analyst,"London, UK",2025-12-04
1204,Git,DevOps,Data Analyst,"London, UK",2025-12-04
1204,ETL,Data Engineering,Data Analyst,"London, UK",2025-12-04
1204,Data Warehousing,Data Engineering,Data Analyst,"London, UK",2025-12-04
1697,Python,Programming Language,Data Analyst,"Austin, TX",2025-12-04
1697,R,Programming Language,Data Analyst,"Austin, TX",2025-12-04
1697,SQL,Programming Language,Data Analyst,"Austin, TX",2025-12-04
1697,Excel,BI & Visualization,Data Analyst,"Austin, TX",2025-12-04
1697,Tableau,BI & Visualization,Data Analyst,"Austin, TX",2025-12-04
1697,Git,DevOps,Data Analyst,"Austin, TX",2025-12-04
1697,Data Warehousing,Data Engineering,Data Analyst,"Austin, TX",2025-12-04
1860,SQL,Programming Language,Data Engineer,Remote,2025-12-04
1860,AWS,Cloud,Data Engineer,Remote,2025-12-04
1860,GCP,Cloud,Data Engineer,Remote,2025-12-04
1860,Airflow,Data Engineering,Data Engineer,Remote,2025-12-04
1860,ETL,Data Engineering,Data Engineer,Remote,2025-12-04
1860,Data Warehousing,Data Engineering,Data Engineer,Remote,2025-12-04
639,Python,Programming Language,Data Engineer,"Bengaluru, India",2025-12-05
639,SQL,Programming Language,Data Engineer,"Bengaluru, India",2025-12-05
639,AWS,Cloud,Data Engineer,"Bengaluru, India",2025-12-05
639,Snowflake,Cloud & Data Warehousing,Data Engineer,"Bengaluru, India",2025-12-05
639,Spark,Big Data,Data Engineer,"Bengaluru, India",2025-12-05
639,Kafka,Big Data,Data Engineer,"Bengaluru, India",2025-12-05
639,ETL,Data Engineering,Data Engineer,"Bengaluru, India",2025-12-05
1024,Python,Programming Language,Data Analyst,"Seattle, WA",2025-12-05
1024,SQL,Programming Language,Data Analyst,"Seattle, WA",2025-12-05
1024,Tableau,BI & Visualization,Data Analyst,"Seattle, WA",2025-12-05
1024,Statistics,Analytics,Data Analyst,"Seattle, WA",2025-12-05
1024,ETL,Data Engineering,Data Analyst,"Seattle, WA",2025-12-05
1024,Data Warehousing,Data Engineering,Data Analyst,"Seattle, WA",2025-12-05
1024,MongoDB,Databases,Data Analyst,"Seattle, WA",2025-12-05
1442,Python,Programming Language,Software Engineer,"Pune, India",2025-12-05
1442,Kubernetes,DevOps,Software Engineer,"Pune, India",2025-12-05
1442,PostgreSQL,Databases,Software Engineer,"Pune, India",2025-12-05
1442,REST API,Software Engineering,Software Engineer,"Pune, India",2025-12-05
1496,Python,Programming Language,ML Engineer,"San Francisco, CA",2025-12-05
1496,Spark,Big Data,ML Engineer,"San Francisco, CA",2025-12-05
1496,Docker,DevOps,ML Engineer,"San Francisco, CA",2025-12-05
1496,Git,DevOps,ML Engineer,"San Francisco, CA",2025-12-05
1496,PyTorch,Machine Learning & AI,ML Engineer,"San Francisco, CA",2025-12-05
1496,Scikit-learn,Machine Learning & AI,ML Engineer,"San Francisco, CA",2025-12-05
1496,Computer Vision,Machine Learning & AI,ML Engineer,"San Francisco, CA",2025-12-05
1545,SQL,Programming Language,Data Scientist,Singapore,2025-12-05
1545,Tableau,BI & Visualization,Data Scientist,Singapore,2025-12-05
1545,AWS,Cloud,Data Scientist,Singapore,2025-12-05
1545,Computer Vision,Machine Learning & AI,Data Scientist,Singapore,2025-12-05
1545,Statistics,Analytics,Data Scientist,Singapore,2025-12-05
1763,Python,Programming Language,Software Engineer,"Hyderabad, India",2025-12-05
1763,JavaScript,Programming Language,Software Engineer,"Hyderabad, India",2025-12-05
1763,Kubernetes,DevOps,Software Engineer,"Hyderabad, India",2025-12-05
1763,PostgreSQL,Databases,Software Engineer,"Hyderabad, India",2025-12-05
743,Docker,DevOps,ML Engineer,"Seattle, WA",2025-12-06
743,Machine Learning,Machine Learning & AI,ML Engineer,"Seattle, WA",2025-12-06
743,Deep Learning,Machine Learning & AI,ML Engineer,"Seattle, WA",2025-12-06
743,PyTorch,Machine Learning & AI,ML Engineer,"Seattle, WA",2025-12-06
743,Scikit-learn,Machine Learning & AI,ML Engineer,"Seattle, WA",2025-12-06
743,NLP,Machine Learning & AI,ML Engineer,"Seattle, WA",2025-12-06
794,Python,Programming Language,Data Engineer,"Berlin, Germany",2025-12-06
794,SQL,Programming Language,Data Engineer,"Berlin, Germany",2025-12-06
794,BigQuery,Cloud & Data Warehousing,Data Engineer,"Berlin, Germany",2025-12-06
794,Hadoop,Big Data,Data Engineer,"Berlin, Germany",2025-12-06
794,ETL,Data Engineering,Data Engineer,"Berlin, Germany",2025-12-06
951,Python,Programming Language,ML Engineer,"Denver, CO",2025-12-06
951,Airflow,Data Engineering,ML Engineer,"Denver, CO",2025-12-06
951,Kubernetes,DevOps,ML Engineer,"Denver, CO",2025-12-06
951,Machine Learning,Machine Learning & AI,ML Engineer,"Denver, CO",2025-12-06
951,PyTorch,Machine Learning & AI,ML Engineer,"Denver, CO",2025-12-06
1118,AWS,Cloud,Data Engineer,Singapore,2025-12-06
1118,Azure,Cloud,Data Engineer,Singapore,2025-12-06
1118,Spark,Big Data,Data Engineer,Singapore,2025-12-06
1118,Kafka,Big Data,Data Engineer,Singapore,2025-12-06
1118,Airflow,Data Engineering,Data Engineer,Singapore,2025-12-06
1682,Python,Programming Language,Data Engineer,"Boston, MA",2025-12-06
1682,Snowflake,Cloud & Data Warehousing,Data Engineer,"Boston, MA",2025-12-06
1682,Airflow,Data Engineering,Data Engineer,"Boston, MA",2025-12-06
1682,NoSQL,Databases,Data Engineer,"Boston, MA",2025-12-06
1724,Python,Programming Language,Data Scientist,"Denver, CO",2025-12-06
1724,Machine Learning,Machine Learning & AI,Data Scientist,"Denver, CO",2025-12-06
1724,Deep Learning,Machine Learning & AI,Data Scientist,"Denver, CO",2025-12-06
1724,Scikit-learn,Machine Learning & AI,Data Scientist,"Denver, CO",2025-12-06
1782,Python,Programming Language,Data Scientist,"San Francisco, CA",2025-12-06
1782,SQL,Programming Language,Data Scientist,"San Francisco, CA",2025-12-06
1782,Deep Learning,Machine Learning & AI,Data Scientist,"San Francisco, CA",2025-12-06
1782,Scikit-learn,Machine Learning & AI,Data Scientist,"San Francisco, CA",2025-12-06
1782,Computer Vision,Machine Learning & AI,Data Scientist,"San Francisco, CA",2025-12-06
1782,Statistics,Analytics,Data Scientist,"San Francisco, CA",2025-12-06
542,Python,Programming Language,Data Engineer,"Los Angeles, CA",2025-12-07
542,SQL,Programming Language,Data Engineer,"Los Angeles, CA",2025-12-07
542,Redshift,Cloud & Data Warehousing,Data Engineer,"Los Angeles, CA",2025-12-07
542,BigQuery,Cloud & Data Warehousing,Data Engineer,"Los Angeles, CA",2025-12-07
542,Hadoop,Big Data,Data Engineer,"Los Angeles, CA",2025-12-07
542,Docker,DevOps,Data Engineer,"Los Angeles, CA",2025-12-07
542,ETL,Data Engineering,Data Engineer,"Los Angeles, CA",2025-12-07
770,Python,Programming Language,ML Engineer,"Bengaluru, India",2025-12-07
770,Kubernetes,DevOps,ML Engineer,"Bengaluru, India",2025-12-07
770,Machine Learning,Machine Learning & AI,ML Engineer,"Bengaluru, India",2025-12-07
770,PyTorch,Machine Learning & AI,ML Engineer,"Bengaluru, India",2025-12-07
770,NLP,Machine Learning & AI,ML Engineer,"Bengaluru, India",2025-12-07
865,Python,Programming Language,Data Analyst,"Pune, India",2025-12-07
865,SQL,Programming Language,Data Analyst,"Pune, India",2025-12-07
865,Excel,BI & Visualization,Data Analyst,"Pune, India",2025-12-07
865,GCP,Cloud,Data Analyst,"Pune, India",2025-12-07
865,Git,DevOps,Data Analyst,"Pune, India",2025-12-07
865,Statistics,Analytics,Data Analyst,"Pune, India",2025-12-07
865,Data Warehousing,Data Engineering,Data Analyst,"Pune, India",2025-12-07
878,Python,Programming Language,Software Engineer,"Hyderabad, India",2025-12-07
878,Java,Programming Language,Software Engineer,"Hyderabad, India",2025-12-07
878,Docker,DevOps,Software Engineer,"Hyderabad, India",2025-12-07
878,MongoDB,Databases,Software Engineer,"Hyderabad, India",2025-12-07
962,Azure,Cloud,Data Engineer,"Toronto, Canada",2025-12-07
962,Snowflake,Cloud & Data Warehousing,Data Engineer,"Toronto, Canada",2025-12-07
962,Redshift,Cloud & Data Warehousing,Data Engineer,"Toronto, Canada",2025-12-07
962,Spark,Big Data,Data Engineer,"Toronto, Canada",2025-12-07
962,Hadoop,Big Data,Data Engineer,"Toronto, Canada",2025-12-07
962,Airflow,Data Engineering,Data Engineer,"Toronto, Canada",2025-12-07
1170,AWS,Cloud,Data Engineer,"Bengaluru, India",2025-12-07
1170,GCP,Cloud,Data Engineer,"Bengaluru, India",2025-12-07
1170,Snowflake,Cloud & Data Warehousing,Data Engineer,"Bengaluru, India",2025-12-07
1170,Airflow,Data Engineering,Data Engineer,"Bengaluru, India",2025-12-07
1170,Docker,DevOps,Data Engineer,"Bengaluru, India",2025-12-07
1170,ETL,Data Engineering,Data Engineer,"Bengaluru, India",2025-12-07
1170,NoSQL,Databases,Data Engineer,"Bengaluru, India",2025-12-07
1220,Python,Programming Language,Data Scientist,"London, UK",2025-12-07
1220,Machine Learning,Machine Learning & AI,Data Scientist,"London, UK",2025-12-07
1220,Deep Learning,Machine Learning & AI,Data Scientist,"London, UK",2025-12-07
1220,NLP,Machine Learning & AI,Data Scientist,"London, UK",2025-12-07
1550,Python,Programming Language,Data Scientist,"Pune, India",2025-12-07
1550,SQL,Programming Language,Data Scientist,"Pune, India",2025-12-07
1550,Tableau,BI & Visualization,Data Scientist,"Pune, India",2025-12-07
1550,Machine Learning,Machine Learning & AI,Data Scientist,"Pune, India",2025-12-07
1550,PyTorch,Machine Learning & AI,Data Scientist,"Pune, India",2025-12-07
1550,NLP,Machine Learning & AI,Data Scientist,"Pune, India",2025-12-07
1550,Statistics,Analytics,Data Scientist,"Pune, India",2025-12-07
1725,SQL,Programming Language,Data Engineer,"Seattle, WA",2025-12-07
1725,AWS,Cloud,Data Engineer,"Seattle, WA",2025-12-07
1725,GCP,Cloud,Data Engineer,"Seattle, WA",2025-12-07
1725,Redshift,Cloud & Data Warehousing,Data Engineer,"Seattle, WA",2025-12-07
1725,Airflow,Data Engineering,Data Engineer,"Seattle, WA",2025-12-07
1751,Python,Programming Language,ML Engineer,"San Francisco, CA",2025-12-07
1751,Docker,DevOps,ML Engineer,"San Francisco, CA",2025-12-07
1751,Machine Learning,Machine Learning & AI,ML Engineer,"San Francisco, CA",2025-12-07
1751,Deep Learning,Machine Learning & AI,ML Engineer,"San Francisco, CA",2025-12-07
1751,PyTorch,Machine Learning & AI,ML Engineer,"San Francisco, CA",2025-12-07
227,Python,Programming Language,Data Engineer,Remote,2025-12-08
227,SQL,Programming Language,Data Engineer,Remote,2025-12-08
227,AWS,Cloud,Data Engineer,Remote,2025-12-08
227,GCP,Cloud,Data Engineer,Remote,2025-12-08
227,Redshift,Cloud & Data Warehousing,Data Engineer,Remote,2025-12-08
227,dbt,Data Engineering,Data Engineer,Remote,2025-12-08
227,Data Warehousing,Data Engineering,Data Engineer,Remote,2025-12-08
256,SQL,Programming Language,Software Engineer,"Dublin, Ireland",2025-12-08
256,Java,Programming Language,Software Engineer,"Dublin, Ireland",2025-12-08
256,AWS,Cloud,Software Engineer,"Dublin, Ireland",2025-12-08
256,REST API,Software Engineering,Software Engineer,"Dublin, Ireland",2025-12-08
459,Python,Programming Language,Software Engineer,"Bengaluru, India",2025-12-08
459,JavaScript,Programming Language,Software Engineer,"Bengaluru, India",2025-12-08
459,AWS,Cloud,Software Engineer,"Bengaluru, India",2025-12-08
459,Git,DevOps,Software Engineer,"Bengaluru, India",2025-12-08
459,Agile,Soft Skills & Methodology,Software Engineer,"Bengaluru, India",2025-12-08
781,Python,Programming Language,Software Engineer,"Delhi, India",2025-12-08
781,SQL,Programming Language,Software Engineer,"Delhi, India",2025-12-08
781,JavaScript,Programming Language,Software Engineer,"Delhi, India",2025-12-08
781,Kubernetes,DevOps,Software Engineer,"Delhi, India",2025-12-08
781,Git,DevOps,Software Engineer,"Delhi, India",2025-12-08
781,MongoDB,Databases,Software Engineer,"Delhi, India",2025-12-08
781,Agile,Soft Skills & Methodology,Software Engineer,"Delhi, India",2025-12-08
1176,Python,Programming Language,Data Engineer,"Denver, CO",2025-12-08
1176,Redshift,Cloud & Data Warehousing,Data Engineer,"Denver, CO",2025-12-08
1176,Hadoop,Big Data,Data Engineer,"Denver, CO",2025-12-08
1176,Kafka,Big Data,Data Engineer,"Denver, CO",2025-12-08
1176,Airflow,Data Engineering,Data Engineer,"Denver, CO",2025-12-08
1176,NoSQL,Databases,Data Engineer,"Denver, CO",2025-12-08
1903,Python,Programming Language,Software Engineer,"Hyderabad, India",2025-12-08
1903,JavaScript,Programming Language,Software Engineer,"Hyderabad, India",2025-12-08
1903,AWS,Cloud,Software Engineer,"Hyderabad, India",2025-12-08
1903,Docker,DevOps,Software Engineer,"Hyderabad, India",2025-12-08
1903,Git,DevOps,Software Engineer,"Hyderabad, India",2025-12-08
1903,Linux,DevOps,Software Engineer,"Hyderabad, India",2025-12-08
1903,REST API,Software Engineering,Software Engineer,"Hyderabad, India",2025-12-08
349,Python,Programming Language,ML Engineer,"Delhi, India",2025-12-09
349,Docker,DevOps,ML Engineer,"Delhi, India",2025-12-09
349,Deep Learning,Machine Learning & AI,ML Engineer,"Delhi, India",2025-12-09
349,TensorFlow,Machine Learning & AI,ML Engineer,"Delhi, India",2025-12-09
349,Computer Vision,Machine Learning & AI,ML Engineer,"Delhi, India",2025-12-09
1016,R,Programming Language,Data Scientist,"Chicago, IL",2025-12-09
1016,SQL,Programming Language,Data Scientist,"Chicago, IL",2025-12-09
1016,Spark,Big Data,Data Scientist,"Chicago, IL",2025-12-09
1016,Machine Learning,Machine Learning & AI,Data Scientist,"Chicago, IL",2025-12-09
1016,Scikit-learn,Machine Learning & AI,Data Scientist,"Chicago, IL",2025-12-09
1016,NLP,Machine Learning & AI,Data Scientist,"Chicago, IL",2025-12-09
1016,Statistics,Analytics,Data Scientist,"Chicago, IL",2025-12-09
1171,AWS,Cloud,ML Engineer,"Washington, DC",2025-12-09
1171,Azure,Cloud,ML Engineer,"Washington, DC",2025-12-09
1171,Docker,DevOps,ML Engineer,"Washington, DC",2025-12-09
1171,TensorFlow,Machine Learning & AI,ML Engineer,"Washington, DC",2025-12-09
1171,PyTorch,Machine Learning & AI,ML Engineer,"Washington, DC",2025-12-09
1171,NLP,Machine Learning & AI,ML Engineer,"Washington, DC",2025-12-09
1171,Computer Vision,Machine Learning & AI,ML Engineer,"Washington, DC",2025-12-09
1760,Python,Programming Language,Software Engineer,Singapore,2025-12-09
1760,SQL,Programming Language,Software Engineer,Singapore,2025-12-09
1760,Java,Programming Language,Software Engineer,Singapore,2025-12-09
1760,Docker,DevOps,Software Engineer,Singapore,2025-12-09
1760,Git,DevOps,Software Engineer,Singapore,2025-12-09
1760,PostgreSQL,Databases,Software Engineer,Singapore,2025-12-09
1760,Agile,Soft Skills & Methodology,Software Engineer,Singapore,2025-12-09
1133,SQL,Programming Language,Data Engineer,"Bengaluru, India",2025-12-10
1133,Redshift,Cloud & Data Warehousing,Data Engineer,"Bengaluru, India",2025-12-10
1133,Kafka,Big Data,Data Engineer,"Bengaluru, India",2025-12-10
1133,Docker,DevOps,Data Engineer,"Bengaluru, India",2025-12-10
1133,Data Warehousing,Data Engineering,Data Engineer,"Bengaluru, India",2025-12-10
1480,Python,Programming Language,Data Engineer,Remote,2025-12-10
1480,Hadoop,Big Data,Data Engineer,Remote,2025-12-10
1480,Airflow,Data Engineering,Data Engineer,Remote,2025-12-10
1480,Data Warehousing,Data Engineering,Data Engineer,Remote,2025-12-10
1541,Python,Programming Language,ML Engineer,Remote,2025-12-10
1541,Docker,DevOps,ML Engineer,Remote,2025-12-10
1541,Git,DevOps,ML Engineer,Remote,2025-12-10
1541,Machine Learning,Machine Learning & AI,ML Engineer,Remote,2025-12-10
1541,Deep Learning,Machine Learning & AI,ML Engineer,Remote,2025-12-10
1541,TensorFlow,Machine Learning & AI,ML Engineer,Remote,2025-12-10
486,Python,Programming Language,ML Engineer,"Chicago, IL",2025-12-11
486,Kubernetes,DevOps,ML Engineer,"Chicago, IL",2025-12-11
486,Git,DevOps,ML Engineer,"Chicago, IL",2025-12-11
486,Deep Learning,Machine Learning & AI,ML Engineer,"Chicago, IL",2025-12-11
649,Python,Programming Language,ML Engineer,Singapore,2025-12-11
649,Azure,Cloud,ML Engineer,Singapore,2025-12-11
649,PyTorch,Machine Learning & AI,ML Engineer,Singapore,2025-12-11
649,Scikit-learn,Machine Learning & AI,ML Engineer,Singapore,2025-12-11
649,Computer Vision,Machine Learning & AI,ML Engineer,Singapore,2025-12-11
677,Python,Programming Language,Data Engineer,"Mumbai, India",2025-12-11
677,SQL,Programming Language,Data Engineer,"Mumbai, India",2025-12-11
677,GCP,Cloud,Data Engineer,"Mumbai, India",2025-12-11
677,Snowflake,Cloud & Data Warehousing,Data Engineer,"Mumbai, India",2025-12-11
677,Redshift,Cloud & Data Warehousing,Data Engineer,"Mumbai, India",2025-12-11
677,Spark,Big Data,Data Engineer,"Mumbai, India",2025-12-11
677,ETL,Data Engineering,Data Engineer,"Mumbai, India",2025-12-11
959,Python,Programming Language,ML Engineer,Remote,2025-12-11
959,AWS,Cloud,ML Engineer,Remote,2025-12-11
959,Machine Learning,Machine Learning & AI,ML Engineer,Remote,2025-12-11
959,TensorFlow,Machine Learning & AI,ML Engineer,Remote,2025-12-11
1005,R,Programming Language,Data Analyst,"Toronto, Canada",2025-12-11
1005,SQL,Programming Language,Data Analyst,"Toronto, Canada",2025-12-11
1005,Excel,BI & Visualization,Data Analyst,"Toronto, Canada",2025-12-11
1005,Power BI,BI & Visualization,Data Analyst,"Toronto, Canada",2025-12-11
1005,Tableau,BI & Visualization,Data Analyst,"Toronto, Canada",2025-12-11
1005,GCP,Cloud,Data Analyst,"Toronto, Canada",2025-12-11
1005,Git,DevOps,Data Analyst,"Toronto, Canada",2025-12-11
1109,Python,Programming Language,Software Engineer,"Hyderabad, India",2025-12-11
1109,JavaScript,Programming Language,Software Engineer,"Hyderabad, India",2025-12-11
1109,Docker,DevOps,Software Engineer,"Hyderabad, India",2025-12-11
1109,REST API,Software Engineering,Software Engineer,"Hyderabad, India",2025-12-11
1346,Python,Programming Language,Software Engineer,"Austin, TX",2025-12-11
1346,SQL,Programming Language,Software Engineer,"Austin, TX",2025-12-11
1346,JavaScript,Programming Language,Software Engineer,"Austin, TX",2025-12-11
1346,AWS,Cloud,Software Engineer,"Austin, TX",2025-12-11
1346,Kubernetes,DevOps,Software Engineer,"Austin, TX",2025-12-11
1346,REST API,Software Engineering,Software Engineer,"Austin, TX",2025-12-11
1457,Python,Programming Language,Data Engineer,"Atlanta, GA",2025-12-11
1457,Airflow,Data Engineering,Data Engineer,"Atlanta, GA",2025-12-11
1457,ETL,Data Engineering,Data Engineer,"Atlanta, GA",2025-12-11
1457,Data Warehousing,Data Engineering,Data Engineer,"Atlanta, GA",2025-12-11
1955,Python,Programming Language,Data Engineer,"Seattle, WA",2025-12-11
1955,SQL,Programming Language,Data Engineer,"Seattle, WA",2025-12-11
1955,AWS,Cloud,Data Engineer,"Seattle, WA",2025-12-11
1955,Airflow,Data Engineering,Data Engineer,"Seattle, WA",2025-12-11
1955,ETL,Data Engineering,Data Engineer,"Seattle, WA",2025-12-11
1955,NoSQL,Databases,Data Engineer,"Seattle, WA",2025-12-11
297,R,Programming Language,Data Analyst,"Delhi, India",2025-12-12
297,Power BI,BI & Visualization,Data Analyst,"Delhi, India",2025-12-12
297,Statistics,Analytics,Data Analyst,"Delhi, India",2025-12-12
297,A/B Testing,Analytics,Data Analyst,"Delhi, India",2025-12-12
370,Python,Programming Language,Data Scientist,"Chicago, IL",2025-12-12
370,R,Programming Language,Data Scientist,"Chicago, IL",2025-12-12
370,Machine Learning,Machine Learning & AI,Data Scientist,"Chicago, IL",2025-12-12
370,Deep Learning,Machine Learning & AI,Data Scientist,"Chicago, IL",2025-12-12
370,TensorFlow,Machine Learning & AI,Data Scientist,"Chicago, IL",2025-12-12
370,PyTorch,Machine Learning & AI,Data Scientist,"Chicago, IL",2025-12-12
1100,Docker,DevOps,ML Engineer,"Toronto, Canada",2025-12-12
1100,Deep Learning,Machine Learning & AI,ML Engineer,"Toronto, Canada",2025-12-12
1100,Scikit-learn,Machine Learning & AI,ML Engineer,"Toronto, Canada",2025-12-12
1100,Computer Vision,Machine Learning & AI,ML Engineer,"Toronto, Canada",2025-12-12
1486,Python,Programming Language,Software Engineer,"Washington, DC",2025-12-12
1486,SQL,Programming Language,Software Engineer,"Washington, DC",2025-12-12
1486,JavaScript,Programming Language,Software Engineer,"Washington, DC",2025-12-12
1486,Linux,DevOps,Software Engineer,"Washington, DC",2025-12-12
1486,REST API,Software Engineering,Software Engineer,"Washington, DC",2025-12-12
1486,Agile,Soft Skills & Methodology,Software Engineer,"Washington, DC",2025-12-12
1519,Python,Programming Language,Data Scientist,"San Francisco, CA",2025-12-12
1519,AWS,Cloud,Data Scientist,"San Francisco, CA",2025-12-12
1519,Machine Learning,Machine Learning & AI,Data Scientist,"San Francisco, CA",2025-12-12
1519,PyTorch,Machine Learning & AI,Data Scientist,"San Francisco, CA",2025-12-12
1519,Statistics,Analytics,Data Scientist,"San Francisco, CA",2025-12-12
1519,A/B Testing,Analytics,Data Scientist,"San Francisco, CA",2025-12-12
1735,SQL,Programming Language,Data Engineer,"San Francisco, CA",2025-12-12
1735,Snowflake,Cloud & Data Warehousing,Data Engineer,"San Francisco, CA",2025-12-12
1735,Redshift,Cloud & Data Warehousing,Data Engineer,"San Francisco, CA",2025-12-12
1735,BigQuery,Cloud & Data Warehousing,Data Engineer,"San Francisco, CA",2025-12-12
1735,Spark,Big Data,Data Engineer,"San Francisco, CA",2025-12-12
1735,Airflow,Data Engineering,Data Engineer,"San Francisco, CA",2025-12-12
1735,ETL,Data Engineering,Data Engineer,"San Francisco, CA",2025-12-12
1986,Docker,DevOps,ML Engineer,"Bengaluru, India",2025-12-12
1986,Kubernetes,DevOps,ML Engineer,"Bengaluru, India",2025-12-12
1986,Machine Learning,Machine Learning & AI,ML Engineer,"Bengaluru, India",2025-12-12
1986,Deep Learning,Machine Learning & AI,ML Engineer,"Bengaluru, India",2025-12-12
1986,TensorFlow,Machine Learning & AI,ML Engineer,"Bengaluru, India",2025-12-12
1986,PyTorch,Machine Learning & AI,ML Engineer,"Bengaluru, India",2025-12-12
131,Redshift,Cloud & Data Warehousing,Data Engineer,"Delhi, India",2025-12-13
131,Airflow,Data Engineering,Data Engineer,"Delhi, India",2025-12-13
131,dbt,Data Engineering,Data Engineer,"Delhi, India",2025-12-13
131,Data Warehousing,Data Engineering,Data Engineer,"Delhi, India",2025-12-13
374,AWS,Cloud,Data Scientist,"Los Angeles, CA",2025-12-13
374,Deep Learning,Machine Learning & AI,Data Scientist,"Los Angeles, CA",2025-12-13
374,PyTorch,Machine Learning & AI,Data Scientist,"Los Angeles, CA",2025-12-13
374,Scikit-learn,Machine Learning & AI,Data Scientist,"Los Angeles, CA",2025-12-13
374,Statistics,Analytics,Data Scientist,"Los Angeles, CA",2025-12-13
863,SQL,Programming Language,Data Engineer,"Mumbai, India",2025-12-13
863,Hadoop,Big Data,Data Engineer,"Mumbai, India",2025-12-13
863,Airflow,Data Engineering,Data Engineer,"Mumbai, India",2025-12-13
863,NoSQL,Databases,Data Engineer,"Mumbai, India",2025-12-13
875,Java,Programming Language,Software Engineer,"Austin, TX",2025-12-13
875,JavaScript,Programming Language,Software Engineer,"Austin, TX",2025-12-13
875,Linux,DevOps,Software Engineer,"Austin, TX",2025-12-13
875,REST API,Software Engineering,Software Engineer,"Austin, TX",2025-12-13
971,Python,Programming Language,Data Engineer,"Delhi, India",2025-12-13
971,SQL,Programming Language,Data Engineer,"Delhi, India",2025-12-13
971,GCP,Cloud,Data Engineer,"Delhi, India",2025-12-13
971,Snowflake,Cloud & Data Warehousing,Data Engineer,"Delhi, India",2025-12-13
1279,SQL,Programming Language,Data Analyst,"Austin, TX",2025-12-13
1279,Excel,BI & Visualization,Data Analyst,"Austin, TX",2025-12-13
1279,Tableau,BI & Visualization,Data Analyst,"Austin, TX",2025-12-13
1279,GCP,Cloud,Data Analyst,"Austin, TX",2025-12-13
1279,Git,DevOps,Data Analyst,"Austin, TX",2025-12-13
1279,Data Warehousing,Data Engineering,Data Analyst,"Austin, TX",2025-12-13
1279,MongoDB,Databases,Data Analyst,"Austin, TX",2025-12-13
1667,SQL,Programming Language,Data Engineer,"Berlin, Germany",2025-12-13
1667,Redshift,Cloud & Data Warehousing,Data Engineer,"Berlin, Germany",2025-12-13
1667,Spark,Big Data,Data Engineer,"Berlin, Germany",2025-12-13
1667,Hadoop,Big Data,Data Engineer,"Berlin, Germany",2025-12-13
1667,ETL,Data Engineering,Data Engineer,"Berlin, Germany",2025-12-13
1967,AWS,Cloud,Data Engineer,"San Francisco, CA",2025-12-13
1967,GCP,Cloud,Data Engineer,"San Francisco, CA",2025-12-13
1967,BigQuery,Cloud & Data Warehousing,Data Engineer,"San Francisco, CA",2025-12-13
1967,Kafka,Big Data,Data Engineer,"San Francisco, CA",2025-12-13
1967,ETL,Data Engineering,Data Engineer,"San Francisco, CA",2025-12-13
1967,Data Warehousing,Data Engineering,Data Engineer,"San Francisco, CA",2025-12-13
178,SQL,Programming Language,Data Analyst,"Pune, India",2025-12-14
178,Power BI,BI & Visualization,Data Analyst,"Pune, India",2025-12-14
178,Tableau,BI & Visualization,Data Analyst,"Pune, India",2025-12-14
178,GCP,Cloud,Data Analyst,"Pune, India",2025-12-14
178,Git,DevOps,Data Analyst,"Pune, India",2025-12-14
178,A/B Testing,Analytics,Data Analyst,"Pune, India",2025-12-14
178,Data Warehousing,Data Engineering,Data Analyst,"Pune, India",2025-12-14
740,Python,Programming Language,Software Engineer,Remote,2025-12-14
740,Java,Programming Language,Software Engineer,Remote,2025-12-14
740,Git,DevOps,Software Engineer,Remote,2025-12-14
740,Linux,DevOps,Software Engineer,Remote,2025-12-14
1057,Python,Programming Language,Data Scientist,"Mumbai, India",2025-12-14
1057,Machine Learning,Machine Learning & AI,Data Scientist,"Mumbai, India",2025-12-14
1057,Deep Learning,Machine Learning & AI,Data Scientist,"Mumbai, India",2025-12-14
1057,PyTorch,Machine Learning & AI,Data Scientist,"Mumbai, India",2025-12-14
1057,Scikit-learn,Machine Learning & AI,Data Scientist,"Mumbai, India",2025-12-14
1057,NLP,Machine Learning & AI,Data Scientist,"Mumbai, India",2025-12-14
1057,Statistics,Analytics,Data Scientist,"Mumbai, India",2025-12-14
1060,Python,Programming Language,Software Engineer,"Washington, DC",2025-12-14
1060,Java,Programming Language,Software Engineer,"Washington, DC",2025-12-14
1060,JavaScript,Programming Language,Software Engineer,"Washington, DC",2025-12-14
1060,C++,Programming Language,Software Engineer,"Washington, DC",2025-12-14
1060,Docker,DevOps,Software Engineer,"Washington, DC",2025-12-14
1060,NoSQL,Databases,Software Engineer,"Washington, DC",2025-12-14
1060,Agile,Soft Skills & Methodology,Software Engineer,"Washington, DC",2025-12-14
627,Redshift,Cloud & Data Warehousing,Data Engineer,"Bengaluru, India",2025-12-15
627,Hadoop,Big Data,Data Engineer,"Bengaluru, India",2025-12-15
627,Airflow,Data Engineering,Data Engineer,"Bengaluru, India",2025-12-15
627,dbt,Data Engineering,Data Engineer,"Bengaluru, India",2025-12-15
627,Docker,DevOps,Data Engineer,"Bengaluru, India",2025-12-15
627,ETL,Data Engineering,Data Engineer,"Bengaluru, India",2025-12-15
1283,Python,Programming Language,Data Scientist,"Los Angeles, CA",2025-12-15
1283,R,Programming Language,Data Scientist,"Los Angeles, CA",2025-12-15
1283,TensorFlow,Machine Learning & AI,Data Scientist,"Los Angeles, CA",2025-12-15
1283,PyTorch,Machine Learning & AI,Data Scientist,"Los Angeles, CA",2025-12-15
1283,Computer Vision,Machine Learning & AI,Data Scientist,"Los Angeles, CA",2025-12-15
1283,A/B Testing,Analytics,Data Scientist,"Los Angeles, CA",2025-12-15
1405,Excel,BI & Visualization,Data Analyst,"New York, NY",2025-12-15
1405,Tableau,BI & Visualization,Data Analyst,"New York, NY",2025-12-15
1405,Looker,BI & Visualization,Data Analyst,"New York, NY",2025-12-15
1405,GCP,Cloud,Data Analyst,"New York, NY",2025-12-15
1640,Python,Programming Language,ML Engineer,"Mumbai, India",2025-12-15
1640,Spark,Big Data,ML Engineer,"Mumbai, India",2025-12-15
1640,Kubernetes,DevOps,ML Engineer,"Mumbai, India",2025-12-15
1640,Machine Learning,Machine Learning & AI,ML Engineer,"Mumbai, India",2025-12-15
1640,Deep Learning,Machine Learning & AI,ML Engineer,"Mumbai, India",2025-12-15
1640,PyTorch,Machine Learning & AI,ML Engineer,"Mumbai, India",2025-12-15
1640,Scikit-learn,Machine Learning & AI,ML Engineer,"Mumbai, India",2025-12-15
1640,Computer Vision,Machine Learning & AI,ML Engineer,"Mumbai, India",2025-12-15
209,Python,Programming Language,Software Engineer,"New York, NY",2025-12-16
209,Java,Programming Language,Software Engineer,"New York, NY",2025-12-16
209,C++,Programming Language,Software Engineer,"New York, NY",2025-12-16
209,Git,DevOps,Software Engineer,"New York, NY",2025-12-16
209,Linux,DevOps,Software Engineer,"New York, NY",2025-12-16
209,Agile,Soft Skills & Methodology,Software Engineer,"New York, NY",2025-12-16
499,Java,Programming Language,Software Engineer,"Mumbai, India",2025-12-16
499,AWS,Cloud,Software Engineer,"Mumbai, India",2025-12-16
499,Kubernetes,DevOps,Software Engineer,"Mumbai, India",2025-12-16
499,Git,DevOps,Software Engineer,"Mumbai, India",2025-12-16
1235,Java,Programming Language,Software Engineer,"London, UK",2025-12-16
1235,JavaScript,Programming Language,Software Engineer,"London, UK",2025-12-16
1235,AWS,Cloud,Software Engineer,"London, UK",2025-12-16
1235,REST API,Software Engineering,Software Engineer,"London, UK",2025-12-16
1727,Python,Programming Language,ML Engineer,"Mumbai, India",2025-12-16
1727,Kubernetes,DevOps,ML Engineer,"Mumbai, India",2025-12-16
1727,Git,DevOps,ML Engineer,"Mumbai, India",2025-12-16
1727,Machine Learning,Machine Learning & AI,ML Engineer,"Mumbai, India",2025-12-16
162,Python,Programming Language,Data Engineer,"New York, NY",2025-12-17
162,SQL,Programming Language,Data Engineer,"New York, NY",2025-12-17
162,AWS,Cloud,Data Engineer,"New York, NY",2025-12-17
162,Snowflake,Cloud & Data Warehousing,Data Engineer,"New York, NY",2025-12-17
162,Redshift,Cloud & Data Warehousing,Data Engineer,"New York, NY",2025-12-17
162,BigQuery,Cloud & Data Warehousing,Data Engineer,"New York, NY",2025-12-17
162,Airflow,Data Engineering,Data Engineer,"New York, NY",2025-12-17
242,Python,Programming Language,Data Analyst,Remote,2025-12-17
242,SQL,Programming Language,Data Analyst,Remote,2025-12-17
242,Excel,BI & Visualization,Data Analyst,Remote,2025-12-17
242,Power BI,BI & Visualization,Data Analyst,Remote,2025-12-17
242,Tableau,BI & Visualization,Data Analyst,Remote,2025-12-17
242,Looker,BI & Visualization,Data Analyst,Remote,2025-12-17
242,A/B Testing,Analytics,Data Analyst,Remote,2025-12-17
275,Python,Programming Language,Data Scientist,"Washington, DC",2025-12-17
275,SQL,Programming Language,Data Scientist,"Washington, DC",2025-12-17
275,Spark,Big Data,Data Scientist,"Washington, DC",2025-12-17
275,Deep Learning,Machine Learning & AI,Data Scientist,"Washington, DC",2025-12-17
275,TensorFlow,Machine Learning & AI,Data Scientist,"Washington, DC",2025-12-17
275,Statistics,Analytics,Data Scientist,"Washington, DC",2025-12-17
463,Python,Programming Language,ML Engineer,"San Francisco, CA",2025-12-17
463,Docker,DevOps,ML Engineer,"San Francisco, CA",2025-12-17
463,Machine Learning,Machine Learning & AI,ML Engineer,"San Francisco, CA",2025-12-17
463,PyTorch,Machine Learning & AI,ML Engineer,"San Francisco, CA",2025-12-17
463,Scikit-learn,Machine Learning & AI,ML Engineer,"San Francisco, CA",2025-12-17
944,Python,Programming Language,Data Analyst,Remote,2025-12-17
944,SQL,Programming Language,Data Analyst,Remote,2025-12-17
944,Excel,BI & Visualization,Data Analyst,Remote,2025-12-17
944,Tableau,BI & Visualization,Data Analyst,Remote,2025-12-17
944,GCP,Cloud,Data Analyst,Remote,2025-12-17
944,Statistics,Analytics,Data Analyst,Remote,2025-12-17
1336,Python,Programming Language,Data Engineer,"New York, NY",2025-12-17
1336,SQL,Programming Language,Data Engineer,"New York, NY",2025-12-17
1336,Spark,Big Data,Data Engineer,"New York, NY",2025-12-17
1336,Hadoop,Big Data,Data Engineer,"New York, NY",2025-12-17
1336,Airflow,Data Engineering,Data Engineer,"New York, NY",2025-12-17
1336,dbt,Data Engineering,Data Engineer,"New York, NY",2025-12-17
1336,ETL,Data Engineering,Data Engineer,"New York, NY",2025-12-17
1374,Python,Programming Language,Software Engineer,"Boston, MA",2025-12-17
1374,SQL,Programming Language,Software Engineer,"Boston, MA",2025-12-17
1374,JavaScript,Programming Language,Software Engineer,"Boston, MA",2025-12-17
1374,AWS,Cloud,Software Engineer,"Boston, MA",2025-12-17
1374,PostgreSQL,Databases,Software Engineer,"Boston, MA",2025-12-17
1383,Python,Programming Language,Data Engineer,"Berlin, Germany",2025-12-18
1383,SQL,Programming Language,Data Engineer,"Berlin, Germany",2025-12-18
1383,BigQuery,Cloud & Data Warehousing,Data Engineer,"Berlin, Germany",2025-12-18
1383,ETL,Data Engineering,Data Engineer,"Berlin, Germany",2025-12-18
1848,Spark,Big Data,ML Engineer,"Delhi, India",2025-12-18
1848,Kubernetes,DevOps,ML Engineer,"Delhi, India",2025-12-18
1848,Git,DevOps,ML Engineer,"Delhi, India",2025-12-18
1848,Deep Learning,Machine Learning & AI,ML Engineer,"Delhi, India",2025-12-18
1848,TensorFlow,Machine Learning & AI,ML Engineer,"Delhi, India",2025-12-18
1848,Scikit-learn,Machine Learning & AI,ML Engineer,"Delhi, India",2025-12-18
1848,NLP,Machine Learning & AI,ML Engineer,"Delhi, India",2025-12-18
160,SQL,Programming Language,Data Engineer,"London, UK",2025-12-19
160,AWS,Cloud,Data Engineer,"London, UK",2025-12-19
160,Snowflake,Cloud & Data Warehousing,Data Engineer,"London, UK",2025-12-19
160,BigQuery,Cloud & Data Warehousing,Data Engineer,"London, UK",2025-12-19
160,Spark,Big Data,Data Engineer,"London, UK",2025-12-19
160,dbt,Data Engineering,Data Engineer,"London, UK",2025-12-19
160,ETL,Data Engineering,Data Engineer,"London, UK",2025-12-19
160,Data Warehousing,Data Engineering,Data Engineer,"London, UK",2025-12-19
266,Java,Programming Language,Software Engineer,"Bengaluru, India",2025-12-19
266,JavaScript,Programming Language,Software Engineer,"Bengaluru, India",2025-12-19
266,REST API,Software Engineering,Software Engineer,"Bengaluru, India",2025-12-19
266,Agile,Soft Skills & Methodology,Software Engineer,"Bengaluru, India",2025-12-19
281,Python,Programming Language,Data Scientist,Remote,2025-12-19
281,R,Programming Language,Data Scientist,Remote,2025-12-19
281,Power BI,BI & Visualization,Data Scientist,Remote,2025-12-19
281,Machine Learning,Machine Learning & AI,Data Scientist,Remote,2025-12-19
281,Deep Learning,Machine Learning & AI,Data Scientist,Remote,2025-12-19
281,Scikit-learn,Machine Learning & AI,Data Scientist,Remote,2025-12-19
281,A/B Testing,Analytics,Data Scientist,Remote,2025-12-19
485,Spark,Big Data,ML Engineer,"New York, NY",2025-12-19
485,Docker,DevOps,ML Engineer,"New York, NY",2025-12-19
485,Kubernetes,DevOps,ML Engineer,"New York, NY",2025-12-19
485,Machine Learning,Machine Learning & AI,ML Engineer,"New York, NY",2025-12-19
485,Deep Learning,Machine Learning & AI,ML Engineer,"New York, NY",2025-12-19
485,PyTorch,Machine Learning & AI,ML Engineer,"New York, NY",2025-12-19
485,NLP,Machine Learning & AI,ML Engineer,"New York, NY",2025-12-19
573,Docker,DevOps,ML Engineer,"Hyderabad, India",2025-12-19
573,Kubernetes,DevOps,ML Engineer,"Hyderabad, India",2025-12-19
573,PyTorch,Machine Learning & AI,ML Engineer,"Hyderabad, India",2025-12-19
573,Computer Vision,Machine Learning & AI,ML Engineer,"Hyderabad, India",2025-12-19
693,Python,Programming Language,Data Analyst,"Berlin, Germany",2025-12-19
693,SQL,Programming Language,Data Analyst,"Berlin, Germany",2025-12-19
693,Excel,BI & Visualization,Data Analyst,"Berlin, Germany",2025-12-19
693,Tableau,BI & Visualization,Data Analyst,"Berlin, Germany",2025-12-19
693,Statistics,Analytics,Data Analyst,"Berlin, Germany",2025-12-19
929,Python,Programming Language,Software Engineer,"Austin, TX",2025-12-19
929,Java,Programming Language,Software Engineer,"Austin, TX",2025-12-19
929,JavaScript,Programming Language,Software Engineer,"Austin, TX",2025-12-19
929,MongoDB,Databases,Software Engineer,"Austin, TX",2025-12-19
929,PostgreSQL,Databases,Software Engineer,"Austin, TX",2025-12-19
929,Agile,Soft Skills & Methodology,Software Engineer,"Austin, TX",2025-12-19
936,Java,Programming Language,Software Engineer,"Pune, India",2025-12-19
936,JavaScript,Programming Language,Software Engineer,"Pune, India",2025-12-19
936,C++,Programming Language,Software Engineer,"Pune, India",2025-12-19
936,Docker,DevOps,Software Engineer,"Pune, India",2025-12-19
972,AWS,Cloud,Software Engineer,"Bengaluru, India",2025-12-19
972,Kubernetes,DevOps,Software Engineer,"Bengaluru, India",2025-12-19
972,Git,DevOps,Software Engineer,"Bengaluru, India",2025-12-19
972,PostgreSQL,Databases,Software Engineer,"Bengaluru, India",2025-12-19
972,Linux,DevOps,Software Engineer,"Bengaluru, India",2025-12-19
1190,SQL,Programming Language,Data Engineer,"Atlanta, GA",2025-12-19
1190,AWS,Cloud,Data Engineer,"Atlanta, GA",2025-12-19
1190,Snowflake,Cloud & Data Warehousing,Data Engineer,"Atlanta, GA",2025-12-19
1190,Spark,Big Data,Data Engineer,"Atlanta, GA",2025-12-19
1423,Kubernetes,DevOps,ML Engineer,"Seattle, WA",2025-12-19
1423,Machine Learning,Machine Learning & AI,ML Engineer,"Seattle, WA",2025-12-19
1423,TensorFlow,Machine Learning & AI,ML Engineer,"Seattle, WA",2025-12-19
1423,PyTorch,Machine Learning & AI,ML Engineer,"Seattle, WA",2025-12-19
1954,Python,Programming Language,Software Engineer,"New York, NY",2025-12-19
1954,SQL,Programming Language,Software Engineer,"New York, NY",2025-12-19
1954,Java,Programming Language,Software Engineer,"New York, NY",2025-12-19
1954,JavaScript,Programming Language,Software Engineer,"New York, NY",2025-12-19
1954,C++,Programming Language,Software Engineer,"New York, NY",2025-12-19
1954,Git,DevOps,Software Engineer,"New York, NY",2025-12-19
1954,Linux,DevOps,Software Engineer,"New York, NY",2025-12-19
689,Python,Programming Language,Data Analyst,Remote,2025-12-20
689,Excel,BI & Visualization,Data Analyst,Remote,2025-12-20
689,Power BI,BI & Visualization,Data Analyst,Remote,2025-12-20
689,Tableau,BI & Visualization,Data Analyst,Remote,2025-12-20
689,Git,DevOps,Data Analyst,Remote,2025-12-20
689,Statistics,Analytics,Data Analyst,Remote,2025-12-20
689,A/B Testing,Analytics,Data Analyst,Remote,2025-12-20
881,Python,Programming Language,Data Scientist,"Mumbai, India",2025-12-20
881,SQL,Programming Language,Data Scientist,"Mumbai, India",2025-12-20
881,AWS,Cloud,Data Scientist,"Mumbai, India",2025-12-20
881,Machine Learning,Machine Learning & AI,Data Scientist,"Mumbai, India",2025-12-20
881,Deep Learning,Machine Learning & AI,Data Scientist,"Mumbai, India",2025-12-20
881,Scikit-learn,Machine Learning & AI,Data Scientist,"Mumbai, India",2025-12-20
881,Statistics,Analytics,Data Scientist,"Mumbai, India",2025-12-20
1056,SQL,Programming Language,Data Analyst,"Washington, DC",2025-12-20
1056,Excel,BI & Visualization,Data Analyst,"Washington, DC",2025-12-20
1056,Power BI,BI & Visualization,Data Analyst,"Washington, DC",2025-12-20
1056,Statistics,Analytics,Data Analyst,"Washington, DC",2025-12-20
1056,A/B Testing,Analytics,Data Analyst,"Washington, DC",2025-12-20
1056,ETL,Data Engineering,Data Analyst,"Washington, DC",2025-12-20
1056,Data Warehousing,Data Engineering,Data Analyst,"Washington, DC",2025-12-20
1351,Python,Programming Language,Software Engineer,"Chicago, IL",2025-12-20
1351,JavaScript,Programming Language,Software Engineer,"Chicago, IL",2025-12-20
1351,Git,DevOps,Software Engineer,"Chicago, IL",2025-12-20
1351,PostgreSQL,Databases,Software Engineer,"Chicago, IL",2025-12-20
1351,Agile,Soft Skills & Methodology,Software Engineer,"Chicago, IL",2025-12-20
1389,Python,Programming Language,Data Analyst,"Denver, CO",2025-12-20
1389,Excel,BI & Visualization,Data Analyst,"Denver, CO",2025-12-20
1389,Tableau,BI & Visualization,Data Analyst,"Denver, CO",2025-12-20
1389,Statistics,Analytics,Data Analyst,"Denver, CO",2025-12-20
1389,Data Warehousing,Data Engineering,Data Analyst,"Denver, CO",2025-12-20
1683,Python,Programming Language,Data Engineer,"Atlanta, GA",2025-12-20
1683,Azure,Cloud,Data Engineer,"Atlanta, GA",2025-12-20
1683,Snowflake,Cloud & Data Warehousing,Data Engineer,"Atlanta, GA",2025-12-20
1683,BigQuery,Cloud & Data Warehousing,Data Engineer,"Atlanta, GA",2025-12-20
1683,ETL,Data Engineering,Data Engineer,"Atlanta, GA",2025-12-20
1683,Data Warehousing,Data Engineering,Data Engineer,"Atlanta, GA",2025-12-20
418,SQL,Programming Language,Data Analyst,"Seattle, WA",2025-12-21
418,Excel,BI & Visualization,Data Analyst,"Seattle, WA",2025-12-21
418,Power BI,BI & Visualization,Data Analyst,"Seattle, WA",2025-12-21
418,Tableau,BI & Visualization,Data Analyst,"Seattle, WA",2025-12-21
418,Statistics,Analytics,Data Analyst,"Seattle, WA",2025-12-21
418,A/B Testing,Analytics,Data Analyst,"Seattle, WA",2025-12-21
471,SQL,Programming Language,Data Engineer,"Berlin, Germany",2025-12-21
471,GCP,Cloud,Data Engineer,"Berlin, Germany",2025-12-21
471,Snowflake,Cloud & Data Warehousing,Data Engineer,"Berlin, Germany",2025-12-21
471,Redshift,Cloud & Data Warehousing,Data Engineer,"Berlin, Germany",2025-12-21
471,Spark,Big Data,Data Engineer,"Berlin, Germany",2025-12-21
471,Airflow,Data Engineering,Data Engineer,"Berlin, Germany",2025-12-21
471,ETL,Data Engineering,Data Engineer,"Berlin, Germany",2025-12-21
630,Python,Programming Language,Data Analyst,"Toronto, Canada",2025-12-21
630,Excel,BI & Visualization,Data Analyst,"Toronto, Canada",2025-12-21
630,Power BI,BI & Visualization,Data Analyst,"Toronto, Canada",2025-12-21
630,Tableau,BI & Visualization,Data Analyst,"Toronto, Canada",2025-12-21
630,GCP,Cloud,Data Analyst,"Toronto, Canada",2025-12-21
630,Git,DevOps,Data Analyst,"Toronto, Canada",2025-12-21
630,A/B Testing,Analytics,Data Analyst,"Toronto, Canada",2025-12-21
1234,Python,Programming Language,Data Analyst,"Atlanta, GA",2025-12-21
1234,SQL,Programming Language,Data Analyst,"Atlanta, GA",2025-12-21
1234,Excel,BI & Visualization,Data Analyst,"Atlanta, GA",2025-12-21
1234,Power BI,BI & Visualization,Data Analyst,"Atlanta, GA",2025-12-21
1234,Tableau,BI & Visualization,Data Analyst,"Atlanta, GA",2025-12-21
1234,A/B Testing,Analytics,Data Analyst,"Atlanta, GA",2025-12-21
1234,Data Warehousing,Data Engineering,Data Analyst,"Atlanta, GA",2025-12-21
1872,Python,Programming Language,Software Engineer,"Pune, India",2025-12-21
1872,JavaScript,Programming Language,Software Engineer,"Pune, India",2025-12-21
1872,AWS,Cloud,Software Engineer,"Pune, India",2025-12-21
1872,Docker,DevOps,Software Engineer,"Pune, India",2025-12-21
1872,Linux,DevOps,Software Engineer,"Pune, India",2025-12-21
207,Python,Programming Language,Software Engineer,Remote,2025-12-22
207,SQL,Programming Language,Software Engineer,Remote,2025-12-22
207,Git,DevOps,Software Engineer,Remote,2025-12-22
207,MongoDB,Databases,Software Engineer,Remote,2025-12-22
207,REST API,Software Engineering,Software Engineer,Remote,2025-12-22
753,Python,Programming Language,Data Engineer,Singapore,2025-12-22
753,AWS,Cloud,Data Engineer,Singapore,2025-12-22
753,Azure,Cloud,Data Engineer,Singapore,2025-12-22
753,Snowflake,Cloud & Data Warehousing,Data Engineer,Singapore,2025-12-22
753,Spark,Big Data,Data Engineer,Singapore,2025-12-22
753,ETL,Data Engineering,Data Engineer,Singapore,2025-12-22
1029,Python,Programming Language,Data Scientist,"Austin, TX",2025-12-22
1029,SQL,Programming Language,Data Scientist,"Austin, TX",2025-12-22
1029,Machine Learning,Machine Learning & AI,Data Scientist,"Austin, TX",2025-12-22
1029,TensorFlow,Machine Learning & AI,Data Scientist,"Austin, TX",2025-12-22
1029,Scikit-learn,Machine Learning & AI,Data Scientist,"Austin, TX",2025-12-22
1029,A/B Testing,Analytics,Data Scientist,"Austin, TX",2025-12-22
1063,Python,Programming Language,Data Analyst,"Delhi, India",2025-12-22
1063,SQL,Programming Language,Data Analyst,"Delhi, India",2025-12-22
1063,Power BI,BI & Visualization,Data Analyst,"Delhi, India",2025-12-22
1063,Tableau,BI & Visualization,Data Analyst,"Delhi, India",2025-12-22
1063,Git,DevOps,Data Analyst,"Delhi, India",2025-12-22
1063,Data Warehousing,Data Engineering,Data Analyst,"Delhi, India",2025-12-22
1169,Python,Programming Language,Data Engineer,"San Francisco, CA",2025-12-22
1169,BigQuery,Cloud & Data Warehousing,Data Engineer,"San Francisco, CA",2025-12-22
1169,Spark,Big Data,Data Engineer,"San Francisco, CA",2025-12-22
1169,Data Warehousing,Data Engineering,Data Engineer,"San Francisco, CA",2025-12-22
1672,SQL,Programming Language,Data Analyst,"Austin, TX",2025-12-22
1672,Tableau,BI & Visualization,Data Analyst,"Austin, TX",2025-12-22
1672,GCP,Cloud,Data Analyst,"Austin, TX",2025-12-22
1672,ETL,Data Engineering,Data Analyst,"Austin, TX",2025-12-22
241,Python,Programming Language,Data Analyst,"Bengaluru, India",2025-12-23
241,Excel,BI & Visualization,Data Analyst,"Bengaluru, India",2025-12-23
241,Looker,BI & Visualization,Data Analyst,"Bengaluru, India",2025-12-23
241,Statistics,Analytics,Data Analyst,"Bengaluru, India",2025-12-23
241,Data Warehousing,Data Engineering,Data Analyst,"Bengaluru, India",2025-12-23
987,SQL,Programming Language,Software Engineer,"Pune, India",2025-12-23
987,Java,Programming Language,Software Engineer,"Pune, India",2025-12-23
987,C++,Programming Language,Software Engineer,"Pune, India",2025-12-23
987,AWS,Cloud,Software Engineer,"Pune, India",2025-12-23
987,Docker,DevOps,Software Engineer,"Pune, India",2025-12-23
987,Git,DevOps,Software Engineer,"Pune, India",2025-12-23
1156,Python,Programming Language,Data Scientist,"Mumbai, India",2025-12-23
1156,SQL,Programming Language,Data Scientist,"Mumbai, India",2025-12-23
1156,Deep Learning,Machine Learning & AI,Data Scientist,"Mumbai, India",2025-12-23
1156,Scikit-learn,Machine Learning & AI,Data Scientist,"Mumbai, India",2025-12-23
1156,Statistics,Analytics,Data Scientist,"Mumbai, India",2025-12-23
1156,A/B Testing,Analytics,Data Scientist,"Mumbai, India",2025-12-23
1265,R,Programming Language,Data Analyst,Remote,2025-12-23
1265,SQL,Programming Language,Data Analyst,Remote,2025-12-23
1265,Tableau,BI & Visualization,Data Analyst,Remote,2025-12-23
1265,Looker,BI & Visualization,Data Analyst,Remote,2025-12-23
1265,GCP,Cloud,Data Analyst,Remote,2025-12-23
1489,SQL,Programming Language,Data Analyst,"Mumbai, India",2025-12-23
1489,Excel,BI & Visualization,Data Analyst,"Mumbai, India",2025-12-23
1489,Power BI,BI & Visualization,Data Analyst,"Mumbai, India",2025-12-23
1489,Looker,BI & Visualization,Data Analyst,"Mumbai, India",2025-12-23
1489,Statistics,Analytics,Data Analyst,"Mumbai, India",2025-12-23
1489,ETL,Data Engineering,Data Analyst,"Mumbai, India",2025-12-23
1489,Data Warehousing,Data Engineering,Data Analyst,"Mumbai, India",2025-12-23
1544,SQL,Programming Language,Data Engineer,Remote,2025-12-23
1544,AWS,Cloud,Data Engineer,Remote,2025-12-23
1544,Spark,Big Data,Data Engineer,Remote,2025-12-23
1544,dbt,Data Engineering,Data Engineer,Remote,2025-12-23
1544,Docker,DevOps,Data Engineer,Remote,2025-12-23
1544,ETL,Data Engineering,Data Engineer,Remote,2025-12-23
1544,Data Warehousing,Data Engineering,Data Engineer,Remote,2025-12-23
497,Python,Programming Language,Data Engineer,"Seattle, WA",2025-12-24
497,SQL,Programming Language,Data Engineer,"Seattle, WA",2025-12-24
497,GCP,Cloud,Data Engineer,"Seattle, WA",2025-12-24
497,Snowflake,Cloud & Data Warehousing,Data Engineer,"Seattle, WA",2025-12-24
497,Redshift,Cloud & Data Warehousing,Data Engineer,"Seattle, WA",2025-12-24
497,BigQuery,Cloud & Data Warehousing,Data Engineer,"Seattle, WA",2025-12-24
1421,Python,Programming Language,Data Engineer,Remote,2025-12-24
1421,SQL,Programming Language,Data Engineer,Remote,2025-12-24
1421,Hadoop,Big Data,Data Engineer,Remote,2025-12-24
1421,Data Warehousing,Data Engineering,Data Engineer,Remote,2025-12-24
1592,Python,Programming Language,Data Engineer,"Los Angeles, CA",2025-12-24
1592,Kafka,Big Data,Data Engineer,"Los Angeles, CA",2025-12-24
1592,ETL,Data Engineering,Data Engineer,"Los Angeles, CA",2025-12-24
1592,NoSQL,Databases,Data Engineer,"Los Angeles, CA",2025-12-24
1686,Python,Programming Language,ML Engineer,Singapore,2025-12-24
1686,Airflow,Data Engineering,ML Engineer,Singapore,2025-12-24
1686,Machine Learning,Machine Learning & AI,ML Engineer,Singapore,2025-12-24
1686,TensorFlow,Machine Learning & AI,ML Engineer,Singapore,2025-12-24
1686,PyTorch,Machine Learning & AI,ML Engineer,Singapore,2025-12-24
1686,Computer Vision,Machine Learning & AI,ML Engineer,Singapore,2025-12-24
1874,R,Programming Language,Data Analyst,"San Francisco, CA",2025-12-24
1874,SQL,Programming Language,Data Analyst,"San Francisco, CA",2025-12-24
1874,Tableau,BI & Visualization,Data Analyst,"San Francisco, CA",2025-12-24
1874,GCP,Cloud,Data Analyst,"San Francisco, CA",2025-12-24
1874,Git,DevOps,Data Analyst,"San Francisco, CA",2025-12-24
1874,A/B Testing,Analytics,Data Analyst,"San Francisco, CA",2025-12-24
1874,Data Warehousing,Data Engineering,Data Analyst,"San Francisco, CA",2025-12-24
91,Python,Programming Language,Data Analyst,"Seattle, WA",2025-12-25
91,SQL,Programming Language,Data Analyst,"Seattle, WA",2025-12-25
91,Excel,BI & Visualization,Data Analyst,"Seattle, WA",2025-12-25
91,Power BI,BI & Visualization,Data Analyst,"Seattle, WA",2025-12-25
91,Tableau,BI & Visualization,Data Analyst,"Seattle, WA",2025-12-25
91,Looker,BI & Visualization,Data Analyst,"Seattle, WA",2025-12-25
91,Statistics,Analytics,Data Analyst,"Seattle, WA",2025-12-25
190,Python,Programming Language,Data Analyst,"Pune, India",2025-12-25
190,Excel,BI & Visualization,Data Analyst,"Pune, India",2025-12-25
190,Power BI,BI & Visualization,Data Analyst,"Pune, India",2025-12-25
190,Tableau,BI & Visualization,Data Analyst,"Pune, India",2025-12-25
190,Looker,BI & Visualization,Data Analyst,"Pune, India",2025-12-25
190,A/B Testing,Analytics,Data Analyst,"Pune, India",2025-12-25
190,Data Warehousing,Data Engineering,Data Analyst,"Pune, India",2025-12-25
814,SQL,Programming Language,Software Engineer,"Hyderabad, India",2025-12-25
814,Docker,DevOps,Software Engineer,"Hyderabad, India",2025-12-25
814,Kubernetes,DevOps,Software Engineer,"Hyderabad, India",2025-12-25
814,MongoDB,Databases,Software Engineer,"Hyderabad, India",2025-12-25
814,PostgreSQL,Databases,Software Engineer,"Hyderabad, India",2025-12-25
814,REST API,Software Engineering,Software Engineer,"Hyderabad, India",2025-12-25
1043,Excel,BI & Visualization,Data Analyst,"Boston, MA",2025-12-25
1043,Power BI,BI & Visualization,Data Analyst,"Boston, MA",2025-12-25
1043,Tableau,BI & Visualization,Data Analyst,"Boston, MA",2025-12-25
1043,Looker,BI & Visualization,Data Analyst,"Boston, MA",2025-12-25
1043,A/B Testing,Analytics,Data Analyst,"Boston, MA",2025-12-25
10,Python,Programming Language,Data Scientist,"Seattle, WA",2025-12-26
10,R,Programming Language,Data Scientist,"Seattle, WA",2025-12-26
10,SQL,Programming Language,Data Scientist,"Seattle, WA",2025-12-26
10,Scikit-learn,Machine Learning & AI,Data Scientist,"Seattle, WA",2025-12-26
10,Computer Vision,Machine Learning & AI,Data Scientist,"Seattle, WA",2025-12-26
10,Statistics,Analytics,Data Scientist,"Seattle, WA",2025-12-26
10,A/B Testing,Analytics,Data Scientist,"Seattle, WA",2025-12-26
436,Java,Programming Language,Software Engineer,"Seattle, WA",2025-12-26
436,AWS,Cloud,Software Engineer,"Seattle, WA",2025-12-26
436,Git,DevOps,Software Engineer,"Seattle, WA",2025-12-26
436,REST API,Software Engineering,Software Engineer,"Seattle, WA",2025-12-26
761,Python,Programming Language,Data Engineer,"Toronto, Canada",2025-12-26
761,SQL,Programming Language,Data Engineer,"Toronto, Canada",2025-12-26
761,BigQuery,Cloud & Data Warehousing,Data Engineer,"Toronto, Canada",2025-12-26
761,Hadoop,Big Data,Data Engineer,"Toronto, Canada",2025-12-26
761,Airflow,Data Engineering,Data Engineer,"Toronto, Canada",2025-12-26
809,Python,Programming Language,Data Analyst,"Denver, CO",2025-12-26
809,SQL,Programming Language,Data Analyst,"Denver, CO",2025-12-26
809,Tableau,BI & Visualization,Data Analyst,"Denver, CO",2025-12-26
809,Statistics,Analytics,Data Analyst,"Denver, CO",2025-12-26
809,A/B Testing,Analytics,Data Analyst,"Denver, CO",2025-12-26
845,SQL,Programming Language,Data Analyst,"Hyderabad, India",2025-12-26
845,Excel,BI & Visualization,Data Analyst,"Hyderabad, India",2025-12-26
845,Power BI,BI & Visualization,Data Analyst,"Hyderabad, India",2025-12-26
845,Tableau,BI & Visualization,Data Analyst,"Hyderabad, India",2025-12-26
845,Looker,BI & Visualization,Data Analyst,"Hyderabad, India",2025-12-26
892,SQL,Programming Language,Software Engineer,"Hyderabad, India",2025-12-26
892,Java,Programming Language,Software Engineer,"Hyderabad, India",2025-12-26
892,AWS,Cloud,Software Engineer,"Hyderabad, India",2025-12-26
892,Kubernetes,DevOps,Software Engineer,"Hyderabad, India",2025-12-26
892,Git,DevOps,Software Engineer,"Hyderabad, India",2025-12-26
892,Linux,DevOps,Software Engineer,"Hyderabad, India",2025-12-26
1184,Python,Programming Language,Software Engineer,"Washington, DC",2025-12-26
1184,SQL,Programming Language,Software Engineer,"Washington, DC",2025-12-26
1184,Kubernetes,DevOps,Software Engineer,"Washington, DC",2025-12-26
1184,Git,DevOps,Software Engineer,"Washington, DC",2025-12-26
1184,MongoDB,Databases,Software Engineer,"Washington, DC",2025-12-26
1184,Agile,Soft Skills & Methodology,Software Engineer,"Washington, DC",2025-12-26
1205,Power BI,BI & Visualization,Data Scientist,"Bengaluru, India",2025-12-26
1205,Machine Learning,Machine Learning & AI,Data Scientist,"Bengaluru, India",2025-12-26
1205,PyTorch,Machine Learning & AI,Data Scientist,"Bengaluru, India",2025-12-26
1205,Statistics,Analytics,Data Scientist,"Bengaluru, India",2025-12-26
1420,JavaScript,Programming Language,Software Engineer,"Seattle, WA",2025-12-26
1420,C++,Programming Language,Software Engineer,"Seattle, WA",2025-12-26
1420,Kubernetes,DevOps,Software Engineer,"Seattle, WA",2025-12-26
1420,MongoDB,Databases,Software Engineer,"Seattle, WA",2025-12-26
1528,Python,Programming Language,Data Engineer,Remote,2025-12-26
1528,SQL,Programming Language,Data Engineer,Remote,2025-12-26
1528,BigQuery,Cloud & Data Warehousing,Data Engineer,Remote,2025-12-26
1528,ETL,Data Engineering,Data Engineer,Remote,2025-12-26
6,Docker,DevOps,ML Engineer,"Berlin, Germany",2025-12-27
6,Kubernetes,DevOps,ML Engineer,"Berlin, Germany",2025-12-27
6,Machine Learning,Machine Learning & AI,ML Engineer,"Berlin, Germany",2025-12-27
6,TensorFlow,Machine Learning & AI,ML Engineer,"Berlin, Germany",2025-12-27
136,Python,Programming Language,Data Scientist,"Pune, India",2025-12-27
136,AWS,Cloud,Data Scientist,"Pune, India",2025-12-27
136,Machine Learning,Machine Learning & AI,Data Scientist,"Pune, India",2025-12-27
136,NLP,Machine Learning & AI,Data Scientist,"Pune, India",2025-12-27
136,Computer Vision,Machine Learning & AI,Data Scientist,"Pune, India",2025-12-27
136,Statistics,Analytics,Data Scientist,"Pune, India",2025-12-27
392,SQL,Programming Language,Data Analyst,"Berlin, Germany",2025-12-27
392,Excel,BI & Visualization,Data Analyst,"Berlin, Germany",2025-12-27
392,Tableau,BI & Visualization,Data Analyst,"Berlin, Germany",2025-12-27
392,A/B Testing,Analytics,Data Analyst,"Berlin, Germany",2025-12-27
1125,R,Programming Language,Data Scientist,"Boston, MA",2025-12-27
1125,SQL,Programming Language,Data Scientist,"Boston, MA",2025-12-27
1125,Machine Learning,Machine Learning & AI,Data Scientist,"Boston, MA",2025-12-27
1125,Deep Learning,Machine Learning & AI,Data Scientist,"Boston, MA",2025-12-27
1125,Scikit-learn,Machine Learning & AI,Data Scientist,"Boston, MA",2025-12-27
1125,A/B Testing,Analytics,Data Scientist,"Boston, MA",2025-12-27
1367,Python,Programming Language,Data Scientist,"Bengaluru, India",2025-12-27
1367,SQL,Programming Language,Data Scientist,"Bengaluru, India",2025-12-27
1367,Machine Learning,Machine Learning & AI,Data Scientist,"Bengaluru, India",2025-12-27
1367,Deep Learning,Machine Learning & AI,Data Scientist,"Bengaluru, India",2025-12-27
1367,TensorFlow,Machine Learning & AI,Data Scientist,"Bengaluru, India",2025-12-27
1494,SQL,Programming Language,Data Analyst,"Seattle, WA",2025-12-27
1494,Excel,BI & Visualization,Data Analyst,"Seattle, WA",2025-12-27
1494,Tableau,BI & Visualization,Data Analyst,"Seattle, WA",2025-12-27
1494,Looker,BI & Visualization,Data Analyst,"Seattle, WA",2025-12-27
1494,Git,DevOps,Data Analyst,"Seattle, WA",2025-12-27
1990,Python,Programming Language,Data Scientist,Remote,2025-12-27
1990,AWS,Cloud,Data Scientist,Remote,2025-12-27
1990,Machine Learning,Machine Learning & AI,Data Scientist,Remote,2025-12-27
1990,Deep Learning,Machine Learning & AI,Data Scientist,Remote,2025-12-27
1990,PyTorch,Machine Learning & AI,Data Scientist,Remote,2025-12-27
1990,Scikit-learn,Machine Learning & AI,Data Scientist,Remote,2025-12-27
40,SQL,Programming Language,Data Engineer,"Pune, India",2025-12-28
40,AWS,Cloud,Data Engineer,"Pune, India",2025-12-28
40,GCP,Cloud,Data Engineer,"Pune, India",2025-12-28
40,Snowflake,Cloud & Data Warehousing,Data Engineer,"Pune, India",2025-12-28
40,Redshift,Cloud & Data Warehousing,Data Engineer,"Pune, India",2025-12-28
40,Kafka,Big Data,Data Engineer,"Pune, India",2025-12-28
223,Machine Learning,Machine Learning & AI,Data Scientist,"London, UK",2025-12-28
223,TensorFlow,Machine Learning & AI,Data Scientist,"London, UK",2025-12-28
223,PyTorch,Machine Learning & AI,Data Scientist,"London, UK",2025-12-28
223,Scikit-learn,Machine Learning & AI,Data Scientist,"London, UK",2025-12-28
756,SQL,Programming Language,Data Engineer,"Mumbai, India",2025-12-28
756,AWS,Cloud,Data Engineer,"Mumbai, India",2025-12-28
756,Azure,Cloud,Data Engineer,"Mumbai, India",2025-12-28
756,BigQuery,Cloud & Data Warehousing,Data Engineer,"Mumbai, India",2025-12-28
756,ETL,Data Engineering,Data Engineer,"Mumbai, India",2025-12-28
888,SQL,Programming Language,Data Engineer,"Denver, CO",2025-12-28
888,Redshift,Cloud & Data Warehousing,Data Engineer,"Denver, CO",2025-12-28
888,BigQuery,Cloud & Data Warehousing,Data Engineer,"Denver, CO",2025-12-28
888,Airflow,Data Engineering,Data Engineer,"Denver, CO",2025-12-28
888,ETL,Data Engineering,Data Engineer,"Denver, CO",2025-12-28
919,SQL,Programming Language,Data Engineer,"San Francisco, CA",2025-12-28
919,Redshift,Cloud & Data Warehousing,Data Engineer,"San Francisco, CA",2025-12-28
919,Spark,Big Data,Data Engineer,"San Francisco, CA",2025-12-28
919,Kafka,Big Data,Data Engineer,"San Francisco, CA",2025-12-28
919,ETL,Data Engineering,Data Engineer,"San Francisco, CA",2025-12-28
919,NoSQL,Databases,Data Engineer,"San Francisco, CA",2025-12-28
1019,Deep Learning,Machine Learning & AI,Data Scientist,"Mumbai, India",2025-12-28
1019,Scikit-learn,Machine Learning & AI,Data Scientist,"Mumbai, India",2025-12-28
1019,Computer Vision,Machine Learning & AI,Data Scientist,"Mumbai, India",2025-12-28
1019,Statistics,Analytics,Data Scientist,"Mumbai, India",2025-12-28
1095,Python,Programming Language,Data Scientist,"Washington, DC",2025-12-28
1095,AWS,Cloud,Data Scientist,"Washington, DC",2025-12-28
1095,Scikit-learn,Machine Learning & AI,Data Scientist,"Washington, DC",2025-12-28
1095,NLP,Machine Learning & AI,Data Scientist,"Washington, DC",2025-12-28
1095,Statistics,Analytics,Data Scientist,"Washington, DC",2025-12-28
1314,Python,Programming Language,Data Scientist,"Los Angeles, CA",2025-12-28
1314,Deep Learning,Machine Learning & AI,Data Scientist,"Los Angeles, CA",2025-12-28
1314,PyTorch,Machine Learning & AI,Data Scientist,"Los Angeles, CA",2025-12-28
1314,Scikit-learn,Machine Learning & AI,Data Scientist,"Los Angeles, CA",2025-12-28
1314,Computer Vision,Machine Learning & AI,Data Scientist,"Los Angeles, CA",2025-12-28
1673,Python,Programming Language,Data Scientist,"San Francisco, CA",2025-12-28
1673,AWS,Cloud,Data Scientist,"San Francisco, CA",2025-12-28
1673,TensorFlow,Machine Learning & AI,Data Scientist,"San Francisco, CA",2025-12-28
1673,Scikit-learn,Machine Learning & AI,Data Scientist,"San Francisco, CA",2025-12-28
1673,Computer Vision,Machine Learning & AI,Data Scientist,"San Francisco, CA",2025-12-28
1673,Statistics,Analytics,Data Scientist,"San Francisco, CA",2025-12-28
1775,R,Programming Language,Data Analyst,"Mumbai, India",2025-12-28
1775,Excel,BI & Visualization,Data Analyst,"Mumbai, India",2025-12-28
1775,Tableau,BI & Visualization,Data Analyst,"Mumbai, India",2025-12-28
1775,Looker,BI & Visualization,Data Analyst,"Mumbai, India",2025-12-28
1775,Git,DevOps,Data Analyst,"Mumbai, India",2025-12-28
1775,Statistics,Analytics,Data Analyst,"Mumbai, India",2025-12-28
1775,Data Warehousing,Data Engineering,Data Analyst,"Mumbai, India",2025-12-28
298,Excel,BI & Visualization,Data Analyst,"Bengaluru, India",2025-12-29
298,Tableau,BI & Visualization,Data Analyst,"Bengaluru, India",2025-12-29
298,Looker,BI & Visualization,Data Analyst,"Bengaluru, India",2025-12-29
298,Statistics,Analytics,Data Analyst,"Bengaluru, India",2025-12-29
422,Docker,DevOps,ML Engineer,"San Francisco, CA",2025-12-29
422,Machine Learning,Machine Learning & AI,ML Engineer,"San Francisco, CA",2025-12-29
422,Deep Learning,Machine Learning & AI,ML Engineer,"San Francisco, CA",2025-12-29
422,TensorFlow,Machine Learning & AI,ML Engineer,"San Francisco, CA",2025-12-29
532,Python,Programming Language,Data Scientist,"Atlanta, GA",2025-12-29
532,Machine Learning,Machine Learning & AI,Data Scientist,"Atlanta, GA",2025-12-29
532,PyTorch,Machine Learning & AI,Data Scientist,"Atlanta, GA",2025-12-29
532,Scikit-learn,Machine Learning & AI,Data Scientist,"Atlanta, GA",2025-12-29
532,Computer Vision,Machine Learning & AI,Data Scientist,"Atlanta, GA",2025-12-29
532,A/B Testing,Analytics,Data Scientist,"Atlanta, GA",2025-12-29
806,SQL,Programming Language,Data Scientist,"Washington, DC",2025-12-29
806,AWS,Cloud,Data Scientist,"Washington, DC",2025-12-29
806,Machine Learning,Machine Learning & AI,Data Scientist,"Washington, DC",2025-12-29
806,Scikit-learn,Machine Learning & AI,Data Scientist,"Washington, DC",2025-12-29
806,Computer Vision,Machine Learning & AI,Data Scientist,"Washington, DC",2025-12-29
806,Statistics,Analytics,Data Scientist,"Washington, DC",2025-12-29
1795,Tableau,BI & Visualization,Data Scientist,"Hyderabad, India",2025-12-29
1795,AWS,Cloud,Data Scientist,"Hyderabad, India",2025-12-29
1795,PyTorch,Machine Learning & AI,Data Scientist,"Hyderabad, India",2025-12-29
1795,NLP,Machine Learning & AI,Data Scientist,"Hyderabad, India",2025-12-29
771,Python,Programming Language,Data Scientist,"Pune, India",2025-12-30
771,R,Programming Language,Data Scientist,"Pune, India",2025-12-30
771,SQL,Programming Language,Data Scientist,"Pune, India",2025-12-30
771,Machine Learning,Machine Learning & AI,Data Scientist,"Pune, India",2025-12-30
771,PyTorch,Machine Learning & AI,Data Scientist,"Pune, India",2025-12-30
771,Computer Vision,Machine Learning & AI,Data Scientist,"Pune, India",2025-12-30
771,A/B Testing,Analytics,Data Scientist,"Pune, India",2025-12-30
832,AWS,Cloud,ML Engineer,"New York, NY",2025-12-30
832,Azure,Cloud,ML Engineer,"New York, NY",2025-12-30
832,Docker,DevOps,ML Engineer,"New York, NY",2025-12-30
832,Machine Learning,Machine Learning & AI,ML Engineer,"New York, NY",2025-12-30
832,Deep Learning,Machine Learning & AI,ML Engineer,"New York, NY",2025-12-30
832,TensorFlow,Machine Learning & AI,ML Engineer,"New York, NY",2025-12-30
832,PyTorch,Machine Learning & AI,ML Engineer,"New York, NY",2025-12-30
898,Java,Programming Language,Software Engineer,"New York, NY",2025-12-30
898,JavaScript,Programming Language,Software Engineer,"New York, NY",2025-12-30
898,C++,Programming Language,Software Engineer,"New York, NY",2025-12-30
898,AWS,Cloud,Software Engineer,"New York, NY",2025-12-30
898,Docker,DevOps,Software Engineer,"New York, NY",2025-12-30
898,Git,DevOps,Software Engineer,"New York, NY",2025-12-30
898,Linux,DevOps,Software Engineer,"New York, NY",2025-12-30
1007,Python,Programming Language,Software Engineer,"Delhi, India",2025-12-30
1007,SQL,Programming Language,Software Engineer,"Delhi, India",2025-12-30
1007,MongoDB,Databases,Software Engineer,"Delhi, India",2025-12-30
1007,PostgreSQL,Databases,Software Engineer,"Delhi, India",2025-12-30
1015,Python,Programming Language,Data Analyst,"Los Angeles, CA",2025-12-30
1015,SQL,Programming Language,Data Analyst,"Los Angeles, CA",2025-12-30
1015,Power BI,BI & Visualization,Data Analyst,"Los Angeles, CA",2025-12-30
1015,Tableau,BI & Visualization,Data Analyst,"Los Angeles, CA",2025-12-30
1015,GCP,Cloud,Data Analyst,"Los Angeles, CA",2025-12-30
1015,Statistics,Analytics,Data Analyst,"Los Angeles, CA",2025-12-30
1015,A/B Testing,Analytics,Data Analyst,"Los Angeles, CA",2025-12-30
1136,SQL,Programming Language,Software Engineer,"Mumbai, India",2025-12-30
1136,Java,Programming Language,Software Engineer,"Mumbai, India",2025-12-30
1136,AWS,Cloud,Software Engineer,"Mumbai, India",2025-12-30
1136,REST API,Software Engineering,Software Engineer,"Mumbai, India",2025-12-30
1147,R,Programming Language,Data Scientist,"Hyderabad, India",2025-12-30
1147,SQL,Programming Language,Data Scientist,"Hyderabad, India",2025-12-30
1147,Spark,Big Data,Data Scientist,"Hyderabad, India",2025-12-30
1147,Machine Learning,Machine Learning & AI,Data Scientist,"Hyderabad, India",2025-12-30
1147,Deep Learning,Machine Learning & AI,Data Scientist,"Hyderabad, India",2025-12-30
1147,NLP,Machine Learning & AI,Data Scientist,"Hyderabad, India",2025-12-30
1147,Statistics,Analytics,Data Scientist,"Hyderabad, India",2025-12-30
1618,Python,Programming Language,Software Engineer,"Mumbai, India",2025-12-30
1618,Java,Programming Language,Software Engineer,"Mumbai, India",2025-12-30
1618,JavaScript,Programming Language,Software Engineer,"Mumbai, India",2025-12-30
1618,C++,Programming Language,Software Engineer,"Mumbai, India",2025-12-30
1618,MongoDB,Databases,Software Engineer,"Mumbai, India",2025-12-30
1618,Linux,DevOps,Software Engineer,"Mumbai, India",2025-12-30
1618,REST API,Software Engineering,Software Engineer,"Mumbai, India",2025-12-30
511,R,Programming Language,Data Scientist,"New York, NY",2025-12-31
511,SQL,Programming Language,Data Scientist,"New York, NY",2025-12-31
511,AWS,Cloud,Data Scientist,"New York, NY",2025-12-31
511,Machine Learning,Machine Learning & AI,Data Scientist,"New York, NY",2025-12-31
511,Deep Learning,Machine Learning & AI,Data Scientist,"New York, NY",2025-12-31
511,Statistics,Analytics,Data Scientist,"New York, NY",2025-12-31
817,R,Programming Language,Data Analyst,"Pune, India",2025-12-31
817,SQL,Programming Language,Data Analyst,"Pune, India",2025-12-31
817,Excel,BI & Visualization,Data Analyst,"Pune, India",2025-12-31
817,GCP,Cloud,Data Analyst,"Pune, India",2025-12-31
817,A/B Testing,Analytics,Data Analyst,"Pune, India",2025-12-31
817,ETL,Data Engineering,Data Analyst,"Pune, India",2025-12-31
895,SQL,Programming Language,Data Engineer,"Toronto, Canada",2025-12-31
895,AWS,Cloud,Data Engineer,"Toronto, Canada",2025-12-31
895,Spark,Big Data,Data Engineer,"Toronto, Canada",2025-12-31
895,Hadoop,Big Data,Data Engineer,"Toronto, Canada",2025-12-31
895,Kafka,Big Data,Data Engineer,"Toronto, Canada",2025-12-31
895,dbt,Data Engineering,Data Engineer,"Toronto, Canada",2025-12-31
895,ETL,Data Engineering,Data Engineer,"Toronto, Canada",2025-12-31
1963,Spark,Big Data,Data Scientist,"Bengaluru, India",2025-12-31
1963,Machine Learning,Machine Learning & AI,Data Scientist,"Bengaluru, India",2025-12-31
1963,PyTorch,Machine Learning & AI,Data Scientist,"Bengaluru, India",2025-12-31
1963,Scikit-learn,Machine Learning & AI,Data Scientist,"Bengaluru, India",2025-12-31
1963,NLP,Machine Learning & AI,Data Scientist,"Bengaluru, India",2025-12-31
1963,A/B Testing,Analytics,Data Scientist,"Bengaluru, India",2025-12-31
104,Python,Programming Language,Software Engineer,"Bengaluru, India",2026-01-01
104,SQL,Programming Language,Software Engineer,"Bengaluru, India",2026-01-01
104,Docker,DevOps,Software Engineer,"Bengaluru, India",2026-01-01
104,Kubernetes,DevOps,Software Engineer,"Bengaluru, India",2026-01-01
104,Git,DevOps,Software Engineer,"Bengaluru, India",2026-01-01
104,MongoDB,Databases,Software Engineer,"Bengaluru, India",2026-01-01
104,REST API,Software Engineering,Software Engineer,"Bengaluru, India",2026-01-01
234,Python,Programming Language,Software Engineer,"San Francisco, CA",2026-01-01
234,SQL,Programming Language,Software Engineer,"San Francisco, CA",2026-01-01
234,Docker,DevOps,Software Engineer,"San Francisco, CA",2026-01-01
234,Kubernetes,DevOps,Software Engineer,"San Francisco, CA",2026-01-01
234,Linux,DevOps,Software Engineer,"San Francisco, CA",2026-01-01
234,REST API,Software Engineering,Software Engineer,"San Francisco, CA",2026-01-01
243,Python,Programming Language,Data Analyst,"Pune, India",2026-01-01
243,SQL,Programming Language,Data Analyst,"Pune, India",2026-01-01
243,Excel,BI & Visualization,Data Analyst,"Pune, India",2026-01-01
243,Tableau,BI & Visualization,Data Analyst,"Pune, India",2026-01-01
243,GCP,Cloud,Data Analyst,"Pune, India",2026-01-01
243,Git,DevOps,Data Analyst,"Pune, India",2026-01-01
243,A/B Testing,Analytics,Data Analyst,"Pune, India",2026-01-01
375,Python,Programming Language,Data Engineer,"Austin, TX",2026-01-01
375,Kafka,Big Data,Data Engineer,"Austin, TX",2026-01-01
375,Airflow,Data Engineering,Data Engineer,"Austin, TX",2026-01-01
375,dbt,Data Engineering,Data Engineer,"Austin, TX",2026-01-01
877,Python,Programming Language,Data Scientist,"Chicago, IL",2026-01-01
877,Spark,Big Data,Data Scientist,"Chicago, IL",2026-01-01
877,Machine Learning,Machine Learning & AI,Data Scientist,"Chicago, IL",2026-01-01
877,PyTorch,Machine Learning & AI,Data Scientist,"Chicago, IL",2026-01-01
877,Scikit-learn,Machine Learning & AI,Data Scientist,"Chicago, IL",2026-01-01
877,Statistics,Analytics,Data Scientist,"Chicago, IL",2026-01-01
877,A/B Testing,Analytics,Data Scientist,"Chicago, IL",2026-01-01
1553,SQL,Programming Language,Data Analyst,"San Francisco, CA",2026-01-01
1553,Excel,BI & Visualization,Data Analyst,"San Francisco, CA",2026-01-01
1553,Power BI,BI & Visualization,Data Analyst,"San Francisco, CA",2026-01-01
1553,Tableau,BI & Visualization,Data Analyst,"San Francisco, CA",2026-01-01
1553,ETL,Data Engineering,Data Analyst,"San Francisco, CA",2026-01-01
1553,Data Warehousing,Data Engineering,Data Analyst,"San Francisco, CA",2026-01-01
1553,MongoDB,Databases,Data Analyst,"San Francisco, CA",2026-01-01
1776,Python,Programming Language,ML Engineer,"Los Angeles, CA",2026-01-01
1776,Spark,Big Data,ML Engineer,"Los Angeles, CA",2026-01-01
1776,Machine Learning,Machine Learning & AI,ML Engineer,"Los Angeles, CA",2026-01-01
1776,TensorFlow,Machine Learning & AI,ML Engineer,"Los Angeles, CA",2026-01-01
1776,PyTorch,Machine Learning & AI,ML Engineer,"Los Angeles, CA",2026-01-01
1776,Computer Vision,Machine Learning & AI,ML Engineer,"Los Angeles, CA",2026-01-01
344,SQL,Programming Language,Data Analyst,"Austin, TX",2026-01-02
344,Excel,BI & Visualization,Data Analyst,"Austin, TX",2026-01-02
344,Tableau,BI & Visualization,Data Analyst,"Austin, TX",2026-01-02
344,Git,DevOps,Data Analyst,"Austin, TX",2026-01-02
344,A/B Testing,Analytics,Data Analyst,"Austin, TX",2026-01-02
344,Data Warehousing,Data Engineering,Data Analyst,"Austin, TX",2026-01-02
344,MongoDB,Databases,Data Analyst,"Austin, TX",2026-01-02
1233,AWS,Cloud,Software Engineer,"Chicago, IL",2026-01-02
1233,Kubernetes,DevOps,Software Engineer,"Chicago, IL",2026-01-02
1233,NoSQL,Databases,Software Engineer,"Chicago, IL",2026-01-02
1233,MongoDB,Databases,Software Engineer,"Chicago, IL",2026-01-02
1233,Agile,Soft Skills & Methodology,Software Engineer,"Chicago, IL",2026-01-02
125,Java,Programming Language,Software Engineer,Singapore,2026-01-03
125,JavaScript,Programming Language,Software Engineer,Singapore,2026-01-03
125,AWS,Cloud,Software Engineer,Singapore,2026-01-03
125,Git,DevOps,Software Engineer,Singapore,2026-01-03
125,MongoDB,Databases,Software Engineer,Singapore,2026-01-03
125,PostgreSQL,Databases,Software Engineer,Singapore,2026-01-03
125,REST API,Software Engineering,Software Engineer,Singapore,2026-01-03
230,Python,Programming Language,Data Engineer,"Los Angeles, CA",2026-01-03
230,Redshift,Cloud & Data Warehousing,Data Engineer,"Los Angeles, CA",2026-01-03
230,Spark,Big Data,Data Engineer,"Los Angeles, CA",2026-01-03
230,Data Warehousing,Data Engineering,Data Engineer,"Los Angeles, CA",2026-01-03
663,Git,DevOps,ML Engineer,"Washington, DC",2026-01-03
663,Machine Learning,Machine Learning & AI,ML Engineer,"Washington, DC",2026-01-03
663,Deep Learning,Machine Learning & AI,ML Engineer,"Washington, DC",2026-01-03
663,TensorFlow,Machine Learning & AI,ML Engineer,"Washington, DC",2026-01-03
663,Scikit-learn,Machine Learning & AI,ML Engineer,"Washington, DC",2026-01-03
837,Python,Programming Language,Data Scientist,"San Francisco, CA",2026-01-03
837,R,Programming Language,Data Scientist,"San Francisco, CA",2026-01-03
837,Power BI,BI & Visualization,Data Scientist,"San Francisco, CA",2026-01-03
837,Spark,Big Data,Data Scientist,"San Francisco, CA",2026-01-03
837,Statistics,Analytics,Data Scientist,"San Francisco, CA",2026-01-03
837,A/B Testing,Analytics,Data Scientist,"San Francisco, CA",2026-01-03
1366,SQL,Programming Language,Software Engineer,"Atlanta, GA",2026-01-03
1366,Java,Programming Language,Software Engineer,"Atlanta, GA",2026-01-03
1366,Git,DevOps,Software Engineer,"Atlanta, GA",2026-01-03
1366,REST API,Software Engineering,Software Engineer,"Atlanta, GA",2026-01-03
1366,Agile,Soft Skills & Methodology,Software Engineer,"Atlanta, GA",2026-01-03
1658,Python,Programming Language,Software Engineer,"London, UK",2026-01-03
1658,Java,Programming Language,Software Engineer,"London, UK",2026-01-03
1658,JavaScript,Programming Language,Software Engineer,"London, UK",2026-01-03
1658,C++,Programming Language,Software Engineer,"London, UK",2026-01-03
1658,Git,DevOps,Software Engineer,"London, UK",2026-01-03
1658,PostgreSQL,Databases,Software Engineer,"London, UK",2026-01-03
206,Python,Programming Language,Data Engineer,"Delhi, India",2026-01-04
206,SQL,Programming Language,Data Engineer,"Delhi, India",2026-01-04
206,BigQuery,Cloud & Data Warehousing,Data Engineer,"Delhi, India",2026-01-04
206,Spark,Big Data,Data Engineer,"Delhi, India",2026-01-04
206,Airflow,Data Engineering,Data Engineer,"Delhi, India",2026-01-04
206,dbt,Data Engineering,Data Engineer,"Delhi, India",2026-01-04
1262,Excel,BI & Visualization,Data Analyst,"Boston, MA",2026-01-04
1262,Looker,BI & Visualization,Data Analyst,"Boston, MA",2026-01-04
1262,Git,DevOps,Data Analyst,"Boston, MA",2026-01-04
1262,A/B Testing,Analytics,Data Analyst,"Boston, MA",2026-01-04
1262,Data Warehousing,Data Engineering,Data Analyst,"Boston, MA",2026-01-04
1537,Python,Programming Language,Data Analyst,"Toronto, Canada",2026-01-04
1537,R,Programming Language,Data Analyst,"Toronto, Canada",2026-01-04
1537,SQL,Programming Language,Data Analyst,"Toronto, Canada",2026-01-04
1537,Excel,BI & Visualization,Data Analyst,"Toronto, Canada",2026-01-04
1537,Power BI,BI & Visualization,Data Analyst,"Toronto, Canada",2026-01-04
1537,Git,DevOps,Data Analyst,"Toronto, Canada",2026-01-04
1537,A/B Testing,Analytics,Data Analyst,"Toronto, Canada",2026-01-04
47,Python,Programming Language,Data Scientist,"Austin, TX",2026-01-05
47,R,Programming Language,Data Scientist,"Austin, TX",2026-01-05
47,AWS,Cloud,Data Scientist,"Austin, TX",2026-01-05
47,Machine Learning,Machine Learning & AI,Data Scientist,"Austin, TX",2026-01-05
47,Deep Learning,Machine Learning & AI,Data Scientist,"Austin, TX",2026-01-05
47,TensorFlow,Machine Learning & AI,Data Scientist,"Austin, TX",2026-01-05
47,A/B Testing,Analytics,Data Scientist,"Austin, TX",2026-01-05
63,Python,Programming Language,Software Engineer,"Boston, MA",2026-01-05
63,SQL,Programming Language,Software Engineer,"Boston, MA",2026-01-05
63,JavaScript,Programming Language,Software Engineer,"Boston, MA",2026-01-05
63,Docker,DevOps,Software Engineer,"Boston, MA",2026-01-05
63,PostgreSQL,Databases,Software Engineer,"Boston, MA",2026-01-05
63,REST API,Software Engineering,Software Engineer,"Boston, MA",2026-01-05
63,Agile,Soft Skills & Methodology,Software Engineer,"Boston, MA",2026-01-05
137,AWS,Cloud,ML Engineer,"Austin, TX",2026-01-05
137,Airflow,Data Engineering,ML Engineer,"Austin, TX",2026-01-05
137,Docker,DevOps,ML Engineer,"Austin, TX",2026-01-05
137,Git,DevOps,ML Engineer,"Austin, TX",2026-01-05
137,Machine Learning,Machine Learning & AI,ML Engineer,"Austin, TX",2026-01-05
137,Deep Learning,Machine Learning & AI,ML Engineer,"Austin, TX",2026-01-05
137,Computer Vision,Machine Learning & AI,ML Engineer,"Austin, TX",2026-01-05
921,Python,Programming Language,Data Scientist,Remote,2026-01-05
921,R,Programming Language,Data Scientist,Remote,2026-01-05
921,SQL,Programming Language,Data Scientist,Remote,2026-01-05
921,TensorFlow,Machine Learning & AI,Data Scientist,Remote,2026-01-05
921,Scikit-learn,Machine Learning & AI,Data Scientist,Remote,2026-01-05
921,Statistics,Analytics,Data Scientist,Remote,2026-01-05
1229,SQL,Programming Language,Software Engineer,"Boston, MA",2026-01-05
1229,Java,Programming Language,Software Engineer,"Boston, MA",2026-01-05
1229,C++,Programming Language,Software Engineer,"Boston, MA",2026-01-05
1229,Git,DevOps,Software Engineer,"Boston, MA",2026-01-05
1894,Python,Programming Language,Software Engineer,Remote,2026-01-05
1894,Java,Programming Language,Software Engineer,Remote,2026-01-05
1894,Git,DevOps,Software Engineer,Remote,2026-01-05
1894,MongoDB,Databases,Software Engineer,Remote,2026-01-05
270,Python,Programming Language,Software Engineer,"Austin, TX",2026-01-06
270,Java,Programming Language,Software Engineer,"Austin, TX",2026-01-06
270,JavaScript,Programming Language,Software Engineer,"Austin, TX",2026-01-06
270,Kubernetes,DevOps,Software Engineer,"Austin, TX",2026-01-06
270,Git,DevOps,Software Engineer,"Austin, TX",2026-01-06
270,Linux,DevOps,Software Engineer,"Austin, TX",2026-01-06
400,Python,Programming Language,Software Engineer,"Pune, India",2026-01-06
400,Java,Programming Language,Software Engineer,"Pune, India",2026-01-06
400,JavaScript,Programming Language,Software Engineer,"Pune, India",2026-01-06
400,AWS,Cloud,Software Engineer,"Pune, India",2026-01-06
400,Linux,DevOps,Software Engineer,"Pune, India",2026-01-06
400,Agile,Soft Skills & Methodology,Software Engineer,"Pune, India",2026-01-06
732,Azure,Cloud,ML Engineer,"Hyderabad, India",2026-01-06
732,Airflow,Data Engineering,ML Engineer,"Hyderabad, India",2026-01-06
732,Machine Learning,Machine Learning & AI,ML Engineer,"Hyderabad, India",2026-01-06
732,Deep Learning,Machine Learning & AI,ML Engineer,"Hyderabad, India",2026-01-06
1596,Python,Programming Language,Data Analyst,"Bengaluru, India",2026-01-06
1596,R,Programming Language,Data Analyst,"Bengaluru, India",2026-01-06
1596,SQL,Programming Language,Data Analyst,"Bengaluru, India",2026-01-06
1596,Excel,BI & Visualization,Data Analyst,"Bengaluru, India",2026-01-06
1596,Tableau,BI & Visualization,Data Analyst,"Bengaluru, India",2026-01-06
1596,Git,DevOps,Data Analyst,"Bengaluru, India",2026-01-06
1605,Python,Programming Language,Software Engineer,"Bengaluru, India",2026-01-06
1605,Java,Programming Language,Software Engineer,"Bengaluru, India",2026-01-06
1605,Kubernetes,DevOps,Software Engineer,"Bengaluru, India",2026-01-06
1605,Git,DevOps,Software Engineer,"Bengaluru, India",2026-01-06
1605,Linux,DevOps,Software Engineer,"Bengaluru, India",2026-01-06
1605,Agile,Soft Skills & Methodology,Software Engineer,"Bengaluru, India",2026-01-06
1919,Spark,Big Data,Data Scientist,"Hyderabad, India",2026-01-06
1919,PyTorch,Machine Learning & AI,Data Scientist,"Hyderabad, India",2026-01-06
1919,Scikit-learn,Machine Learning & AI,Data Scientist,"Hyderabad, India",2026-01-06
1919,NLP,Machine Learning & AI,Data Scientist,"Hyderabad, India",2026-01-06
1919,Statistics,Analytics,Data Scientist,"Hyderabad, India",2026-01-06
307,SQL,Programming Language,Data Analyst,"New York, NY",2026-01-07
307,Excel,BI & Visualization,Data Analyst,"New York, NY",2026-01-07
307,Power BI,BI & Visualization,Data Analyst,"New York, NY",2026-01-07
307,Git,DevOps,Data Analyst,"New York, NY",2026-01-07
307,Statistics,Analytics,Data Analyst,"New York, NY",2026-01-07
696,Python,Programming Language,ML Engineer,"London, UK",2026-01-07
696,Kubernetes,DevOps,ML Engineer,"London, UK",2026-01-07
696,Deep Learning,Machine Learning & AI,ML Engineer,"London, UK",2026-01-07
696,TensorFlow,Machine Learning & AI,ML Engineer,"London, UK",2026-01-07
696,PyTorch,Machine Learning & AI,ML Engineer,"London, UK",2026-01-07
1554,Java,Programming Language,Software Engineer,"Seattle, WA",2026-01-07
1554,JavaScript,Programming Language,Software Engineer,"Seattle, WA",2026-01-07
1554,C++,Programming Language,Software Engineer,"Seattle, WA",2026-01-07
1554,Docker,DevOps,Software Engineer,"Seattle, WA",2026-01-07
1554,Kubernetes,DevOps,Software Engineer,"Seattle, WA",2026-01-07
1554,Git,DevOps,Software Engineer,"Seattle, WA",2026-01-07
1623,R,Programming Language,Data Scientist,"Chicago, IL",2026-01-07
1623,AWS,Cloud,Data Scientist,"Chicago, IL",2026-01-07
1623,Machine Learning,Machine Learning & AI,Data Scientist,"Chicago, IL",2026-01-07
1623,PyTorch,Machine Learning & AI,Data Scientist,"Chicago, IL",2026-01-07
1623,A/B Testing,Analytics,Data Scientist,"Chicago, IL",2026-01-07
1666,Python,Programming Language,Software Engineer,"Austin, TX",2026-01-07
1666,SQL,Programming Language,Software Engineer,"Austin, TX",2026-01-07
1666,JavaScript,Programming Language,Software Engineer,"Austin, TX",2026-01-07
1666,Agile,Soft Skills & Methodology,Software Engineer,"Austin, TX",2026-01-07
1814,Python,Programming Language,ML Engineer,"Bengaluru, India",2026-01-07
1814,AWS,Cloud,ML Engineer,"Bengaluru, India",2026-01-07
1814,Spark,Big Data,ML Engineer,"Bengaluru, India",2026-01-07
1814,Machine Learning,Machine Learning & AI,ML Engineer,"Bengaluru, India",2026-01-07
1814,NLP,Machine Learning & AI,ML Engineer,"Bengaluru, India",2026-01-07
1945,SQL,Programming Language,Data Analyst,"Hyderabad, India",2026-01-07
1945,Excel,BI & Visualization,Data Analyst,"Hyderabad, India",2026-01-07
1945,Looker,BI & Visualization,Data Analyst,"Hyderabad, India",2026-01-07
1945,A/B Testing,Analytics,Data Analyst,"Hyderabad, India",2026-01-07
1945,ETL,Data Engineering,Data Analyst,"Hyderabad, India",2026-01-07
887,Azure,Cloud,Data Engineer,"New York, NY",2026-01-08
887,Redshift,Cloud & Data Warehousing,Data Engineer,"New York, NY",2026-01-08
887,Airflow,Data Engineering,Data Engineer,"New York, NY",2026-01-08
887,Docker,DevOps,Data Engineer,"New York, NY",2026-01-08
887,ETL,Data Engineering,Data Engineer,"New York, NY",2026-01-08
992,AWS,Cloud,ML Engineer,"Bengaluru, India",2026-01-08
992,Airflow,Data Engineering,ML Engineer,"Bengaluru, India",2026-01-08
992,Machine Learning,Machine Learning & AI,ML Engineer,"Bengaluru, India",2026-01-08
992,Deep Learning,Machine Learning & AI,ML Engineer,"Bengaluru, India",2026-01-08
992,TensorFlow,Machine Learning & AI,ML Engineer,"Bengaluru, India",2026-01-08
992,PyTorch,Machine Learning & AI,ML Engineer,"Bengaluru, India",2026-01-08
992,Scikit-learn,Machine Learning & AI,ML Engineer,"Bengaluru, India",2026-01-08
1270,Python,Programming Language,Data Engineer,"Berlin, Germany",2026-01-08
1270,SQL,Programming Language,Data Engineer,"Berlin, Germany",2026-01-08
1270,BigQuery,Cloud & Data Warehousing,Data Engineer,"Berlin, Germany",2026-01-08
1270,Hadoop,Big Data,Data Engineer,"Berlin, Germany",2026-01-08
1270,Airflow,Data Engineering,Data Engineer,"Berlin, Germany",2026-01-08
1353,Python,Programming Language,ML Engineer,"Delhi, India",2026-01-08
1353,Azure,Cloud,ML Engineer,"Delhi, India",2026-01-08
1353,Machine Learning,Machine Learning & AI,ML Engineer,"Delhi, India",2026-01-08
1353,TensorFlow,Machine Learning & AI,ML Engineer,"Delhi, India",2026-01-08
1440,Python,Programming Language,Data Engineer,"Mumbai, India",2026-01-08
1440,SQL,Programming Language,Data Engineer,"Mumbai, India",2026-01-08
1440,Azure,Cloud,Data Engineer,"Mumbai, India",2026-01-08
1440,Redshift,Cloud & Data Warehousing,Data Engineer,"Mumbai, India",2026-01-08
1440,BigQuery,Cloud & Data Warehousing,Data Engineer,"Mumbai, India",2026-01-08
1440,Airflow,Data Engineering,Data Engineer,"Mumbai, India",2026-01-08
1449,Python,Programming Language,Data Scientist,"Bengaluru, India",2026-01-08
1449,SQL,Programming Language,Data Scientist,"Bengaluru, India",2026-01-08
1449,AWS,Cloud,Data Scientist,"Bengaluru, India",2026-01-08
1449,Machine Learning,Machine Learning & AI,Data Scientist,"Bengaluru, India",2026-01-08
1449,Computer Vision,Machine Learning & AI,Data Scientist,"Bengaluru, India",2026-01-08
1451,Docker,DevOps,ML Engineer,"San Francisco, CA",2026-01-08
1451,Machine Learning,Machine Learning & AI,ML Engineer,"San Francisco, CA",2026-01-08
1451,Deep Learning,Machine Learning & AI,ML Engineer,"San Francisco, CA",2026-01-08
1451,PyTorch,Machine Learning & AI,ML Engineer,"San Francisco, CA",2026-01-08
1526,AWS,Cloud,Software Engineer,"Berlin, Germany",2026-01-08
1526,Docker,DevOps,Software Engineer,"Berlin, Germany",2026-01-08
1526,Git,DevOps,Software Engineer,"Berlin, Germany",2026-01-08
1526,NoSQL,Databases,Software Engineer,"Berlin, Germany",2026-01-08
1616,Python,Programming Language,Data Engineer,"Los Angeles, CA",2026-01-08
1616,SQL,Programming Language,Data Engineer,"Los Angeles, CA",2026-01-08
1616,Snowflake,Cloud & Data Warehousing,Data Engineer,"Los Angeles, CA",2026-01-08
1616,Kafka,Big Data,Data Engineer,"Los Angeles, CA",2026-01-08
1616,dbt,Data Engineering,Data Engineer,"Los Angeles, CA",2026-01-08
1616,NoSQL,Databases,Data Engineer,"Los Angeles, CA",2026-01-08
1745,Python,Programming Language,Software Engineer,"London, UK",2026-01-08
1745,SQL,Programming Language,Software Engineer,"London, UK",2026-01-08
1745,Java,Programming Language,Software Engineer,"London, UK",2026-01-08
1745,Docker,DevOps,Software Engineer,"London, UK",2026-01-08
1745,Git,DevOps,Software Engineer,"London, UK",2026-01-08
1745,REST API,Software Engineering,Software Engineer,"London, UK",2026-01-08
822,Python,Programming Language,ML Engineer,"Atlanta, GA",2026-01-09
822,Docker,DevOps,ML Engineer,"Atlanta, GA",2026-01-09
822,Git,DevOps,ML Engineer,"Atlanta, GA",2026-01-09
822,Deep Learning,Machine Learning & AI,ML Engineer,"Atlanta, GA",2026-01-09
822,PyTorch,Machine Learning & AI,ML Engineer,"Atlanta, GA",2026-01-09
822,NLP,Machine Learning & AI,ML Engineer,"Atlanta, GA",2026-01-09
1330,BigQuery,Cloud & Data Warehousing,Data Engineer,"Denver, CO",2026-01-09
1330,Spark,Big Data,Data Engineer,"Denver, CO",2026-01-09
1330,Hadoop,Big Data,Data Engineer,"Denver, CO",2026-01-09
1330,dbt,Data Engineering,Data Engineer,"Denver, CO",2026-01-09
1586,SQL,Programming Language,Data Analyst,"Toronto, Canada",2026-01-09
1586,Excel,BI & Visualization,Data Analyst,"Toronto, Canada",2026-01-09
1586,Power BI,BI & Visualization,Data Analyst,"Toronto, Canada",2026-01-09
1586,Tableau,BI & Visualization,Data Analyst,"Toronto, Canada",2026-01-09
1586,Looker,BI & Visualization,Data Analyst,"Toronto, Canada",2026-01-09
1586,Statistics,Analytics,Data Analyst,"Toronto, Canada",2026-01-09
1586,A/B Testing,Analytics,Data Analyst,"Toronto, Canada",2026-01-09
1634,Python,Programming Language,Software Engineer,"Seattle, WA",2026-01-09
1634,JavaScript,Programming Language,Software Engineer,"Seattle, WA",2026-01-09
1634,C++,Programming Language,Software Engineer,"Seattle, WA",2026-01-09
1634,Kubernetes,DevOps,Software Engineer,"Seattle, WA",2026-01-09
552,Python,Programming Language,Software Engineer,"Bengaluru, India",2026-01-10
552,SQL,Programming Language,Software Engineer,"Bengaluru, India",2026-01-10
552,C++,Programming Language,Software Engineer,"Bengaluru, India",2026-01-10
552,Docker,DevOps,Software Engineer,"Bengaluru, India",2026-01-10
552,Git,DevOps,Software Engineer,"Bengaluru, India",2026-01-10
552,PostgreSQL,Databases,Software Engineer,"Bengaluru, India",2026-01-10
552,Linux,DevOps,Software Engineer,"Bengaluru, India",2026-01-10
1025,Python,Programming Language,Data Scientist,"Delhi, India",2026-01-10
1025,SQL,Programming Language,Data Scientist,"Delhi, India",2026-01-10
1025,Machine Learning,Machine Learning & AI,Data Scientist,"Delhi, India",2026-01-10
1025,Computer Vision,Machine Learning & AI,Data Scientist,"Delhi, India",2026-01-10
1025,A/B Testing,Analytics,Data Scientist,"Delhi, India",2026-01-10
1145,Python,Programming Language,Data Engineer,"Hyderabad, India",2026-01-10
1145,BigQuery,Cloud & Data Warehousing,Data Engineer,"Hyderabad, India",2026-01-10
1145,Spark,Big Data,Data Engineer,"Hyderabad, India",2026-01-10
1145,Airflow,Data Engineering,Data Engineer,"Hyderabad, India",2026-01-10
1824,Redshift,Cloud & Data Warehousing,Data Engineer,"Mumbai, India",2026-01-10
1824,Spark,Big Data,Data Engineer,"Mumbai, India",2026-01-10
1824,ETL,Data Engineering,Data Engineer,"Mumbai, India",2026-01-10
1824,NoSQL,Databases,Data Engineer,"Mumbai, India",2026-01-10
28,Azure,Cloud,Data Engineer,"San Francisco, CA",2026-01-11
28,Redshift,Cloud & Data Warehousing,Data Engineer,"San Francisco, CA",2026-01-11
28,BigQuery,Cloud & Data Warehousing,Data Engineer,"San Francisco, CA",2026-01-11
28,Spark,Big Data,Data Engineer,"San Francisco, CA",2026-01-11
28,Kafka,Big Data,Data Engineer,"San Francisco, CA",2026-01-11
28,Airflow,Data Engineering,Data Engineer,"San Francisco, CA",2026-01-11
165,SQL,Programming Language,Software Engineer,"Bengaluru, India",2026-01-11
165,Linux,DevOps,Software Engineer,"Bengaluru, India",2026-01-11
165,REST API,Software Engineering,Software Engineer,"Bengaluru, India",2026-01-11
165,Agile,Soft Skills & Methodology,Software Engineer,"Bengaluru, India",2026-01-11
228,Python,Programming Language,ML Engineer,"Los Angeles, CA",2026-01-11
228,AWS,Cloud,ML Engineer,"Los Angeles, CA",2026-01-11
228,Spark,Big Data,ML Engineer,"Los Angeles, CA",2026-01-11
228,Machine Learning,Machine Learning & AI,ML Engineer,"Los Angeles, CA",2026-01-11
228,PyTorch,Machine Learning & AI,ML Engineer,"Los Angeles, CA",2026-01-11
228,Scikit-learn,Machine Learning & AI,ML Engineer,"Los Angeles, CA",2026-01-11
1411,Kubernetes,DevOps,ML Engineer,"Hyderabad, India",2026-01-11
1411,TensorFlow,Machine Learning & AI,ML Engineer,"Hyderabad, India",2026-01-11
1411,PyTorch,Machine Learning & AI,ML Engineer,"Hyderabad, India",2026-01-11
1411,Computer Vision,Machine Learning & AI,ML Engineer,"Hyderabad, India",2026-01-11
1584,Tableau,BI & Visualization,Data Scientist,"Austin, TX",2026-01-11
1584,Machine Learning,Machine Learning & AI,Data Scientist,"Austin, TX",2026-01-11
1584,Deep Learning,Machine Learning & AI,Data Scientist,"Austin, TX",2026-01-11
1584,NLP,Machine Learning & AI,Data Scientist,"Austin, TX",2026-01-11
2000,SQL,Programming Language,Data Engineer,"New York, NY",2026-01-11
2000,AWS,Cloud,Data Engineer,"New York, NY",2026-01-11
2000,Spark,Big Data,Data Engineer,"New York, NY",2026-01-11
2000,dbt,Data Engineering,Data Engineer,"New York, NY",2026-01-11
393,SQL,Programming Language,Data Engineer,Remote,2026-01-12
393,Snowflake,Cloud & Data Warehousing,Data Engineer,Remote,2026-01-12
393,BigQuery,Cloud & Data Warehousing,Data Engineer,Remote,2026-01-12
393,Hadoop,Big Data,Data Engineer,Remote,2026-01-12
393,Docker,DevOps,Data Engineer,Remote,2026-01-12
402,Power BI,BI & Visualization,Data Analyst,"Atlanta, GA",2026-01-12
402,Tableau,BI & Visualization,Data Analyst,"Atlanta, GA",2026-01-12
402,Looker,BI & Visualization,Data Analyst,"Atlanta, GA",2026-01-12
402,GCP,Cloud,Data Analyst,"Atlanta, GA",2026-01-12
402,ETL,Data Engineering,Data Analyst,"Atlanta, GA",2026-01-12
402,MongoDB,Databases,Data Analyst,"Atlanta, GA",2026-01-12
958,Python,Programming Language,Data Engineer,"Los Angeles, CA",2026-01-12
958,SQL,Programming Language,Data Engineer,"Los Angeles, CA",2026-01-12
958,Azure,Cloud,Data Engineer,"Los Angeles, CA",2026-01-12
958,Airflow,Data Engineering,Data Engineer,"Los Angeles, CA",2026-01-12
958,ETL,Data Engineering,Data Engineer,"Los Angeles, CA",2026-01-12
1315,SQL,Programming Language,Data Engineer,"Chicago, IL",2026-01-12
1315,BigQuery,Cloud & Data Warehousing,Data Engineer,"Chicago, IL",2026-01-12
1315,Hadoop,Big Data,Data Engineer,"Chicago, IL",2026-01-12
1315,Docker,DevOps,Data Engineer,"Chicago, IL",2026-01-12
1315,ETL,Data Engineering,Data Engineer,"Chicago, IL",2026-01-12
366,Python,Programming Language,Data Scientist,"Boston, MA",2026-01-13
366,SQL,Programming Language,Data Scientist,"Boston, MA",2026-01-13
366,Tableau,BI & Visualization,Data Scientist,"Boston, MA",2026-01-13
366,Deep Learning,Machine Learning & AI,Data Scientist,"Boston, MA",2026-01-13
366,PyTorch,Machine Learning & AI,Data Scientist,"Boston, MA",2026-01-13
366,Scikit-learn,Machine Learning & AI,Data Scientist,"Boston, MA",2026-01-13
366,Statistics,Analytics,Data Scientist,"Boston, MA",2026-01-13
712,AWS,Cloud,ML Engineer,"Mumbai, India",2026-01-13
712,Machine Learning,Machine Learning & AI,ML Engineer,"Mumbai, India",2026-01-13
712,Deep Learning,Machine Learning & AI,ML Engineer,"Mumbai, India",2026-01-13
712,PyTorch,Machine Learning & AI,ML Engineer,"Mumbai, India",2026-01-13
1438,Python,Programming Language,Data Engineer,"Toronto, Canada",2026-01-13
1438,AWS,Cloud,Data Engineer,"Toronto, Canada",2026-01-13
1438,Redshift,Cloud & Data Warehousing,Data Engineer,"Toronto, Canada",2026-01-13
1438,Spark,Big Data,Data Engineer,"Toronto, Canada",2026-01-13
1438,Hadoop,Big Data,Data Engineer,"Toronto, Canada",2026-01-13
1438,ETL,Data Engineering,Data Engineer,"Toronto, Canada",2026-01-13
1571,AWS,Cloud,Data Engineer,"Los Angeles, CA",2026-01-13
1571,GCP,Cloud,Data Engineer,"Los Angeles, CA",2026-01-13
1571,Redshift,Cloud & Data Warehousing,Data Engineer,"Los Angeles, CA",2026-01-13
1571,Spark,Big Data,Data Engineer,"Los Angeles, CA",2026-01-13
1571,Airflow,Data Engineering,Data Engineer,"Los Angeles, CA",2026-01-13
1675,Python,Programming Language,Data Scientist,"Toronto, Canada",2026-01-13
1675,AWS,Cloud,Data Scientist,"Toronto, Canada",2026-01-13
1675,Machine Learning,Machine Learning & AI,Data Scientist,"Toronto, Canada",2026-01-13
1675,Deep Learning,Machine Learning & AI,Data Scientist,"Toronto, Canada",2026-01-13
1675,PyTorch,Machine Learning & AI,Data Scientist,"Toronto, Canada",2026-01-13
1675,A/B Testing,Analytics,Data Scientist,"Toronto, Canada",2026-01-13
1818,Python,Programming Language,Data Analyst,"Pune, India",2026-01-13
1818,R,Programming Language,Data Analyst,"Pune, India",2026-01-13
1818,SQL,Programming Language,Data Analyst,"Pune, India",2026-01-13
1818,Power BI,BI & Visualization,Data Analyst,"Pune, India",2026-01-13
1818,Tableau,BI & Visualization,Data Analyst,"Pune, India",2026-01-13
1818,Looker,BI & Visualization,Data Analyst,"Pune, India",2026-01-13
1818,Statistics,Analytics,Data Analyst,"Pune, India",2026-01-13
96,Python,Programming Language,ML Engineer,"Bengaluru, India",2026-01-14
96,AWS,Cloud,ML Engineer,"Bengaluru, India",2026-01-14
96,Spark,Big Data,ML Engineer,"Bengaluru, India",2026-01-14
96,Kubernetes,DevOps,ML Engineer,"Bengaluru, India",2026-01-14
96,Machine Learning,Machine Learning & AI,ML Engineer,"Bengaluru, India",2026-01-14
96,Computer Vision,Machine Learning & AI,ML Engineer,"Bengaluru, India",2026-01-14
928,Python,Programming Language,Data Engineer,"Berlin, Germany",2026-01-14
928,AWS,Cloud,Data Engineer,"Berlin, Germany",2026-01-14
928,Azure,Cloud,Data Engineer,"Berlin, Germany",2026-01-14
928,Snowflake,Cloud & Data Warehousing,Data Engineer,"Berlin, Germany",2026-01-14
928,BigQuery,Cloud & Data Warehousing,Data Engineer,"Berlin, Germany",2026-01-14
928,Docker,DevOps,Data Engineer,"Berlin, Germany",2026-01-14
928,NoSQL,Databases,Data Engineer,"Berlin, Germany",2026-01-14
1092,Python,Programming Language,Data Engineer,"San Francisco, CA",2026-01-14
1092,SQL,Programming Language,Data Engineer,"San Francisco, CA",2026-01-14
1092,AWS,Cloud,Data Engineer,"San Francisco, CA",2026-01-14
1092,ETL,Data Engineering,Data Engineer,"San Francisco, CA",2026-01-14
1092,Data Warehousing,Data Engineering,Data Engineer,"San Francisco, CA",2026-01-14
1242,Azure,Cloud,ML Engineer,"Pune, India",2026-01-14
1242,Spark,Big Data,ML Engineer,"Pune, India",2026-01-14
1242,Docker,DevOps,ML Engineer,"Pune, India",2026-01-14
1242,Deep Learning,Machine Learning & AI,ML Engineer,"Pune, India",2026-01-14
1242,PyTorch,Machine Learning & AI,ML Engineer,"Pune, India",2026-01-14
1242,NLP,Machine Learning & AI,ML Engineer,"Pune, India",2026-01-14
1319,Java,Programming Language,Software Engineer,"New York, NY",2026-01-14
1319,AWS,Cloud,Software Engineer,"New York, NY",2026-01-14
1319,Git,DevOps,Software Engineer,"New York, NY",2026-01-14
1319,NoSQL,Databases,Software Engineer,"New York, NY",2026-01-14
1319,REST API,Software Engineering,Software Engineer,"New York, NY",2026-01-14
1319,Agile,Soft Skills & Methodology,Software Engineer,"New York, NY",2026-01-14
1392,SQL,Programming Language,Data Engineer,"Mumbai, India",2026-01-14
1392,Redshift,Cloud & Data Warehousing,Data Engineer,"Mumbai, India",2026-01-14
1392,Spark,Big Data,Data Engineer,"Mumbai, India",2026-01-14
1392,Hadoop,Big Data,Data Engineer,"Mumbai, India",2026-01-14
1392,ETL,Data Engineering,Data Engineer,"Mumbai, India",2026-01-14
1392,Data Warehousing,Data Engineering,Data Engineer,"Mumbai, India",2026-01-14
1542,Python,Programming Language,Data Engineer,"Washington, DC",2026-01-14
1542,Snowflake,Cloud & Data Warehousing,Data Engineer,"Washington, DC",2026-01-14
1542,Spark,Big Data,Data Engineer,"Washington, DC",2026-01-14
1542,dbt,Data Engineering,Data Engineer,"Washington, DC",2026-01-14
1542,Docker,DevOps,Data Engineer,"Washington, DC",2026-01-14
1985,SQL,Programming Language,Data Engineer,"Berlin, Germany",2026-01-14
1985,Snowflake,Cloud & Data Warehousing,Data Engineer,"Berlin, Germany",2026-01-14
1985,Redshift,Cloud & Data Warehousing,Data Engineer,"Berlin, Germany",2026-01-14
1985,Kafka,Big Data,Data Engineer,"Berlin, Germany",2026-01-14
1985,dbt,Data Engineering,Data Engineer,"Berlin, Germany",2026-01-14
1985,ETL,Data Engineering,Data Engineer,"Berlin, Germany",2026-01-14
1985,NoSQL,Databases,Data Engineer,"Berlin, Germany",2026-01-14
356,Python,Programming Language,Data Scientist,"San Francisco, CA",2026-01-15
356,R,Programming Language,Data Scientist,"San Francisco, CA",2026-01-15
356,SQL,Programming Language,Data Scientist,"San Francisco, CA",2026-01-15
356,Machine Learning,Machine Learning & AI,Data Scientist,"San Francisco, CA",2026-01-15
356,TensorFlow,Machine Learning & AI,Data Scientist,"San Francisco, CA",2026-01-15
356,PyTorch,Machine Learning & AI,Data Scientist,"San Francisco, CA",2026-01-15
356,Statistics,Analytics,Data Scientist,"San Francisco, CA",2026-01-15
478,Spark,Big Data,Data Scientist,"San Francisco, CA",2026-01-15
478,Deep Learning,Machine Learning & AI,Data Scientist,"San Francisco, CA",2026-01-15
478,NLP,Machine Learning & AI,Data Scientist,"San Francisco, CA",2026-01-15
478,A/B Testing,Analytics,Data Scientist,"San Francisco, CA",2026-01-15
1119,Python,Programming Language,Software Engineer,"Bengaluru, India",2026-01-15
1119,SQL,Programming Language,Software Engineer,"Bengaluru, India",2026-01-15
1119,JavaScript,Programming Language,Software Engineer,"Bengaluru, India",2026-01-15
1119,Docker,DevOps,Software Engineer,"Bengaluru, India",2026-01-15
1119,Kubernetes,DevOps,Software Engineer,"Bengaluru, India",2026-01-15
1119,Git,DevOps,Software Engineer,"Bengaluru, India",2026-01-15
1119,REST API,Software Engineering,Software Engineer,"Bengaluru, India",2026-01-15
1273,Python,Programming Language,Software Engineer,Singapore,2026-01-15
1273,SQL,Programming Language,Software Engineer,Singapore,2026-01-15
1273,Java,Programming Language,Software Engineer,Singapore,2026-01-15
1273,Docker,DevOps,Software Engineer,Singapore,2026-01-15
1273,REST API,Software Engineering,Software Engineer,Singapore,2026-01-15
1273,Agile,Soft Skills & Methodology,Software Engineer,Singapore,2026-01-15
1742,Python,Programming Language,Data Analyst,"London, UK",2026-01-15
1742,R,Programming Language,Data Analyst,"London, UK",2026-01-15
1742,Excel,BI & Visualization,Data Analyst,"London, UK",2026-01-15
1742,Power BI,BI & Visualization,Data Analyst,"London, UK",2026-01-15
1742,Tableau,BI & Visualization,Data Analyst,"London, UK",2026-01-15
1742,Looker,BI & Visualization,Data Analyst,"London, UK",2026-01-15
1742,GCP,Cloud,Data Analyst,"London, UK",2026-01-15
1937,JavaScript,Programming Language,Software Engineer,"Mumbai, India",2026-01-15
1937,AWS,Cloud,Software Engineer,"Mumbai, India",2026-01-15
1937,Docker,DevOps,Software Engineer,"Mumbai, India",2026-01-15
1937,Kubernetes,DevOps,Software Engineer,"Mumbai, India",2026-01-15
1937,Git,DevOps,Software Engineer,"Mumbai, India",2026-01-15
1937,REST API,Software Engineering,Software Engineer,"Mumbai, India",2026-01-15
348,Python,Programming Language,Data Scientist,"Los Angeles, CA",2026-01-16
348,AWS,Cloud,Data Scientist,"Los Angeles, CA",2026-01-16
348,Machine Learning,Machine Learning & AI,Data Scientist,"Los Angeles, CA",2026-01-16
348,TensorFlow,Machine Learning & AI,Data Scientist,"Los Angeles, CA",2026-01-16
348,Statistics,Analytics,Data Scientist,"Los Angeles, CA",2026-01-16
348,A/B Testing,Analytics,Data Scientist,"Los Angeles, CA",2026-01-16
1077,R,Programming Language,Data Scientist,"London, UK",2026-01-16
1077,Deep Learning,Machine Learning & AI,Data Scientist,"London, UK",2026-01-16
1077,TensorFlow,Machine Learning & AI,Data Scientist,"London, UK",2026-01-16
1077,NLP,Machine Learning & AI,Data Scientist,"London, UK",2026-01-16
1077,Statistics,Analytics,Data Scientist,"London, UK",2026-01-16
76,Python,Programming Language,ML Engineer,"Atlanta, GA",2026-01-17
76,AWS,Cloud,ML Engineer,"Atlanta, GA",2026-01-17
76,Spark,Big Data,ML Engineer,"Atlanta, GA",2026-01-17
76,Machine Learning,Machine Learning & AI,ML Engineer,"Atlanta, GA",2026-01-17
76,TensorFlow,Machine Learning & AI,ML Engineer,"Atlanta, GA",2026-01-17
216,Python,Programming Language,Data Scientist,"New York, NY",2026-01-17
216,R,Programming Language,Data Scientist,"New York, NY",2026-01-17
216,Machine Learning,Machine Learning & AI,Data Scientist,"New York, NY",2026-01-17
216,PyTorch,Machine Learning & AI,Data Scientist,"New York, NY",2026-01-17
216,NLP,Machine Learning & AI,Data Scientist,"New York, NY",2026-01-17
216,Computer Vision,Machine Learning & AI,Data Scientist,"New York, NY",2026-01-17
216,Statistics,Analytics,Data Scientist,"New York, NY",2026-01-17
1458,Python,Programming Language,Data Engineer,"Seattle, WA",2026-01-17
1458,SQL,Programming Language,Data Engineer,"Seattle, WA",2026-01-17
1458,BigQuery,Cloud & Data Warehousing,Data Engineer,"Seattle, WA",2026-01-17
1458,Spark,Big Data,Data Engineer,"Seattle, WA",2026-01-17
1458,Airflow,Data Engineering,Data Engineer,"Seattle, WA",2026-01-17
1458,Docker,DevOps,Data Engineer,"Seattle, WA",2026-01-17
1458,Data Warehousing,Data Engineering,Data Engineer,"Seattle, WA",2026-01-17
1604,JavaScript,Programming Language,Software Engineer,"Pune, India",2026-01-17
1604,AWS,Cloud,Software Engineer,"Pune, India",2026-01-17
1604,Git,DevOps,Software Engineer,"Pune, India",2026-01-17
1604,REST API,Software Engineering,Software Engineer,"Pune, India",2026-01-17
1635,Java,Programming Language,Software Engineer,"Austin, TX",2026-01-17
1635,JavaScript,Programming Language,Software Engineer,"Austin, TX",2026-01-17
1635,Git,DevOps,Software Engineer,"Austin, TX",2026-01-17
1635,Linux,DevOps,Software Engineer,"Austin, TX",2026-01-17
1635,REST API,Software Engineering,Software Engineer,"Austin, TX",2026-01-17
1635,Agile,Soft Skills & Methodology,Software Engineer,"Austin, TX",2026-01-17
1762,SQL,Programming Language,Data Analyst,"Pune, India",2026-01-17
1762,Excel,BI & Visualization,Data Analyst,"Pune, India",2026-01-17
1762,Power BI,BI & Visualization,Data Analyst,"Pune, India",2026-01-17
1762,Tableau,BI & Visualization,Data Analyst,"Pune, India",2026-01-17
1762,Looker,BI & Visualization,Data Analyst,"Pune, India",2026-01-17
1762,Git,DevOps,Data Analyst,"Pune, India",2026-01-17
1762,Statistics,Analytics,Data Analyst,"Pune, India",2026-01-17
249,Python,Programming Language,ML Engineer,"London, UK",2026-01-18
249,AWS,Cloud,ML Engineer,"London, UK",2026-01-18
249,Azure,Cloud,ML Engineer,"London, UK",2026-01-18
249,Deep Learning,Machine Learning & AI,ML Engineer,"London, UK",2026-01-18
249,PyTorch,Machine Learning & AI,ML Engineer,"London, UK",2026-01-18
934,SQL,Programming Language,Data Analyst,"Dublin, Ireland",2026-01-18
934,Excel,BI & Visualization,Data Analyst,"Dublin, Ireland",2026-01-18
934,Power BI,BI & Visualization,Data Analyst,"Dublin, Ireland",2026-01-18
934,Looker,BI & Visualization,Data Analyst,"Dublin, Ireland",2026-01-18
934,Statistics,Analytics,Data Analyst,"Dublin, Ireland",2026-01-18
1185,Python,Programming Language,Data Scientist,Remote,2026-01-18
1185,Spark,Big Data,Data Scientist,Remote,2026-01-18
1185,PyTorch,Machine Learning & AI,Data Scientist,Remote,2026-01-18
1185,Scikit-learn,Machine Learning & AI,Data Scientist,Remote,2026-01-18
1185,Statistics,Analytics,Data Scientist,Remote,2026-01-18
1959,Python,Programming Language,ML Engineer,"Los Angeles, CA",2026-01-18
1959,Docker,DevOps,ML Engineer,"Los Angeles, CA",2026-01-18
1959,Kubernetes,DevOps,ML Engineer,"Los Angeles, CA",2026-01-18
1959,Git,DevOps,ML Engineer,"Los Angeles, CA",2026-01-18
1959,TensorFlow,Machine Learning & AI,ML Engineer,"Los Angeles, CA",2026-01-18
1959,NLP,Machine Learning & AI,ML Engineer,"Los Angeles, CA",2026-01-18
1959,Computer Vision,Machine Learning & AI,ML Engineer,"Los Angeles, CA",2026-01-18
74,Redshift,Cloud & Data Warehousing,Data Engineer,"Bengaluru, India",2026-01-19
74,dbt,Data Engineering,Data Engineer,"Bengaluru, India",2026-01-19
74,ETL,Data Engineering,Data Engineer,"Bengaluru, India",2026-01-19
74,Data Warehousing,Data Engineering,Data Engineer,"Bengaluru, India",2026-01-19
251,SQL,Programming Language,Data Analyst,"Austin, TX",2026-01-19
251,Excel,BI & Visualization,Data Analyst,"Austin, TX",2026-01-19
251,Power BI,BI & Visualization,Data Analyst,"Austin, TX",2026-01-19
251,Tableau,BI & Visualization,Data Analyst,"Austin, TX",2026-01-19
251,Looker,BI & Visualization,Data Analyst,"Austin, TX",2026-01-19
251,Git,DevOps,Data Analyst,"Austin, TX",2026-01-19
251,ETL,Data Engineering,Data Analyst,"Austin, TX",2026-01-19
550,SQL,Programming Language,Data Engineer,"Boston, MA",2026-01-19
550,Redshift,Cloud & Data Warehousing,Data Engineer,"Boston, MA",2026-01-19
550,Airflow,Data Engineering,Data Engineer,"Boston, MA",2026-01-19
550,ETL,Data Engineering,Data Engineer,"Boston, MA",2026-01-19
609,Python,Programming Language,Software Engineer,"Pune, India",2026-01-19
609,Java,Programming Language,Software Engineer,"Pune, India",2026-01-19
609,JavaScript,Programming Language,Software Engineer,"Pune, India",2026-01-19
609,C++,Programming Language,Software Engineer,"Pune, India",2026-01-19
609,Git,DevOps,Software Engineer,"Pune, India",2026-01-19
609,REST API,Software Engineering,Software Engineer,"Pune, India",2026-01-19
783,Python,Programming Language,Data Analyst,"Berlin, Germany",2026-01-19
783,R,Programming Language,Data Analyst,"Berlin, Germany",2026-01-19
783,SQL,Programming Language,Data Analyst,"Berlin, Germany",2026-01-19
783,Excel,BI & Visualization,Data Analyst,"Berlin, Germany",2026-01-19
783,Tableau,BI & Visualization,Data Analyst,"Berlin, Germany",2026-01-19
783,Git,DevOps,Data Analyst,"Berlin, Germany",2026-01-19
783,Statistics,Analytics,Data Analyst,"Berlin, Germany",2026-01-19
825,Python,Programming Language,Data Scientist,"Pune, India",2026-01-19
825,SQL,Programming Language,Data Scientist,"Pune, India",2026-01-19
825,Deep Learning,Machine Learning & AI,Data Scientist,"Pune, India",2026-01-19
825,Scikit-learn,Machine Learning & AI,Data Scientist,"Pune, India",2026-01-19
825,NLP,Machine Learning & AI,Data Scientist,"Pune, India",2026-01-19
825,Computer Vision,Machine Learning & AI,Data Scientist,"Pune, India",2026-01-19
825,A/B Testing,Analytics,Data Scientist,"Pune, India",2026-01-19
985,Python,Programming Language,Data Engineer,"Boston, MA",2026-01-19
985,SQL,Programming Language,Data Engineer,"Boston, MA",2026-01-19
985,AWS,Cloud,Data Engineer,"Boston, MA",2026-01-19
985,Snowflake,Cloud & Data Warehousing,Data Engineer,"Boston, MA",2026-01-19
985,BigQuery,Cloud & Data Warehousing,Data Engineer,"Boston, MA",2026-01-19
985,Spark,Big Data,Data Engineer,"Boston, MA",2026-01-19
985,Airflow,Data Engineering,Data Engineer,"Boston, MA",2026-01-19
1059,R,Programming Language,Data Analyst,"Los Angeles, CA",2026-01-19
1059,SQL,Programming Language,Data Analyst,"Los Angeles, CA",2026-01-19
1059,Excel,BI & Visualization,Data Analyst,"Los Angeles, CA",2026-01-19
1059,Power BI,BI & Visualization,Data Analyst,"Los Angeles, CA",2026-01-19
1059,Git,DevOps,Data Analyst,"Los Angeles, CA",2026-01-19
1059,Statistics,Analytics,Data Analyst,"Los Angeles, CA",2026-01-19
1059,A/B Testing,Analytics,Data Analyst,"Los Angeles, CA",2026-01-19
1067,Python,Programming Language,Data Scientist,"Bengaluru, India",2026-01-19
1067,R,Programming Language,Data Scientist,"Bengaluru, India",2026-01-19
1067,Machine Learning,Machine Learning & AI,Data Scientist,"Bengaluru, India",2026-01-19
1067,TensorFlow,Machine Learning & AI,Data Scientist,"Bengaluru, India",2026-01-19
1067,PyTorch,Machine Learning & AI,Data Scientist,"Bengaluru, India",2026-01-19
1067,Scikit-learn,Machine Learning & AI,Data Scientist,"Bengaluru, India",2026-01-19
1067,Statistics,Analytics,Data Scientist,"Bengaluru, India",2026-01-19
1075,R,Programming Language,Data Scientist,"Los Angeles, CA",2026-01-19
1075,SQL,Programming Language,Data Scientist,"Los Angeles, CA",2026-01-19
1075,Machine Learning,Machine Learning & AI,Data Scientist,"Los Angeles, CA",2026-01-19
1075,TensorFlow,Machine Learning & AI,Data Scientist,"Los Angeles, CA",2026-01-19
1376,Python,Programming Language,Software Engineer,"Bengaluru, India",2026-01-19
1376,SQL,Programming Language,Software Engineer,"Bengaluru, India",2026-01-19
1376,AWS,Cloud,Software Engineer,"Bengaluru, India",2026-01-19
1376,Git,DevOps,Software Engineer,"Bengaluru, India",2026-01-19
1376,Agile,Soft Skills & Methodology,Software Engineer,"Bengaluru, India",2026-01-19
1478,Python,Programming Language,Data Analyst,"Toronto, Canada",2026-01-19
1478,Excel,BI & Visualization,Data Analyst,"Toronto, Canada",2026-01-19
1478,Power BI,BI & Visualization,Data Analyst,"Toronto, Canada",2026-01-19
1478,Tableau,BI & Visualization,Data Analyst,"Toronto, Canada",2026-01-19
1478,Looker,BI & Visualization,Data Analyst,"Toronto, Canada",2026-01-19
1478,GCP,Cloud,Data Analyst,"Toronto, Canada",2026-01-19
1652,SQL,Programming Language,Data Analyst,"Mumbai, India",2026-01-19
1652,Tableau,BI & Visualization,Data Analyst,"Mumbai, India",2026-01-19
1652,GCP,Cloud,Data Analyst,"Mumbai, India",2026-01-19
1652,Data Warehousing,Data Engineering,Data Analyst,"Mumbai, India",2026-01-19
1834,Java,Programming Language,Software Engineer,Remote,2026-01-19
1834,JavaScript,Programming Language,Software Engineer,Remote,2026-01-19
1834,Linux,DevOps,Software Engineer,Remote,2026-01-19
1834,REST API,Software Engineering,Software Engineer,Remote,2026-01-19
1834,Agile,Soft Skills & Methodology,Software Engineer,Remote,2026-01-19
166,Python,Programming Language,Data Scientist,"Dublin, Ireland",2026-01-20
166,Tableau,BI & Visualization,Data Scientist,"Dublin, Ireland",2026-01-20
166,Machine Learning,Machine Learning & AI,Data Scientist,"Dublin, Ireland",2026-01-20
166,PyTorch,Machine Learning & AI,Data Scientist,"Dublin, Ireland",2026-01-20
166,Computer Vision,Machine Learning & AI,Data Scientist,"Dublin, Ireland",2026-01-20
166,Statistics,Analytics,Data Scientist,"Dublin, Ireland",2026-01-20
788,Python,Programming Language,Data Engineer,"Washington, DC",2026-01-20
788,AWS,Cloud,Data Engineer,"Washington, DC",2026-01-20
788,Spark,Big Data,Data Engineer,"Washington, DC",2026-01-20
788,Hadoop,Big Data,Data Engineer,"Washington, DC",2026-01-20
788,ETL,Data Engineering,Data Engineer,"Washington, DC",2026-01-20
839,Python,Programming Language,Software Engineer,"London, UK",2026-01-20
839,SQL,Programming Language,Software Engineer,"London, UK",2026-01-20
839,Java,Programming Language,Software Engineer,"London, UK",2026-01-20
839,JavaScript,Programming Language,Software Engineer,"London, UK",2026-01-20
839,AWS,Cloud,Software Engineer,"London, UK",2026-01-20
839,Docker,DevOps,Software Engineer,"London, UK",2026-01-20
839,PostgreSQL,Databases,Software Engineer,"London, UK",2026-01-20
1485,Python,Programming Language,ML Engineer,"Hyderabad, India",2026-01-20
1485,Spark,Big Data,ML Engineer,"Hyderabad, India",2026-01-20
1485,Docker,DevOps,ML Engineer,"Hyderabad, India",2026-01-20
1485,Kubernetes,DevOps,ML Engineer,"Hyderabad, India",2026-01-20
1485,Git,DevOps,ML Engineer,"Hyderabad, India",2026-01-20
1485,PyTorch,Machine Learning & AI,ML Engineer,"Hyderabad, India",2026-01-20
1485,Scikit-learn,Machine Learning & AI,ML Engineer,"Hyderabad, India",2026-01-20
1573,Python,Programming Language,Data Scientist,"New York, NY",2026-01-20
1573,SQL,Programming Language,Data Scientist,"New York, NY",2026-01-20
1573,Deep Learning,Machine Learning & AI,Data Scientist,"New York, NY",2026-01-20
1573,PyTorch,Machine Learning & AI,Data Scientist,"New York, NY",2026-01-20
1813,BigQuery,Cloud & Data Warehousing,Data Engineer,"San Francisco, CA",2026-01-20
1813,Spark,Big Data,Data Engineer,"San Francisco, CA",2026-01-20
1813,Kafka,Big Data,Data Engineer,"San Francisco, CA",2026-01-20
1813,Airflow,Data Engineering,Data Engineer,"San Francisco, CA",2026-01-20
1813,dbt,Data Engineering,Data Engineer,"San Francisco, CA",2026-01-20
1938,Python,Programming Language,Data Engineer,"Los Angeles, CA",2026-01-20
1938,SQL,Programming Language,Data Engineer,"Los Angeles, CA",2026-01-20
1938,BigQuery,Cloud & Data Warehousing,Data Engineer,"Los Angeles, CA",2026-01-20
1938,Kafka,Big Data,Data Engineer,"Los Angeles, CA",2026-01-20
1938,dbt,Data Engineering,Data Engineer,"Los Angeles, CA",2026-01-20
1938,ETL,Data Engineering,Data Engineer,"Los Angeles, CA",2026-01-20
1938,Data Warehousing,Data Engineering,Data Engineer,"Los Angeles, CA",2026-01-20
614,Python,Programming Language,Software Engineer,"Austin, TX",2026-01-21
614,Java,Programming Language,Software Engineer,"Austin, TX",2026-01-21
614,Git,DevOps,Software Engineer,"Austin, TX",2026-01-21
614,PostgreSQL,Databases,Software Engineer,"Austin, TX",2026-01-21
614,REST API,Software Engineering,Software Engineer,"Austin, TX",2026-01-21
661,Python,Programming Language,Software Engineer,"Denver, CO",2026-01-21
661,Java,Programming Language,Software Engineer,"Denver, CO",2026-01-21
661,Kubernetes,DevOps,Software Engineer,"Denver, CO",2026-01-21
661,Git,DevOps,Software Engineer,"Denver, CO",2026-01-21
355,Python,Programming Language,Data Engineer,"New York, NY",2026-01-22
355,SQL,Programming Language,Data Engineer,"New York, NY",2026-01-22
355,AWS,Cloud,Data Engineer,"New York, NY",2026-01-22
355,Snowflake,Cloud & Data Warehousing,Data Engineer,"New York, NY",2026-01-22
355,Airflow,Data Engineering,Data Engineer,"New York, NY",2026-01-22
355,dbt,Data Engineering,Data Engineer,"New York, NY",2026-01-22
355,NoSQL,Databases,Data Engineer,"New York, NY",2026-01-22
1252,Power BI,BI & Visualization,Data Scientist,Remote,2026-01-22
1252,Tableau,BI & Visualization,Data Scientist,Remote,2026-01-22
1252,AWS,Cloud,Data Scientist,Remote,2026-01-22
1252,Spark,Big Data,Data Scientist,Remote,2026-01-22
1252,Machine Learning,Machine Learning & AI,Data Scientist,Remote,2026-01-22
1252,Deep Learning,Machine Learning & AI,Data Scientist,Remote,2026-01-22
1252,NLP,Machine Learning & AI,Data Scientist,Remote,2026-01-22
1468,R,Programming Language,Data Scientist,"Seattle, WA",2026-01-22
1468,SQL,Programming Language,Data Scientist,"Seattle, WA",2026-01-22
1468,AWS,Cloud,Data Scientist,"Seattle, WA",2026-01-22
1468,Deep Learning,Machine Learning & AI,Data Scientist,"Seattle, WA",2026-01-22
1468,TensorFlow,Machine Learning & AI,Data Scientist,"Seattle, WA",2026-01-22
1468,Statistics,Analytics,Data Scientist,"Seattle, WA",2026-01-22
1607,Python,Programming Language,Data Analyst,"Los Angeles, CA",2026-01-22
1607,SQL,Programming Language,Data Analyst,"Los Angeles, CA",2026-01-22
1607,Looker,BI & Visualization,Data Analyst,"Los Angeles, CA",2026-01-22
1607,Git,DevOps,Data Analyst,"Los Angeles, CA",2026-01-22
1607,Statistics,Analytics,Data Analyst,"Los Angeles, CA",2026-01-22
1607,Data Warehousing,Data Engineering,Data Analyst,"Los Angeles, CA",2026-01-22
1951,Docker,DevOps,ML Engineer,"Mumbai, India",2026-01-22
1951,Kubernetes,DevOps,ML Engineer,"Mumbai, India",2026-01-22
1951,Machine Learning,Machine Learning & AI,ML Engineer,"Mumbai, India",2026-01-22
1951,TensorFlow,Machine Learning & AI,ML Engineer,"Mumbai, India",2026-01-22
1951,PyTorch,Machine Learning & AI,ML Engineer,"Mumbai, India",2026-01-22
488,Python,Programming Language,Data Analyst,"Seattle, WA",2026-01-23
488,SQL,Programming Language,Data Analyst,"Seattle, WA",2026-01-23
488,Power BI,BI & Visualization,Data Analyst,"Seattle, WA",2026-01-23
488,Tableau,BI & Visualization,Data Analyst,"Seattle, WA",2026-01-23
488,GCP,Cloud,Data Analyst,"Seattle, WA",2026-01-23
488,Statistics,Analytics,Data Analyst,"Seattle, WA",2026-01-23
488,A/B Testing,Analytics,Data Analyst,"Seattle, WA",2026-01-23
955,Python,Programming Language,Data Engineer,"Bengaluru, India",2026-01-23
955,BigQuery,Cloud & Data Warehousing,Data Engineer,"Bengaluru, India",2026-01-23
955,Airflow,Data Engineering,Data Engineer,"Bengaluru, India",2026-01-23
955,ETL,Data Engineering,Data Engineer,"Bengaluru, India",2026-01-23
1770,Python,Programming Language,Data Analyst,"Mumbai, India",2026-01-23
1770,SQL,Programming Language,Data Analyst,"Mumbai, India",2026-01-23
1770,Excel,BI & Visualization,Data Analyst,"Mumbai, India",2026-01-23
1770,Power BI,BI & Visualization,Data Analyst,"Mumbai, India",2026-01-23
1770,Tableau,BI & Visualization,Data Analyst,"Mumbai, India",2026-01-23
1770,A/B Testing,Analytics,Data Analyst,"Mumbai, India",2026-01-23
1770,ETL,Data Engineering,Data Analyst,"Mumbai, India",2026-01-23
810,Java,Programming Language,Software Engineer,"Bengaluru, India",2026-01-24
810,JavaScript,Programming Language,Software Engineer,"Bengaluru, India",2026-01-24
810,Git,DevOps,Software Engineer,"Bengaluru, India",2026-01-24
810,PostgreSQL,Databases,Software Engineer,"Bengaluru, India",2026-01-24
1427,SQL,Programming Language,Data Scientist,"New York, NY",2026-01-24
1427,Deep Learning,Machine Learning & AI,Data Scientist,"New York, NY",2026-01-24
1427,NLP,Machine Learning & AI,Data Scientist,"New York, NY",2026-01-24
1427,A/B Testing,Analytics,Data Scientist,"New York, NY",2026-01-24
259,Tableau,BI & Visualization,Data Scientist,"Denver, CO",2026-01-25
259,Machine Learning,Machine Learning & AI,Data Scientist,"Denver, CO",2026-01-25
259,Deep Learning,Machine Learning & AI,Data Scientist,"Denver, CO",2026-01-25
259,Scikit-learn,Machine Learning & AI,Data Scientist,"Denver, CO",2026-01-25
259,NLP,Machine Learning & AI,Data Scientist,"Denver, CO",2026-01-25
259,Computer Vision,Machine Learning & AI,Data Scientist,"Denver, CO",2026-01-25
518,Python,Programming Language,ML Engineer,Remote,2026-01-25
518,Docker,DevOps,ML Engineer,Remote,2026-01-25
518,TensorFlow,Machine Learning & AI,ML Engineer,Remote,2026-01-25
518,PyTorch,Machine Learning & AI,ML Engineer,Remote,2026-01-25
543,Python,Programming Language,Data Engineer,"New York, NY",2026-01-25
543,SQL,Programming Language,Data Engineer,"New York, NY",2026-01-25
543,Snowflake,Cloud & Data Warehousing,Data Engineer,"New York, NY",2026-01-25
543,Spark,Big Data,Data Engineer,"New York, NY",2026-01-25
543,Kafka,Big Data,Data Engineer,"New York, NY",2026-01-25
543,Airflow,Data Engineering,Data Engineer,"New York, NY",2026-01-25
543,ETL,Data Engineering,Data Engineer,"New York, NY",2026-01-25
1039,Python,Programming Language,Data Analyst,"Austin, TX",2026-01-25
1039,R,Programming Language,Data Analyst,"Austin, TX",2026-01-25
1039,SQL,Programming Language,Data Analyst,"Austin, TX",2026-01-25
1039,Excel,BI & Visualization,Data Analyst,"Austin, TX",2026-01-25
1039,Power BI,BI & Visualization,Data Analyst,"Austin, TX",2026-01-25
1039,Tableau,BI & Visualization,Data Analyst,"Austin, TX",2026-01-25
1093,SQL,Programming Language,Data Engineer,"Mumbai, India",2026-01-25
1093,AWS,Cloud,Data Engineer,"Mumbai, India",2026-01-25
1093,Azure,Cloud,Data Engineer,"Mumbai, India",2026-01-25
1093,Snowflake,Cloud & Data Warehousing,Data Engineer,"Mumbai, India",2026-01-25
1093,Redshift,Cloud & Data Warehousing,Data Engineer,"Mumbai, India",2026-01-25
1093,BigQuery,Cloud & Data Warehousing,Data Engineer,"Mumbai, India",2026-01-25
1093,dbt,Data Engineering,Data Engineer,"Mumbai, India",2026-01-25
1549,SQL,Programming Language,Software Engineer,"Hyderabad, India",2026-01-25
1549,JavaScript,Programming Language,Software Engineer,"Hyderabad, India",2026-01-25
1549,Docker,DevOps,Software Engineer,"Hyderabad, India",2026-01-25
1549,Git,DevOps,Software Engineer,"Hyderabad, India",2026-01-25
1806,Java,Programming Language,Software Engineer,"Los Angeles, CA",2026-01-25
1806,JavaScript,Programming Language,Software Engineer,"Los Angeles, CA",2026-01-25
1806,Git,DevOps,Software Engineer,"Los Angeles, CA",2026-01-25
1806,MongoDB,Databases,Software Engineer,"Los Angeles, CA",2026-01-25
811,Python,Programming Language,Data Analyst,"Bengaluru, India",2026-01-26
811,SQL,Programming Language,Data Analyst,"Bengaluru, India",2026-01-26
811,Excel,BI & Visualization,Data Analyst,"Bengaluru, India",2026-01-26
811,Power BI,BI & Visualization,Data Analyst,"Bengaluru, India",2026-01-26
811,Tableau,BI & Visualization,Data Analyst,"Bengaluru, India",2026-01-26
811,A/B Testing,Analytics,Data Analyst,"Bengaluru, India",2026-01-26
811,Data Warehousing,Data Engineering,Data Analyst,"Bengaluru, India",2026-01-26
1146,SQL,Programming Language,Software Engineer,Singapore,2026-01-26
1146,Java,Programming Language,Software Engineer,Singapore,2026-01-26
1146,Git,DevOps,Software Engineer,Singapore,2026-01-26
1146,Agile,Soft Skills & Methodology,Software Engineer,Singapore,2026-01-26
1422,SQL,Programming Language,Data Analyst,"Los Angeles, CA",2026-01-26
1422,Excel,BI & Visualization,Data Analyst,"Los Angeles, CA",2026-01-26
1422,Power BI,BI & Visualization,Data Analyst,"Los Angeles, CA",2026-01-26
1422,Tableau,BI & Visualization,Data Analyst,"Los Angeles, CA",2026-01-26
1422,Statistics,Analytics,Data Analyst,"Los Angeles, CA",2026-01-26
1422,ETL,Data Engineering,Data Analyst,"Los Angeles, CA",2026-01-26
1614,SQL,Programming Language,Software Engineer,"Denver, CO",2026-01-26
1614,AWS,Cloud,Software Engineer,"Denver, CO",2026-01-26
1614,Docker,DevOps,Software Engineer,"Denver, CO",2026-01-26
1614,REST API,Software Engineering,Software Engineer,"Denver, CO",2026-01-26
1614,Agile,Soft Skills & Methodology,Software Engineer,"Denver, CO",2026-01-26
1713,AWS,Cloud,ML Engineer,"Washington, DC",2026-01-26
1713,Docker,DevOps,ML Engineer,"Washington, DC",2026-01-26
1713,Kubernetes,DevOps,ML Engineer,"Washington, DC",2026-01-26
1713,Git,DevOps,ML Engineer,"Washington, DC",2026-01-26
1713,Machine Learning,Machine Learning & AI,ML Engineer,"Washington, DC",2026-01-26
1713,TensorFlow,Machine Learning & AI,ML Engineer,"Washington, DC",2026-01-26
1865,SQL,Programming Language,Software Engineer,"Chicago, IL",2026-01-26
1865,Java,Programming Language,Software Engineer,"Chicago, IL",2026-01-26
1865,Git,DevOps,Software Engineer,"Chicago, IL",2026-01-26
1865,PostgreSQL,Databases,Software Engineer,"Chicago, IL",2026-01-26
1865,REST API,Software Engineering,Software Engineer,"Chicago, IL",2026-01-26
1865,Agile,Soft Skills & Methodology,Software Engineer,"Chicago, IL",2026-01-26
1936,Python,Programming Language,Data Engineer,Remote,2026-01-26
1936,SQL,Programming Language,Data Engineer,Remote,2026-01-26
1936,AWS,Cloud,Data Engineer,Remote,2026-01-26
1936,ETL,Data Engineering,Data Engineer,Remote,2026-01-26
1712,Python,Programming Language,Data Engineer,"Mumbai, India",2026-01-27
1712,SQL,Programming Language,Data Engineer,"Mumbai, India",2026-01-27
1712,AWS,Cloud,Data Engineer,"Mumbai, India",2026-01-27
1712,Kafka,Big Data,Data Engineer,"Mumbai, India",2026-01-27
1712,Airflow,Data Engineering,Data Engineer,"Mumbai, India",2026-01-27
1712,ETL,Data Engineering,Data Engineer,"Mumbai, India",2026-01-27
1712,Data Warehousing,Data Engineering,Data Engineer,"Mumbai, India",2026-01-27
1712,NoSQL,Databases,Data Engineer,"Mumbai, India",2026-01-27
130,SQL,Programming Language,Data Engineer,"Hyderabad, India",2026-01-28
130,AWS,Cloud,Data Engineer,"Hyderabad, India",2026-01-28
130,Kafka,Big Data,Data Engineer,"Hyderabad, India",2026-01-28
130,Airflow,Data Engineering,Data Engineer,"Hyderabad, India",2026-01-28
146,Python,Programming Language,Data Scientist,"Mumbai, India",2026-01-28
146,R,Programming Language,Data Scientist,"Mumbai, India",2026-01-28
146,Machine Learning,Machine Learning & AI,Data Scientist,"Mumbai, India",2026-01-28
146,PyTorch,Machine Learning & AI,Data Scientist,"Mumbai, India",2026-01-28
146,Scikit-learn,Machine Learning & AI,Data Scientist,"Mumbai, India",2026-01-28
146,NLP,Machine Learning & AI,Data Scientist,"Mumbai, India",2026-01-28
235,SQL,Programming Language,Data Analyst,"Bengaluru, India",2026-01-28
235,Excel,BI & Visualization,Data Analyst,"Bengaluru, India",2026-01-28
235,Tableau,BI & Visualization,Data Analyst,"Bengaluru, India",2026-01-28
235,Looker,BI & Visualization,Data Analyst,"Bengaluru, India",2026-01-28
235,Statistics,Analytics,Data Analyst,"Bengaluru, India",2026-01-28
235,Data Warehousing,Data Engineering,Data Analyst,"Bengaluru, India",2026-01-28
352,Python,Programming Language,Data Scientist,"Austin, TX",2026-01-28
352,SQL,Programming Language,Data Scientist,"Austin, TX",2026-01-28
352,Tableau,BI & Visualization,Data Scientist,"Austin, TX",2026-01-28
352,Machine Learning,Machine Learning & AI,Data Scientist,"Austin, TX",2026-01-28
352,Statistics,Analytics,Data Scientist,"Austin, TX",2026-01-28
352,A/B Testing,Analytics,Data Scientist,"Austin, TX",2026-01-28
408,AWS,Cloud,Data Scientist,Remote,2026-01-28
408,Machine Learning,Machine Learning & AI,Data Scientist,Remote,2026-01-28
408,Deep Learning,Machine Learning & AI,Data Scientist,Remote,2026-01-28
408,TensorFlow,Machine Learning & AI,Data Scientist,Remote,2026-01-28
408,Statistics,Analytics,Data Scientist,Remote,2026-01-28
408,A/B Testing,Analytics,Data Scientist,Remote,2026-01-28
1245,SQL,Programming Language,Data Analyst,Remote,2026-01-28
1245,Excel,BI & Visualization,Data Analyst,Remote,2026-01-28
1245,Power BI,BI & Visualization,Data Analyst,Remote,2026-01-28
1245,Tableau,BI & Visualization,Data Analyst,Remote,2026-01-28
1355,JavaScript,Programming Language,Software Engineer,"Austin, TX",2026-01-28
1355,Git,DevOps,Software Engineer,"Austin, TX",2026-01-28
1355,NoSQL,Databases,Software Engineer,"Austin, TX",2026-01-28
1355,MongoDB,Databases,Software Engineer,"Austin, TX",2026-01-28
1355,Linux,DevOps,Software Engineer,"Austin, TX",2026-01-28
1355,REST API,Software Engineering,Software Engineer,"Austin, TX",2026-01-28
1355,Agile,Soft Skills & Methodology,Software Engineer,"Austin, TX",2026-01-28
1649,Python,Programming Language,Data Analyst,"San Francisco, CA",2026-01-28
1649,R,Programming Language,Data Analyst,"San Francisco, CA",2026-01-28
1649,SQL,Programming Language,Data Analyst,"San Francisco, CA",2026-01-28
1649,Excel,BI & Visualization,Data Analyst,"San Francisco, CA",2026-01-28
1649,Tableau,BI & Visualization,Data Analyst,"San Francisco, CA",2026-01-28
1649,GCP,Cloud,Data Analyst,"San Francisco, CA",2026-01-28
1649,Statistics,Analytics,Data Analyst,"San Francisco, CA",2026-01-28
180,Java,Programming Language,Software Engineer,"New York, NY",2026-01-29
180,AWS,Cloud,Software Engineer,"New York, NY",2026-01-29
180,PostgreSQL,Databases,Software Engineer,"New York, NY",2026-01-29
180,REST API,Software Engineering,Software Engineer,"New York, NY",2026-01-29
367,Python,Programming Language,Data Scientist,"Pune, India",2026-01-29
367,AWS,Cloud,Data Scientist,"Pune, India",2026-01-29
367,Machine Learning,Machine Learning & AI,Data Scientist,"Pune, India",2026-01-29
367,PyTorch,Machine Learning & AI,Data Scientist,"Pune, India",2026-01-29
440,Python,Programming Language,Data Analyst,"Los Angeles, CA",2026-01-29
440,R,Programming Language,Data Analyst,"Los Angeles, CA",2026-01-29
440,Power BI,BI & Visualization,Data Analyst,"Los Angeles, CA",2026-01-29
440,Tableau,BI & Visualization,Data Analyst,"Los Angeles, CA",2026-01-29
440,Looker,BI & Visualization,Data Analyst,"Los Angeles, CA",2026-01-29
440,Git,DevOps,Data Analyst,"Los Angeles, CA",2026-01-29
440,Statistics,Analytics,Data Analyst,"Los Angeles, CA",2026-01-29
476,Python,Programming Language,Software Engineer,"Chicago, IL",2026-01-29
476,SQL,Programming Language,Software Engineer,"Chicago, IL",2026-01-29
476,AWS,Cloud,Software Engineer,"Chicago, IL",2026-01-29
476,REST API,Software Engineering,Software Engineer,"Chicago, IL",2026-01-29
666,Python,Programming Language,ML Engineer,"Hyderabad, India",2026-01-29
666,Spark,Big Data,ML Engineer,"Hyderabad, India",2026-01-29
666,Docker,DevOps,ML Engineer,"Hyderabad, India",2026-01-29
666,Machine Learning,Machine Learning & AI,ML Engineer,"Hyderabad, India",2026-01-29
666,Deep Learning,Machine Learning & AI,ML Engineer,"Hyderabad, India",2026-01-29
666,PyTorch,Machine Learning & AI,ML Engineer,"Hyderabad, India",2026-01-29
1023,JavaScript,Programming Language,Software Engineer,"Boston, MA",2026-01-29
1023,C++,Programming Language,Software Engineer,"Boston, MA",2026-01-29
1023,AWS,Cloud,Software Engineer,"Boston, MA",2026-01-29
1023,Docker,DevOps,Software Engineer,"Boston, MA",2026-01-29
1023,Git,DevOps,Software Engineer,"Boston, MA",2026-01-29
1023,Agile,Soft Skills & Methodology,Software Engineer,"Boston, MA",2026-01-29
1239,Python,Programming Language,ML Engineer,Remote,2026-01-29
1239,Spark,Big Data,ML Engineer,Remote,2026-01-29
1239,TensorFlow,Machine Learning & AI,ML Engineer,Remote,2026-01-29
1239,PyTorch,Machine Learning & AI,ML Engineer,Remote,2026-01-29
1239,Scikit-learn,Machine Learning & AI,ML Engineer,Remote,2026-01-29
1239,NLP,Machine Learning & AI,ML Engineer,Remote,2026-01-29
1331,Python,Programming Language,Data Analyst,"New York, NY",2026-01-29
1331,R,Programming Language,Data Analyst,"New York, NY",2026-01-29
1331,SQL,Programming Language,Data Analyst,"New York, NY",2026-01-29
1331,Excel,BI & Visualization,Data Analyst,"New York, NY",2026-01-29
1331,Git,DevOps,Data Analyst,"New York, NY",2026-01-29
1331,ETL,Data Engineering,Data Analyst,"New York, NY",2026-01-29
1331,Data Warehousing,Data Engineering,Data Analyst,"New York, NY",2026-01-29
78,Machine Learning,Machine Learning & AI,Data Scientist,"New York, NY",2026-01-30
78,TensorFlow,Machine Learning & AI,Data Scientist,"New York, NY",2026-01-30
78,Scikit-learn,Machine Learning & AI,Data Scientist,"New York, NY",2026-01-30
78,Statistics,Analytics,Data Scientist,"New York, NY",2026-01-30
353,SQL,Programming Language,Software Engineer,"Atlanta, GA",2026-01-30
353,C++,Programming Language,Software Engineer,"Atlanta, GA",2026-01-30
353,AWS,Cloud,Software Engineer,"Atlanta, GA",2026-01-30
353,NoSQL,Databases,Software Engineer,"Atlanta, GA",2026-01-30
353,MongoDB,Databases,Software Engineer,"Atlanta, GA",2026-01-30
353,PostgreSQL,Databases,Software Engineer,"Atlanta, GA",2026-01-30
725,SQL,Programming Language,Data Scientist,"Mumbai, India",2026-01-30
725,Spark,Big Data,Data Scientist,"Mumbai, India",2026-01-30
725,Machine Learning,Machine Learning & AI,Data Scientist,"Mumbai, India",2026-01-30
725,TensorFlow,Machine Learning & AI,Data Scientist,"Mumbai, India",2026-01-30
725,NLP,Machine Learning & AI,Data Scientist,"Mumbai, India",2026-01-30
725,Statistics,Analytics,Data Scientist,"Mumbai, India",2026-01-30
725,A/B Testing,Analytics,Data Scientist,"Mumbai, India",2026-01-30
726,Python,Programming Language,Software Engineer,"Los Angeles, CA",2026-01-30
726,SQL,Programming Language,Software Engineer,"Los Angeles, CA",2026-01-30
726,JavaScript,Programming Language,Software Engineer,"Los Angeles, CA",2026-01-30
726,Git,DevOps,Software Engineer,"Los Angeles, CA",2026-01-30
726,MongoDB,Databases,Software Engineer,"Los Angeles, CA",2026-01-30
1003,Python,Programming Language,Data Scientist,"New York, NY",2026-01-30
1003,SQL,Programming Language,Data Scientist,"New York, NY",2026-01-30
1003,Deep Learning,Machine Learning & AI,Data Scientist,"New York, NY",2026-01-30
1003,Scikit-learn,Machine Learning & AI,Data Scientist,"New York, NY",2026-01-30
1003,NLP,Machine Learning & AI,Data Scientist,"New York, NY",2026-01-30
1003,Computer Vision,Machine Learning & AI,Data Scientist,"New York, NY",2026-01-30
1501,Python,Programming Language,Software Engineer,"Atlanta, GA",2026-01-30
1501,Java,Programming Language,Software Engineer,"Atlanta, GA",2026-01-30
1501,JavaScript,Programming Language,Software Engineer,"Atlanta, GA",2026-01-30
1501,Git,DevOps,Software Engineer,"Atlanta, GA",2026-01-30
1720,Python,Programming Language,ML Engineer,"Bengaluru, India",2026-01-30
1720,AWS,Cloud,ML Engineer,"Bengaluru, India",2026-01-30
1720,Machine Learning,Machine Learning & AI,ML Engineer,"Bengaluru, India",2026-01-30
1720,TensorFlow,Machine Learning & AI,ML Engineer,"Bengaluru, India",2026-01-30
1720,PyTorch,Machine Learning & AI,ML Engineer,"Bengaluru, India",2026-01-30
1720,Computer Vision,Machine Learning & AI,ML Engineer,"Bengaluru, India",2026-01-30
404,R,Programming Language,Data Scientist,"Bengaluru, India",2026-01-31
404,Machine Learning,Machine Learning & AI,Data Scientist,"Bengaluru, India",2026-01-31
404,TensorFlow,Machine Learning & AI,Data Scientist,"Bengaluru, India",2026-01-31
404,PyTorch,Machine Learning & AI,Data Scientist,"Bengaluru, India",2026-01-31
404,Statistics,Analytics,Data Scientist,"Bengaluru, India",2026-01-31
404,A/B Testing,Analytics,Data Scientist,"Bengaluru, India",2026-01-31
1058,JavaScript,Programming Language,Software Engineer,"Chicago, IL",2026-01-31
1058,C++,Programming Language,Software Engineer,"Chicago, IL",2026-01-31
1058,Docker,DevOps,Software Engineer,"Chicago, IL",2026-01-31
1058,Kubernetes,DevOps,Software Engineer,"Chicago, IL",2026-01-31
1450,SQL,Programming Language,Software Engineer,"Hyderabad, India",2026-01-31
1450,Java,Programming Language,Software Engineer,"Hyderabad, India",2026-01-31
1450,JavaScript,Programming Language,Software Engineer,"Hyderabad, India",2026-01-31
1450,Docker,DevOps,Software Engineer,"Hyderabad, India",2026-01-31
1450,Kubernetes,DevOps,Software Engineer,"Hyderabad, India",2026-01-31
1450,Git,DevOps,Software Engineer,"Hyderabad, India",2026-01-31
1642,AWS,Cloud,ML Engineer,"Boston, MA",2026-01-31
1642,Docker,DevOps,ML Engineer,"Boston, MA",2026-01-31
1642,Kubernetes,DevOps,ML Engineer,"Boston, MA",2026-01-31
1642,Machine Learning,Machine Learning & AI,ML Engineer,"Boston, MA",2026-01-31
1642,Deep Learning,Machine Learning & AI,ML Engineer,"Boston, MA",2026-01-31
1642,TensorFlow,Machine Learning & AI,ML Engineer,"Boston, MA",2026-01-31
1642,PyTorch,Machine Learning & AI,ML Engineer,"Boston, MA",2026-01-31
1653,Python,Programming Language,Software Engineer,"Delhi, India",2026-01-31
1653,SQL,Programming Language,Software Engineer,"Delhi, India",2026-01-31
1653,Git,DevOps,Software Engineer,"Delhi, India",2026-01-31
1653,REST API,Software Engineering,Software Engineer,"Delhi, India",2026-01-31
1653,Agile,Soft Skills & Methodology,Software Engineer,"Delhi, India",2026-01-31
337,R,Programming Language,Data Scientist,"Bengaluru, India",2026-02-01
337,SQL,Programming Language,Data Scientist,"Bengaluru, India",2026-02-01
337,Machine Learning,Machine Learning & AI,Data Scientist,"Bengaluru, India",2026-02-01
337,PyTorch,Machine Learning & AI,Data Scientist,"Bengaluru, India",2026-02-01
337,Statistics,Analytics,Data Scientist,"Bengaluru, India",2026-02-01
337,A/B Testing,Analytics,Data Scientist,"Bengaluru, India",2026-02-01
1311,Excel,BI & Visualization,Data Analyst,Remote,2026-02-01
1311,Power BI,BI & Visualization,Data Analyst,Remote,2026-02-01
1311,Tableau,BI & Visualization,Data Analyst,Remote,2026-02-01
1311,Statistics,Analytics,Data Analyst,Remote,2026-02-01
1311,Data Warehousing,Data Engineering,Data Analyst,Remote,2026-02-01
1334,Python,Programming Language,Software Engineer,"Toronto, Canada",2026-02-01
1334,C++,Programming Language,Software Engineer,"Toronto, Canada",2026-02-01
1334,Docker,DevOps,Software Engineer,"Toronto, Canada",2026-02-01
1334,MongoDB,Databases,Software Engineer,"Toronto, Canada",2026-02-01
1334,Linux,DevOps,Software Engineer,"Toronto, Canada",2026-02-01
475,Python,Programming Language,Software Engineer,"New York, NY",2026-02-02
475,SQL,Programming Language,Software Engineer,"New York, NY",2026-02-02
475,JavaScript,Programming Language,Software Engineer,"New York, NY",2026-02-02
475,AWS,Cloud,Software Engineer,"New York, NY",2026-02-02
475,Git,DevOps,Software Engineer,"New York, NY",2026-02-02
475,MongoDB,Databases,Software Engineer,"New York, NY",2026-02-02
475,Agile,Soft Skills & Methodology,Software Engineer,"New York, NY",2026-02-02
796,Python,Programming Language,Data Scientist,"New York, NY",2026-02-02
796,Deep Learning,Machine Learning & AI,Data Scientist,"New York, NY",2026-02-02
796,Scikit-learn,Machine Learning & AI,Data Scientist,"New York, NY",2026-02-02
796,Statistics,Analytics,Data Scientist,"New York, NY",2026-02-02
1041,Python,Programming Language,ML Engineer,"Bengaluru, India",2026-02-02
1041,Azure,Cloud,ML Engineer,"Bengaluru, India",2026-02-02
1041,Docker,DevOps,ML Engineer,"Bengaluru, India",2026-02-02
1041,Kubernetes,DevOps,ML Engineer,"Bengaluru, India",2026-02-02
1041,Git,DevOps,ML Engineer,"Bengaluru, India",2026-02-02
1041,NLP,Machine Learning & AI,ML Engineer,"Bengaluru, India",2026-02-02
1041,Computer Vision,Machine Learning & AI,ML Engineer,"Bengaluru, India",2026-02-02
1898,SQL,Programming Language,Software Engineer,"Pune, India",2026-02-02
1898,Java,Programming Language,Software Engineer,"Pune, India",2026-02-02
1898,C++,Programming Language,Software Engineer,"Pune, India",2026-02-02
1898,Docker,DevOps,Software Engineer,"Pune, India",2026-02-02
1898,Kubernetes,DevOps,Software Engineer,"Pune, India",2026-02-02
1898,REST API,Software Engineering,Software Engineer,"Pune, India",2026-02-02
1912,Python,Programming Language,Data Engineer,Remote,2026-02-02
1912,SQL,Programming Language,Data Engineer,Remote,2026-02-02
1912,Snowflake,Cloud & Data Warehousing,Data Engineer,Remote,2026-02-02
1912,BigQuery,Cloud & Data Warehousing,Data Engineer,Remote,2026-02-02
1912,Spark,Big Data,Data Engineer,Remote,2026-02-02
1912,Kafka,Big Data,Data Engineer,Remote,2026-02-02
1912,ETL,Data Engineering,Data Engineer,Remote,2026-02-02
710,R,Programming Language,Data Analyst,"Seattle, WA",2026-02-03
710,SQL,Programming Language,Data Analyst,"Seattle, WA",2026-02-03
710,Power BI,BI & Visualization,Data Analyst,"Seattle, WA",2026-02-03
710,Tableau,BI & Visualization,Data Analyst,"Seattle, WA",2026-02-03
710,Statistics,Analytics,Data Analyst,"Seattle, WA",2026-02-03
1192,AWS,Cloud,Data Engineer,"Austin, TX",2026-02-03
1192,Azure,Cloud,Data Engineer,"Austin, TX",2026-02-03
1192,Snowflake,Cloud & Data Warehousing,Data Engineer,"Austin, TX",2026-02-03
1192,Spark,Big Data,Data Engineer,"Austin, TX",2026-02-03
1192,Docker,DevOps,Data Engineer,"Austin, TX",2026-02-03
1192,Data Warehousing,Data Engineering,Data Engineer,"Austin, TX",2026-02-03
1893,Kubernetes,DevOps,ML Engineer,"Atlanta, GA",2026-02-03
1893,Git,DevOps,ML Engineer,"Atlanta, GA",2026-02-03
1893,Machine Learning,Machine Learning & AI,ML Engineer,"Atlanta, GA",2026-02-03
1893,TensorFlow,Machine Learning & AI,ML Engineer,"Atlanta, GA",2026-02-03
1931,Python,Programming Language,Software Engineer,Remote,2026-02-03
1931,SQL,Programming Language,Software Engineer,Remote,2026-02-03
1931,Java,Programming Language,Software Engineer,Remote,2026-02-03
1931,JavaScript,Programming Language,Software Engineer,Remote,2026-02-03
1931,Git,DevOps,Software Engineer,Remote,2026-02-03
1965,Python,Programming Language,Data Scientist,"Mumbai, India",2026-02-03
1965,R,Programming Language,Data Scientist,"Mumbai, India",2026-02-03
1965,Machine Learning,Machine Learning & AI,Data Scientist,"Mumbai, India",2026-02-03
1965,Statistics,Analytics,Data Scientist,"Mumbai, India",2026-02-03
1965,A/B Testing,Analytics,Data Scientist,"Mumbai, India",2026-02-03
289,SQL,Programming Language,Data Engineer,"New York, NY",2026-02-04
289,Redshift,Cloud & Data Warehousing,Data Engineer,"New York, NY",2026-02-04
289,BigQuery,Cloud & Data Warehousing,Data Engineer,"New York, NY",2026-02-04
289,Airflow,Data Engineering,Data Engineer,"New York, NY",2026-02-04
289,ETL,Data Engineering,Data Engineer,"New York, NY",2026-02-04
443,Python,Programming Language,Software Engineer,"San Francisco, CA",2026-02-04
443,Java,Programming Language,Software Engineer,"San Francisco, CA",2026-02-04
443,Kubernetes,DevOps,Software Engineer,"San Francisco, CA",2026-02-04
443,NoSQL,Databases,Software Engineer,"San Francisco, CA",2026-02-04
443,Linux,DevOps,Software Engineer,"San Francisco, CA",2026-02-04
513,Python,Programming Language,Data Engineer,Remote,2026-02-04
513,GCP,Cloud,Data Engineer,Remote,2026-02-04
513,Spark,Big Data,Data Engineer,Remote,2026-02-04
513,Kafka,Big Data,Data Engineer,Remote,2026-02-04
803,Excel,BI & Visualization,Data Analyst,"New York, NY",2026-02-04
803,Power BI,BI & Visualization,Data Analyst,"New York, NY",2026-02-04
803,GCP,Cloud,Data Analyst,"New York, NY",2026-02-04
803,Statistics,Analytics,Data Analyst,"New York, NY",2026-02-04
812,SQL,Programming Language,Data Scientist,Remote,2026-02-04
812,Machine Learning,Machine Learning & AI,Data Scientist,Remote,2026-02-04
812,Computer Vision,Machine Learning & AI,Data Scientist,Remote,2026-02-04
812,A/B Testing,Analytics,Data Scientist,Remote,2026-02-04
1356,Python,Programming Language,Data Analyst,"London, UK",2026-02-04
1356,SQL,Programming Language,Data Analyst,"London, UK",2026-02-04
1356,Power BI,BI & Visualization,Data Analyst,"London, UK",2026-02-04
1356,Tableau,BI & Visualization,Data Analyst,"London, UK",2026-02-04
1356,Looker,BI & Visualization,Data Analyst,"London, UK",2026-02-04
1356,ETL,Data Engineering,Data Analyst,"London, UK",2026-02-04
1356,Data Warehousing,Data Engineering,Data Analyst,"London, UK",2026-02-04
1387,SQL,Programming Language,Data Engineer,"Toronto, Canada",2026-02-04
1387,Spark,Big Data,Data Engineer,"Toronto, Canada",2026-02-04
1387,Airflow,Data Engineering,Data Engineer,"Toronto, Canada",2026-02-04
1387,dbt,Data Engineering,Data Engineer,"Toronto, Canada",2026-02-04
1387,ETL,Data Engineering,Data Engineer,"Toronto, Canada",2026-02-04
1551,Python,Programming Language,Data Scientist,"Delhi, India",2026-02-04
1551,SQL,Programming Language,Data Scientist,"Delhi, India",2026-02-04
1551,PyTorch,Machine Learning & AI,Data Scientist,"Delhi, India",2026-02-04
1551,Scikit-learn,Machine Learning & AI,Data Scientist,"Delhi, India",2026-02-04
1551,NLP,Machine Learning & AI,Data Scientist,"Delhi, India",2026-02-04
1551,Statistics,Analytics,Data Scientist,"Delhi, India",2026-02-04
1551,A/B Testing,Analytics,Data Scientist,"Delhi, India",2026-02-04
1582,AWS,Cloud,Data Engineer,"Chicago, IL",2026-02-04
1582,Azure,Cloud,Data Engineer,"Chicago, IL",2026-02-04
1582,Redshift,Cloud & Data Warehousing,Data Engineer,"Chicago, IL",2026-02-04
1582,Spark,Big Data,Data Engineer,"Chicago, IL",2026-02-04
1582,Airflow,Data Engineering,Data Engineer,"Chicago, IL",2026-02-04
1582,NoSQL,Databases,Data Engineer,"Chicago, IL",2026-02-04
1678,Python,Programming Language,Data Scientist,"Pune, India",2026-02-04
1678,SQL,Programming Language,Data Scientist,"Pune, India",2026-02-04
1678,TensorFlow,Machine Learning & AI,Data Scientist,"Pune, India",2026-02-04
1678,PyTorch,Machine Learning & AI,Data Scientist,"Pune, India",2026-02-04
1678,Statistics,Analytics,Data Scientist,"Pune, India",2026-02-04
1678,A/B Testing,Analytics,Data Scientist,"Pune, India",2026-02-04
135,Python,Programming Language,Data Scientist,"Hyderabad, India",2026-02-05
135,SQL,Programming Language,Data Scientist,"Hyderabad, India",2026-02-05
135,Power BI,BI & Visualization,Data Scientist,"Hyderabad, India",2026-02-05
135,Machine Learning,Machine Learning & AI,Data Scientist,"Hyderabad, India",2026-02-05
135,A/B Testing,Analytics,Data Scientist,"Hyderabad, India",2026-02-05
208,Python,Programming Language,Data Engineer,"Chicago, IL",2026-02-05
208,AWS,Cloud,Data Engineer,"Chicago, IL",2026-02-05
208,Azure,Cloud,Data Engineer,"Chicago, IL",2026-02-05
208,GCP,Cloud,Data Engineer,"Chicago, IL",2026-02-05
208,Hadoop,Big Data,Data Engineer,"Chicago, IL",2026-02-05
208,Kafka,Big Data,Data Engineer,"Chicago, IL",2026-02-05
208,Docker,DevOps,Data Engineer,"Chicago, IL",2026-02-05
472,SQL,Programming Language,Software Engineer,"Denver, CO",2026-02-05
472,Java,Programming Language,Software Engineer,"Denver, CO",2026-02-05
472,JavaScript,Programming Language,Software Engineer,"Denver, CO",2026-02-05
472,Docker,DevOps,Software Engineer,"Denver, CO",2026-02-05
472,NoSQL,Databases,Software Engineer,"Denver, CO",2026-02-05
472,MongoDB,Databases,Software Engineer,"Denver, CO",2026-02-05
642,Python,Programming Language,Data Analyst,"Seattle, WA",2026-02-05
642,SQL,Programming Language,Data Analyst,"Seattle, WA",2026-02-05
642,Excel,BI & Visualization,Data Analyst,"Seattle, WA",2026-02-05
642,Tableau,BI & Visualization,Data Analyst,"Seattle, WA",2026-02-05
642,Statistics,Analytics,Data Analyst,"Seattle, WA",2026-02-05
1443,Python,Programming Language,Data Scientist,"Los Angeles, CA",2026-02-05
1443,SQL,Programming Language,Data Scientist,"Los Angeles, CA",2026-02-05
1443,NLP,Machine Learning & AI,Data Scientist,"Los Angeles, CA",2026-02-05
1443,A/B Testing,Analytics,Data Scientist,"Los Angeles, CA",2026-02-05
1583,Python,Programming Language,ML Engineer,"Bengaluru, India",2026-02-05
1583,AWS,Cloud,ML Engineer,"Bengaluru, India",2026-02-05
1583,Kubernetes,DevOps,ML Engineer,"Bengaluru, India",2026-02-05
1583,Machine Learning,Machine Learning & AI,ML Engineer,"Bengaluru, India",2026-02-05
1583,Deep Learning,Machine Learning & AI,ML Engineer,"Bengaluru, India",2026-02-05
1583,TensorFlow,Machine Learning & AI,ML Engineer,"Bengaluru, India",2026-02-05
1583,PyTorch,Machine Learning & AI,ML Engineer,"Bengaluru, India",2026-02-05
1588,SQL,Programming Language,Software Engineer,"Austin, TX",2026-02-05
1588,JavaScript,Programming Language,Software Engineer,"Austin, TX",2026-02-05
1588,C++,Programming Language,Software Engineer,"Austin, TX",2026-02-05
1588,Git,DevOps,Software Engineer,"Austin, TX",2026-02-05
1588,Linux,DevOps,Software Engineer,"Austin, TX",2026-02-05
1588,REST API,Software Engineering,Software Engineer,"Austin, TX",2026-02-05
1588,Agile,Soft Skills & Methodology,Software Engineer,"Austin, TX",2026-02-05
1603,Python,Programming Language,Software Engineer,"Delhi, India",2026-02-05
1603,JavaScript,Programming Language,Software Engineer,"Delhi, India",2026-02-05
1603,C++,Programming Language,Software Engineer,"Delhi, India",2026-02-05
1603,AWS,Cloud,Software Engineer,"Delhi, India",2026-02-05
1808,Azure,Cloud,ML Engineer,"Boston, MA",2026-02-05
1808,Spark,Big Data,ML Engineer,"Boston, MA",2026-02-05
1808,Airflow,Data Engineering,ML Engineer,"Boston, MA",2026-02-05
1808,Docker,DevOps,ML Engineer,"Boston, MA",2026-02-05
1808,PyTorch,Machine Learning & AI,ML Engineer,"Boston, MA",2026-02-05
1808,Scikit-learn,Machine Learning & AI,ML Engineer,"Boston, MA",2026-02-05
1974,SQL,Programming Language,Data Engineer,"New York, NY",2026-02-05
1974,AWS,Cloud,Data Engineer,"New York, NY",2026-02-05
1974,Snowflake,Cloud & Data Warehousing,Data Engineer,"New York, NY",2026-02-05
1974,BigQuery,Cloud & Data Warehousing,Data Engineer,"New York, NY",2026-02-05
1974,Spark,Big Data,Data Engineer,"New York, NY",2026-02-05
1974,Hadoop,Big Data,Data Engineer,"New York, NY",2026-02-05
1974,ETL,Data Engineering,Data Engineer,"New York, NY",2026-02-05
79,Python,Programming Language,Data Scientist,"New York, NY",2026-02-06
79,Spark,Big Data,Data Scientist,"New York, NY",2026-02-06
79,Machine Learning,Machine Learning & AI,Data Scientist,"New York, NY",2026-02-06
79,NLP,Machine Learning & AI,Data Scientist,"New York, NY",2026-02-06
79,Computer Vision,Machine Learning & AI,Data Scientist,"New York, NY",2026-02-06
79,A/B Testing,Analytics,Data Scientist,"New York, NY",2026-02-06
269,SQL,Programming Language,Data Scientist,"Delhi, India",2026-02-06
269,TensorFlow,Machine Learning & AI,Data Scientist,"Delhi, India",2026-02-06
269,Scikit-learn,Machine Learning & AI,Data Scientist,"Delhi, India",2026-02-06
269,NLP,Machine Learning & AI,Data Scientist,"Delhi, India",2026-02-06
269,Statistics,Analytics,Data Scientist,"Delhi, India",2026-02-06
276,Python,Programming Language,ML Engineer,"Mumbai, India",2026-02-06
276,Azure,Cloud,ML Engineer,"Mumbai, India",2026-02-06
276,Kubernetes,DevOps,ML Engineer,"Mumbai, India",2026-02-06
276,Git,DevOps,ML Engineer,"Mumbai, India",2026-02-06
276,Machine Learning,Machine Learning & AI,ML Engineer,"Mumbai, India",2026-02-06
276,TensorFlow,Machine Learning & AI,ML Engineer,"Mumbai, India",2026-02-06
276,PyTorch,Machine Learning & AI,ML Engineer,"Mumbai, India",2026-02-06
276,Scikit-learn,Machine Learning & AI,ML Engineer,"Mumbai, India",2026-02-06
1121,Python,Programming Language,ML Engineer,"Toronto, Canada",2026-02-06
1121,Docker,DevOps,ML Engineer,"Toronto, Canada",2026-02-06
1121,Machine Learning,Machine Learning & AI,ML Engineer,"Toronto, Canada",2026-02-06
1121,TensorFlow,Machine Learning & AI,ML Engineer,"Toronto, Canada",2026-02-06
1121,PyTorch,Machine Learning & AI,ML Engineer,"Toronto, Canada",2026-02-06
1121,Scikit-learn,Machine Learning & AI,ML Engineer,"Toronto, Canada",2026-02-06
1401,AWS,Cloud,ML Engineer,"Atlanta, GA",2026-02-06
1401,Docker,DevOps,ML Engineer,"Atlanta, GA",2026-02-06
1401,Machine Learning,Machine Learning & AI,ML Engineer,"Atlanta, GA",2026-02-06
1401,Deep Learning,Machine Learning & AI,ML Engineer,"Atlanta, GA",2026-02-06
1401,PyTorch,Machine Learning & AI,ML Engineer,"Atlanta, GA",2026-02-06
1401,Computer Vision,Machine Learning & AI,ML Engineer,"Atlanta, GA",2026-02-06
1832,SQL,Programming Language,Data Engineer,"Austin, TX",2026-02-06
1832,GCP,Cloud,Data Engineer,"Austin, TX",2026-02-06
1832,Kafka,Big Data,Data Engineer,"Austin, TX",2026-02-06
1832,ETL,Data Engineering,Data Engineer,"Austin, TX",2026-02-06
1984,Python,Programming Language,ML Engineer,Remote,2026-02-06
1984,AWS,Cloud,ML Engineer,Remote,2026-02-06
1984,Kubernetes,DevOps,ML Engineer,Remote,2026-02-06
1984,Git,DevOps,ML Engineer,Remote,2026-02-06
1984,Deep Learning,Machine Learning & AI,ML Engineer,Remote,2026-02-06
1984,TensorFlow,Machine Learning & AI,ML Engineer,Remote,2026-02-06
1984,NLP,Machine Learning & AI,ML Engineer,Remote,2026-02-06
541,Python,Programming Language,Data Analyst,"Bengaluru, India",2026-02-07
541,SQL,Programming Language,Data Analyst,"Bengaluru, India",2026-02-07
541,Power BI,BI & Visualization,Data Analyst,"Bengaluru, India",2026-02-07
541,Tableau,BI & Visualization,Data Analyst,"Bengaluru, India",2026-02-07
541,Git,DevOps,Data Analyst,"Bengaluru, India",2026-02-07
541,A/B Testing,Analytics,Data Analyst,"Bengaluru, India",2026-02-07
541,Data Warehousing,Data Engineering,Data Analyst,"Bengaluru, India",2026-02-07
605,Python,Programming Language,Software Engineer,"Atlanta, GA",2026-02-07
605,Java,Programming Language,Software Engineer,"Atlanta, GA",2026-02-07
605,C++,Programming Language,Software Engineer,"Atlanta, GA",2026-02-07
605,NoSQL,Databases,Software Engineer,"Atlanta, GA",2026-02-07
605,Linux,DevOps,Software Engineer,"Atlanta, GA",2026-02-07
605,REST API,Software Engineering,Software Engineer,"Atlanta, GA",2026-02-07
973,Python,Programming Language,Data Engineer,"Hyderabad, India",2026-02-07
973,AWS,Cloud,Data Engineer,"Hyderabad, India",2026-02-07
973,Redshift,Cloud & Data Warehousing,Data Engineer,"Hyderabad, India",2026-02-07
973,Hadoop,Big Data,Data Engineer,"Hyderabad, India",2026-02-07
973,ETL,Data Engineering,Data Engineer,"Hyderabad, India",2026-02-07
973,Data Warehousing,Data Engineering,Data Engineer,"Hyderabad, India",2026-02-07
1166,SQL,Programming Language,Data Scientist,"Austin, TX",2026-02-07
1166,Tableau,BI & Visualization,Data Scientist,"Austin, TX",2026-02-07
1166,Machine Learning,Machine Learning & AI,Data Scientist,"Austin, TX",2026-02-07
1166,TensorFlow,Machine Learning & AI,Data Scientist,"Austin, TX",2026-02-07
1166,PyTorch,Machine Learning & AI,Data Scientist,"Austin, TX",2026-02-07
1166,Statistics,Analytics,Data Scientist,"Austin, TX",2026-02-07
1173,SQL,Programming Language,Data Scientist,"Boston, MA",2026-02-07
1173,Deep Learning,Machine Learning & AI,Data Scientist,"Boston, MA",2026-02-07
1173,TensorFlow,Machine Learning & AI,Data Scientist,"Boston, MA",2026-02-07
1173,Scikit-learn,Machine Learning & AI,Data Scientist,"Boston, MA",2026-02-07
1173,A/B Testing,Analytics,Data Scientist,"Boston, MA",2026-02-07
1213,Excel,BI & Visualization,Data Analyst,"New York, NY",2026-02-07
1213,Power BI,BI & Visualization,Data Analyst,"New York, NY",2026-02-07
1213,Tableau,BI & Visualization,Data Analyst,"New York, NY",2026-02-07
1213,Statistics,Analytics,Data Analyst,"New York, NY",2026-02-07
1213,Data Warehousing,Data Engineering,Data Analyst,"New York, NY",2026-02-07
1454,Python,Programming Language,Data Scientist,"Delhi, India",2026-02-07
1454,SQL,Programming Language,Data Scientist,"Delhi, India",2026-02-07
1454,AWS,Cloud,Data Scientist,"Delhi, India",2026-02-07
1454,Machine Learning,Machine Learning & AI,Data Scientist,"Delhi, India",2026-02-07
1454,Deep Learning,Machine Learning & AI,Data Scientist,"Delhi, India",2026-02-07
1454,Statistics,Analytics,Data Scientist,"Delhi, India",2026-02-07
1513,Python,Programming Language,ML Engineer,"San Francisco, CA",2026-02-07
1513,Docker,DevOps,ML Engineer,"San Francisco, CA",2026-02-07
1513,Kubernetes,DevOps,ML Engineer,"San Francisco, CA",2026-02-07
1513,Deep Learning,Machine Learning & AI,ML Engineer,"San Francisco, CA",2026-02-07
1709,BigQuery,Cloud & Data Warehousing,Data Engineer,"Denver, CO",2026-02-07
1709,Hadoop,Big Data,Data Engineer,"Denver, CO",2026-02-07
1709,dbt,Data Engineering,Data Engineer,"Denver, CO",2026-02-07
1709,ETL,Data Engineering,Data Engineer,"Denver, CO",2026-02-07
85,Python,Programming Language,Software Engineer,"Hyderabad, India",2026-02-08
85,Java,Programming Language,Software Engineer,"Hyderabad, India",2026-02-08
85,AWS,Cloud,Software Engineer,"Hyderabad, India",2026-02-08
85,Docker,DevOps,Software Engineer,"Hyderabad, India",2026-02-08
85,Git,DevOps,Software Engineer,"Hyderabad, India",2026-02-08
85,NoSQL,Databases,Software Engineer,"Hyderabad, India",2026-02-08
85,REST API,Software Engineering,Software Engineer,"Hyderabad, India",2026-02-08
1128,AWS,Cloud,Data Engineer,"Denver, CO",2026-02-08
1128,GCP,Cloud,Data Engineer,"Denver, CO",2026-02-08
1128,BigQuery,Cloud & Data Warehousing,Data Engineer,"Denver, CO",2026-02-08
1128,Hadoop,Big Data,Data Engineer,"Denver, CO",2026-02-08
1128,Kafka,Big Data,Data Engineer,"Denver, CO",2026-02-08
1128,ETL,Data Engineering,Data Engineer,"Denver, CO",2026-02-08
1655,Python,Programming Language,Data Analyst,"Hyderabad, India",2026-02-08
1655,Excel,BI & Visualization,Data Analyst,"Hyderabad, India",2026-02-08
1655,Power BI,BI & Visualization,Data Analyst,"Hyderabad, India",2026-02-08
1655,Tableau,BI & Visualization,Data Analyst,"Hyderabad, India",2026-02-08
1655,Looker,BI & Visualization,Data Analyst,"Hyderabad, India",2026-02-08
1655,Statistics,Analytics,Data Analyst,"Hyderabad, India",2026-02-08
1665,Python,Programming Language,Data Analyst,"Mumbai, India",2026-02-08
1665,SQL,Programming Language,Data Analyst,"Mumbai, India",2026-02-08
1665,Excel,BI & Visualization,Data Analyst,"Mumbai, India",2026-02-08
1665,Tableau,BI & Visualization,Data Analyst,"Mumbai, India",2026-02-08
1665,A/B Testing,Analytics,Data Analyst,"Mumbai, India",2026-02-08
1879,SQL,Programming Language,Data Engineer,"Toronto, Canada",2026-02-08
1879,AWS,Cloud,Data Engineer,"Toronto, Canada",2026-02-08
1879,Redshift,Cloud & Data Warehousing,Data Engineer,"Toronto, Canada",2026-02-08
1879,Spark,Big Data,Data Engineer,"Toronto, Canada",2026-02-08
1879,Hadoop,Big Data,Data Engineer,"Toronto, Canada",2026-02-08
1879,Kafka,Big Data,Data Engineer,"Toronto, Canada",2026-02-08
1879,dbt,Data Engineering,Data Engineer,"Toronto, Canada",2026-02-08
1879,ETL,Data Engineering,Data Engineer,"Toronto, Canada",2026-02-08
293,Python,Programming Language,Data Scientist,Remote,2026-02-09
293,AWS,Cloud,Data Scientist,Remote,2026-02-09
293,Deep Learning,Machine Learning & AI,Data Scientist,Remote,2026-02-09
293,PyTorch,Machine Learning & AI,Data Scientist,Remote,2026-02-09
293,Scikit-learn,Machine Learning & AI,Data Scientist,Remote,2026-02-09
293,NLP,Machine Learning & AI,Data Scientist,Remote,2026-02-09
293,Statistics,Analytics,Data Scientist,Remote,2026-02-09
793,AWS,Cloud,Data Scientist,"Austin, TX",2026-02-09
793,TensorFlow,Machine Learning & AI,Data Scientist,"Austin, TX",2026-02-09
793,NLP,Machine Learning & AI,Data Scientist,"Austin, TX",2026-02-09
793,A/B Testing,Analytics,Data Scientist,"Austin, TX",2026-02-09
1098,Python,Programming Language,Data Scientist,"Boston, MA",2026-02-09
1098,R,Programming Language,Data Scientist,"Boston, MA",2026-02-09
1098,SQL,Programming Language,Data Scientist,"Boston, MA",2026-02-09
1098,Machine Learning,Machine Learning & AI,Data Scientist,"Boston, MA",2026-02-09
1098,Computer Vision,Machine Learning & AI,Data Scientist,"Boston, MA",2026-02-09
1098,Statistics,Analytics,Data Scientist,"Boston, MA",2026-02-09
1225,Python,Programming Language,Data Scientist,"New York, NY",2026-02-09
1225,R,Programming Language,Data Scientist,"New York, NY",2026-02-09
1225,AWS,Cloud,Data Scientist,"New York, NY",2026-02-09
1225,TensorFlow,Machine Learning & AI,Data Scientist,"New York, NY",2026-02-09
1225,PyTorch,Machine Learning & AI,Data Scientist,"New York, NY",2026-02-09
1225,Scikit-learn,Machine Learning & AI,Data Scientist,"New York, NY",2026-02-09
1225,A/B Testing,Analytics,Data Scientist,"New York, NY",2026-02-09
1719,R,Programming Language,Data Scientist,Singapore,2026-02-09
1719,SQL,Programming Language,Data Scientist,Singapore,2026-02-09
1719,Spark,Big Data,Data Scientist,Singapore,2026-02-09
1719,Scikit-learn,Machine Learning & AI,Data Scientist,Singapore,2026-02-09
1962,Python,Programming Language,Data Engineer,"Berlin, Germany",2026-02-09
1962,SQL,Programming Language,Data Engineer,"Berlin, Germany",2026-02-09
1962,Spark,Big Data,Data Engineer,"Berlin, Germany",2026-02-09
1962,dbt,Data Engineering,Data Engineer,"Berlin, Germany",2026-02-09
1962,Docker,DevOps,Data Engineer,"Berlin, Germany",2026-02-09
1962,ETL,Data Engineering,Data Engineer,"Berlin, Germany",2026-02-09
655,Python,Programming Language,Data Engineer,"Mumbai, India",2026-02-10
655,BigQuery,Cloud & Data Warehousing,Data Engineer,"Mumbai, India",2026-02-10
655,Spark,Big Data,Data Engineer,"Mumbai, India",2026-02-10
655,Kafka,Big Data,Data Engineer,"Mumbai, India",2026-02-10
655,Airflow,Data Engineering,Data Engineer,"Mumbai, India",2026-02-10
655,ETL,Data Engineering,Data Engineer,"Mumbai, India",2026-02-10
926,Python,Programming Language,Data Scientist,"Denver, CO",2026-02-10
926,Spark,Big Data,Data Scientist,"Denver, CO",2026-02-10
926,Machine Learning,Machine Learning & AI,Data Scientist,"Denver, CO",2026-02-10
926,Scikit-learn,Machine Learning & AI,Data Scientist,"Denver, CO",2026-02-10
1087,SQL,Programming Language,Data Engineer,"Delhi, India",2026-02-10
1087,Azure,Cloud,Data Engineer,"Delhi, India",2026-02-10
1087,Redshift,Cloud & Data Warehousing,Data Engineer,"Delhi, India",2026-02-10
1087,Spark,Big Data,Data Engineer,"Delhi, India",2026-02-10
1087,Kafka,Big Data,Data Engineer,"Delhi, India",2026-02-10
1087,Docker,DevOps,Data Engineer,"Delhi, India",2026-02-10
1087,ETL,Data Engineering,Data Engineer,"Delhi, India",2026-02-10
1470,SQL,Programming Language,Data Scientist,"Pune, India",2026-02-10
1470,Spark,Big Data,Data Scientist,"Pune, India",2026-02-10
1470,Scikit-learn,Machine Learning & AI,Data Scientist,"Pune, India",2026-02-10
1470,NLP,Machine Learning & AI,Data Scientist,"Pune, India",2026-02-10
1470,Computer Vision,Machine Learning & AI,Data Scientist,"Pune, India",2026-02-10
1599,Python,Programming Language,Data Analyst,"Boston, MA",2026-02-10
1599,Excel,BI & Visualization,Data Analyst,"Boston, MA",2026-02-10
1599,Power BI,BI & Visualization,Data Analyst,"Boston, MA",2026-02-10
1599,Tableau,BI & Visualization,Data Analyst,"Boston, MA",2026-02-10
1599,Looker,BI & Visualization,Data Analyst,"Boston, MA",2026-02-10
1599,ETL,Data Engineering,Data Analyst,"Boston, MA",2026-02-10
1599,MongoDB,Databases,Data Analyst,"Boston, MA",2026-02-10
42,SQL,Programming Language,Data Scientist,"Dublin, Ireland",2026-02-11
42,Machine Learning,Machine Learning & AI,Data Scientist,"Dublin, Ireland",2026-02-11
42,Deep Learning,Machine Learning & AI,Data Scientist,"Dublin, Ireland",2026-02-11
42,PyTorch,Machine Learning & AI,Data Scientist,"Dublin, Ireland",2026-02-11
42,NLP,Machine Learning & AI,Data Scientist,"Dublin, Ireland",2026-02-11
42,Statistics,Analytics,Data Scientist,"Dublin, Ireland",2026-02-11
1097,R,Programming Language,Data Analyst,"San Francisco, CA",2026-02-11
1097,Excel,BI & Visualization,Data Analyst,"San Francisco, CA",2026-02-11
1097,Tableau,BI & Visualization,Data Analyst,"San Francisco, CA",2026-02-11
1097,Statistics,Analytics,Data Analyst,"San Francisco, CA",2026-02-11
1097,ETL,Data Engineering,Data Analyst,"San Francisco, CA",2026-02-11
1097,Data Warehousing,Data Engineering,Data Analyst,"San Francisco, CA",2026-02-11
1812,Python,Programming Language,Data Analyst,"Chicago, IL",2026-02-11
1812,Power BI,BI & Visualization,Data Analyst,"Chicago, IL",2026-02-11
1812,Looker,BI & Visualization,Data Analyst,"Chicago, IL",2026-02-11
1812,Git,DevOps,Data Analyst,"Chicago, IL",2026-02-11
1812,Statistics,Analytics,Data Analyst,"Chicago, IL",2026-02-11
1812,A/B Testing,Analytics,Data Analyst,"Chicago, IL",2026-02-11
1812,ETL,Data Engineering,Data Analyst,"Chicago, IL",2026-02-11
147,Python,Programming Language,Data Analyst,"San Francisco, CA",2026-02-12
147,R,Programming Language,Data Analyst,"San Francisco, CA",2026-02-12
147,Excel,BI & Visualization,Data Analyst,"San Francisco, CA",2026-02-12
147,Tableau,BI & Visualization,Data Analyst,"San Francisco, CA",2026-02-12
147,Git,DevOps,Data Analyst,"San Francisco, CA",2026-02-12
147,Statistics,Analytics,Data Analyst,"San Francisco, CA",2026-02-12
1011,Python,Programming Language,ML Engineer,"San Francisco, CA",2026-02-12
1011,AWS,Cloud,ML Engineer,"San Francisco, CA",2026-02-12
1011,Spark,Big Data,ML Engineer,"San Francisco, CA",2026-02-12
1011,Docker,DevOps,ML Engineer,"San Francisco, CA",2026-02-12
1011,NLP,Machine Learning & AI,ML Engineer,"San Francisco, CA",2026-02-12
1014,Java,Programming Language,Software Engineer,"San Francisco, CA",2026-02-12
1014,Git,DevOps,Software Engineer,"San Francisco, CA",2026-02-12
1014,PostgreSQL,Databases,Software Engineer,"San Francisco, CA",2026-02-12
1014,Linux,DevOps,Software Engineer,"San Francisco, CA",2026-02-12
1014,Agile,Soft Skills & Methodology,Software Engineer,"San Francisco, CA",2026-02-12
1042,Java,Programming Language,Software Engineer,"London, UK",2026-02-12
1042,AWS,Cloud,Software Engineer,"London, UK",2026-02-12
1042,Git,DevOps,Software Engineer,"London, UK",2026-02-12
1042,NoSQL,Databases,Software Engineer,"London, UK",2026-02-12
1042,Linux,DevOps,Software Engineer,"London, UK",2026-02-12
1289,AWS,Cloud,Data Engineer,"Pune, India",2026-02-12
1289,Azure,Cloud,Data Engineer,"Pune, India",2026-02-12
1289,Airflow,Data Engineering,Data Engineer,"Pune, India",2026-02-12
1289,ETL,Data Engineering,Data Engineer,"Pune, India",2026-02-12
1482,Python,Programming Language,Data Engineer,"San Francisco, CA",2026-02-12
1482,SQL,Programming Language,Data Engineer,"San Francisco, CA",2026-02-12
1482,BigQuery,Cloud & Data Warehousing,Data Engineer,"San Francisco, CA",2026-02-12
1482,Data Warehousing,Data Engineering,Data Engineer,"San Francisco, CA",2026-02-12
1601,SQL,Programming Language,Data Engineer,"New York, NY",2026-02-12
1601,Spark,Big Data,Data Engineer,"New York, NY",2026-02-12
1601,Hadoop,Big Data,Data Engineer,"New York, NY",2026-02-12
1601,dbt,Data Engineering,Data Engineer,"New York, NY",2026-02-12
1957,Machine Learning,Machine Learning & AI,Data Scientist,"Dublin, Ireland",2026-02-12
1957,Scikit-learn,Machine Learning & AI,Data Scientist,"Dublin, Ireland",2026-02-12
1957,Statistics,Analytics,Data Scientist,"Dublin, Ireland",2026-02-12
1957,A/B Testing,Analytics,Data Scientist,"Dublin, Ireland",2026-02-12
144,R,Programming Language,Data Scientist,"Berlin, Germany",2026-02-13
144,SQL,Programming Language,Data Scientist,"Berlin, Germany",2026-02-13
144,Spark,Big Data,Data Scientist,"Berlin, Germany",2026-02-13
144,Deep Learning,Machine Learning & AI,Data Scientist,"Berlin, Germany",2026-02-13
144,TensorFlow,Machine Learning & AI,Data Scientist,"Berlin, Germany",2026-02-13
144,NLP,Machine Learning & AI,Data Scientist,"Berlin, Germany",2026-02-13
262,Azure,Cloud,Data Engineer,"Bengaluru, India",2026-02-13
262,Snowflake,Cloud & Data Warehousing,Data Engineer,"Bengaluru, India",2026-02-13
262,Redshift,Cloud & Data Warehousing,Data Engineer,"Bengaluru, India",2026-02-13
262,dbt,Data Engineering,Data Engineer,"Bengaluru, India",2026-02-13
262,ETL,Data Engineering,Data Engineer,"Bengaluru, India",2026-02-13
706,Python,Programming Language,Software Engineer,"Seattle, WA",2026-02-13
706,JavaScript,Programming Language,Software Engineer,"Seattle, WA",2026-02-13
706,Docker,DevOps,Software Engineer,"Seattle, WA",2026-02-13
706,Kubernetes,DevOps,Software Engineer,"Seattle, WA",2026-02-13
706,Linux,DevOps,Software Engineer,"Seattle, WA",2026-02-13
719,Python,Programming Language,Data Engineer,"San Francisco, CA",2026-02-13
719,Snowflake,Cloud & Data Warehousing,Data Engineer,"San Francisco, CA",2026-02-13
719,Redshift,Cloud & Data Warehousing,Data Engineer,"San Francisco, CA",2026-02-13
719,BigQuery,Cloud & Data Warehousing,Data Engineer,"San Francisco, CA",2026-02-13
719,Kafka,Big Data,Data Engineer,"San Francisco, CA",2026-02-13
902,Python,Programming Language,Data Engineer,"Hyderabad, India",2026-02-13
902,Azure,Cloud,Data Engineer,"Hyderabad, India",2026-02-13
902,Snowflake,Cloud & Data Warehousing,Data Engineer,"Hyderabad, India",2026-02-13
902,BigQuery,Cloud & Data Warehousing,Data Engineer,"Hyderabad, India",2026-02-13
902,Spark,Big Data,Data Engineer,"Hyderabad, India",2026-02-13
902,ETL,Data Engineering,Data Engineer,"Hyderabad, India",2026-02-13
974,R,Programming Language,Data Analyst,"New York, NY",2026-02-13
974,SQL,Programming Language,Data Analyst,"New York, NY",2026-02-13
974,Excel,BI & Visualization,Data Analyst,"New York, NY",2026-02-13
974,Tableau,BI & Visualization,Data Analyst,"New York, NY",2026-02-13
974,A/B Testing,Analytics,Data Analyst,"New York, NY",2026-02-13
974,ETL,Data Engineering,Data Analyst,"New York, NY",2026-02-13
1297,SQL,Programming Language,Data Analyst,"Bengaluru, India",2026-02-14
1297,Excel,BI & Visualization,Data Analyst,"Bengaluru, India",2026-02-14
1297,Power BI,BI & Visualization,Data Analyst,"Bengaluru, India",2026-02-14
1297,Tableau,BI & Visualization,Data Analyst,"Bengaluru, India",2026-02-14
1297,Statistics,Analytics,Data Analyst,"Bengaluru, India",2026-02-14
1416,Python,Programming Language,Data Scientist,"Washington, DC",2026-02-14
1416,R,Programming Language,Data Scientist,"Washington, DC",2026-02-14
1416,SQL,Programming Language,Data Scientist,"Washington, DC",2026-02-14
1416,Machine Learning,Machine Learning & AI,Data Scientist,"Washington, DC",2026-02-14
1416,Scikit-learn,Machine Learning & AI,Data Scientist,"Washington, DC",2026-02-14
1416,A/B Testing,Analytics,Data Scientist,"Washington, DC",2026-02-14
7,C++,Programming Language,Software Engineer,"Hyderabad, India",2026-02-15
7,Docker,DevOps,Software Engineer,"Hyderabad, India",2026-02-15
7,MongoDB,Databases,Software Engineer,"Hyderabad, India",2026-02-15
7,PostgreSQL,Databases,Software Engineer,"Hyderabad, India",2026-02-15
7,Agile,Soft Skills & Methodology,Software Engineer,"Hyderabad, India",2026-02-15
1425,R,Programming Language,Data Analyst,"Atlanta, GA",2026-02-15
1425,SQL,Programming Language,Data Analyst,"Atlanta, GA",2026-02-15
1425,Power BI,BI & Visualization,Data Analyst,"Atlanta, GA",2026-02-15
1425,Tableau,BI & Visualization,Data Analyst,"Atlanta, GA",2026-02-15
1425,Looker,BI & Visualization,Data Analyst,"Atlanta, GA",2026-02-15
1425,Statistics,Analytics,Data Analyst,"Atlanta, GA",2026-02-15
1425,MongoDB,Databases,Data Analyst,"Atlanta, GA",2026-02-15
1606,Python,Programming Language,Software Engineer,"Boston, MA",2026-02-15
1606,JavaScript,Programming Language,Software Engineer,"Boston, MA",2026-02-15
1606,C++,Programming Language,Software Engineer,"Boston, MA",2026-02-15
1606,Git,DevOps,Software Engineer,"Boston, MA",2026-02-15
1606,Linux,DevOps,Software Engineer,"Boston, MA",2026-02-15
1970,Python,Programming Language,Data Scientist,"Toronto, Canada",2026-02-15
1970,R,Programming Language,Data Scientist,"Toronto, Canada",2026-02-15
1970,Power BI,BI & Visualization,Data Scientist,"Toronto, Canada",2026-02-15
1970,Spark,Big Data,Data Scientist,"Toronto, Canada",2026-02-15
1970,TensorFlow,Machine Learning & AI,Data Scientist,"Toronto, Canada",2026-02-15
1970,A/B Testing,Analytics,Data Scientist,"Toronto, Canada",2026-02-15
1975,Python,Programming Language,Data Scientist,"Mumbai, India",2026-02-15
1975,R,Programming Language,Data Scientist,"Mumbai, India",2026-02-15
1975,SQL,Programming Language,Data Scientist,"Mumbai, India",2026-02-15
1975,Machine Learning,Machine Learning & AI,Data Scientist,"Mumbai, India",2026-02-15
1975,Deep Learning,Machine Learning & AI,Data Scientist,"Mumbai, India",2026-02-15
1975,PyTorch,Machine Learning & AI,Data Scientist,"Mumbai, India",2026-02-15
1975,Statistics,Analytics,Data Scientist,"Mumbai, India",2026-02-15
603,R,Programming Language,Data Analyst,"Bengaluru, India",2026-02-16
603,SQL,Programming Language,Data Analyst,"Bengaluru, India",2026-02-16
603,Power BI,BI & Visualization,Data Analyst,"Bengaluru, India",2026-02-16
603,Tableau,BI & Visualization,Data Analyst,"Bengaluru, India",2026-02-16
603,Looker,BI & Visualization,Data Analyst,"Bengaluru, India",2026-02-16
603,GCP,Cloud,Data Analyst,"Bengaluru, India",2026-02-16
603,A/B Testing,Analytics,Data Analyst,"Bengaluru, India",2026-02-16
823,Power BI,BI & Visualization,Data Scientist,"Atlanta, GA",2026-02-16
823,Spark,Big Data,Data Scientist,"Atlanta, GA",2026-02-16
823,Machine Learning,Machine Learning & AI,Data Scientist,"Atlanta, GA",2026-02-16
823,Deep Learning,Machine Learning & AI,Data Scientist,"Atlanta, GA",2026-02-16
823,PyTorch,Machine Learning & AI,Data Scientist,"Atlanta, GA",2026-02-16
823,Scikit-learn,Machine Learning & AI,Data Scientist,"Atlanta, GA",2026-02-16
823,Statistics,Analytics,Data Scientist,"Atlanta, GA",2026-02-16
938,Python,Programming Language,Data Scientist,"New York, NY",2026-02-16
938,SQL,Programming Language,Data Scientist,"New York, NY",2026-02-16
938,Tableau,BI & Visualization,Data Scientist,"New York, NY",2026-02-16
938,Machine Learning,Machine Learning & AI,Data Scientist,"New York, NY",2026-02-16
938,Deep Learning,Machine Learning & AI,Data Scientist,"New York, NY",2026-02-16
938,PyTorch,Machine Learning & AI,Data Scientist,"New York, NY",2026-02-16
938,Scikit-learn,Machine Learning & AI,Data Scientist,"New York, NY",2026-02-16
956,Python,Programming Language,Data Engineer,"San Francisco, CA",2026-02-16
956,SQL,Programming Language,Data Engineer,"San Francisco, CA",2026-02-16
956,AWS,Cloud,Data Engineer,"San Francisco, CA",2026-02-16
956,Spark,Big Data,Data Engineer,"San Francisco, CA",2026-02-16
956,Hadoop,Big Data,Data Engineer,"San Francisco, CA",2026-02-16
956,ETL,Data Engineering,Data Engineer,"San Francisco, CA",2026-02-16
1065,SQL,Programming Language,Data Engineer,"Pune, India",2026-02-16
1065,Redshift,Cloud & Data Warehousing,Data Engineer,"Pune, India",2026-02-16
1065,Spark,Big Data,Data Engineer,"Pune, India",2026-02-16
1065,Hadoop,Big Data,Data Engineer,"Pune, India",2026-02-16
1065,Kafka,Big Data,Data Engineer,"Pune, India",2026-02-16
1065,Airflow,Data Engineering,Data Engineer,"Pune, India",2026-02-16
1065,dbt,Data Engineering,Data Engineer,"Pune, India",2026-02-16
1091,R,Programming Language,Data Analyst,"Hyderabad, India",2026-02-16
1091,Excel,BI & Visualization,Data Analyst,"Hyderabad, India",2026-02-16
1091,Power BI,BI & Visualization,Data Analyst,"Hyderabad, India",2026-02-16
1091,Tableau,BI & Visualization,Data Analyst,"Hyderabad, India",2026-02-16
1091,GCP,Cloud,Data Analyst,"Hyderabad, India",2026-02-16
1091,Statistics,Analytics,Data Analyst,"Hyderabad, India",2026-02-16
1091,MongoDB,Databases,Data Analyst,"Hyderabad, India",2026-02-16
1600,Python,Programming Language,ML Engineer,"Boston, MA",2026-02-16
1600,Airflow,Data Engineering,ML Engineer,"Boston, MA",2026-02-16
1600,Docker,DevOps,ML Engineer,"Boston, MA",2026-02-16
1600,Deep Learning,Machine Learning & AI,ML Engineer,"Boston, MA",2026-02-16
1600,TensorFlow,Machine Learning & AI,ML Engineer,"Boston, MA",2026-02-16
1600,Computer Vision,Machine Learning & AI,ML Engineer,"Boston, MA",2026-02-16
1956,Python,Programming Language,Data Engineer,"Bengaluru, India",2026-02-16
1956,AWS,Cloud,Data Engineer,"Bengaluru, India",2026-02-16
1956,Azure,Cloud,Data Engineer,"Bengaluru, India",2026-02-16
1956,Hadoop,Big Data,Data Engineer,"Bengaluru, India",2026-02-16
1956,Airflow,Data Engineering,Data Engineer,"Bengaluru, India",2026-02-16
860,AWS,Cloud,Data Engineer,"Bengaluru, India",2026-02-17
860,Azure,Cloud,Data Engineer,"Bengaluru, India",2026-02-17
860,Redshift,Cloud & Data Warehousing,Data Engineer,"Bengaluru, India",2026-02-17
860,Hadoop,Big Data,Data Engineer,"Bengaluru, India",2026-02-17
860,Docker,DevOps,Data Engineer,"Bengaluru, India",2026-02-17
860,ETL,Data Engineering,Data Engineer,"Bengaluru, India",2026-02-17
1068,AWS,Cloud,Data Scientist,Remote,2026-02-17
1068,PyTorch,Machine Learning & AI,Data Scientist,Remote,2026-02-17
1068,Scikit-learn,Machine Learning & AI,Data Scientist,Remote,2026-02-17
1068,NLP,Machine Learning & AI,Data Scientist,Remote,2026-02-17
1068,Statistics,Analytics,Data Scientist,Remote,2026-02-17
1068,A/B Testing,Analytics,Data Scientist,Remote,2026-02-17
1152,SQL,Programming Language,Software Engineer,Remote,2026-02-17
1152,Java,Programming Language,Software Engineer,Remote,2026-02-17
1152,C++,Programming Language,Software Engineer,Remote,2026-02-17
1152,AWS,Cloud,Software Engineer,Remote,2026-02-17
1152,Docker,DevOps,Software Engineer,Remote,2026-02-17
1152,Git,DevOps,Software Engineer,Remote,2026-02-17
1160,SQL,Programming Language,Data Scientist,"New York, NY",2026-02-17
1160,Tableau,BI & Visualization,Data Scientist,"New York, NY",2026-02-17
1160,Machine Learning,Machine Learning & AI,Data Scientist,"New York, NY",2026-02-17
1160,Deep Learning,Machine Learning & AI,Data Scientist,"New York, NY",2026-02-17
975,Python,Programming Language,ML Engineer,"Los Angeles, CA",2026-02-18
975,Kubernetes,DevOps,ML Engineer,"Los Angeles, CA",2026-02-18
975,Git,DevOps,ML Engineer,"Los Angeles, CA",2026-02-18
975,Machine Learning,Machine Learning & AI,ML Engineer,"Los Angeles, CA",2026-02-18
975,PyTorch,Machine Learning & AI,ML Engineer,"Los Angeles, CA",2026-02-18
975,Scikit-learn,Machine Learning & AI,ML Engineer,"Los Angeles, CA",2026-02-18
975,NLP,Machine Learning & AI,ML Engineer,"Los Angeles, CA",2026-02-18
1030,SQL,Programming Language,Data Engineer,"New York, NY",2026-02-18
1030,Azure,Cloud,Data Engineer,"New York, NY",2026-02-18
1030,Snowflake,Cloud & Data Warehousing,Data Engineer,"New York, NY",2026-02-18
1030,BigQuery,Cloud & Data Warehousing,Data Engineer,"New York, NY",2026-02-18
1030,Spark,Big Data,Data Engineer,"New York, NY",2026-02-18
1030,Kafka,Big Data,Data Engineer,"New York, NY",2026-02-18
1030,Airflow,Data Engineering,Data Engineer,"New York, NY",2026-02-18
1258,SQL,Programming Language,Data Engineer,"New York, NY",2026-02-18
1258,AWS,Cloud,Data Engineer,"New York, NY",2026-02-18
1258,GCP,Cloud,Data Engineer,"New York, NY",2026-02-18
1258,Redshift,Cloud & Data Warehousing,Data Engineer,"New York, NY",2026-02-18
1258,Spark,Big Data,Data Engineer,"New York, NY",2026-02-18
1258,Hadoop,Big Data,Data Engineer,"New York, NY",2026-02-18
1877,Python,Programming Language,ML Engineer,"Toronto, Canada",2026-02-18
1877,Airflow,Data Engineering,ML Engineer,"Toronto, Canada",2026-02-18
1877,Kubernetes,DevOps,ML Engineer,"Toronto, Canada",2026-02-18
1877,Machine Learning,Machine Learning & AI,ML Engineer,"Toronto, Canada",2026-02-18
50,Python,Programming Language,Data Scientist,"Mumbai, India",2026-02-19
50,R,Programming Language,Data Scientist,"Mumbai, India",2026-02-19
50,SQL,Programming Language,Data Scientist,"Mumbai, India",2026-02-19
50,Spark,Big Data,Data Scientist,"Mumbai, India",2026-02-19
50,TensorFlow,Machine Learning & AI,Data Scientist,"Mumbai, India",2026-02-19
50,NLP,Machine Learning & AI,Data Scientist,"Mumbai, India",2026-02-19
50,A/B Testing,Analytics,Data Scientist,"Mumbai, India",2026-02-19
92,Python,Programming Language,Data Engineer,"Washington, DC",2026-02-19
92,SQL,Programming Language,Data Engineer,"Washington, DC",2026-02-19
92,Snowflake,Cloud & Data Warehousing,Data Engineer,"Washington, DC",2026-02-19
92,Hadoop,Big Data,Data Engineer,"Washington, DC",2026-02-19
92,Kafka,Big Data,Data Engineer,"Washington, DC",2026-02-19
92,Data Warehousing,Data Engineering,Data Engineer,"Washington, DC",2026-02-19
1150,SQL,Programming Language,Software Engineer,"Bengaluru, India",2026-02-19
1150,Java,Programming Language,Software Engineer,"Bengaluru, India",2026-02-19
1150,JavaScript,Programming Language,Software Engineer,"Bengaluru, India",2026-02-19
1150,C++,Programming Language,Software Engineer,"Bengaluru, India",2026-02-19
1150,AWS,Cloud,Software Engineer,"Bengaluru, India",2026-02-19
1150,Docker,DevOps,Software Engineer,"Bengaluru, India",2026-02-19
1150,Kubernetes,DevOps,Software Engineer,"Bengaluru, India",2026-02-19
1326,Python,Programming Language,Data Analyst,"Austin, TX",2026-02-19
1326,Tableau,BI & Visualization,Data Analyst,"Austin, TX",2026-02-19
1326,GCP,Cloud,Data Analyst,"Austin, TX",2026-02-19
1326,ETL,Data Engineering,Data Analyst,"Austin, TX",2026-02-19
1522,Python,Programming Language,Data Analyst,"New York, NY",2026-02-19
1522,SQL,Programming Language,Data Analyst,"New York, NY",2026-02-19
1522,Tableau,BI & Visualization,Data Analyst,"New York, NY",2026-02-19
1522,Looker,BI & Visualization,Data Analyst,"New York, NY",2026-02-19
1522,ETL,Data Engineering,Data Analyst,"New York, NY",2026-02-19
1913,R,Programming Language,Data Scientist,"San Francisco, CA",2026-02-19
1913,Machine Learning,Machine Learning & AI,Data Scientist,"San Francisco, CA",2026-02-19
1913,TensorFlow,Machine Learning & AI,Data Scientist,"San Francisco, CA",2026-02-19
1913,PyTorch,Machine Learning & AI,Data Scientist,"San Francisco, CA",2026-02-19
1913,Statistics,Analytics,Data Scientist,"San Francisco, CA",2026-02-19
257,SQL,Programming Language,Software Engineer,"Seattle, WA",2026-02-20
257,Java,Programming Language,Software Engineer,"Seattle, WA",2026-02-20
257,Linux,DevOps,Software Engineer,"Seattle, WA",2026-02-20
257,REST API,Software Engineering,Software Engineer,"Seattle, WA",2026-02-20
324,Azure,Cloud,Data Engineer,"Delhi, India",2026-02-20
324,Spark,Big Data,Data Engineer,"Delhi, India",2026-02-20
324,dbt,Data Engineering,Data Engineer,"Delhi, India",2026-02-20
324,Docker,DevOps,Data Engineer,"Delhi, India",2026-02-20
324,ETL,Data Engineering,Data Engineer,"Delhi, India",2026-02-20
371,Python,Programming Language,Software Engineer,"San Francisco, CA",2026-02-20
371,Java,Programming Language,Software Engineer,"San Francisco, CA",2026-02-20
371,JavaScript,Programming Language,Software Engineer,"San Francisco, CA",2026-02-20
371,C++,Programming Language,Software Engineer,"San Francisco, CA",2026-02-20
371,Docker,DevOps,Software Engineer,"San Francisco, CA",2026-02-20
371,Kubernetes,DevOps,Software Engineer,"San Francisco, CA",2026-02-20
371,PostgreSQL,Databases,Software Engineer,"San Francisco, CA",2026-02-20
1377,R,Programming Language,Data Analyst,"Atlanta, GA",2026-02-20
1377,Excel,BI & Visualization,Data Analyst,"Atlanta, GA",2026-02-20
1377,Power BI,BI & Visualization,Data Analyst,"Atlanta, GA",2026-02-20
1377,Tableau,BI & Visualization,Data Analyst,"Atlanta, GA",2026-02-20
1377,Statistics,Analytics,Data Analyst,"Atlanta, GA",2026-02-20
1377,Data Warehousing,Data Engineering,Data Analyst,"Atlanta, GA",2026-02-20
1467,Python,Programming Language,Software Engineer,"Austin, TX",2026-02-20
1467,Java,Programming Language,Software Engineer,"Austin, TX",2026-02-20
1467,JavaScript,Programming Language,Software Engineer,"Austin, TX",2026-02-20
1467,Docker,DevOps,Software Engineer,"Austin, TX",2026-02-20
1467,PostgreSQL,Databases,Software Engineer,"Austin, TX",2026-02-20
1467,REST API,Software Engineering,Software Engineer,"Austin, TX",2026-02-20
81,SQL,Programming Language,Data Engineer,"Bengaluru, India",2026-02-21
81,AWS,Cloud,Data Engineer,"Bengaluru, India",2026-02-21
81,BigQuery,Cloud & Data Warehousing,Data Engineer,"Bengaluru, India",2026-02-21
81,Spark,Big Data,Data Engineer,"Bengaluru, India",2026-02-21
81,Data Warehousing,Data Engineering,Data Engineer,"Bengaluru, India",2026-02-21
461,Python,Programming Language,ML Engineer,"Mumbai, India",2026-02-21
461,Docker,DevOps,ML Engineer,"Mumbai, India",2026-02-21
461,Git,DevOps,ML Engineer,"Mumbai, India",2026-02-21
461,Machine Learning,Machine Learning & AI,ML Engineer,"Mumbai, India",2026-02-21
461,TensorFlow,Machine Learning & AI,ML Engineer,"Mumbai, India",2026-02-21
461,Computer Vision,Machine Learning & AI,ML Engineer,"Mumbai, India",2026-02-21
493,Python,Programming Language,Data Engineer,"Hyderabad, India",2026-02-21
493,AWS,Cloud,Data Engineer,"Hyderabad, India",2026-02-21
493,BigQuery,Cloud & Data Warehousing,Data Engineer,"Hyderabad, India",2026-02-21
493,Hadoop,Big Data,Data Engineer,"Hyderabad, India",2026-02-21
493,Kafka,Big Data,Data Engineer,"Hyderabad, India",2026-02-21
493,ETL,Data Engineering,Data Engineer,"Hyderabad, India",2026-02-21
950,Python,Programming Language,Data Scientist,"Austin, TX",2026-02-21
950,Scikit-learn,Machine Learning & AI,Data Scientist,"Austin, TX",2026-02-21
950,Statistics,Analytics,Data Scientist,"Austin, TX",2026-02-21
950,A/B Testing,Analytics,Data Scientist,"Austin, TX",2026-02-21
1674,Java,Programming Language,Software Engineer,"Austin, TX",2026-02-21
1674,Kubernetes,DevOps,Software Engineer,"Austin, TX",2026-02-21
1674,Git,DevOps,Software Engineer,"Austin, TX",2026-02-21
1674,NoSQL,Databases,Software Engineer,"Austin, TX",2026-02-21
1674,PostgreSQL,Databases,Software Engineer,"Austin, TX",2026-02-21
1869,SQL,Programming Language,Data Engineer,"Seattle, WA",2026-02-21
1869,AWS,Cloud,Data Engineer,"Seattle, WA",2026-02-21
1869,GCP,Cloud,Data Engineer,"Seattle, WA",2026-02-21
1869,ETL,Data Engineering,Data Engineer,"Seattle, WA",2026-02-21
637,Python,Programming Language,ML Engineer,Remote,2026-02-22
637,Kubernetes,DevOps,ML Engineer,Remote,2026-02-22
637,Machine Learning,Machine Learning & AI,ML Engineer,Remote,2026-02-22
637,Deep Learning,Machine Learning & AI,ML Engineer,Remote,2026-02-22
637,TensorFlow,Machine Learning & AI,ML Engineer,Remote,2026-02-22
637,NLP,Machine Learning & AI,ML Engineer,Remote,2026-02-22
1263,Python,Programming Language,Data Engineer,"Berlin, Germany",2026-02-22
1263,AWS,Cloud,Data Engineer,"Berlin, Germany",2026-02-22
1263,Snowflake,Cloud & Data Warehousing,Data Engineer,"Berlin, Germany",2026-02-22
1263,Redshift,Cloud & Data Warehousing,Data Engineer,"Berlin, Germany",2026-02-22
1263,Hadoop,Big Data,Data Engineer,"Berlin, Germany",2026-02-22
1263,Airflow,Data Engineering,Data Engineer,"Berlin, Germany",2026-02-22
1263,ETL,Data Engineering,Data Engineer,"Berlin, Germany",2026-02-22
1463,AWS,Cloud,ML Engineer,Remote,2026-02-22
1463,Docker,DevOps,ML Engineer,Remote,2026-02-22
1463,Deep Learning,Machine Learning & AI,ML Engineer,Remote,2026-02-22
1463,TensorFlow,Machine Learning & AI,ML Engineer,Remote,2026-02-22
1463,PyTorch,Machine Learning & AI,ML Engineer,Remote,2026-02-22
1463,Scikit-learn,Machine Learning & AI,ML Engineer,Remote,2026-02-22
1502,Python,Programming Language,Data Engineer,"Berlin, Germany",2026-02-23
1502,AWS,Cloud,Data Engineer,"Berlin, Germany",2026-02-23
1502,Redshift,Cloud & Data Warehousing,Data Engineer,"Berlin, Germany",2026-02-23
1502,Spark,Big Data,Data Engineer,"Berlin, Germany",2026-02-23
1502,Airflow,Data Engineering,Data Engineer,"Berlin, Germany",2026-02-23
1502,NoSQL,Databases,Data Engineer,"Berlin, Germany",2026-02-23
1516,SQL,Programming Language,Data Engineer,Remote,2026-02-23
1516,Snowflake,Cloud & Data Warehousing,Data Engineer,Remote,2026-02-23
1516,Redshift,Cloud & Data Warehousing,Data Engineer,Remote,2026-02-23
1516,Hadoop,Big Data,Data Engineer,Remote,2026-02-23
1516,ETL,Data Engineering,Data Engineer,Remote,2026-02-23
1516,Data Warehousing,Data Engineering,Data Engineer,Remote,2026-02-23
587,Excel,BI & Visualization,Data Analyst,"London, UK",2026-02-24
587,Power BI,BI & Visualization,Data Analyst,"London, UK",2026-02-24
587,Looker,BI & Visualization,Data Analyst,"London, UK",2026-02-24
587,ETL,Data Engineering,Data Analyst,"London, UK",2026-02-24
587,Data Warehousing,Data Engineering,Data Analyst,"London, UK",2026-02-24
731,SQL,Programming Language,Data Engineer,"Austin, TX",2026-02-24
731,Spark,Big Data,Data Engineer,"Austin, TX",2026-02-24
731,ETL,Data Engineering,Data Engineer,"Austin, TX",2026-02-24
731,Data Warehousing,Data Engineering,Data Engineer,"Austin, TX",2026-02-24
840,Python,Programming Language,Data Scientist,"Delhi, India",2026-02-24
840,TensorFlow,Machine Learning & AI,Data Scientist,"Delhi, India",2026-02-24
840,PyTorch,Machine Learning & AI,Data Scientist,"Delhi, India",2026-02-24
840,Statistics,Analytics,Data Scientist,"Delhi, India",2026-02-24
1854,Python,Programming Language,Data Analyst,"Washington, DC",2026-02-24
1854,SQL,Programming Language,Data Analyst,"Washington, DC",2026-02-24
1854,Power BI,BI & Visualization,Data Analyst,"Washington, DC",2026-02-24
1854,Looker,BI & Visualization,Data Analyst,"Washington, DC",2026-02-24
1854,A/B Testing,Analytics,Data Analyst,"Washington, DC",2026-02-24
273,Python,Programming Language,ML Engineer,Remote,2026-02-25
273,AWS,Cloud,ML Engineer,Remote,2026-02-25
273,Docker,DevOps,ML Engineer,Remote,2026-02-25
273,Machine Learning,Machine Learning & AI,ML Engineer,Remote,2026-02-25
273,Deep Learning,Machine Learning & AI,ML Engineer,Remote,2026-02-25
273,TensorFlow,Machine Learning & AI,ML Engineer,Remote,2026-02-25
644,Python,Programming Language,Data Analyst,"London, UK",2026-02-25
644,SQL,Programming Language,Data Analyst,"London, UK",2026-02-25
644,Power BI,BI & Visualization,Data Analyst,"London, UK",2026-02-25
644,GCP,Cloud,Data Analyst,"London, UK",2026-02-25
654,Python,Programming Language,Data Scientist,Remote,2026-02-25
654,SQL,Programming Language,Data Scientist,Remote,2026-02-25
654,AWS,Cloud,Data Scientist,Remote,2026-02-25
654,Computer Vision,Machine Learning & AI,Data Scientist,Remote,2026-02-25
654,Statistics,Analytics,Data Scientist,Remote,2026-02-25
654,A/B Testing,Analytics,Data Scientist,Remote,2026-02-25
665,Java,Programming Language,Software Engineer,"San Francisco, CA",2026-02-25
665,JavaScript,Programming Language,Software Engineer,"San Francisco, CA",2026-02-25
665,Docker,DevOps,Software Engineer,"San Francisco, CA",2026-02-25
665,Git,DevOps,Software Engineer,"San Francisco, CA",2026-02-25
665,Agile,Soft Skills & Methodology,Software Engineer,"San Francisco, CA",2026-02-25
813,Python,Programming Language,Software Engineer,"Bengaluru, India",2026-02-25
813,Java,Programming Language,Software Engineer,"Bengaluru, India",2026-02-25
813,Docker,DevOps,Software Engineer,"Bengaluru, India",2026-02-25
813,NoSQL,Databases,Software Engineer,"Bengaluru, India",2026-02-25
813,REST API,Software Engineering,Software Engineer,"Bengaluru, India",2026-02-25
912,Python,Programming Language,Software Engineer,"Los Angeles, CA",2026-02-25
912,Java,Programming Language,Software Engineer,"Los Angeles, CA",2026-02-25
912,Docker,DevOps,Software Engineer,"Los Angeles, CA",2026-02-25
912,Git,DevOps,Software Engineer,"Los Angeles, CA",2026-02-25
912,Linux,DevOps,Software Engineer,"Los Angeles, CA",2026-02-25
912,Agile,Soft Skills & Methodology,Software Engineer,"Los Angeles, CA",2026-02-25
945,SQL,Programming Language,Data Scientist,"Bengaluru, India",2026-02-25
945,Deep Learning,Machine Learning & AI,Data Scientist,"Bengaluru, India",2026-02-25
945,TensorFlow,Machine Learning & AI,Data Scientist,"Bengaluru, India",2026-02-25
945,Scikit-learn,Machine Learning & AI,Data Scientist,"Bengaluru, India",2026-02-25
945,NLP,Machine Learning & AI,Data Scientist,"Bengaluru, India",2026-02-25
1124,Python,Programming Language,Software Engineer,"Dublin, Ireland",2026-02-25
1124,SQL,Programming Language,Software Engineer,"Dublin, Ireland",2026-02-25
1124,JavaScript,Programming Language,Software Engineer,"Dublin, Ireland",2026-02-25
1124,PostgreSQL,Databases,Software Engineer,"Dublin, Ireland",2026-02-25
1124,Linux,DevOps,Software Engineer,"Dublin, Ireland",2026-02-25
1124,REST API,Software Engineering,Software Engineer,"Dublin, Ireland",2026-02-25
1153,AWS,Cloud,Data Scientist,"Boston, MA",2026-02-25
1153,Machine Learning,Machine Learning & AI,Data Scientist,"Boston, MA",2026-02-25
1153,Deep Learning,Machine Learning & AI,Data Scientist,"Boston, MA",2026-02-25
1153,TensorFlow,Machine Learning & AI,Data Scientist,"Boston, MA",2026-02-25
1153,NLP,Machine Learning & AI,Data Scientist,"Boston, MA",2026-02-25
1153,Statistics,Analytics,Data Scientist,"Boston, MA",2026-02-25
1257,SQL,Programming Language,Software Engineer,"Denver, CO",2026-02-25
1257,JavaScript,Programming Language,Software Engineer,"Denver, CO",2026-02-25
1257,C++,Programming Language,Software Engineer,"Denver, CO",2026-02-25
1257,AWS,Cloud,Software Engineer,"Denver, CO",2026-02-25
1257,MongoDB,Databases,Software Engineer,"Denver, CO",2026-02-25
1257,REST API,Software Engineering,Software Engineer,"Denver, CO",2026-02-25
1572,SQL,Programming Language,Data Analyst,"Denver, CO",2026-02-25
1572,Excel,BI & Visualization,Data Analyst,"Denver, CO",2026-02-25
1572,Power BI,BI & Visualization,Data Analyst,"Denver, CO",2026-02-25
1572,Tableau,BI & Visualization,Data Analyst,"Denver, CO",2026-02-25
1572,Looker,BI & Visualization,Data Analyst,"Denver, CO",2026-02-25
1572,Statistics,Analytics,Data Analyst,"Denver, CO",2026-02-25
1572,ETL,Data Engineering,Data Analyst,"Denver, CO",2026-02-25
1784,SQL,Programming Language,Data Engineer,Remote,2026-02-25
1784,AWS,Cloud,Data Engineer,Remote,2026-02-25
1784,Redshift,Cloud & Data Warehousing,Data Engineer,Remote,2026-02-25
1784,ETL,Data Engineering,Data Engineer,Remote,2026-02-25
1784,Data Warehousing,Data Engineering,Data Engineer,Remote,2026-02-25
1857,SQL,Programming Language,Software Engineer,"San Francisco, CA",2026-02-25
1857,JavaScript,Programming Language,Software Engineer,"San Francisco, CA",2026-02-25
1857,Git,DevOps,Software Engineer,"San Francisco, CA",2026-02-25
1857,PostgreSQL,Databases,Software Engineer,"San Francisco, CA",2026-02-25
1857,REST API,Software Engineering,Software Engineer,"San Francisco, CA",2026-02-25
1857,Agile,Soft Skills & Methodology,Software Engineer,"San Francisco, CA",2026-02-25
101,Docker,DevOps,Software Engineer,"Washington, DC",2026-02-26
101,Kubernetes,DevOps,Software Engineer,"Washington, DC",2026-02-26
101,MongoDB,Databases,Software Engineer,"Washington, DC",2026-02-26
101,PostgreSQL,Databases,Software Engineer,"Washington, DC",2026-02-26
101,REST API,Software Engineering,Software Engineer,"Washington, DC",2026-02-26
545,SQL,Programming Language,Data Scientist,"Los Angeles, CA",2026-02-26
545,Spark,Big Data,Data Scientist,"Los Angeles, CA",2026-02-26
545,Machine Learning,Machine Learning & AI,Data Scientist,"Los Angeles, CA",2026-02-26
545,Deep Learning,Machine Learning & AI,Data Scientist,"Los Angeles, CA",2026-02-26
545,Statistics,Analytics,Data Scientist,"Los Angeles, CA",2026-02-26
545,A/B Testing,Analytics,Data Scientist,"Los Angeles, CA",2026-02-26
942,Python,Programming Language,ML Engineer,"Washington, DC",2026-02-26
942,Machine Learning,Machine Learning & AI,ML Engineer,"Washington, DC",2026-02-26
942,Deep Learning,Machine Learning & AI,ML Engineer,"Washington, DC",2026-02-26
942,PyTorch,Machine Learning & AI,ML Engineer,"Washington, DC",2026-02-26
942,Scikit-learn,Machine Learning & AI,ML Engineer,"Washington, DC",2026-02-26
1271,R,Programming Language,Data Analyst,"San Francisco, CA",2026-02-26
1271,SQL,Programming Language,Data Analyst,"San Francisco, CA",2026-02-26
1271,Excel,BI & Visualization,Data Analyst,"San Francisco, CA",2026-02-26
1271,Power BI,BI & Visualization,Data Analyst,"San Francisco, CA",2026-02-26
1271,ETL,Data Engineering,Data Analyst,"San Francisco, CA",2026-02-26
1610,Python,Programming Language,Data Scientist,"Berlin, Germany",2026-02-26
1610,R,Programming Language,Data Scientist,"Berlin, Germany",2026-02-26
1610,Machine Learning,Machine Learning & AI,Data Scientist,"Berlin, Germany",2026-02-26
1610,Deep Learning,Machine Learning & AI,Data Scientist,"Berlin, Germany",2026-02-26
1610,Statistics,Analytics,Data Scientist,"Berlin, Germany",2026-02-26
1610,A/B Testing,Analytics,Data Scientist,"Berlin, Germany",2026-02-26
1698,Python,Programming Language,ML Engineer,"Denver, CO",2026-02-26
1698,Airflow,Data Engineering,ML Engineer,"Denver, CO",2026-02-26
1698,Docker,DevOps,ML Engineer,"Denver, CO",2026-02-26
1698,Kubernetes,DevOps,ML Engineer,"Denver, CO",2026-02-26
1698,Machine Learning,Machine Learning & AI,ML Engineer,"Denver, CO",2026-02-26
1698,PyTorch,Machine Learning & AI,ML Engineer,"Denver, CO",2026-02-26
1698,NLP,Machine Learning & AI,ML Engineer,"Denver, CO",2026-02-26
174,Python,Programming Language,ML Engineer,"Boston, MA",2026-02-27
174,Docker,DevOps,ML Engineer,"Boston, MA",2026-02-27
174,Kubernetes,DevOps,ML Engineer,"Boston, MA",2026-02-27
174,Machine Learning,Machine Learning & AI,ML Engineer,"Boston, MA",2026-02-27
174,Deep Learning,Machine Learning & AI,ML Engineer,"Boston, MA",2026-02-27
174,PyTorch,Machine Learning & AI,ML Engineer,"Boston, MA",2026-02-27
174,NLP,Machine Learning & AI,ML Engineer,"Boston, MA",2026-02-27
187,SQL,Programming Language,Software Engineer,Singapore,2026-02-27
187,Java,Programming Language,Software Engineer,Singapore,2026-02-27
187,Git,DevOps,Software Engineer,Singapore,2026-02-27
187,REST API,Software Engineering,Software Engineer,Singapore,2026-02-27
187,Agile,Soft Skills & Methodology,Software Engineer,Singapore,2026-02-27
629,Machine Learning,Machine Learning & AI,Data Scientist,"Bengaluru, India",2026-02-27
629,PyTorch,Machine Learning & AI,Data Scientist,"Bengaluru, India",2026-02-27
629,Statistics,Analytics,Data Scientist,"Bengaluru, India",2026-02-27
629,A/B Testing,Analytics,Data Scientist,"Bengaluru, India",2026-02-27
641,Python,Programming Language,Software Engineer,"Seattle, WA",2026-02-27
641,SQL,Programming Language,Software Engineer,"Seattle, WA",2026-02-27
641,JavaScript,Programming Language,Software Engineer,"Seattle, WA",2026-02-27
641,AWS,Cloud,Software Engineer,"Seattle, WA",2026-02-27
641,Docker,DevOps,Software Engineer,"Seattle, WA",2026-02-27
641,Kubernetes,DevOps,Software Engineer,"Seattle, WA",2026-02-27
641,REST API,Software Engineering,Software Engineer,"Seattle, WA",2026-02-27
802,Python,Programming Language,Data Scientist,"Hyderabad, India",2026-02-27
802,R,Programming Language,Data Scientist,"Hyderabad, India",2026-02-27
802,SQL,Programming Language,Data Scientist,"Hyderabad, India",2026-02-27
802,Tableau,BI & Visualization,Data Scientist,"Hyderabad, India",2026-02-27
802,AWS,Cloud,Data Scientist,"Hyderabad, India",2026-02-27
802,Machine Learning,Machine Learning & AI,Data Scientist,"Hyderabad, India",2026-02-27
802,Scikit-learn,Machine Learning & AI,Data Scientist,"Hyderabad, India",2026-02-27
1064,Python,Programming Language,Software Engineer,Remote,2026-02-27
1064,SQL,Programming Language,Software Engineer,Remote,2026-02-27
1064,Java,Programming Language,Software Engineer,Remote,2026-02-27
1064,AWS,Cloud,Software Engineer,Remote,2026-02-27
1064,PostgreSQL,Databases,Software Engineer,Remote,2026-02-27
1064,Linux,DevOps,Software Engineer,Remote,2026-02-27
1064,REST API,Software Engineering,Software Engineer,Remote,2026-02-27
1104,SQL,Programming Language,Data Engineer,Remote,2026-02-27
1104,Azure,Cloud,Data Engineer,Remote,2026-02-27
1104,GCP,Cloud,Data Engineer,Remote,2026-02-27
1104,ETL,Data Engineering,Data Engineer,Remote,2026-02-27
1923,Python,Programming Language,Data Engineer,"Bengaluru, India",2026-02-27
1923,Snowflake,Cloud & Data Warehousing,Data Engineer,"Bengaluru, India",2026-02-27
1923,Spark,Big Data,Data Engineer,"Bengaluru, India",2026-02-27
1923,ETL,Data Engineering,Data Engineer,"Bengaluru, India",2026-02-27
1923,Data Warehousing,Data Engineering,Data Engineer,"Bengaluru, India",2026-02-27
77,Python,Programming Language,ML Engineer,"New York, NY",2026-02-28
77,Docker,DevOps,ML Engineer,"New York, NY",2026-02-28
77,Kubernetes,DevOps,ML Engineer,"New York, NY",2026-02-28
77,Machine Learning,Machine Learning & AI,ML Engineer,"New York, NY",2026-02-28
77,Deep Learning,Machine Learning & AI,ML Engineer,"New York, NY",2026-02-28
77,PyTorch,Machine Learning & AI,ML Engineer,"New York, NY",2026-02-28
77,Computer Vision,Machine Learning & AI,ML Engineer,"New York, NY",2026-02-28
983,Python,Programming Language,Data Analyst,"San Francisco, CA",2026-02-28
983,Power BI,BI & Visualization,Data Analyst,"San Francisco, CA",2026-02-28
983,Tableau,BI & Visualization,Data Analyst,"San Francisco, CA",2026-02-28
983,Git,DevOps,Data Analyst,"San Francisco, CA",2026-02-28
983,Statistics,Analytics,Data Analyst,"San Francisco, CA",2026-02-28
983,A/B Testing,Analytics,Data Analyst,"San Francisco, CA",2026-02-28
1069,R,Programming Language,Data Scientist,"Berlin, Germany",2026-02-28
1069,Tableau,BI & Visualization,Data Scientist,"Berlin, Germany",2026-02-28
1069,Machine Learning,Machine Learning & AI,Data Scientist,"Berlin, Germany",2026-02-28
1069,Deep Learning,Machine Learning & AI,Data Scientist,"Berlin, Germany",2026-02-28
1069,Scikit-learn,Machine Learning & AI,Data Scientist,"Berlin, Germany",2026-02-28
1069,NLP,Machine Learning & AI,Data Scientist,"Berlin, Germany",2026-02-28
1069,Computer Vision,Machine Learning & AI,Data Scientist,"Berlin, Germany",2026-02-28
1585,JavaScript,Programming Language,Software Engineer,Remote,2026-02-28
1585,C++,Programming Language,Software Engineer,Remote,2026-02-28
1585,Docker,DevOps,Software Engineer,Remote,2026-02-28
1585,NoSQL,Databases,Software Engineer,Remote,2026-02-28
1585,MongoDB,Databases,Software Engineer,Remote,2026-02-28
1585,Agile,Soft Skills & Methodology,Software Engineer,Remote,2026-02-28
1736,SQL,Programming Language,Software Engineer,"Seattle, WA",2026-02-28
1736,Java,Programming Language,Software Engineer,"Seattle, WA",2026-02-28
1736,C++,Programming Language,Software Engineer,"Seattle, WA",2026-02-28
1736,Docker,DevOps,Software Engineer,"Seattle, WA",2026-02-28
1736,Kubernetes,DevOps,Software Engineer,"Seattle, WA",2026-02-28
1736,NoSQL,Databases,Software Engineer,"Seattle, WA",2026-02-28
1889,Python,Programming Language,Data Scientist,"Washington, DC",2026-02-28
1889,SQL,Programming Language,Data Scientist,"Washington, DC",2026-02-28
1889,AWS,Cloud,Data Scientist,"Washington, DC",2026-02-28
1889,Machine Learning,Machine Learning & AI,Data Scientist,"Washington, DC",2026-02-28
1889,PyTorch,Machine Learning & AI,Data Scientist,"Washington, DC",2026-02-28
1889,NLP,Machine Learning & AI,Data Scientist,"Washington, DC",2026-02-28
1889,Statistics,Analytics,Data Scientist,"Washington, DC",2026-02-28
1922,Python,Programming Language,Data Scientist,Remote,2026-02-28
1922,SQL,Programming Language,Data Scientist,Remote,2026-02-28
1922,Power BI,BI & Visualization,Data Scientist,Remote,2026-02-28
1922,Machine Learning,Machine Learning & AI,Data Scientist,Remote,2026-02-28
1922,PyTorch,Machine Learning & AI,Data Scientist,Remote,2026-02-28
1922,Scikit-learn,Machine Learning & AI,Data Scientist,Remote,2026-02-28
1922,Statistics,Analytics,Data Scientist,Remote,2026-02-28
660,Git,DevOps,ML Engineer,"San Francisco, CA",2026-03-01
660,Machine Learning,Machine Learning & AI,ML Engineer,"San Francisco, CA",2026-03-01
660,Deep Learning,Machine Learning & AI,ML Engineer,"San Francisco, CA",2026-03-01
660,TensorFlow,Machine Learning & AI,ML Engineer,"San Francisco, CA",2026-03-01
660,Scikit-learn,Machine Learning & AI,ML Engineer,"San Francisco, CA",2026-03-01
660,NLP,Machine Learning & AI,ML Engineer,"San Francisco, CA",2026-03-01
722,SQL,Programming Language,Data Engineer,"New York, NY",2026-03-01
722,Redshift,Cloud & Data Warehousing,Data Engineer,"New York, NY",2026-03-01
722,Spark,Big Data,Data Engineer,"New York, NY",2026-03-01
722,Hadoop,Big Data,Data Engineer,"New York, NY",2026-03-01
722,Kafka,Big Data,Data Engineer,"New York, NY",2026-03-01
722,Airflow,Data Engineering,Data Engineer,"New York, NY",2026-03-01
1084,Python,Programming Language,Data Scientist,"New York, NY",2026-03-01
1084,R,Programming Language,Data Scientist,"New York, NY",2026-03-01
1084,AWS,Cloud,Data Scientist,"New York, NY",2026-03-01
1084,Machine Learning,Machine Learning & AI,Data Scientist,"New York, NY",2026-03-01
1084,TensorFlow,Machine Learning & AI,Data Scientist,"New York, NY",2026-03-01
1084,NLP,Machine Learning & AI,Data Scientist,"New York, NY",2026-03-01
1084,Statistics,Analytics,Data Scientist,"New York, NY",2026-03-01
1564,Python,Programming Language,Data Analyst,"Chicago, IL",2026-03-01
1564,Excel,BI & Visualization,Data Analyst,"Chicago, IL",2026-03-01
1564,Power BI,BI & Visualization,Data Analyst,"Chicago, IL",2026-03-01
1564,Statistics,Analytics,Data Analyst,"Chicago, IL",2026-03-01
1710,Azure,Cloud,ML Engineer,"Los Angeles, CA",2026-03-01
1710,Kubernetes,DevOps,ML Engineer,"Los Angeles, CA",2026-03-01
1710,Machine Learning,Machine Learning & AI,ML Engineer,"Los Angeles, CA",2026-03-01
1710,TensorFlow,Machine Learning & AI,ML Engineer,"Los Angeles, CA",2026-03-01
1710,PyTorch,Machine Learning & AI,ML Engineer,"Los Angeles, CA",2026-03-01
1710,Computer Vision,Machine Learning & AI,ML Engineer,"Los Angeles, CA",2026-03-01
1732,JavaScript,Programming Language,Software Engineer,"Washington, DC",2026-03-01
1732,C++,Programming Language,Software Engineer,"Washington, DC",2026-03-01
1732,Docker,DevOps,Software Engineer,"Washington, DC",2026-03-01
1732,Linux,DevOps,Software Engineer,"Washington, DC",2026-03-01
1732,REST API,Software Engineering,Software Engineer,"Washington, DC",2026-03-01
1732,Agile,Soft Skills & Methodology,Software Engineer,"Washington, DC",2026-03-01
115,Python,Programming Language,Data Engineer,"Denver, CO",2026-03-02
115,AWS,Cloud,Data Engineer,"Denver, CO",2026-03-02
115,Snowflake,Cloud & Data Warehousing,Data Engineer,"Denver, CO",2026-03-02
115,Redshift,Cloud & Data Warehousing,Data Engineer,"Denver, CO",2026-03-02
115,Spark,Big Data,Data Engineer,"Denver, CO",2026-03-02
115,ETL,Data Engineering,Data Engineer,"Denver, CO",2026-03-02
350,Python,Programming Language,Data Scientist,Remote,2026-03-02
350,R,Programming Language,Data Scientist,Remote,2026-03-02
350,Tableau,BI & Visualization,Data Scientist,Remote,2026-03-02
350,Spark,Big Data,Data Scientist,Remote,2026-03-02
350,Machine Learning,Machine Learning & AI,Data Scientist,Remote,2026-03-02
350,Computer Vision,Machine Learning & AI,Data Scientist,Remote,2026-03-02
350,Statistics,Analytics,Data Scientist,Remote,2026-03-02
797,SQL,Programming Language,Data Analyst,Singapore,2026-03-02
797,Excel,BI & Visualization,Data Analyst,Singapore,2026-03-02
797,Power BI,BI & Visualization,Data Analyst,Singapore,2026-03-02
797,Tableau,BI & Visualization,Data Analyst,Singapore,2026-03-02
797,Looker,BI & Visualization,Data Analyst,Singapore,2026-03-02
797,A/B Testing,Analytics,Data Analyst,Singapore,2026-03-02
797,Data Warehousing,Data Engineering,Data Analyst,Singapore,2026-03-02
1278,Python,Programming Language,ML Engineer,"New York, NY",2026-03-02
1278,Kubernetes,DevOps,ML Engineer,"New York, NY",2026-03-02
1278,Machine Learning,Machine Learning & AI,ML Engineer,"New York, NY",2026-03-02
1278,Deep Learning,Machine Learning & AI,ML Engineer,"New York, NY",2026-03-02
1278,Scikit-learn,Machine Learning & AI,ML Engineer,"New York, NY",2026-03-02
1307,SQL,Programming Language,Data Analyst,"San Francisco, CA",2026-03-02
1307,Excel,BI & Visualization,Data Analyst,"San Francisco, CA",2026-03-02
1307,Looker,BI & Visualization,Data Analyst,"San Francisco, CA",2026-03-02
1307,GCP,Cloud,Data Analyst,"San Francisco, CA",2026-03-02
1307,Statistics,Analytics,Data Analyst,"San Francisco, CA",2026-03-02
1307,Data Warehousing,Data Engineering,Data Analyst,"San Francisco, CA",2026-03-02
1820,Python,Programming Language,ML Engineer,"Chicago, IL",2026-03-02
1820,Kubernetes,DevOps,ML Engineer,"Chicago, IL",2026-03-02
1820,Machine Learning,Machine Learning & AI,ML Engineer,"Chicago, IL",2026-03-02
1820,Deep Learning,Machine Learning & AI,ML Engineer,"Chicago, IL",2026-03-02
439,Python,Programming Language,Data Engineer,Remote,2026-03-03
439,SQL,Programming Language,Data Engineer,Remote,2026-03-03
439,BigQuery,Cloud & Data Warehousing,Data Engineer,Remote,2026-03-03
439,Hadoop,Big Data,Data Engineer,Remote,2026-03-03
594,Python,Programming Language,ML Engineer,"Mumbai, India",2026-03-03
594,Docker,DevOps,ML Engineer,"Mumbai, India",2026-03-03
594,Git,DevOps,ML Engineer,"Mumbai, India",2026-03-03
594,Deep Learning,Machine Learning & AI,ML Engineer,"Mumbai, India",2026-03-03
594,PyTorch,Machine Learning & AI,ML Engineer,"Mumbai, India",2026-03-03
594,NLP,Machine Learning & AI,ML Engineer,"Mumbai, India",2026-03-03
594,Computer Vision,Machine Learning & AI,ML Engineer,"Mumbai, India",2026-03-03
1159,R,Programming Language,Data Scientist,"Delhi, India",2026-03-03
1159,SQL,Programming Language,Data Scientist,"Delhi, India",2026-03-03
1159,Power BI,BI & Visualization,Data Scientist,"Delhi, India",2026-03-03
1159,TensorFlow,Machine Learning & AI,Data Scientist,"Delhi, India",2026-03-03
1159,Scikit-learn,Machine Learning & AI,Data Scientist,"Delhi, India",2026-03-03
1159,NLP,Machine Learning & AI,Data Scientist,"Delhi, India",2026-03-03
1159,Statistics,Analytics,Data Scientist,"Delhi, India",2026-03-03
1907,AWS,Cloud,ML Engineer,"Mumbai, India",2026-03-03
1907,Spark,Big Data,ML Engineer,"Mumbai, India",2026-03-03
1907,Docker,DevOps,ML Engineer,"Mumbai, India",2026-03-03
1907,Deep Learning,Machine Learning & AI,ML Engineer,"Mumbai, India",2026-03-03
1907,PyTorch,Machine Learning & AI,ML Engineer,"Mumbai, India",2026-03-03
201,Python,Programming Language,Data Analyst,"Atlanta, GA",2026-03-04
201,Power BI,BI & Visualization,Data Analyst,"Atlanta, GA",2026-03-04
201,Git,DevOps,Data Analyst,"Atlanta, GA",2026-03-04
201,Statistics,Analytics,Data Analyst,"Atlanta, GA",2026-03-04
201,A/B Testing,Analytics,Data Analyst,"Atlanta, GA",2026-03-04
1325,SQL,Programming Language,Data Analyst,"Hyderabad, India",2026-03-04
1325,Excel,BI & Visualization,Data Analyst,"Hyderabad, India",2026-03-04
1325,Power BI,BI & Visualization,Data Analyst,"Hyderabad, India",2026-03-04
1325,Looker,BI & Visualization,Data Analyst,"Hyderabad, India",2026-03-04
1325,Statistics,Analytics,Data Analyst,"Hyderabad, India",2026-03-04
1325,Data Warehousing,Data Engineering,Data Analyst,"Hyderabad, India",2026-03-04
1471,Python,Programming Language,Data Analyst,"New York, NY",2026-03-04
1471,R,Programming Language,Data Analyst,"New York, NY",2026-03-04
1471,Excel,BI & Visualization,Data Analyst,"New York, NY",2026-03-04
1471,Tableau,BI & Visualization,Data Analyst,"New York, NY",2026-03-04
1471,GCP,Cloud,Data Analyst,"New York, NY",2026-03-04
1787,Python,Programming Language,Data Analyst,"San Francisco, CA",2026-03-04
1787,R,Programming Language,Data Analyst,"San Francisco, CA",2026-03-04
1787,Excel,BI & Visualization,Data Analyst,"San Francisco, CA",2026-03-04
1787,GCP,Cloud,Data Analyst,"San Francisco, CA",2026-03-04
1796,Python,Programming Language,Software Engineer,"Pune, India",2026-03-04
1796,Java,Programming Language,Software Engineer,"Pune, India",2026-03-04
1796,AWS,Cloud,Software Engineer,"Pune, India",2026-03-04
1796,Docker,DevOps,Software Engineer,"Pune, India",2026-03-04
1796,Git,DevOps,Software Engineer,"Pune, India",2026-03-04
1796,MongoDB,Databases,Software Engineer,"Pune, India",2026-03-04
1796,Linux,DevOps,Software Engineer,"Pune, India",2026-03-04
430,Python,Programming Language,ML Engineer,"Toronto, Canada",2026-03-05
430,Airflow,Data Engineering,ML Engineer,"Toronto, Canada",2026-03-05
430,Machine Learning,Machine Learning & AI,ML Engineer,"Toronto, Canada",2026-03-05
430,TensorFlow,Machine Learning & AI,ML Engineer,"Toronto, Canada",2026-03-05
430,PyTorch,Machine Learning & AI,ML Engineer,"Toronto, Canada",2026-03-05
430,NLP,Machine Learning & AI,ML Engineer,"Toronto, Canada",2026-03-05
795,SQL,Programming Language,Data Engineer,"Boston, MA",2026-03-05
795,Azure,Cloud,Data Engineer,"Boston, MA",2026-03-05
795,Redshift,Cloud & Data Warehousing,Data Engineer,"Boston, MA",2026-03-05
795,Spark,Big Data,Data Engineer,"Boston, MA",2026-03-05
795,Docker,DevOps,Data Engineer,"Boston, MA",2026-03-05
1207,Python,Programming Language,ML Engineer,Remote,2026-03-05
1207,AWS,Cloud,ML Engineer,Remote,2026-03-05
1207,Docker,DevOps,ML Engineer,Remote,2026-03-05
1207,Kubernetes,DevOps,ML Engineer,Remote,2026-03-05
1207,Machine Learning,Machine Learning & AI,ML Engineer,Remote,2026-03-05
1207,Deep Learning,Machine Learning & AI,ML Engineer,Remote,2026-03-05
1207,Scikit-learn,Machine Learning & AI,ML Engineer,Remote,2026-03-05
1267,SQL,Programming Language,Data Engineer,"Austin, TX",2026-03-05
1267,AWS,Cloud,Data Engineer,"Austin, TX",2026-03-05
1267,Snowflake,Cloud & Data Warehousing,Data Engineer,"Austin, TX",2026-03-05
1267,BigQuery,Cloud & Data Warehousing,Data Engineer,"Austin, TX",2026-03-05
1267,Kafka,Big Data,Data Engineer,"Austin, TX",2026-03-05
1267,Airflow,Data Engineering,Data Engineer,"Austin, TX",2026-03-05
1267,ETL,Data Engineering,Data Engineer,"Austin, TX",2026-03-05
185,SQL,Programming Language,Data Engineer,"Atlanta, GA",2026-03-06
185,AWS,Cloud,Data Engineer,"Atlanta, GA",2026-03-06
185,BigQuery,Cloud & Data Warehousing,Data Engineer,"Atlanta, GA",2026-03-06
185,Airflow,Data Engineering,Data Engineer,"Atlanta, GA",2026-03-06
185,ETL,Data Engineering,Data Engineer,"Atlanta, GA",2026-03-06
672,Python,Programming Language,Data Analyst,"Denver, CO",2026-03-06
672,Excel,BI & Visualization,Data Analyst,"Denver, CO",2026-03-06
672,Power BI,BI & Visualization,Data Analyst,"Denver, CO",2026-03-06
672,Tableau,BI & Visualization,Data Analyst,"Denver, CO",2026-03-06
672,GCP,Cloud,Data Analyst,"Denver, CO",2026-03-06
672,Git,DevOps,Data Analyst,"Denver, CO",2026-03-06
672,Data Warehousing,Data Engineering,Data Analyst,"Denver, CO",2026-03-06
808,AWS,Cloud,Data Scientist,"Boston, MA",2026-03-06
808,Machine Learning,Machine Learning & AI,Data Scientist,"Boston, MA",2026-03-06
808,Deep Learning,Machine Learning & AI,Data Scientist,"Boston, MA",2026-03-06
808,TensorFlow,Machine Learning & AI,Data Scientist,"Boston, MA",2026-03-06
808,Scikit-learn,Machine Learning & AI,Data Scientist,"Boston, MA",2026-03-06
808,NLP,Machine Learning & AI,Data Scientist,"Boston, MA",2026-03-06
808,Statistics,Analytics,Data Scientist,"Boston, MA",2026-03-06
885,Python,Programming Language,ML Engineer,"London, UK",2026-03-06
885,AWS,Cloud,ML Engineer,"London, UK",2026-03-06
885,Machine Learning,Machine Learning & AI,ML Engineer,"London, UK",2026-03-06
885,TensorFlow,Machine Learning & AI,ML Engineer,"London, UK",2026-03-06
885,PyTorch,Machine Learning & AI,ML Engineer,"London, UK",2026-03-06
977,SQL,Programming Language,Data Analyst,"New York, NY",2026-03-06
977,Power BI,BI & Visualization,Data Analyst,"New York, NY",2026-03-06
977,Tableau,BI & Visualization,Data Analyst,"New York, NY",2026-03-06
977,A/B Testing,Analytics,Data Analyst,"New York, NY",2026-03-06
1103,Python,Programming Language,Data Engineer,"Los Angeles, CA",2026-03-06
1103,BigQuery,Cloud & Data Warehousing,Data Engineer,"Los Angeles, CA",2026-03-06
1103,Spark,Big Data,Data Engineer,"Los Angeles, CA",2026-03-06
1103,ETL,Data Engineering,Data Engineer,"Los Angeles, CA",2026-03-06
1292,Python,Programming Language,Data Engineer,"San Francisco, CA",2026-03-06
1292,AWS,Cloud,Data Engineer,"San Francisco, CA",2026-03-06
1292,GCP,Cloud,Data Engineer,"San Francisco, CA",2026-03-06
1292,Spark,Big Data,Data Engineer,"San Francisco, CA",2026-03-06
1885,Spark,Big Data,Data Scientist,"Berlin, Germany",2026-03-06
1885,Machine Learning,Machine Learning & AI,Data Scientist,"Berlin, Germany",2026-03-06
1885,Deep Learning,Machine Learning & AI,Data Scientist,"Berlin, Germany",2026-03-06
1885,TensorFlow,Machine Learning & AI,Data Scientist,"Berlin, Germany",2026-03-06
1885,Scikit-learn,Machine Learning & AI,Data Scientist,"Berlin, Germany",2026-03-06
1885,NLP,Machine Learning & AI,Data Scientist,"Berlin, Germany",2026-03-06
1885,Statistics,Analytics,Data Scientist,"Berlin, Germany",2026-03-06
569,Python,Programming Language,Data Engineer,"New York, NY",2026-03-07
569,SQL,Programming Language,Data Engineer,"New York, NY",2026-03-07
569,Kafka,Big Data,Data Engineer,"New York, NY",2026-03-07
569,Airflow,Data Engineering,Data Engineer,"New York, NY",2026-03-07
703,Python,Programming Language,Data Engineer,"Hyderabad, India",2026-03-07
703,SQL,Programming Language,Data Engineer,"Hyderabad, India",2026-03-07
703,AWS,Cloud,Data Engineer,"Hyderabad, India",2026-03-07
703,Redshift,Cloud & Data Warehousing,Data Engineer,"Hyderabad, India",2026-03-07
703,Spark,Big Data,Data Engineer,"Hyderabad, India",2026-03-07
703,Hadoop,Big Data,Data Engineer,"Hyderabad, India",2026-03-07
703,ETL,Data Engineering,Data Engineer,"Hyderabad, India",2026-03-07
776,Python,Programming Language,ML Engineer,"London, UK",2026-03-07
776,Azure,Cloud,ML Engineer,"London, UK",2026-03-07
776,Spark,Big Data,ML Engineer,"London, UK",2026-03-07
776,Docker,DevOps,ML Engineer,"London, UK",2026-03-07
776,Machine Learning,Machine Learning & AI,ML Engineer,"London, UK",2026-03-07
776,TensorFlow,Machine Learning & AI,ML Engineer,"London, UK",2026-03-07
785,Power BI,BI & Visualization,Data Analyst,"Bengaluru, India",2026-03-07
785,Looker,BI & Visualization,Data Analyst,"Bengaluru, India",2026-03-07
785,GCP,Cloud,Data Analyst,"Bengaluru, India",2026-03-07
785,Statistics,Analytics,Data Analyst,"Bengaluru, India",2026-03-07
1216,SQL,Programming Language,Data Engineer,"Toronto, Canada",2026-03-07
1216,Azure,Cloud,Data Engineer,"Toronto, Canada",2026-03-07
1216,Snowflake,Cloud & Data Warehousing,Data Engineer,"Toronto, Canada",2026-03-07
1216,Spark,Big Data,Data Engineer,"Toronto, Canada",2026-03-07
1216,dbt,Data Engineering,Data Engineer,"Toronto, Canada",2026-03-07
1216,ETL,Data Engineering,Data Engineer,"Toronto, Canada",2026-03-07
1384,Python,Programming Language,Data Engineer,"San Francisco, CA",2026-03-07
1384,AWS,Cloud,Data Engineer,"San Francisco, CA",2026-03-07
1384,Azure,Cloud,Data Engineer,"San Francisco, CA",2026-03-07
1384,dbt,Data Engineering,Data Engineer,"San Francisco, CA",2026-03-07
1384,NoSQL,Databases,Data Engineer,"San Francisco, CA",2026-03-07
1469,Python,Programming Language,ML Engineer,"San Francisco, CA",2026-03-07
1469,AWS,Cloud,ML Engineer,"San Francisco, CA",2026-03-07
1469,Airflow,Data Engineering,ML Engineer,"San Francisco, CA",2026-03-07
1469,Docker,DevOps,ML Engineer,"San Francisco, CA",2026-03-07
1469,Kubernetes,DevOps,ML Engineer,"San Francisco, CA",2026-03-07
1469,Machine Learning,Machine Learning & AI,ML Engineer,"San Francisco, CA",2026-03-07
1469,Deep Learning,Machine Learning & AI,ML Engineer,"San Francisco, CA",2026-03-07
1838,SQL,Programming Language,Data Analyst,"Pune, India",2026-03-07
1838,Excel,BI & Visualization,Data Analyst,"Pune, India",2026-03-07
1838,Power BI,BI & Visualization,Data Analyst,"Pune, India",2026-03-07
1838,Looker,BI & Visualization,Data Analyst,"Pune, India",2026-03-07
126,Python,Programming Language,Software Engineer,"Los Angeles, CA",2026-03-08
126,AWS,Cloud,Software Engineer,"Los Angeles, CA",2026-03-08
126,Linux,DevOps,Software Engineer,"Los Angeles, CA",2026-03-08
126,REST API,Software Engineering,Software Engineer,"Los Angeles, CA",2026-03-08
126,Agile,Soft Skills & Methodology,Software Engineer,"Los Angeles, CA",2026-03-08
487,Python,Programming Language,ML Engineer,"London, UK",2026-03-08
487,AWS,Cloud,ML Engineer,"London, UK",2026-03-08
487,Azure,Cloud,ML Engineer,"London, UK",2026-03-08
487,Docker,DevOps,ML Engineer,"London, UK",2026-03-08
487,Machine Learning,Machine Learning & AI,ML Engineer,"London, UK",2026-03-08
487,Deep Learning,Machine Learning & AI,ML Engineer,"London, UK",2026-03-08
487,PyTorch,Machine Learning & AI,ML Engineer,"London, UK",2026-03-08
514,Python,Programming Language,Data Scientist,Remote,2026-03-08
514,R,Programming Language,Data Scientist,Remote,2026-03-08
514,Tableau,BI & Visualization,Data Scientist,Remote,2026-03-08
514,TensorFlow,Machine Learning & AI,Data Scientist,Remote,2026-03-08
514,Statistics,Analytics,Data Scientist,Remote,2026-03-08
540,Python,Programming Language,Data Engineer,"London, UK",2026-03-08
540,SQL,Programming Language,Data Engineer,"London, UK",2026-03-08
540,AWS,Cloud,Data Engineer,"London, UK",2026-03-08
540,Airflow,Data Engineering,Data Engineer,"London, UK",2026-03-08
540,dbt,Data Engineering,Data Engineer,"London, UK",2026-03-08
252,Python,Programming Language,ML Engineer,"Boston, MA",2026-03-09
252,Airflow,Data Engineering,ML Engineer,"Boston, MA",2026-03-09
252,Deep Learning,Machine Learning & AI,ML Engineer,"Boston, MA",2026-03-09
252,TensorFlow,Machine Learning & AI,ML Engineer,"Boston, MA",2026-03-09
252,PyTorch,Machine Learning & AI,ML Engineer,"Boston, MA",2026-03-09
252,Scikit-learn,Machine Learning & AI,ML Engineer,"Boston, MA",2026-03-09
320,Python,Programming Language,Data Engineer,"Washington, DC",2026-03-09
320,Snowflake,Cloud & Data Warehousing,Data Engineer,"Washington, DC",2026-03-09
320,Redshift,Cloud & Data Warehousing,Data Engineer,"Washington, DC",2026-03-09
320,Kafka,Big Data,Data Engineer,"Washington, DC",2026-03-09
320,Data Warehousing,Data Engineering,Data Engineer,"Washington, DC",2026-03-09
364,R,Programming Language,Data Analyst,"Mumbai, India",2026-03-09
364,Power BI,BI & Visualization,Data Analyst,"Mumbai, India",2026-03-09
364,Looker,BI & Visualization,Data Analyst,"Mumbai, India",2026-03-09
364,Statistics,Analytics,Data Analyst,"Mumbai, India",2026-03-09
464,Python,Programming Language,Data Analyst,"Chicago, IL",2026-03-09
464,R,Programming Language,Data Analyst,"Chicago, IL",2026-03-09
464,SQL,Programming Language,Data Analyst,"Chicago, IL",2026-03-09
464,Excel,BI & Visualization,Data Analyst,"Chicago, IL",2026-03-09
464,Tableau,BI & Visualization,Data Analyst,"Chicago, IL",2026-03-09
464,A/B Testing,Analytics,Data Analyst,"Chicago, IL",2026-03-09
799,Python,Programming Language,Data Scientist,"Chicago, IL",2026-03-09
799,R,Programming Language,Data Scientist,"Chicago, IL",2026-03-09
799,Spark,Big Data,Data Scientist,"Chicago, IL",2026-03-09
799,Deep Learning,Machine Learning & AI,Data Scientist,"Chicago, IL",2026-03-09
799,PyTorch,Machine Learning & AI,Data Scientist,"Chicago, IL",2026-03-09
799,Computer Vision,Machine Learning & AI,Data Scientist,"Chicago, IL",2026-03-09
799,A/B Testing,Analytics,Data Scientist,"Chicago, IL",2026-03-09
1344,Python,Programming Language,ML Engineer,"Los Angeles, CA",2026-03-09
1344,Machine Learning,Machine Learning & AI,ML Engineer,"Los Angeles, CA",2026-03-09
1344,TensorFlow,Machine Learning & AI,ML Engineer,"Los Angeles, CA",2026-03-09
1344,PyTorch,Machine Learning & AI,ML Engineer,"Los Angeles, CA",2026-03-09
1987,Python,Programming Language,Data Engineer,"Berlin, Germany",2026-03-09
1987,AWS,Cloud,Data Engineer,"Berlin, Germany",2026-03-09
1987,GCP,Cloud,Data Engineer,"Berlin, Germany",2026-03-09
1987,Spark,Big Data,Data Engineer,"Berlin, Germany",2026-03-09
127,Python,Programming Language,Data Engineer,"Los Angeles, CA",2026-03-10
127,SQL,Programming Language,Data Engineer,"Los Angeles, CA",2026-03-10
127,Azure,Cloud,Data Engineer,"Los Angeles, CA",2026-03-10
127,GCP,Cloud,Data Engineer,"Los Angeles, CA",2026-03-10
127,BigQuery,Cloud & Data Warehousing,Data Engineer,"Los Angeles, CA",2026-03-10
127,Spark,Big Data,Data Engineer,"Los Angeles, CA",2026-03-10
127,Docker,DevOps,Data Engineer,"Los Angeles, CA",2026-03-10
449,Python,Programming Language,ML Engineer,"Seattle, WA",2026-03-10
449,Spark,Big Data,ML Engineer,"Seattle, WA",2026-03-10
449,Machine Learning,Machine Learning & AI,ML Engineer,"Seattle, WA",2026-03-10
449,TensorFlow,Machine Learning & AI,ML Engineer,"Seattle, WA",2026-03-10
449,PyTorch,Machine Learning & AI,ML Engineer,"Seattle, WA",2026-03-10
449,NLP,Machine Learning & AI,ML Engineer,"Seattle, WA",2026-03-10
749,Python,Programming Language,Software Engineer,"San Francisco, CA",2026-03-10
749,Docker,DevOps,Software Engineer,"San Francisco, CA",2026-03-10
749,Kubernetes,DevOps,Software Engineer,"San Francisco, CA",2026-03-10
749,REST API,Software Engineering,Software Engineer,"San Francisco, CA",2026-03-10
749,Agile,Soft Skills & Methodology,Software Engineer,"San Francisco, CA",2026-03-10
818,Python,Programming Language,Software Engineer,"Austin, TX",2026-03-10
818,SQL,Programming Language,Software Engineer,"Austin, TX",2026-03-10
818,Java,Programming Language,Software Engineer,"Austin, TX",2026-03-10
818,Docker,DevOps,Software Engineer,"Austin, TX",2026-03-10
818,Kubernetes,DevOps,Software Engineer,"Austin, TX",2026-03-10
818,REST API,Software Engineering,Software Engineer,"Austin, TX",2026-03-10
916,Python,Programming Language,Data Scientist,"San Francisco, CA",2026-03-10
916,SQL,Programming Language,Data Scientist,"San Francisco, CA",2026-03-10
916,Tableau,BI & Visualization,Data Scientist,"San Francisco, CA",2026-03-10
916,Scikit-learn,Machine Learning & AI,Data Scientist,"San Francisco, CA",2026-03-10
916,Statistics,Analytics,Data Scientist,"San Francisco, CA",2026-03-10
1110,Python,Programming Language,Data Scientist,Singapore,2026-03-10
1110,Machine Learning,Machine Learning & AI,Data Scientist,Singapore,2026-03-10
1110,Deep Learning,Machine Learning & AI,Data Scientist,Singapore,2026-03-10
1110,TensorFlow,Machine Learning & AI,Data Scientist,Singapore,2026-03-10
1110,PyTorch,Machine Learning & AI,Data Scientist,Singapore,2026-03-10
1110,Computer Vision,Machine Learning & AI,Data Scientist,Singapore,2026-03-10
1110,Statistics,Analytics,Data Scientist,Singapore,2026-03-10
1115,Python,Programming Language,Software Engineer,"Chicago, IL",2026-03-10
1115,JavaScript,Programming Language,Software Engineer,"Chicago, IL",2026-03-10
1115,Docker,DevOps,Software Engineer,"Chicago, IL",2026-03-10
1115,Git,DevOps,Software Engineer,"Chicago, IL",2026-03-10
1115,MongoDB,Databases,Software Engineer,"Chicago, IL",2026-03-10
1115,Linux,DevOps,Software Engineer,"Chicago, IL",2026-03-10
1115,REST API,Software Engineering,Software Engineer,"Chicago, IL",2026-03-10
1222,Python,Programming Language,Data Scientist,"Dublin, Ireland",2026-03-10
1222,Tableau,BI & Visualization,Data Scientist,"Dublin, Ireland",2026-03-10
1222,AWS,Cloud,Data Scientist,"Dublin, Ireland",2026-03-10
1222,Machine Learning,Machine Learning & AI,Data Scientist,"Dublin, Ireland",2026-03-10
1222,TensorFlow,Machine Learning & AI,Data Scientist,"Dublin, Ireland",2026-03-10
1222,Scikit-learn,Machine Learning & AI,Data Scientist,"Dublin, Ireland",2026-03-10
1222,Computer Vision,Machine Learning & AI,Data Scientist,"Dublin, Ireland",2026-03-10
1432,Java,Programming Language,Software Engineer,"Pune, India",2026-03-10
1432,AWS,Cloud,Software Engineer,"Pune, India",2026-03-10
1432,Git,DevOps,Software Engineer,"Pune, India",2026-03-10
1432,REST API,Software Engineering,Software Engineer,"Pune, India",2026-03-10
1631,Python,Programming Language,Data Engineer,"Berlin, Germany",2026-03-10
1631,Snowflake,Cloud & Data Warehousing,Data Engineer,"Berlin, Germany",2026-03-10
1631,Spark,Big Data,Data Engineer,"Berlin, Germany",2026-03-10
1631,Kafka,Big Data,Data Engineer,"Berlin, Germany",2026-03-10
1631,ETL,Data Engineering,Data Engineer,"Berlin, Germany",2026-03-10
224,Python,Programming Language,Data Analyst,"Dublin, Ireland",2026-03-11
224,SQL,Programming Language,Data Analyst,"Dublin, Ireland",2026-03-11
224,Excel,BI & Visualization,Data Analyst,"Dublin, Ireland",2026-03-11
224,Power BI,BI & Visualization,Data Analyst,"Dublin, Ireland",2026-03-11
224,A/B Testing,Analytics,Data Analyst,"Dublin, Ireland",2026-03-11
224,MongoDB,Databases,Data Analyst,"Dublin, Ireland",2026-03-11
624,Python,Programming Language,Data Engineer,"Mumbai, India",2026-03-11
624,AWS,Cloud,Data Engineer,"Mumbai, India",2026-03-11
624,Azure,Cloud,Data Engineer,"Mumbai, India",2026-03-11
624,Snowflake,Cloud & Data Warehousing,Data Engineer,"Mumbai, India",2026-03-11
624,Airflow,Data Engineering,Data Engineer,"Mumbai, India",2026-03-11
624,dbt,Data Engineering,Data Engineer,"Mumbai, India",2026-03-11
624,Data Warehousing,Data Engineering,Data Engineer,"Mumbai, India",2026-03-11
843,SQL,Programming Language,Data Analyst,"Atlanta, GA",2026-03-11
843,GCP,Cloud,Data Analyst,"Atlanta, GA",2026-03-11
843,A/B Testing,Analytics,Data Analyst,"Atlanta, GA",2026-03-11
843,Data Warehousing,Data Engineering,Data Analyst,"Atlanta, GA",2026-03-11
940,Python,Programming Language,Software Engineer,"Boston, MA",2026-03-11
940,SQL,Programming Language,Software Engineer,"Boston, MA",2026-03-11
940,Java,Programming Language,Software Engineer,"Boston, MA",2026-03-11
940,C++,Programming Language,Software Engineer,"Boston, MA",2026-03-11
940,Git,DevOps,Software Engineer,"Boston, MA",2026-03-11
940,PostgreSQL,Databases,Software Engineer,"Boston, MA",2026-03-11
1805,Python,Programming Language,ML Engineer,"Toronto, Canada",2026-03-11
1805,Docker,DevOps,ML Engineer,"Toronto, Canada",2026-03-11
1805,Kubernetes,DevOps,ML Engineer,"Toronto, Canada",2026-03-11
1805,Machine Learning,Machine Learning & AI,ML Engineer,"Toronto, Canada",2026-03-11
1805,Deep Learning,Machine Learning & AI,ML Engineer,"Toronto, Canada",2026-03-11
1805,TensorFlow,Machine Learning & AI,ML Engineer,"Toronto, Canada",2026-03-11
1805,PyTorch,Machine Learning & AI,ML Engineer,"Toronto, Canada",2026-03-11
1805,Scikit-learn,Machine Learning & AI,ML Engineer,"Toronto, Canada",2026-03-11
56,Python,Programming Language,Data Analyst,"Los Angeles, CA",2026-03-12
56,R,Programming Language,Data Analyst,"Los Angeles, CA",2026-03-12
56,SQL,Programming Language,Data Analyst,"Los Angeles, CA",2026-03-12
56,Power BI,BI & Visualization,Data Analyst,"Los Angeles, CA",2026-03-12
56,Tableau,BI & Visualization,Data Analyst,"Los Angeles, CA",2026-03-12
56,Looker,BI & Visualization,Data Analyst,"Los Angeles, CA",2026-03-12
56,Data Warehousing,Data Engineering,Data Analyst,"Los Angeles, CA",2026-03-12
167,Python,Programming Language,Data Engineer,"Boston, MA",2026-03-12
167,AWS,Cloud,Data Engineer,"Boston, MA",2026-03-12
167,Snowflake,Cloud & Data Warehousing,Data Engineer,"Boston, MA",2026-03-12
167,Redshift,Cloud & Data Warehousing,Data Engineer,"Boston, MA",2026-03-12
167,Airflow,Data Engineering,Data Engineer,"Boston, MA",2026-03-12
167,dbt,Data Engineering,Data Engineer,"Boston, MA",2026-03-12
255,Python,Programming Language,Data Scientist,Remote,2026-03-12
255,Deep Learning,Machine Learning & AI,Data Scientist,Remote,2026-03-12
255,TensorFlow,Machine Learning & AI,Data Scientist,Remote,2026-03-12
255,Scikit-learn,Machine Learning & AI,Data Scientist,Remote,2026-03-12
255,A/B Testing,Analytics,Data Scientist,Remote,2026-03-12
593,AWS,Cloud,ML Engineer,"Austin, TX",2026-03-12
593,Docker,DevOps,ML Engineer,"Austin, TX",2026-03-12
593,Deep Learning,Machine Learning & AI,ML Engineer,"Austin, TX",2026-03-12
593,NLP,Machine Learning & AI,ML Engineer,"Austin, TX",2026-03-12
593,Computer Vision,Machine Learning & AI,ML Engineer,"Austin, TX",2026-03-12
757,Python,Programming Language,Data Analyst,"Toronto, Canada",2026-03-12
757,SQL,Programming Language,Data Analyst,"Toronto, Canada",2026-03-12
757,Excel,BI & Visualization,Data Analyst,"Toronto, Canada",2026-03-12
757,Power BI,BI & Visualization,Data Analyst,"Toronto, Canada",2026-03-12
757,Looker,BI & Visualization,Data Analyst,"Toronto, Canada",2026-03-12
757,Git,DevOps,Data Analyst,"Toronto, Canada",2026-03-12
757,Statistics,Analytics,Data Analyst,"Toronto, Canada",2026-03-12
997,Python,Programming Language,Data Scientist,"London, UK",2026-03-12
997,Spark,Big Data,Data Scientist,"London, UK",2026-03-12
997,Machine Learning,Machine Learning & AI,Data Scientist,"London, UK",2026-03-12
997,TensorFlow,Machine Learning & AI,Data Scientist,"London, UK",2026-03-12
997,NLP,Machine Learning & AI,Data Scientist,"London, UK",2026-03-12
997,A/B Testing,Analytics,Data Scientist,"London, UK",2026-03-12
1479,Python,Programming Language,ML Engineer,"Bengaluru, India",2026-03-12
1479,Airflow,Data Engineering,ML Engineer,"Bengaluru, India",2026-03-12
1479,Kubernetes,DevOps,ML Engineer,"Bengaluru, India",2026-03-12
1479,TensorFlow,Machine Learning & AI,ML Engineer,"Bengaluru, India",2026-03-12
1479,PyTorch,Machine Learning & AI,ML Engineer,"Bengaluru, India",2026-03-12
1479,Scikit-learn,Machine Learning & AI,ML Engineer,"Bengaluru, India",2026-03-12
1479,Computer Vision,Machine Learning & AI,ML Engineer,"Bengaluru, India",2026-03-12
1602,Python,Programming Language,Software Engineer,"Hyderabad, India",2026-03-12
1602,JavaScript,Programming Language,Software Engineer,"Hyderabad, India",2026-03-12
1602,C++,Programming Language,Software Engineer,"Hyderabad, India",2026-03-12
1602,NoSQL,Databases,Software Engineer,"Hyderabad, India",2026-03-12
1602,Linux,DevOps,Software Engineer,"Hyderabad, India",2026-03-12
1602,REST API,Software Engineering,Software Engineer,"Hyderabad, India",2026-03-12
1622,Java,Programming Language,Software Engineer,"Dublin, Ireland",2026-03-12
1622,JavaScript,Programming Language,Software Engineer,"Dublin, Ireland",2026-03-12
1622,AWS,Cloud,Software Engineer,"Dublin, Ireland",2026-03-12
1622,MongoDB,Databases,Software Engineer,"Dublin, Ireland",2026-03-12
1888,SQL,Programming Language,Data Analyst,"Pune, India",2026-03-12
1888,Excel,BI & Visualization,Data Analyst,"Pune, India",2026-03-12
1888,Power BI,BI & Visualization,Data Analyst,"Pune, India",2026-03-12
1888,Tableau,BI & Visualization,Data Analyst,"Pune, India",2026-03-12
1888,Looker,BI & Visualization,Data Analyst,"Pune, India",2026-03-12
1888,ETL,Data Engineering,Data Analyst,"Pune, India",2026-03-12
1888,Data Warehousing,Data Engineering,Data Analyst,"Pune, India",2026-03-12
515,SQL,Programming Language,Data Scientist,"Dublin, Ireland",2026-03-13
515,Machine Learning,Machine Learning & AI,Data Scientist,"Dublin, Ireland",2026-03-13
515,Deep Learning,Machine Learning & AI,Data Scientist,"Dublin, Ireland",2026-03-13
515,TensorFlow,Machine Learning & AI,Data Scientist,"Dublin, Ireland",2026-03-13
515,A/B Testing,Analytics,Data Scientist,"Dublin, Ireland",2026-03-13
685,Python,Programming Language,Data Analyst,"Boston, MA",2026-03-13
685,R,Programming Language,Data Analyst,"Boston, MA",2026-03-13
685,SQL,Programming Language,Data Analyst,"Boston, MA",2026-03-13
685,Tableau,BI & Visualization,Data Analyst,"Boston, MA",2026-03-13
685,Git,DevOps,Data Analyst,"Boston, MA",2026-03-13
685,Statistics,Analytics,Data Analyst,"Boston, MA",2026-03-13
685,Data Warehousing,Data Engineering,Data Analyst,"Boston, MA",2026-03-13
1140,Python,Programming Language,Data Analyst,"Austin, TX",2026-03-13
1140,SQL,Programming Language,Data Analyst,"Austin, TX",2026-03-13
1140,Power BI,BI & Visualization,Data Analyst,"Austin, TX",2026-03-13
1140,Git,DevOps,Data Analyst,"Austin, TX",2026-03-13
200,Python,Programming Language,Software Engineer,Remote,2026-03-14
200,SQL,Programming Language,Software Engineer,Remote,2026-03-14
200,Java,Programming Language,Software Engineer,Remote,2026-03-14
200,AWS,Cloud,Software Engineer,Remote,2026-03-14
200,Docker,DevOps,Software Engineer,Remote,2026-03-14
200,Linux,DevOps,Software Engineer,Remote,2026-03-14
200,Agile,Soft Skills & Methodology,Software Engineer,Remote,2026-03-14
202,Python,Programming Language,Data Engineer,"New York, NY",2026-03-14
202,AWS,Cloud,Data Engineer,"New York, NY",2026-03-14
202,Snowflake,Cloud & Data Warehousing,Data Engineer,"New York, NY",2026-03-14
202,BigQuery,Cloud & Data Warehousing,Data Engineer,"New York, NY",2026-03-14
202,Docker,DevOps,Data Engineer,"New York, NY",2026-03-14
202,ETL,Data Engineering,Data Engineer,"New York, NY",2026-03-14
1040,Python,Programming Language,ML Engineer,"Delhi, India",2026-03-14
1040,AWS,Cloud,ML Engineer,"Delhi, India",2026-03-14
1040,Git,DevOps,ML Engineer,"Delhi, India",2026-03-14
1040,Deep Learning,Machine Learning & AI,ML Engineer,"Delhi, India",2026-03-14
1040,Scikit-learn,Machine Learning & AI,ML Engineer,"Delhi, India",2026-03-14
1688,AWS,Cloud,ML Engineer,"New York, NY",2026-03-14
1688,Azure,Cloud,ML Engineer,"New York, NY",2026-03-14
1688,Machine Learning,Machine Learning & AI,ML Engineer,"New York, NY",2026-03-14
1688,Deep Learning,Machine Learning & AI,ML Engineer,"New York, NY",2026-03-14
1688,PyTorch,Machine Learning & AI,ML Engineer,"New York, NY",2026-03-14
1688,Computer Vision,Machine Learning & AI,ML Engineer,"New York, NY",2026-03-14
49,Python,Programming Language,Software Engineer,"San Francisco, CA",2026-03-15
49,Java,Programming Language,Software Engineer,"San Francisco, CA",2026-03-15
49,JavaScript,Programming Language,Software Engineer,"San Francisco, CA",2026-03-15
49,Kubernetes,DevOps,Software Engineer,"San Francisco, CA",2026-03-15
49,MongoDB,Databases,Software Engineer,"San Francisco, CA",2026-03-15
49,PostgreSQL,Databases,Software Engineer,"San Francisco, CA",2026-03-15
343,Python,Programming Language,ML Engineer,"New York, NY",2026-03-15
343,Spark,Big Data,ML Engineer,"New York, NY",2026-03-15
343,Docker,DevOps,ML Engineer,"New York, NY",2026-03-15
343,Machine Learning,Machine Learning & AI,ML Engineer,"New York, NY",2026-03-15
343,PyTorch,Machine Learning & AI,ML Engineer,"New York, NY",2026-03-15
343,Scikit-learn,Machine Learning & AI,ML Engineer,"New York, NY",2026-03-15
343,NLP,Machine Learning & AI,ML Engineer,"New York, NY",2026-03-15
343,Computer Vision,Machine Learning & AI,ML Engineer,"New York, NY",2026-03-15
506,Python,Programming Language,Data Scientist,"London, UK",2026-03-15
506,R,Programming Language,Data Scientist,"London, UK",2026-03-15
506,SQL,Programming Language,Data Scientist,"London, UK",2026-03-15
506,Machine Learning,Machine Learning & AI,Data Scientist,"London, UK",2026-03-15
506,TensorFlow,Machine Learning & AI,Data Scientist,"London, UK",2026-03-15
506,Statistics,Analytics,Data Scientist,"London, UK",2026-03-15
506,A/B Testing,Analytics,Data Scientist,"London, UK",2026-03-15
922,SQL,Programming Language,Data Analyst,"Bengaluru, India",2026-03-15
922,Power BI,BI & Visualization,Data Analyst,"Bengaluru, India",2026-03-15
922,Tableau,BI & Visualization,Data Analyst,"Bengaluru, India",2026-03-15
922,A/B Testing,Analytics,Data Analyst,"Bengaluru, India",2026-03-15
1701,AWS,Cloud,Data Engineer,Remote,2026-03-15
1701,Redshift,Cloud & Data Warehousing,Data Engineer,Remote,2026-03-15
1701,Hadoop,Big Data,Data Engineer,Remote,2026-03-15
1701,Airflow,Data Engineering,Data Engineer,Remote,2026-03-15
1701,ETL,Data Engineering,Data Engineer,Remote,2026-03-15
1778,AWS,Cloud,ML Engineer,"Delhi, India",2026-03-15
1778,Azure,Cloud,ML Engineer,"Delhi, India",2026-03-15
1778,Docker,DevOps,ML Engineer,"Delhi, India",2026-03-15
1778,TensorFlow,Machine Learning & AI,ML Engineer,"Delhi, India",2026-03-15
1778,PyTorch,Machine Learning & AI,ML Engineer,"Delhi, India",2026-03-15
592,Python,Programming Language,Data Engineer,"Hyderabad, India",2026-03-16
592,AWS,Cloud,Data Engineer,"Hyderabad, India",2026-03-16
592,Spark,Big Data,Data Engineer,"Hyderabad, India",2026-03-16
592,Hadoop,Big Data,Data Engineer,"Hyderabad, India",2026-03-16
592,Airflow,Data Engineering,Data Engineer,"Hyderabad, India",2026-03-16
62,Python,Programming Language,ML Engineer,"Toronto, Canada",2026-03-17
62,AWS,Cloud,ML Engineer,"Toronto, Canada",2026-03-17
62,Docker,DevOps,ML Engineer,"Toronto, Canada",2026-03-17
62,Kubernetes,DevOps,ML Engineer,"Toronto, Canada",2026-03-17
62,Git,DevOps,ML Engineer,"Toronto, Canada",2026-03-17
62,Deep Learning,Machine Learning & AI,ML Engineer,"Toronto, Canada",2026-03-17
709,JavaScript,Programming Language,Software Engineer,"New York, NY",2026-03-17
709,AWS,Cloud,Software Engineer,"New York, NY",2026-03-17
709,NoSQL,Databases,Software Engineer,"New York, NY",2026-03-17
709,MongoDB,Databases,Software Engineer,"New York, NY",2026-03-17
1343,SQL,Programming Language,Data Analyst,"Pune, India",2026-03-17
1343,Excel,BI & Visualization,Data Analyst,"Pune, India",2026-03-17
1343,Looker,BI & Visualization,Data Analyst,"Pune, India",2026-03-17
1343,Statistics,Analytics,Data Analyst,"Pune, India",2026-03-17
1799,R,Programming Language,Data Scientist,"Los Angeles, CA",2026-03-17
1799,SQL,Programming Language,Data Scientist,"Los Angeles, CA",2026-03-17
1799,AWS,Cloud,Data Scientist,"Los Angeles, CA",2026-03-17
1799,Statistics,Analytics,Data Scientist,"Los Angeles, CA",2026-03-17
1804,Python,Programming Language,ML Engineer,"Washington, DC",2026-03-17
1804,AWS,Cloud,ML Engineer,"Washington, DC",2026-03-17
1804,Spark,Big Data,ML Engineer,"Washington, DC",2026-03-17
1804,Git,DevOps,ML Engineer,"Washington, DC",2026-03-17
1804,TensorFlow,Machine Learning & AI,ML Engineer,"Washington, DC",2026-03-17
1804,PyTorch,Machine Learning & AI,ML Engineer,"Washington, DC",2026-03-17
1971,Python,Programming Language,Data Engineer,"Austin, TX",2026-03-17
1971,SQL,Programming Language,Data Engineer,"Austin, TX",2026-03-17
1971,Spark,Big Data,Data Engineer,"Austin, TX",2026-03-17
1971,Hadoop,Big Data,Data Engineer,"Austin, TX",2026-03-17
138,Python,Programming Language,Data Engineer,"Los Angeles, CA",2026-03-18
138,AWS,Cloud,Data Engineer,"Los Angeles, CA",2026-03-18
138,Spark,Big Data,Data Engineer,"Los Angeles, CA",2026-03-18
138,Hadoop,Big Data,Data Engineer,"Los Angeles, CA",2026-03-18
138,ETL,Data Engineering,Data Engineer,"Los Angeles, CA",2026-03-18
149,Python,Programming Language,Data Analyst,Remote,2026-03-18
149,SQL,Programming Language,Data Analyst,Remote,2026-03-18
149,Excel,BI & Visualization,Data Analyst,Remote,2026-03-18
149,Tableau,BI & Visualization,Data Analyst,Remote,2026-03-18
149,GCP,Cloud,Data Analyst,Remote,2026-03-18
149,Statistics,Analytics,Data Analyst,Remote,2026-03-18
149,A/B Testing,Analytics,Data Analyst,Remote,2026-03-18
583,JavaScript,Programming Language,Software Engineer,"Berlin, Germany",2026-03-18
583,AWS,Cloud,Software Engineer,"Berlin, Germany",2026-03-18
583,Kubernetes,DevOps,Software Engineer,"Berlin, Germany",2026-03-18
583,Git,DevOps,Software Engineer,"Berlin, Germany",2026-03-18
841,Python,Programming Language,Data Analyst,"Atlanta, GA",2026-03-18
841,SQL,Programming Language,Data Analyst,"Atlanta, GA",2026-03-18
841,Excel,BI & Visualization,Data Analyst,"Atlanta, GA",2026-03-18
841,Power BI,BI & Visualization,Data Analyst,"Atlanta, GA",2026-03-18
841,Tableau,BI & Visualization,Data Analyst,"Atlanta, GA",2026-03-18
841,A/B Testing,Analytics,Data Analyst,"Atlanta, GA",2026-03-18
841,MongoDB,Databases,Data Analyst,"Atlanta, GA",2026-03-18
932,Spark,Big Data,ML Engineer,"New York, NY",2026-03-18
932,Git,DevOps,ML Engineer,"New York, NY",2026-03-18
932,Machine Learning,Machine Learning & AI,ML Engineer,"New York, NY",2026-03-18
932,TensorFlow,Machine Learning & AI,ML Engineer,"New York, NY",2026-03-18
932,NLP,Machine Learning & AI,ML Engineer,"New York, NY",2026-03-18
932,Computer Vision,Machine Learning & AI,ML Engineer,"New York, NY",2026-03-18
1246,Python,Programming Language,Data Engineer,"Seattle, WA",2026-03-18
1246,AWS,Cloud,Data Engineer,"Seattle, WA",2026-03-18
1246,Spark,Big Data,Data Engineer,"Seattle, WA",2026-03-18
1246,Kafka,Big Data,Data Engineer,"Seattle, WA",2026-03-18
1246,Airflow,Data Engineering,Data Engineer,"Seattle, WA",2026-03-18
1246,dbt,Data Engineering,Data Engineer,"Seattle, WA",2026-03-18
1246,Data Warehousing,Data Engineering,Data Engineer,"Seattle, WA",2026-03-18
1510,Python,Programming Language,ML Engineer,"Toronto, Canada",2026-03-18
1510,Airflow,Data Engineering,ML Engineer,"Toronto, Canada",2026-03-18
1510,Docker,DevOps,ML Engineer,"Toronto, Canada",2026-03-18
1510,Deep Learning,Machine Learning & AI,ML Engineer,"Toronto, Canada",2026-03-18
1510,TensorFlow,Machine Learning & AI,ML Engineer,"Toronto, Canada",2026-03-18
1510,NLP,Machine Learning & AI,ML Engineer,"Toronto, Canada",2026-03-18
1529,SQL,Programming Language,Data Engineer,"San Francisco, CA",2026-03-18
1529,Snowflake,Cloud & Data Warehousing,Data Engineer,"San Francisco, CA",2026-03-18
1529,BigQuery,Cloud & Data Warehousing,Data Engineer,"San Francisco, CA",2026-03-18
1529,Spark,Big Data,Data Engineer,"San Francisco, CA",2026-03-18
1529,ETL,Data Engineering,Data Engineer,"San Francisco, CA",2026-03-18
1654,AWS,Cloud,ML Engineer,"London, UK",2026-03-18
1654,Azure,Cloud,ML Engineer,"London, UK",2026-03-18
1654,Docker,DevOps,ML Engineer,"London, UK",2026-03-18
1654,Kubernetes,DevOps,ML Engineer,"London, UK",2026-03-18
1654,Machine Learning,Machine Learning & AI,ML Engineer,"London, UK",2026-03-18
1654,TensorFlow,Machine Learning & AI,ML Engineer,"London, UK",2026-03-18
265,Python,Programming Language,ML Engineer,Remote,2026-03-19
265,Azure,Cloud,ML Engineer,Remote,2026-03-19
265,Spark,Big Data,ML Engineer,Remote,2026-03-19
265,Docker,DevOps,ML Engineer,Remote,2026-03-19
265,PyTorch,Machine Learning & AI,ML Engineer,Remote,2026-03-19
265,Computer Vision,Machine Learning & AI,ML Engineer,Remote,2026-03-19
989,Python,Programming Language,Data Scientist,"London, UK",2026-03-19
989,AWS,Cloud,Data Scientist,"London, UK",2026-03-19
989,Machine Learning,Machine Learning & AI,Data Scientist,"London, UK",2026-03-19
989,Deep Learning,Machine Learning & AI,Data Scientist,"London, UK",2026-03-19
989,PyTorch,Machine Learning & AI,Data Scientist,"London, UK",2026-03-19
989,Scikit-learn,Machine Learning & AI,Data Scientist,"London, UK",2026-03-19
989,Computer Vision,Machine Learning & AI,Data Scientist,"London, UK",2026-03-19
1866,SQL,Programming Language,Data Engineer,"Boston, MA",2026-03-19
1866,Spark,Big Data,Data Engineer,"Boston, MA",2026-03-19
1866,Kafka,Big Data,Data Engineer,"Boston, MA",2026-03-19
1866,Airflow,Data Engineering,Data Engineer,"Boston, MA",2026-03-19
1977,Python,Programming Language,ML Engineer,"San Francisco, CA",2026-03-19
1977,Docker,DevOps,ML Engineer,"San Francisco, CA",2026-03-19
1977,Kubernetes,DevOps,ML Engineer,"San Francisco, CA",2026-03-19
1977,Machine Learning,Machine Learning & AI,ML Engineer,"San Francisco, CA",2026-03-19
1977,TensorFlow,Machine Learning & AI,ML Engineer,"San Francisco, CA",2026-03-19
1977,PyTorch,Machine Learning & AI,ML Engineer,"San Francisco, CA",2026-03-19
1977,NLP,Machine Learning & AI,ML Engineer,"San Francisco, CA",2026-03-19
274,Redshift,Cloud & Data Warehousing,Data Engineer,"Chicago, IL",2026-03-20
274,Kafka,Big Data,Data Engineer,"Chicago, IL",2026-03-20
274,dbt,Data Engineering,Data Engineer,"Chicago, IL",2026-03-20
274,Docker,DevOps,Data Engineer,"Chicago, IL",2026-03-20
274,Data Warehousing,Data Engineering,Data Engineer,"Chicago, IL",2026-03-20
774,Python,Programming Language,Data Analyst,"Toronto, Canada",2026-03-20
774,R,Programming Language,Data Analyst,"Toronto, Canada",2026-03-20
774,Power BI,BI & Visualization,Data Analyst,"Toronto, Canada",2026-03-20
774,Tableau,BI & Visualization,Data Analyst,"Toronto, Canada",2026-03-20
774,GCP,Cloud,Data Analyst,"Toronto, Canada",2026-03-20
774,MongoDB,Databases,Data Analyst,"Toronto, Canada",2026-03-20
994,SQL,Programming Language,Data Analyst,"Boston, MA",2026-03-20
994,Excel,BI & Visualization,Data Analyst,"Boston, MA",2026-03-20
994,Tableau,BI & Visualization,Data Analyst,"Boston, MA",2026-03-20
994,MongoDB,Databases,Data Analyst,"Boston, MA",2026-03-20
229,AWS,Cloud,ML Engineer,"Boston, MA",2026-03-21
229,Azure,Cloud,ML Engineer,"Boston, MA",2026-03-21
229,Docker,DevOps,ML Engineer,"Boston, MA",2026-03-21
229,Git,DevOps,ML Engineer,"Boston, MA",2026-03-21
229,Machine Learning,Machine Learning & AI,ML Engineer,"Boston, MA",2026-03-21
229,PyTorch,Machine Learning & AI,ML Engineer,"Boston, MA",2026-03-21
576,Python,Programming Language,Software Engineer,"Washington, DC",2026-03-21
576,SQL,Programming Language,Software Engineer,"Washington, DC",2026-03-21
576,Java,Programming Language,Software Engineer,"Washington, DC",2026-03-21
576,Docker,DevOps,Software Engineer,"Washington, DC",2026-03-21
576,REST API,Software Engineering,Software Engineer,"Washington, DC",2026-03-21
920,SQL,Programming Language,Software Engineer,"Pune, India",2026-03-21
920,AWS,Cloud,Software Engineer,"Pune, India",2026-03-21
920,Docker,DevOps,Software Engineer,"Pune, India",2026-03-21
920,Kubernetes,DevOps,Software Engineer,"Pune, India",2026-03-21
920,Git,DevOps,Software Engineer,"Pune, India",2026-03-21
920,Linux,DevOps,Software Engineer,"Pune, India",2026-03-21
920,REST API,Software Engineering,Software Engineer,"Pune, India",2026-03-21
1174,Python,Programming Language,Software Engineer,"London, UK",2026-03-21
1174,SQL,Programming Language,Software Engineer,"London, UK",2026-03-21
1174,Docker,DevOps,Software Engineer,"London, UK",2026-03-21
1174,Kubernetes,DevOps,Software Engineer,"London, UK",2026-03-21
1174,Git,DevOps,Software Engineer,"London, UK",2026-03-21
1174,PostgreSQL,Databases,Software Engineer,"London, UK",2026-03-21
1174,REST API,Software Engineering,Software Engineer,"London, UK",2026-03-21
1275,SQL,Programming Language,Data Engineer,"Toronto, Canada",2026-03-21
1275,Redshift,Cloud & Data Warehousing,Data Engineer,"Toronto, Canada",2026-03-21
1275,Spark,Big Data,Data Engineer,"Toronto, Canada",2026-03-21
1275,Airflow,Data Engineering,Data Engineer,"Toronto, Canada",2026-03-21
1275,Docker,DevOps,Data Engineer,"Toronto, Canada",2026-03-21
1896,SQL,Programming Language,Data Engineer,"San Francisco, CA",2026-03-21
1896,Azure,Cloud,Data Engineer,"San Francisco, CA",2026-03-21
1896,Redshift,Cloud & Data Warehousing,Data Engineer,"San Francisco, CA",2026-03-21
1896,Airflow,Data Engineering,Data Engineer,"San Francisco, CA",2026-03-21
1896,Data Warehousing,Data Engineering,Data Engineer,"San Francisco, CA",2026-03-21
457,SQL,Programming Language,Data Scientist,"Delhi, India",2026-03-22
457,Tableau,BI & Visualization,Data Scientist,"Delhi, India",2026-03-22
457,Spark,Big Data,Data Scientist,"Delhi, India",2026-03-22
457,Machine Learning,Machine Learning & AI,Data Scientist,"Delhi, India",2026-03-22
457,Deep Learning,Machine Learning & AI,Data Scientist,"Delhi, India",2026-03-22
1390,Python,Programming Language,ML Engineer,"Toronto, Canada",2026-03-22
1390,Docker,DevOps,ML Engineer,"Toronto, Canada",2026-03-22
1390,Kubernetes,DevOps,ML Engineer,"Toronto, Canada",2026-03-22
1390,Git,DevOps,ML Engineer,"Toronto, Canada",2026-03-22
1390,Deep Learning,Machine Learning & AI,ML Engineer,"Toronto, Canada",2026-03-22
1390,TensorFlow,Machine Learning & AI,ML Engineer,"Toronto, Canada",2026-03-22
1390,NLP,Machine Learning & AI,ML Engineer,"Toronto, Canada",2026-03-22
1518,Python,Programming Language,Data Scientist,"Chicago, IL",2026-03-22
1518,Power BI,BI & Visualization,Data Scientist,"Chicago, IL",2026-03-22
1518,PyTorch,Machine Learning & AI,Data Scientist,"Chicago, IL",2026-03-22
1518,Statistics,Analytics,Data Scientist,"Chicago, IL",2026-03-22
1668,SQL,Programming Language,Data Engineer,"San Francisco, CA",2026-03-22
1668,GCP,Cloud,Data Engineer,"San Francisco, CA",2026-03-22
1668,Airflow,Data Engineering,Data Engineer,"San Francisco, CA",2026-03-22
1668,dbt,Data Engineering,Data Engineer,"San Francisco, CA",2026-03-22
1668,Data Warehousing,Data Engineering,Data Engineer,"San Francisco, CA",2026-03-22
1668,NoSQL,Databases,Data Engineer,"San Francisco, CA",2026-03-22
107,Python,Programming Language,Data Engineer,"Hyderabad, India",2026-03-23
107,SQL,Programming Language,Data Engineer,"Hyderabad, India",2026-03-23
107,ETL,Data Engineering,Data Engineer,"Hyderabad, India",2026-03-23
107,NoSQL,Databases,Data Engineer,"Hyderabad, India",2026-03-23
1575,Python,Programming Language,ML Engineer,"Dublin, Ireland",2026-03-23
1575,Git,DevOps,ML Engineer,"Dublin, Ireland",2026-03-23
1575,Machine Learning,Machine Learning & AI,ML Engineer,"Dublin, Ireland",2026-03-23
1575,TensorFlow,Machine Learning & AI,ML Engineer,"Dublin, Ireland",2026-03-23
1575,NLP,Machine Learning & AI,ML Engineer,"Dublin, Ireland",2026-03-23
1815,Python,Programming Language,Software Engineer,"Bengaluru, India",2026-03-23
1815,SQL,Programming Language,Software Engineer,"Bengaluru, India",2026-03-23
1815,Java,Programming Language,Software Engineer,"Bengaluru, India",2026-03-23
1815,Git,DevOps,Software Engineer,"Bengaluru, India",2026-03-23
239,Docker,DevOps,ML Engineer,"Bengaluru, India",2026-03-24
239,Kubernetes,DevOps,ML Engineer,"Bengaluru, India",2026-03-24
239,Deep Learning,Machine Learning & AI,ML Engineer,"Bengaluru, India",2026-03-24
239,PyTorch,Machine Learning & AI,ML Engineer,"Bengaluru, India",2026-03-24
239,Scikit-learn,Machine Learning & AI,ML Engineer,"Bengaluru, India",2026-03-24
239,Computer Vision,Machine Learning & AI,ML Engineer,"Bengaluru, India",2026-03-24
254,Python,Programming Language,Data Engineer,"San Francisco, CA",2026-03-24
254,AWS,Cloud,Data Engineer,"San Francisco, CA",2026-03-24
254,Snowflake,Cloud & Data Warehousing,Data Engineer,"San Francisco, CA",2026-03-24
254,Spark,Big Data,Data Engineer,"San Francisco, CA",2026-03-24
254,Hadoop,Big Data,Data Engineer,"San Francisco, CA",2026-03-24
254,Kafka,Big Data,Data Engineer,"San Francisco, CA",2026-03-24
254,Data Warehousing,Data Engineering,Data Engineer,"San Francisco, CA",2026-03-24
599,Python,Programming Language,Data Engineer,"Hyderabad, India",2026-03-24
599,Redshift,Cloud & Data Warehousing,Data Engineer,"Hyderabad, India",2026-03-24
599,Hadoop,Big Data,Data Engineer,"Hyderabad, India",2026-03-24
599,dbt,Data Engineering,Data Engineer,"Hyderabad, India",2026-03-24
599,ETL,Data Engineering,Data Engineer,"Hyderabad, India",2026-03-24
1044,Python,Programming Language,Software Engineer,"Bengaluru, India",2026-03-24
1044,SQL,Programming Language,Software Engineer,"Bengaluru, India",2026-03-24
1044,JavaScript,Programming Language,Software Engineer,"Bengaluru, India",2026-03-24
1044,C++,Programming Language,Software Engineer,"Bengaluru, India",2026-03-24
1044,Docker,DevOps,Software Engineer,"Bengaluru, India",2026-03-24
1044,Kubernetes,DevOps,Software Engineer,"Bengaluru, India",2026-03-24
1044,Git,DevOps,Software Engineer,"Bengaluru, India",2026-03-24
908,Python,Programming Language,Data Analyst,Remote,2026-03-25
908,Excel,BI & Visualization,Data Analyst,Remote,2026-03-25
908,Power BI,BI & Visualization,Data Analyst,Remote,2026-03-25
908,Tableau,BI & Visualization,Data Analyst,Remote,2026-03-25
914,Git,DevOps,ML Engineer,"Denver, CO",2026-03-25
914,Machine Learning,Machine Learning & AI,ML Engineer,"Denver, CO",2026-03-25
914,Deep Learning,Machine Learning & AI,ML Engineer,"Denver, CO",2026-03-25
914,PyTorch,Machine Learning & AI,ML Engineer,"Denver, CO",2026-03-25
1587,Java,Programming Language,Software Engineer,Remote,2026-03-25
1587,JavaScript,Programming Language,Software Engineer,Remote,2026-03-25
1587,C++,Programming Language,Software Engineer,Remote,2026-03-25
1587,AWS,Cloud,Software Engineer,Remote,2026-03-25
1587,Kubernetes,DevOps,Software Engineer,Remote,2026-03-25
1587,Linux,DevOps,Software Engineer,Remote,2026-03-25
1587,REST API,Software Engineering,Software Engineer,Remote,2026-03-25
1929,Python,Programming Language,Software Engineer,"Bengaluru, India",2026-03-25
1929,C++,Programming Language,Software Engineer,"Bengaluru, India",2026-03-25
1929,AWS,Cloud,Software Engineer,"Bengaluru, India",2026-03-25
1929,Git,DevOps,Software Engineer,"Bengaluru, India",2026-03-25
1950,Excel,BI & Visualization,Data Analyst,"Hyderabad, India",2026-03-25
1950,Tableau,BI & Visualization,Data Analyst,"Hyderabad, India",2026-03-25
1950,Statistics,Analytics,Data Analyst,"Hyderabad, India",2026-03-25
1950,A/B Testing,Analytics,Data Analyst,"Hyderabad, India",2026-03-25
1950,MongoDB,Databases,Data Analyst,"Hyderabad, India",2026-03-25
258,Python,Programming Language,Data Engineer,"Mumbai, India",2026-03-26
258,Spark,Big Data,Data Engineer,"Mumbai, India",2026-03-26
258,Kafka,Big Data,Data Engineer,"Mumbai, India",2026-03-26
258,Airflow,Data Engineering,Data Engineer,"Mumbai, India",2026-03-26
258,ETL,Data Engineering,Data Engineer,"Mumbai, India",2026-03-26
1317,Python,Programming Language,Data Analyst,"New York, NY",2026-03-26
1317,R,Programming Language,Data Analyst,"New York, NY",2026-03-26
1317,Excel,BI & Visualization,Data Analyst,"New York, NY",2026-03-26
1317,Power BI,BI & Visualization,Data Analyst,"New York, NY",2026-03-26
1317,Tableau,BI & Visualization,Data Analyst,"New York, NY",2026-03-26
1317,GCP,Cloud,Data Analyst,"New York, NY",2026-03-26
1317,MongoDB,Databases,Data Analyst,"New York, NY",2026-03-26
1396,Python,Programming Language,ML Engineer,"Mumbai, India",2026-03-26
1396,AWS,Cloud,ML Engineer,"Mumbai, India",2026-03-26
1396,Kubernetes,DevOps,ML Engineer,"Mumbai, India",2026-03-26
1396,PyTorch,Machine Learning & AI,ML Engineer,"Mumbai, India",2026-03-26
64,SQL,Programming Language,Data Engineer,"Pune, India",2026-03-27
64,AWS,Cloud,Data Engineer,"Pune, India",2026-03-27
64,GCP,Cloud,Data Engineer,"Pune, India",2026-03-27
64,BigQuery,Cloud & Data Warehousing,Data Engineer,"Pune, India",2026-03-27
64,Spark,Big Data,Data Engineer,"Pune, India",2026-03-27
64,NoSQL,Databases,Data Engineer,"Pune, India",2026-03-27
591,Machine Learning,Machine Learning & AI,Data Scientist,"Seattle, WA",2026-03-27
591,TensorFlow,Machine Learning & AI,Data Scientist,"Seattle, WA",2026-03-27
591,PyTorch,Machine Learning & AI,Data Scientist,"Seattle, WA",2026-03-27
591,Computer Vision,Machine Learning & AI,Data Scientist,"Seattle, WA",2026-03-27
613,Tableau,BI & Visualization,Data Analyst,"Pune, India",2026-03-27
613,Looker,BI & Visualization,Data Analyst,"Pune, India",2026-03-27
613,Statistics,Analytics,Data Analyst,"Pune, India",2026-03-27
613,A/B Testing,Analytics,Data Analyst,"Pune, India",2026-03-27
716,Python,Programming Language,Data Engineer,"Delhi, India",2026-03-27
716,SQL,Programming Language,Data Engineer,"Delhi, India",2026-03-27
716,Snowflake,Cloud & Data Warehousing,Data Engineer,"Delhi, India",2026-03-27
716,Kafka,Big Data,Data Engineer,"Delhi, India",2026-03-27
737,Python,Programming Language,Software Engineer,"Austin, TX",2026-03-27
737,Java,Programming Language,Software Engineer,"Austin, TX",2026-03-27
737,C++,Programming Language,Software Engineer,"Austin, TX",2026-03-27
737,Kubernetes,DevOps,Software Engineer,"Austin, TX",2026-03-27
737,Git,DevOps,Software Engineer,"Austin, TX",2026-03-27
775,R,Programming Language,Data Analyst,"Austin, TX",2026-03-27
775,Excel,BI & Visualization,Data Analyst,"Austin, TX",2026-03-27
775,Power BI,BI & Visualization,Data Analyst,"Austin, TX",2026-03-27
775,Tableau,BI & Visualization,Data Analyst,"Austin, TX",2026-03-27
775,Data Warehousing,Data Engineering,Data Analyst,"Austin, TX",2026-03-27
876,SQL,Programming Language,Data Scientist,"Pune, India",2026-03-27
876,Tableau,BI & Visualization,Data Scientist,"Pune, India",2026-03-27
876,AWS,Cloud,Data Scientist,"Pune, India",2026-03-27
876,Machine Learning,Machine Learning & AI,Data Scientist,"Pune, India",2026-03-27
876,TensorFlow,Machine Learning & AI,Data Scientist,"Pune, India",2026-03-27
876,Scikit-learn,Machine Learning & AI,Data Scientist,"Pune, India",2026-03-27
876,NLP,Machine Learning & AI,Data Scientist,"Pune, India",2026-03-27
957,SQL,Programming Language,Data Analyst,"San Francisco, CA",2026-03-27
957,Excel,BI & Visualization,Data Analyst,"San Francisco, CA",2026-03-27
957,Power BI,BI & Visualization,Data Analyst,"San Francisco, CA",2026-03-27
957,Tableau,BI & Visualization,Data Analyst,"San Francisco, CA",2026-03-27
957,Statistics,Analytics,Data Analyst,"San Francisco, CA",2026-03-27
957,A/B Testing,Analytics,Data Analyst,"San Francisco, CA",2026-03-27
957,Data Warehousing,Data Engineering,Data Analyst,"San Francisco, CA",2026-03-27
1472,Python,Programming Language,ML Engineer,"New York, NY",2026-03-27
1472,AWS,Cloud,ML Engineer,"New York, NY",2026-03-27
1472,Machine Learning,Machine Learning & AI,ML Engineer,"New York, NY",2026-03-27
1472,PyTorch,Machine Learning & AI,ML Engineer,"New York, NY",2026-03-27
1472,NLP,Machine Learning & AI,ML Engineer,"New York, NY",2026-03-27
1656,Python,Programming Language,Data Scientist,"Chicago, IL",2026-03-27
1656,AWS,Cloud,Data Scientist,"Chicago, IL",2026-03-27
1656,PyTorch,Machine Learning & AI,Data Scientist,"Chicago, IL",2026-03-27
1656,Statistics,Analytics,Data Scientist,"Chicago, IL",2026-03-27
1656,A/B Testing,Analytics,Data Scientist,"Chicago, IL",2026-03-27
197,SQL,Programming Language,Software Engineer,"Denver, CO",2026-03-28
197,JavaScript,Programming Language,Software Engineer,"Denver, CO",2026-03-28
197,AWS,Cloud,Software Engineer,"Denver, CO",2026-03-28
197,Docker,DevOps,Software Engineer,"Denver, CO",2026-03-28
197,Git,DevOps,Software Engineer,"Denver, CO",2026-03-28
197,NoSQL,Databases,Software Engineer,"Denver, CO",2026-03-28
197,REST API,Software Engineering,Software Engineer,"Denver, CO",2026-03-28
575,Python,Programming Language,Data Engineer,"Seattle, WA",2026-03-28
575,Azure,Cloud,Data Engineer,"Seattle, WA",2026-03-28
575,Snowflake,Cloud & Data Warehousing,Data Engineer,"Seattle, WA",2026-03-28
575,Spark,Big Data,Data Engineer,"Seattle, WA",2026-03-28
1017,SQL,Programming Language,Data Scientist,Remote,2026-03-28
1017,Machine Learning,Machine Learning & AI,Data Scientist,Remote,2026-03-28
1017,Deep Learning,Machine Learning & AI,Data Scientist,Remote,2026-03-28
1017,Scikit-learn,Machine Learning & AI,Data Scientist,Remote,2026-03-28
1017,Computer Vision,Machine Learning & AI,Data Scientist,Remote,2026-03-28
1037,SQL,Programming Language,Data Scientist,"Berlin, Germany",2026-03-28
1037,Machine Learning,Machine Learning & AI,Data Scientist,"Berlin, Germany",2026-03-28
1037,Deep Learning,Machine Learning & AI,Data Scientist,"Berlin, Germany",2026-03-28
1037,Scikit-learn,Machine Learning & AI,Data Scientist,"Berlin, Germany",2026-03-28
1037,Statistics,Analytics,Data Scientist,"Berlin, Germany",2026-03-28
1037,A/B Testing,Analytics,Data Scientist,"Berlin, Germany",2026-03-28
1281,Python,Programming Language,Data Engineer,"Delhi, India",2026-03-28
1281,Azure,Cloud,Data Engineer,"Delhi, India",2026-03-28
1281,Hadoop,Big Data,Data Engineer,"Delhi, India",2026-03-28
1281,Airflow,Data Engineering,Data Engineer,"Delhi, India",2026-03-28
1281,ETL,Data Engineering,Data Engineer,"Delhi, India",2026-03-28
1368,Java,Programming Language,Software Engineer,"Austin, TX",2026-03-28
1368,JavaScript,Programming Language,Software Engineer,"Austin, TX",2026-03-28
1368,C++,Programming Language,Software Engineer,"Austin, TX",2026-03-28
1368,MongoDB,Databases,Software Engineer,"Austin, TX",2026-03-28
1406,R,Programming Language,Data Analyst,Remote,2026-03-28
1406,SQL,Programming Language,Data Analyst,Remote,2026-03-28
1406,Excel,BI & Visualization,Data Analyst,Remote,2026-03-28
1406,Power BI,BI & Visualization,Data Analyst,Remote,2026-03-28
1406,GCP,Cloud,Data Analyst,Remote,2026-03-28
1406,Git,DevOps,Data Analyst,Remote,2026-03-28
1406,Statistics,Analytics,Data Analyst,Remote,2026-03-28
1633,Machine Learning,Machine Learning & AI,Data Scientist,"Delhi, India",2026-03-28
1633,PyTorch,Machine Learning & AI,Data Scientist,"Delhi, India",2026-03-28
1633,Scikit-learn,Machine Learning & AI,Data Scientist,"Delhi, India",2026-03-28
1633,NLP,Machine Learning & AI,Data Scientist,"Delhi, India",2026-03-28
1633,A/B Testing,Analytics,Data Scientist,"Delhi, India",2026-03-28
1722,Python,Programming Language,Data Scientist,"Boston, MA",2026-03-28
1722,SQL,Programming Language,Data Scientist,"Boston, MA",2026-03-28
1722,Machine Learning,Machine Learning & AI,Data Scientist,"Boston, MA",2026-03-28
1722,Deep Learning,Machine Learning & AI,Data Scientist,"Boston, MA",2026-03-28
1722,PyTorch,Machine Learning & AI,Data Scientist,"Boston, MA",2026-03-28
1722,Statistics,Analytics,Data Scientist,"Boston, MA",2026-03-28
1722,A/B Testing,Analytics,Data Scientist,"Boston, MA",2026-03-28
790,Python,Programming Language,ML Engineer,Remote,2026-03-29
790,Docker,DevOps,ML Engineer,Remote,2026-03-29
790,Kubernetes,DevOps,ML Engineer,Remote,2026-03-29
790,NLP,Machine Learning & AI,ML Engineer,Remote,2026-03-29
1026,Python,Programming Language,ML Engineer,"Bengaluru, India",2026-03-29
1026,AWS,Cloud,ML Engineer,"Bengaluru, India",2026-03-29
1026,Airflow,Data Engineering,ML Engineer,"Bengaluru, India",2026-03-29
1026,Machine Learning,Machine Learning & AI,ML Engineer,"Bengaluru, India",2026-03-29
1026,TensorFlow,Machine Learning & AI,ML Engineer,"Bengaluru, India",2026-03-29
1026,PyTorch,Machine Learning & AI,ML Engineer,"Bengaluru, India",2026-03-29
1026,Computer Vision,Machine Learning & AI,ML Engineer,"Bengaluru, India",2026-03-29
1168,SQL,Programming Language,Data Scientist,"New York, NY",2026-03-29
1168,AWS,Cloud,Data Scientist,"New York, NY",2026-03-29
1168,Deep Learning,Machine Learning & AI,Data Scientist,"New York, NY",2026-03-29
1168,NLP,Machine Learning & AI,Data Scientist,"New York, NY",2026-03-29
1168,Statistics,Analytics,Data Scientist,"New York, NY",2026-03-29
1414,Azure,Cloud,ML Engineer,"Austin, TX",2026-03-29
1414,Docker,DevOps,ML Engineer,"Austin, TX",2026-03-29
1414,Git,DevOps,ML Engineer,"Austin, TX",2026-03-29
1414,Deep Learning,Machine Learning & AI,ML Engineer,"Austin, TX",2026-03-29
1414,TensorFlow,Machine Learning & AI,ML Engineer,"Austin, TX",2026-03-29
1414,Computer Vision,Machine Learning & AI,ML Engineer,"Austin, TX",2026-03-29
1876,SQL,Programming Language,Data Engineer,"Pune, India",2026-03-29
1876,AWS,Cloud,Data Engineer,"Pune, India",2026-03-29
1876,Snowflake,Cloud & Data Warehousing,Data Engineer,"Pune, India",2026-03-29
1876,Spark,Big Data,Data Engineer,"Pune, India",2026-03-29
1876,dbt,Data Engineering,Data Engineer,"Pune, India",2026-03-29
1876,ETL,Data Engineering,Data Engineer,"Pune, India",2026-03-29
1973,Java,Programming Language,Software Engineer,"Mumbai, India",2026-03-29
1973,JavaScript,Programming Language,Software Engineer,"Mumbai, India",2026-03-29
1973,NoSQL,Databases,Software Engineer,"Mumbai, India",2026-03-29
1973,MongoDB,Databases,Software Engineer,"Mumbai, India",2026-03-29
1973,REST API,Software Engineering,Software Engineer,"Mumbai, India",2026-03-29
54,SQL,Programming Language,Data Engineer,Singapore,2026-03-30
54,AWS,Cloud,Data Engineer,Singapore,2026-03-30
54,Azure,Cloud,Data Engineer,Singapore,2026-03-30
54,Redshift,Cloud & Data Warehousing,Data Engineer,Singapore,2026-03-30
54,Airflow,Data Engineering,Data Engineer,Singapore,2026-03-30
54,Docker,DevOps,Data Engineer,Singapore,2026-03-30
80,AWS,Cloud,ML Engineer,"Dublin, Ireland",2026-03-30
80,Docker,DevOps,ML Engineer,"Dublin, Ireland",2026-03-30
80,Kubernetes,DevOps,ML Engineer,"Dublin, Ireland",2026-03-30
80,Machine Learning,Machine Learning & AI,ML Engineer,"Dublin, Ireland",2026-03-30
80,PyTorch,Machine Learning & AI,ML Engineer,"Dublin, Ireland",2026-03-30
80,Scikit-learn,Machine Learning & AI,ML Engineer,"Dublin, Ireland",2026-03-30
80,NLP,Machine Learning & AI,ML Engineer,"Dublin, Ireland",2026-03-30
114,SQL,Programming Language,Data Scientist,"Pune, India",2026-03-30
114,Scikit-learn,Machine Learning & AI,Data Scientist,"Pune, India",2026-03-30
114,NLP,Machine Learning & AI,Data Scientist,"Pune, India",2026-03-30
114,Computer Vision,Machine Learning & AI,Data Scientist,"Pune, India",2026-03-30
114,Statistics,Analytics,Data Scientist,"Pune, India",2026-03-30
172,AWS,Cloud,ML Engineer,"San Francisco, CA",2026-03-30
172,Docker,DevOps,ML Engineer,"San Francisco, CA",2026-03-30
172,TensorFlow,Machine Learning & AI,ML Engineer,"San Francisco, CA",2026-03-30
172,PyTorch,Machine Learning & AI,ML Engineer,"San Francisco, CA",2026-03-30
172,Computer Vision,Machine Learning & AI,ML Engineer,"San Francisco, CA",2026-03-30
993,Python,Programming Language,Data Scientist,"New York, NY",2026-03-30
993,Machine Learning,Machine Learning & AI,Data Scientist,"New York, NY",2026-03-30
993,Deep Learning,Machine Learning & AI,Data Scientist,"New York, NY",2026-03-30
993,PyTorch,Machine Learning & AI,Data Scientist,"New York, NY",2026-03-30
993,Computer Vision,Machine Learning & AI,Data Scientist,"New York, NY",2026-03-30
1000,Python,Programming Language,Software Engineer,"Mumbai, India",2026-03-30
1000,JavaScript,Programming Language,Software Engineer,"Mumbai, India",2026-03-30
1000,C++,Programming Language,Software Engineer,"Mumbai, India",2026-03-30
1000,Docker,DevOps,Software Engineer,"Mumbai, India",2026-03-30
1000,Agile,Soft Skills & Methodology,Software Engineer,"Mumbai, India",2026-03-30
1138,Java,Programming Language,Software Engineer,"Seattle, WA",2026-03-30
1138,JavaScript,Programming Language,Software Engineer,"Seattle, WA",2026-03-30
1138,Docker,DevOps,Software Engineer,"Seattle, WA",2026-03-30
1138,Git,DevOps,Software Engineer,"Seattle, WA",2026-03-30
1138,Linux,DevOps,Software Engineer,"Seattle, WA",2026-03-30
1138,REST API,Software Engineering,Software Engineer,"Seattle, WA",2026-03-30
1138,Agile,Soft Skills & Methodology,Software Engineer,"Seattle, WA",2026-03-30
1360,SQL,Programming Language,Data Scientist,"Pune, India",2026-03-30
1360,Spark,Big Data,Data Scientist,"Pune, India",2026-03-30
1360,Machine Learning,Machine Learning & AI,Data Scientist,"Pune, India",2026-03-30
1360,Scikit-learn,Machine Learning & AI,Data Scientist,"Pune, India",2026-03-30
1360,Statistics,Analytics,Data Scientist,"Pune, India",2026-03-30
1702,SQL,Programming Language,Data Analyst,"Chicago, IL",2026-03-30
1702,Excel,BI & Visualization,Data Analyst,"Chicago, IL",2026-03-30
1702,Power BI,BI & Visualization,Data Analyst,"Chicago, IL",2026-03-30
1702,Tableau,BI & Visualization,Data Analyst,"Chicago, IL",2026-03-30
1702,A/B Testing,Analytics,Data Analyst,"Chicago, IL",2026-03-30
1790,AWS,Cloud,Data Scientist,"Chicago, IL",2026-03-30
1790,PyTorch,Machine Learning & AI,Data Scientist,"Chicago, IL",2026-03-30
1790,Scikit-learn,Machine Learning & AI,Data Scientist,"Chicago, IL",2026-03-30
1790,NLP,Machine Learning & AI,Data Scientist,"Chicago, IL",2026-03-30
46,Python,Programming Language,ML Engineer,"Pune, India",2026-03-31
46,AWS,Cloud,ML Engineer,"Pune, India",2026-03-31
46,Docker,DevOps,ML Engineer,"Pune, India",2026-03-31
46,Machine Learning,Machine Learning & AI,ML Engineer,"Pune, India",2026-03-31
46,PyTorch,Machine Learning & AI,ML Engineer,"Pune, India",2026-03-31
98,SQL,Programming Language,Data Scientist,"Delhi, India",2026-03-31
98,Machine Learning,Machine Learning & AI,Data Scientist,"Delhi, India",2026-03-31
98,TensorFlow,Machine Learning & AI,Data Scientist,"Delhi, India",2026-03-31
98,PyTorch,Machine Learning & AI,Data Scientist,"Delhi, India",2026-03-31
98,Scikit-learn,Machine Learning & AI,Data Scientist,"Delhi, India",2026-03-31
98,A/B Testing,Analytics,Data Scientist,"Delhi, India",2026-03-31
154,Python,Programming Language,Software Engineer,"New York, NY",2026-03-31
154,Java,Programming Language,Software Engineer,"New York, NY",2026-03-31
154,JavaScript,Programming Language,Software Engineer,"New York, NY",2026-03-31
154,AWS,Cloud,Software Engineer,"New York, NY",2026-03-31
154,Agile,Soft Skills & Methodology,Software Engineer,"New York, NY",2026-03-31
692,Python,Programming Language,Data Engineer,"Austin, TX",2026-03-31
692,SQL,Programming Language,Data Engineer,"Austin, TX",2026-03-31
692,Airflow,Data Engineering,Data Engineer,"Austin, TX",2026-03-31
692,Docker,DevOps,Data Engineer,"Austin, TX",2026-03-31
852,Python,Programming Language,ML Engineer,"London, UK",2026-03-31
852,Docker,DevOps,ML Engineer,"London, UK",2026-03-31
852,Kubernetes,DevOps,ML Engineer,"London, UK",2026-03-31
852,Computer Vision,Machine Learning & AI,ML Engineer,"London, UK",2026-03-31
905,Docker,DevOps,ML Engineer,"Mumbai, India",2026-03-31
905,Kubernetes,DevOps,ML Engineer,"Mumbai, India",2026-03-31
905,Git,DevOps,ML Engineer,"Mumbai, India",2026-03-31
905,Computer Vision,Machine Learning & AI,ML Engineer,"Mumbai, India",2026-03-31
1498,Python,Programming Language,ML Engineer,"Austin, TX",2026-03-31
1498,Spark,Big Data,ML Engineer,"Austin, TX",2026-03-31
1498,Kubernetes,DevOps,ML Engineer,"Austin, TX",2026-03-31
1498,Git,DevOps,ML Engineer,"Austin, TX",2026-03-31
1498,Deep Learning,Machine Learning & AI,ML Engineer,"Austin, TX",2026-03-31
1498,TensorFlow,Machine Learning & AI,ML Engineer,"Austin, TX",2026-03-31
1498,PyTorch,Machine Learning & AI,ML Engineer,"Austin, TX",2026-03-31
1594,Airflow,Data Engineering,ML Engineer,"Austin, TX",2026-03-31
1594,Kubernetes,DevOps,ML Engineer,"Austin, TX",2026-03-31
1594,Machine Learning,Machine Learning & AI,ML Engineer,"Austin, TX",2026-03-31
1594,TensorFlow,Machine Learning & AI,ML Engineer,"Austin, TX",2026-03-31
1594,PyTorch,Machine Learning & AI,ML Engineer,"Austin, TX",2026-03-31
1594,Scikit-learn,Machine Learning & AI,ML Engineer,"Austin, TX",2026-03-31
1905,Python,Programming Language,Data Analyst,"New York, NY",2026-03-31
1905,R,Programming Language,Data Analyst,"New York, NY",2026-03-31
1905,Excel,BI & Visualization,Data Analyst,"New York, NY",2026-03-31
1905,Tableau,BI & Visualization,Data Analyst,"New York, NY",2026-03-31
1905,Git,DevOps,Data Analyst,"New York, NY",2026-03-31
1905,Statistics,Analytics,Data Analyst,"New York, NY",2026-03-31
491,Python,Programming Language,Data Engineer,"Mumbai, India",2026-04-01
491,AWS,Cloud,Data Engineer,"Mumbai, India",2026-04-01
491,Snowflake,Cloud & Data Warehousing,Data Engineer,"Mumbai, India",2026-04-01
491,Spark,Big Data,Data Engineer,"Mumbai, India",2026-04-01
491,ETL,Data Engineering,Data Engineer,"Mumbai, India",2026-04-01
491,Data Warehousing,Data Engineering,Data Engineer,"Mumbai, India",2026-04-01
873,Python,Programming Language,Software Engineer,"New York, NY",2026-04-01
873,SQL,Programming Language,Software Engineer,"New York, NY",2026-04-01
873,Java,Programming Language,Software Engineer,"New York, NY",2026-04-01
873,JavaScript,Programming Language,Software Engineer,"New York, NY",2026-04-01
873,REST API,Software Engineering,Software Engineer,"New York, NY",2026-04-01
1340,Python,Programming Language,Data Scientist,"Atlanta, GA",2026-04-01
1340,Machine Learning,Machine Learning & AI,Data Scientist,"Atlanta, GA",2026-04-01
1340,PyTorch,Machine Learning & AI,Data Scientist,"Atlanta, GA",2026-04-01
1340,Scikit-learn,Machine Learning & AI,Data Scientist,"Atlanta, GA",2026-04-01
1340,Statistics,Analytics,Data Scientist,"Atlanta, GA",2026-04-01
1354,Python,Programming Language,Software Engineer,"Austin, TX",2026-04-01
1354,Docker,DevOps,Software Engineer,"Austin, TX",2026-04-01
1354,MongoDB,Databases,Software Engineer,"Austin, TX",2026-04-01
1354,REST API,Software Engineering,Software Engineer,"Austin, TX",2026-04-01
1354,Agile,Soft Skills & Methodology,Software Engineer,"Austin, TX",2026-04-01
1590,Python,Programming Language,ML Engineer,"New York, NY",2026-04-01
1590,TensorFlow,Machine Learning & AI,ML Engineer,"New York, NY",2026-04-01
1590,PyTorch,Machine Learning & AI,ML Engineer,"New York, NY",2026-04-01
1590,Scikit-learn,Machine Learning & AI,ML Engineer,"New York, NY",2026-04-01
1590,NLP,Machine Learning & AI,ML Engineer,"New York, NY",2026-04-01
1590,Computer Vision,Machine Learning & AI,ML Engineer,"New York, NY",2026-04-01
1797,Azure,Cloud,ML Engineer,"Seattle, WA",2026-04-01
1797,Docker,DevOps,ML Engineer,"Seattle, WA",2026-04-01
1797,Git,DevOps,ML Engineer,"Seattle, WA",2026-04-01
1797,Machine Learning,Machine Learning & AI,ML Engineer,"Seattle, WA",2026-04-01
1797,Deep Learning,Machine Learning & AI,ML Engineer,"Seattle, WA",2026-04-01
1797,Scikit-learn,Machine Learning & AI,ML Engineer,"Seattle, WA",2026-04-01
1809,Tableau,BI & Visualization,Data Scientist,"Bengaluru, India",2026-04-01
1809,PyTorch,Machine Learning & AI,Data Scientist,"Bengaluru, India",2026-04-01
1809,Scikit-learn,Machine Learning & AI,Data Scientist,"Bengaluru, India",2026-04-01
1809,Computer Vision,Machine Learning & AI,Data Scientist,"Bengaluru, India",2026-04-01
72,Python,Programming Language,Data Engineer,"Chicago, IL",2026-04-02
72,SQL,Programming Language,Data Engineer,"Chicago, IL",2026-04-02
72,Redshift,Cloud & Data Warehousing,Data Engineer,"Chicago, IL",2026-04-02
72,BigQuery,Cloud & Data Warehousing,Data Engineer,"Chicago, IL",2026-04-02
72,Spark,Big Data,Data Engineer,"Chicago, IL",2026-04-02
72,Kafka,Big Data,Data Engineer,"Chicago, IL",2026-04-02
111,Python,Programming Language,Data Engineer,"Mumbai, India",2026-04-02
111,SQL,Programming Language,Data Engineer,"Mumbai, India",2026-04-02
111,AWS,Cloud,Data Engineer,"Mumbai, India",2026-04-02
111,Redshift,Cloud & Data Warehousing,Data Engineer,"Mumbai, India",2026-04-02
111,BigQuery,Cloud & Data Warehousing,Data Engineer,"Mumbai, India",2026-04-02
111,Spark,Big Data,Data Engineer,"Mumbai, India",2026-04-02
111,ETL,Data Engineering,Data Engineer,"Mumbai, India",2026-04-02
122,Python,Programming Language,Data Engineer,"Bengaluru, India",2026-04-02
122,SQL,Programming Language,Data Engineer,"Bengaluru, India",2026-04-02
122,Snowflake,Cloud & Data Warehousing,Data Engineer,"Bengaluru, India",2026-04-02
122,Redshift,Cloud & Data Warehousing,Data Engineer,"Bengaluru, India",2026-04-02
122,Spark,Big Data,Data Engineer,"Bengaluru, India",2026-04-02
122,Kafka,Big Data,Data Engineer,"Bengaluru, India",2026-04-02
122,Docker,DevOps,Data Engineer,"Bengaluru, India",2026-04-02
844,Python,Programming Language,ML Engineer,Remote,2026-04-02
844,Kubernetes,DevOps,ML Engineer,Remote,2026-04-02
844,Git,DevOps,ML Engineer,Remote,2026-04-02
844,Deep Learning,Machine Learning & AI,ML Engineer,Remote,2026-04-02
844,Scikit-learn,Machine Learning & AI,ML Engineer,Remote,2026-04-02
844,Computer Vision,Machine Learning & AI,ML Engineer,Remote,2026-04-02
930,SQL,Programming Language,Data Engineer,"Los Angeles, CA",2026-04-02
930,AWS,Cloud,Data Engineer,"Los Angeles, CA",2026-04-02
930,Snowflake,Cloud & Data Warehousing,Data Engineer,"Los Angeles, CA",2026-04-02
930,Airflow,Data Engineering,Data Engineer,"Los Angeles, CA",2026-04-02
930,dbt,Data Engineering,Data Engineer,"Los Angeles, CA",2026-04-02
930,ETL,Data Engineering,Data Engineer,"Los Angeles, CA",2026-04-02
930,Data Warehousing,Data Engineering,Data Engineer,"Los Angeles, CA",2026-04-02
1032,Spark,Big Data,ML Engineer,"London, UK",2026-04-02
1032,Docker,DevOps,ML Engineer,"London, UK",2026-04-02
1032,TensorFlow,Machine Learning & AI,ML Engineer,"London, UK",2026-04-02
1032,NLP,Machine Learning & AI,ML Engineer,"London, UK",2026-04-02
1032,Computer Vision,Machine Learning & AI,ML Engineer,"London, UK",2026-04-02
1466,Python,Programming Language,Data Engineer,"Los Angeles, CA",2026-04-02
1466,AWS,Cloud,Data Engineer,"Los Angeles, CA",2026-04-02
1466,Snowflake,Cloud & Data Warehousing,Data Engineer,"Los Angeles, CA",2026-04-02
1466,Hadoop,Big Data,Data Engineer,"Los Angeles, CA",2026-04-02
1466,Airflow,Data Engineering,Data Engineer,"Los Angeles, CA",2026-04-02
1466,ETL,Data Engineering,Data Engineer,"Los Angeles, CA",2026-04-02
278,SQL,Programming Language,Data Engineer,"Toronto, Canada",2026-04-03
278,AWS,Cloud,Data Engineer,"Toronto, Canada",2026-04-03
278,BigQuery,Cloud & Data Warehousing,Data Engineer,"Toronto, Canada",2026-04-03
278,Spark,Big Data,Data Engineer,"Toronto, Canada",2026-04-03
278,Airflow,Data Engineering,Data Engineer,"Toronto, Canada",2026-04-03
278,Data Warehousing,Data Engineering,Data Engineer,"Toronto, Canada",2026-04-03
523,Python,Programming Language,Data Engineer,"Pune, India",2026-04-03
523,SQL,Programming Language,Data Engineer,"Pune, India",2026-04-03
523,Spark,Big Data,Data Engineer,"Pune, India",2026-04-03
523,Kafka,Big Data,Data Engineer,"Pune, India",2026-04-03
523,Docker,DevOps,Data Engineer,"Pune, India",2026-04-03
900,Python,Programming Language,ML Engineer,"Chicago, IL",2026-04-03
900,TensorFlow,Machine Learning & AI,ML Engineer,"Chicago, IL",2026-04-03
900,PyTorch,Machine Learning & AI,ML Engineer,"Chicago, IL",2026-04-03
900,Scikit-learn,Machine Learning & AI,ML Engineer,"Chicago, IL",2026-04-03
900,NLP,Machine Learning & AI,ML Engineer,"Chicago, IL",2026-04-03
1381,Java,Programming Language,Software Engineer,"Dublin, Ireland",2026-04-03
1381,JavaScript,Programming Language,Software Engineer,"Dublin, Ireland",2026-04-03
1381,C++,Programming Language,Software Engineer,"Dublin, Ireland",2026-04-03
1381,AWS,Cloud,Software Engineer,"Dublin, Ireland",2026-04-03
1381,Kubernetes,DevOps,Software Engineer,"Dublin, Ireland",2026-04-03
1381,Git,DevOps,Software Engineer,"Dublin, Ireland",2026-04-03
1381,Agile,Soft Skills & Methodology,Software Engineer,"Dublin, Ireland",2026-04-03
347,SQL,Programming Language,Data Scientist,"Austin, TX",2026-04-04
347,Spark,Big Data,Data Scientist,"Austin, TX",2026-04-04
347,Deep Learning,Machine Learning & AI,Data Scientist,"Austin, TX",2026-04-04
347,TensorFlow,Machine Learning & AI,Data Scientist,"Austin, TX",2026-04-04
347,Computer Vision,Machine Learning & AI,Data Scientist,"Austin, TX",2026-04-04
347,Statistics,Analytics,Data Scientist,"Austin, TX",2026-04-04
379,Java,Programming Language,Software Engineer,"Bengaluru, India",2026-04-04
379,JavaScript,Programming Language,Software Engineer,"Bengaluru, India",2026-04-04
379,AWS,Cloud,Software Engineer,"Bengaluru, India",2026-04-04
379,Docker,DevOps,Software Engineer,"Bengaluru, India",2026-04-04
379,MongoDB,Databases,Software Engineer,"Bengaluru, India",2026-04-04
379,Linux,DevOps,Software Engineer,"Bengaluru, India",2026-04-04
531,Python,Programming Language,ML Engineer,Remote,2026-04-04
531,AWS,Cloud,ML Engineer,Remote,2026-04-04
531,Kubernetes,DevOps,ML Engineer,Remote,2026-04-04
531,Deep Learning,Machine Learning & AI,ML Engineer,Remote,2026-04-04
1714,SQL,Programming Language,Software Engineer,"Los Angeles, CA",2026-04-04
1714,Java,Programming Language,Software Engineer,"Los Angeles, CA",2026-04-04
1714,JavaScript,Programming Language,Software Engineer,"Los Angeles, CA",2026-04-04
1714,AWS,Cloud,Software Engineer,"Los Angeles, CA",2026-04-04
1714,Docker,DevOps,Software Engineer,"Los Angeles, CA",2026-04-04
1714,REST API,Software Engineering,Software Engineer,"Los Angeles, CA",2026-04-04
1714,Agile,Soft Skills & Methodology,Software Engineer,"Los Angeles, CA",2026-04-04
990,Python,Programming Language,Data Analyst,Singapore,2026-04-05
990,SQL,Programming Language,Data Analyst,Singapore,2026-04-05
990,Power BI,BI & Visualization,Data Analyst,Singapore,2026-04-05
990,Tableau,BI & Visualization,Data Analyst,Singapore,2026-04-05
990,Looker,BI & Visualization,Data Analyst,Singapore,2026-04-05
990,A/B Testing,Analytics,Data Analyst,Singapore,2026-04-05
1076,Python,Programming Language,ML Engineer,"Austin, TX",2026-04-05
1076,AWS,Cloud,ML Engineer,"Austin, TX",2026-04-05
1076,Azure,Cloud,ML Engineer,"Austin, TX",2026-04-05
1076,Spark,Big Data,ML Engineer,"Austin, TX",2026-04-05
1076,Kubernetes,DevOps,ML Engineer,"Austin, TX",2026-04-05
1076,TensorFlow,Machine Learning & AI,ML Engineer,"Austin, TX",2026-04-05
1256,Python,Programming Language,Data Analyst,"Bengaluru, India",2026-04-05
1256,R,Programming Language,Data Analyst,"Bengaluru, India",2026-04-05
1256,SQL,Programming Language,Data Analyst,"Bengaluru, India",2026-04-05
1256,Excel,BI & Visualization,Data Analyst,"Bengaluru, India",2026-04-05
1256,Tableau,BI & Visualization,Data Analyst,"Bengaluru, India",2026-04-05
1256,A/B Testing,Analytics,Data Analyst,"Bengaluru, India",2026-04-05
1256,MongoDB,Databases,Data Analyst,"Bengaluru, India",2026-04-05
1578,Java,Programming Language,Software Engineer,"Seattle, WA",2026-04-05
1578,JavaScript,Programming Language,Software Engineer,"Seattle, WA",2026-04-05
1578,Docker,DevOps,Software Engineer,"Seattle, WA",2026-04-05
1578,Kubernetes,DevOps,Software Engineer,"Seattle, WA",2026-04-05
1578,MongoDB,Databases,Software Engineer,"Seattle, WA",2026-04-05
1578,REST API,Software Engineering,Software Engineer,"Seattle, WA",2026-04-05
1696,Python,Programming Language,Data Analyst,"Bengaluru, India",2026-04-05
1696,Excel,BI & Visualization,Data Analyst,"Bengaluru, India",2026-04-05
1696,Power BI,BI & Visualization,Data Analyst,"Bengaluru, India",2026-04-05
1696,A/B Testing,Analytics,Data Analyst,"Bengaluru, India",2026-04-05
853,Spark,Big Data,ML Engineer,Remote,2026-04-06
853,Docker,DevOps,ML Engineer,Remote,2026-04-06
853,Machine Learning,Machine Learning & AI,ML Engineer,Remote,2026-04-06
853,TensorFlow,Machine Learning & AI,ML Engineer,Remote,2026-04-06
853,Scikit-learn,Machine Learning & AI,ML Engineer,Remote,2026-04-06
853,Computer Vision,Machine Learning & AI,ML Engineer,Remote,2026-04-06
1050,SQL,Programming Language,Data Engineer,"Hyderabad, India",2026-04-06
1050,AWS,Cloud,Data Engineer,"Hyderabad, India",2026-04-06
1050,BigQuery,Cloud & Data Warehousing,Data Engineer,"Hyderabad, India",2026-04-06
1050,Spark,Big Data,Data Engineer,"Hyderabad, India",2026-04-06
1050,Airflow,Data Engineering,Data Engineer,"Hyderabad, India",2026-04-06
1050,ETL,Data Engineering,Data Engineer,"Hyderabad, India",2026-04-06
1362,Kubernetes,DevOps,ML Engineer,"Dublin, Ireland",2026-04-06
1362,Machine Learning,Machine Learning & AI,ML Engineer,"Dublin, Ireland",2026-04-06
1362,TensorFlow,Machine Learning & AI,ML Engineer,"Dublin, Ireland",2026-04-06
1362,Scikit-learn,Machine Learning & AI,ML Engineer,"Dublin, Ireland",2026-04-06
1362,NLP,Machine Learning & AI,ML Engineer,"Dublin, Ireland",2026-04-06
1495,Python,Programming Language,Data Engineer,"Los Angeles, CA",2026-04-06
1495,SQL,Programming Language,Data Engineer,"Los Angeles, CA",2026-04-06
1495,AWS,Cloud,Data Engineer,"Los Angeles, CA",2026-04-06
1495,Azure,Cloud,Data Engineer,"Los Angeles, CA",2026-04-06
18,Python,Programming Language,ML Engineer,"Los Angeles, CA",2026-04-07
18,AWS,Cloud,ML Engineer,"Los Angeles, CA",2026-04-07
18,Docker,DevOps,ML Engineer,"Los Angeles, CA",2026-04-07
18,Machine Learning,Machine Learning & AI,ML Engineer,"Los Angeles, CA",2026-04-07
18,TensorFlow,Machine Learning & AI,ML Engineer,"Los Angeles, CA",2026-04-07
415,Python,Programming Language,ML Engineer,"Bengaluru, India",2026-04-07
415,Docker,DevOps,ML Engineer,"Bengaluru, India",2026-04-07
415,Machine Learning,Machine Learning & AI,ML Engineer,"Bengaluru, India",2026-04-07
415,Computer Vision,Machine Learning & AI,ML Engineer,"Bengaluru, India",2026-04-07
842,Python,Programming Language,Data Engineer,"Atlanta, GA",2026-04-07
842,SQL,Programming Language,Data Engineer,"Atlanta, GA",2026-04-07
842,Snowflake,Cloud & Data Warehousing,Data Engineer,"Atlanta, GA",2026-04-07
842,Airflow,Data Engineering,Data Engineer,"Atlanta, GA",2026-04-07
842,ETL,Data Engineering,Data Engineer,"Atlanta, GA",2026-04-07
1018,Python,Programming Language,Data Engineer,"Chicago, IL",2026-04-07
1018,SQL,Programming Language,Data Engineer,"Chicago, IL",2026-04-07
1018,GCP,Cloud,Data Engineer,"Chicago, IL",2026-04-07
1018,Airflow,Data Engineering,Data Engineer,"Chicago, IL",2026-04-07
1018,dbt,Data Engineering,Data Engineer,"Chicago, IL",2026-04-07
1162,R,Programming Language,Data Scientist,"Austin, TX",2026-04-07
1162,SQL,Programming Language,Data Scientist,"Austin, TX",2026-04-07
1162,AWS,Cloud,Data Scientist,"Austin, TX",2026-04-07
1162,Machine Learning,Machine Learning & AI,Data Scientist,"Austin, TX",2026-04-07
1162,Deep Learning,Machine Learning & AI,Data Scientist,"Austin, TX",2026-04-07
1163,R,Programming Language,Data Scientist,"New York, NY",2026-04-07
1163,Spark,Big Data,Data Scientist,"New York, NY",2026-04-07
1163,Machine Learning,Machine Learning & AI,Data Scientist,"New York, NY",2026-04-07
1163,PyTorch,Machine Learning & AI,Data Scientist,"New York, NY",2026-04-07
1456,Python,Programming Language,Software Engineer,"San Francisco, CA",2026-04-07
1456,SQL,Programming Language,Software Engineer,"San Francisco, CA",2026-04-07
1456,JavaScript,Programming Language,Software Engineer,"San Francisco, CA",2026-04-07
1456,Git,DevOps,Software Engineer,"San Francisco, CA",2026-04-07
1456,Agile,Soft Skills & Methodology,Software Engineer,"San Francisco, CA",2026-04-07
1612,Python,Programming Language,Data Engineer,"San Francisco, CA",2026-04-07
1612,SQL,Programming Language,Data Engineer,"San Francisco, CA",2026-04-07
1612,Spark,Big Data,Data Engineer,"San Francisco, CA",2026-04-07
1612,Kafka,Big Data,Data Engineer,"San Francisco, CA",2026-04-07
1612,dbt,Data Engineering,Data Engineer,"San Francisco, CA",2026-04-07
1612,Docker,DevOps,Data Engineer,"San Francisco, CA",2026-04-07
1612,ETL,Data Engineering,Data Engineer,"San Francisco, CA",2026-04-07
1773,Snowflake,Cloud & Data Warehousing,Data Engineer,"San Francisco, CA",2026-04-07
1773,Docker,DevOps,Data Engineer,"San Francisco, CA",2026-04-07
1773,ETL,Data Engineering,Data Engineer,"San Francisco, CA",2026-04-07
1773,Data Warehousing,Data Engineering,Data Engineer,"San Francisco, CA",2026-04-07
1981,Python,Programming Language,Data Analyst,"Mumbai, India",2026-04-07
1981,R,Programming Language,Data Analyst,"Mumbai, India",2026-04-07
1981,SQL,Programming Language,Data Analyst,"Mumbai, India",2026-04-07
1981,Power BI,BI & Visualization,Data Analyst,"Mumbai, India",2026-04-07
1981,Tableau,BI & Visualization,Data Analyst,"Mumbai, India",2026-04-07
1981,Looker,BI & Visualization,Data Analyst,"Mumbai, India",2026-04-07
1981,Statistics,Analytics,Data Analyst,"Mumbai, India",2026-04-07
1995,SQL,Programming Language,Data Analyst,Remote,2026-04-07
1995,Power BI,BI & Visualization,Data Analyst,Remote,2026-04-07
1995,Tableau,BI & Visualization,Data Analyst,Remote,2026-04-07
1995,A/B Testing,Analytics,Data Analyst,Remote,2026-04-07
1995,ETL,Data Engineering,Data Analyst,Remote,2026-04-07
55,Python,Programming Language,Software Engineer,"San Francisco, CA",2026-04-08
55,C++,Programming Language,Software Engineer,"San Francisco, CA",2026-04-08
55,AWS,Cloud,Software Engineer,"San Francisco, CA",2026-04-08
55,Git,DevOps,Software Engineer,"San Francisco, CA",2026-04-08
55,Agile,Soft Skills & Methodology,Software Engineer,"San Francisco, CA",2026-04-08
319,SQL,Programming Language,Data Engineer,"Denver, CO",2026-04-08
319,GCP,Cloud,Data Engineer,"Denver, CO",2026-04-08
319,BigQuery,Cloud & Data Warehousing,Data Engineer,"Denver, CO",2026-04-08
319,Spark,Big Data,Data Engineer,"Denver, CO",2026-04-08
319,Hadoop,Big Data,Data Engineer,"Denver, CO",2026-04-08
319,Kafka,Big Data,Data Engineer,"Denver, CO",2026-04-08
319,ETL,Data Engineering,Data Engineer,"Denver, CO",2026-04-08
536,Python,Programming Language,Data Analyst,"New York, NY",2026-04-08
536,R,Programming Language,Data Analyst,"New York, NY",2026-04-08
536,Excel,BI & Visualization,Data Analyst,"New York, NY",2026-04-08
536,Power BI,BI & Visualization,Data Analyst,"New York, NY",2026-04-08
536,Looker,BI & Visualization,Data Analyst,"New York, NY",2026-04-08
536,ETL,Data Engineering,Data Analyst,"New York, NY",2026-04-08
625,Python,Programming Language,Data Scientist,"Hyderabad, India",2026-04-08
625,SQL,Programming Language,Data Scientist,"Hyderabad, India",2026-04-08
625,AWS,Cloud,Data Scientist,"Hyderabad, India",2026-04-08
625,PyTorch,Machine Learning & AI,Data Scientist,"Hyderabad, India",2026-04-08
625,Scikit-learn,Machine Learning & AI,Data Scientist,"Hyderabad, India",2026-04-08
625,Computer Vision,Machine Learning & AI,Data Scientist,"Hyderabad, India",2026-04-08
625,A/B Testing,Analytics,Data Scientist,"Hyderabad, India",2026-04-08
968,Python,Programming Language,ML Engineer,"Bengaluru, India",2026-04-08
968,Spark,Big Data,ML Engineer,"Bengaluru, India",2026-04-08
968,Docker,DevOps,ML Engineer,"Bengaluru, India",2026-04-08
968,Deep Learning,Machine Learning & AI,ML Engineer,"Bengaluru, India",2026-04-08
968,TensorFlow,Machine Learning & AI,ML Engineer,"Bengaluru, India",2026-04-08
968,PyTorch,Machine Learning & AI,ML Engineer,"Bengaluru, India",2026-04-08
1181,Spark,Big Data,Data Scientist,"Bengaluru, India",2026-04-08
1181,Scikit-learn,Machine Learning & AI,Data Scientist,"Bengaluru, India",2026-04-08
1181,Statistics,Analytics,Data Scientist,"Bengaluru, India",2026-04-08
1181,A/B Testing,Analytics,Data Scientist,"Bengaluru, India",2026-04-08
1942,Python,Programming Language,Software Engineer,Singapore,2026-04-08
1942,AWS,Cloud,Software Engineer,Singapore,2026-04-08
1942,Git,DevOps,Software Engineer,Singapore,2026-04-08
1942,REST API,Software Engineering,Software Engineer,Singapore,2026-04-08
502,Python,Programming Language,Data Analyst,Remote,2026-04-09
502,SQL,Programming Language,Data Analyst,Remote,2026-04-09
502,Excel,BI & Visualization,Data Analyst,Remote,2026-04-09
502,Power BI,BI & Visualization,Data Analyst,Remote,2026-04-09
502,Tableau,BI & Visualization,Data Analyst,Remote,2026-04-09
502,A/B Testing,Analytics,Data Analyst,Remote,2026-04-09
502,ETL,Data Engineering,Data Analyst,Remote,2026-04-09
653,Python,Programming Language,Data Analyst,"Hyderabad, India",2026-04-09
653,SQL,Programming Language,Data Analyst,"Hyderabad, India",2026-04-09
653,Tableau,BI & Visualization,Data Analyst,"Hyderabad, India",2026-04-09
653,GCP,Cloud,Data Analyst,"Hyderabad, India",2026-04-09
653,Statistics,Analytics,Data Analyst,"Hyderabad, India",2026-04-09
1051,SQL,Programming Language,Data Scientist,Remote,2026-04-09
1051,TensorFlow,Machine Learning & AI,Data Scientist,Remote,2026-04-09
1051,Scikit-learn,Machine Learning & AI,Data Scientist,Remote,2026-04-09
1051,NLP,Machine Learning & AI,Data Scientist,Remote,2026-04-09
1070,Python,Programming Language,Data Scientist,"Seattle, WA",2026-04-09
1070,R,Programming Language,Data Scientist,"Seattle, WA",2026-04-09
1070,Machine Learning,Machine Learning & AI,Data Scientist,"Seattle, WA",2026-04-09
1070,Deep Learning,Machine Learning & AI,Data Scientist,"Seattle, WA",2026-04-09
1070,Statistics,Analytics,Data Scientist,"Seattle, WA",2026-04-09
1070,A/B Testing,Analytics,Data Scientist,"Seattle, WA",2026-04-09
1415,Python,Programming Language,Data Analyst,"London, UK",2026-04-09
1415,SQL,Programming Language,Data Analyst,"London, UK",2026-04-09
1415,Power BI,BI & Visualization,Data Analyst,"London, UK",2026-04-09
1415,GCP,Cloud,Data Analyst,"London, UK",2026-04-09
1415,Statistics,Analytics,Data Analyst,"London, UK",2026-04-09
1415,ETL,Data Engineering,Data Analyst,"London, UK",2026-04-09
1415,MongoDB,Databases,Data Analyst,"London, UK",2026-04-09
1428,SQL,Programming Language,Data Engineer,"Mumbai, India",2026-04-09
1428,Snowflake,Cloud & Data Warehousing,Data Engineer,"Mumbai, India",2026-04-09
1428,Docker,DevOps,Data Engineer,"Mumbai, India",2026-04-09
1428,ETL,Data Engineering,Data Engineer,"Mumbai, India",2026-04-09
1428,Data Warehousing,Data Engineering,Data Engineer,"Mumbai, India",2026-04-09
528,Java,Programming Language,Software Engineer,"Delhi, India",2026-04-10
528,JavaScript,Programming Language,Software Engineer,"Delhi, India",2026-04-10
528,Docker,DevOps,Software Engineer,"Delhi, India",2026-04-10
528,Git,DevOps,Software Engineer,"Delhi, India",2026-04-10
528,NoSQL,Databases,Software Engineer,"Delhi, India",2026-04-10
836,SQL,Programming Language,Data Scientist,"Chicago, IL",2026-04-10
836,Tableau,BI & Visualization,Data Scientist,"Chicago, IL",2026-04-10
836,Machine Learning,Machine Learning & AI,Data Scientist,"Chicago, IL",2026-04-10
836,NLP,Machine Learning & AI,Data Scientist,"Chicago, IL",2026-04-10
1597,Tableau,BI & Visualization,Data Scientist,Remote,2026-04-10
1597,Machine Learning,Machine Learning & AI,Data Scientist,Remote,2026-04-10
1597,Scikit-learn,Machine Learning & AI,Data Scientist,Remote,2026-04-10
1597,Statistics,Analytics,Data Scientist,Remote,2026-04-10
1847,SQL,Programming Language,Data Analyst,"Washington, DC",2026-04-10
1847,Tableau,BI & Visualization,Data Analyst,"Washington, DC",2026-04-10
1847,Looker,BI & Visualization,Data Analyst,"Washington, DC",2026-04-10
1847,Statistics,Analytics,Data Analyst,"Washington, DC",2026-04-10
1847,Data Warehousing,Data Engineering,Data Analyst,"Washington, DC",2026-04-10
1915,Python,Programming Language,ML Engineer,"San Francisco, CA",2026-04-10
1915,Docker,DevOps,ML Engineer,"San Francisco, CA",2026-04-10
1915,Git,DevOps,ML Engineer,"San Francisco, CA",2026-04-10
1915,Deep Learning,Machine Learning & AI,ML Engineer,"San Francisco, CA",2026-04-10
181,Docker,DevOps,ML Engineer,"San Francisco, CA",2026-04-11
181,Kubernetes,DevOps,ML Engineer,"San Francisco, CA",2026-04-11
181,Git,DevOps,ML Engineer,"San Francisco, CA",2026-04-11
181,Machine Learning,Machine Learning & AI,ML Engineer,"San Francisco, CA",2026-04-11
181,Deep Learning,Machine Learning & AI,ML Engineer,"San Francisco, CA",2026-04-11
181,NLP,Machine Learning & AI,ML Engineer,"San Francisco, CA",2026-04-11
1038,C++,Programming Language,Software Engineer,"San Francisco, CA",2026-04-11
1038,Docker,DevOps,Software Engineer,"San Francisco, CA",2026-04-11
1038,Git,DevOps,Software Engineer,"San Francisco, CA",2026-04-11
1038,Linux,DevOps,Software Engineer,"San Francisco, CA",2026-04-11
1038,REST API,Software Engineering,Software Engineer,"San Francisco, CA",2026-04-11
1241,Python,Programming Language,Data Scientist,"Los Angeles, CA",2026-04-11
1241,SQL,Programming Language,Data Scientist,"Los Angeles, CA",2026-04-11
1241,TensorFlow,Machine Learning & AI,Data Scientist,"Los Angeles, CA",2026-04-11
1241,Scikit-learn,Machine Learning & AI,Data Scientist,"Los Angeles, CA",2026-04-11
1241,Computer Vision,Machine Learning & AI,Data Scientist,"Los Angeles, CA",2026-04-11
1241,A/B Testing,Analytics,Data Scientist,"Los Angeles, CA",2026-04-11
1303,Python,Programming Language,Data Scientist,"San Francisco, CA",2026-04-11
1303,R,Programming Language,Data Scientist,"San Francisco, CA",2026-04-11
1303,Spark,Big Data,Data Scientist,"San Francisco, CA",2026-04-11
1303,Deep Learning,Machine Learning & AI,Data Scientist,"San Francisco, CA",2026-04-11
1303,Scikit-learn,Machine Learning & AI,Data Scientist,"San Francisco, CA",2026-04-11
1303,Statistics,Analytics,Data Scientist,"San Francisco, CA",2026-04-11
1303,A/B Testing,Analytics,Data Scientist,"San Francisco, CA",2026-04-11
220,Excel,BI & Visualization,Data Analyst,Remote,2026-04-12
220,Power BI,BI & Visualization,Data Analyst,Remote,2026-04-12
220,Tableau,BI & Visualization,Data Analyst,Remote,2026-04-12
220,A/B Testing,Analytics,Data Analyst,Remote,2026-04-12
330,Python,Programming Language,Data Scientist,"Hyderabad, India",2026-04-12
330,R,Programming Language,Data Scientist,"Hyderabad, India",2026-04-12
330,SQL,Programming Language,Data Scientist,"Hyderabad, India",2026-04-12
330,Machine Learning,Machine Learning & AI,Data Scientist,"Hyderabad, India",2026-04-12
330,TensorFlow,Machine Learning & AI,Data Scientist,"Hyderabad, India",2026-04-12
330,NLP,Machine Learning & AI,Data Scientist,"Hyderabad, India",2026-04-12
588,SQL,Programming Language,Data Scientist,"Seattle, WA",2026-04-12
588,AWS,Cloud,Data Scientist,"Seattle, WA",2026-04-12
588,Machine Learning,Machine Learning & AI,Data Scientist,"Seattle, WA",2026-04-12
588,Deep Learning,Machine Learning & AI,Data Scientist,"Seattle, WA",2026-04-12
588,TensorFlow,Machine Learning & AI,Data Scientist,"Seattle, WA",2026-04-12
1884,AWS,Cloud,Data Engineer,"Los Angeles, CA",2026-04-12
1884,Redshift,Cloud & Data Warehousing,Data Engineer,"Los Angeles, CA",2026-04-12
1884,Kafka,Big Data,Data Engineer,"Los Angeles, CA",2026-04-12
1884,Airflow,Data Engineering,Data Engineer,"Los Angeles, CA",2026-04-12
1884,dbt,Data Engineering,Data Engineer,"Los Angeles, CA",2026-04-12
1884,Data Warehousing,Data Engineering,Data Engineer,"Los Angeles, CA",2026-04-12
394,Spark,Big Data,Data Scientist,"Pune, India",2026-04-13
394,Machine Learning,Machine Learning & AI,Data Scientist,"Pune, India",2026-04-13
394,Deep Learning,Machine Learning & AI,Data Scientist,"Pune, India",2026-04-13
394,A/B Testing,Analytics,Data Scientist,"Pune, India",2026-04-13
687,Python,Programming Language,Data Analyst,"Austin, TX",2026-04-13
687,Excel,BI & Visualization,Data Analyst,"Austin, TX",2026-04-13
687,Power BI,BI & Visualization,Data Analyst,"Austin, TX",2026-04-13
687,Tableau,BI & Visualization,Data Analyst,"Austin, TX",2026-04-13
687,Git,DevOps,Data Analyst,"Austin, TX",2026-04-13
687,ETL,Data Engineering,Data Analyst,"Austin, TX",2026-04-13
687,MongoDB,Databases,Data Analyst,"Austin, TX",2026-04-13
856,SQL,Programming Language,Data Analyst,"Bengaluru, India",2026-04-13
856,Excel,BI & Visualization,Data Analyst,"Bengaluru, India",2026-04-13
856,Power BI,BI & Visualization,Data Analyst,"Bengaluru, India",2026-04-13
856,Tableau,BI & Visualization,Data Analyst,"Bengaluru, India",2026-04-13
856,Looker,BI & Visualization,Data Analyst,"Bengaluru, India",2026-04-13
856,A/B Testing,Analytics,Data Analyst,"Bengaluru, India",2026-04-13
856,MongoDB,Databases,Data Analyst,"Bengaluru, India",2026-04-13
1464,Python,Programming Language,Data Engineer,Remote,2026-04-13
1464,SQL,Programming Language,Data Engineer,Remote,2026-04-13
1464,Snowflake,Cloud & Data Warehousing,Data Engineer,Remote,2026-04-13
1464,Redshift,Cloud & Data Warehousing,Data Engineer,Remote,2026-04-13
1464,dbt,Data Engineering,Data Engineer,Remote,2026-04-13
1464,ETL,Data Engineering,Data Engineer,Remote,2026-04-13
1670,Java,Programming Language,Software Engineer,"Bengaluru, India",2026-04-13
1670,JavaScript,Programming Language,Software Engineer,"Bengaluru, India",2026-04-13
1670,Kubernetes,DevOps,Software Engineer,"Bengaluru, India",2026-04-13
1670,Git,DevOps,Software Engineer,"Bengaluru, India",2026-04-13
1670,NoSQL,Databases,Software Engineer,"Bengaluru, India",2026-04-13
1670,MongoDB,Databases,Software Engineer,"Bengaluru, India",2026-04-13
1670,Linux,DevOps,Software Engineer,"Bengaluru, India",2026-04-13
1685,Python,Programming Language,Data Engineer,"Bengaluru, India",2026-04-13
1685,AWS,Cloud,Data Engineer,"Bengaluru, India",2026-04-13
1685,BigQuery,Cloud & Data Warehousing,Data Engineer,"Bengaluru, India",2026-04-13
1685,Spark,Big Data,Data Engineer,"Bengaluru, India",2026-04-13
1685,ETL,Data Engineering,Data Engineer,"Bengaluru, India",2026-04-13
1947,Python,Programming Language,Software Engineer,"Boston, MA",2026-04-13
1947,JavaScript,Programming Language,Software Engineer,"Boston, MA",2026-04-13
1947,AWS,Cloud,Software Engineer,"Boston, MA",2026-04-13
1947,REST API,Software Engineering,Software Engineer,"Boston, MA",2026-04-13
1947,Agile,Soft Skills & Methodology,Software Engineer,"Boston, MA",2026-04-13
1998,Python,Programming Language,Software Engineer,"Seattle, WA",2026-04-13
1998,SQL,Programming Language,Software Engineer,"Seattle, WA",2026-04-13
1998,AWS,Cloud,Software Engineer,"Seattle, WA",2026-04-13
1998,Docker,DevOps,Software Engineer,"Seattle, WA",2026-04-13
1998,REST API,Software Engineering,Software Engineer,"Seattle, WA",2026-04-13
1998,Agile,Soft Skills & Methodology,Software Engineer,"Seattle, WA",2026-04-13
538,Java,Programming Language,Software Engineer,"Pune, India",2026-04-14
538,C++,Programming Language,Software Engineer,"Pune, India",2026-04-14
538,AWS,Cloud,Software Engineer,"Pune, India",2026-04-14
538,Kubernetes,DevOps,Software Engineer,"Pune, India",2026-04-14
538,Git,DevOps,Software Engineer,"Pune, India",2026-04-14
538,REST API,Software Engineering,Software Engineer,"Pune, India",2026-04-14
538,Agile,Soft Skills & Methodology,Software Engineer,"Pune, India",2026-04-14
1260,SQL,Programming Language,Software Engineer,"London, UK",2026-04-14
1260,JavaScript,Programming Language,Software Engineer,"London, UK",2026-04-14
1260,C++,Programming Language,Software Engineer,"London, UK",2026-04-14
1260,AWS,Cloud,Software Engineer,"London, UK",2026-04-14
1260,Docker,DevOps,Software Engineer,"London, UK",2026-04-14
1260,Git,DevOps,Software Engineer,"London, UK",2026-04-14
24,AWS,Cloud,ML Engineer,"Los Angeles, CA",2026-04-15
24,Spark,Big Data,ML Engineer,"Los Angeles, CA",2026-04-15
24,Git,DevOps,ML Engineer,"Los Angeles, CA",2026-04-15
24,TensorFlow,Machine Learning & AI,ML Engineer,"Los Angeles, CA",2026-04-15
24,Computer Vision,Machine Learning & AI,ML Engineer,"Los Angeles, CA",2026-04-15
196,Python,Programming Language,Data Analyst,"Austin, TX",2026-04-15
196,SQL,Programming Language,Data Analyst,"Austin, TX",2026-04-15
196,Excel,BI & Visualization,Data Analyst,"Austin, TX",2026-04-15
196,Power BI,BI & Visualization,Data Analyst,"Austin, TX",2026-04-15
196,Statistics,Analytics,Data Analyst,"Austin, TX",2026-04-15
196,A/B Testing,Analytics,Data Analyst,"Austin, TX",2026-04-15
196,Data Warehousing,Data Engineering,Data Analyst,"Austin, TX",2026-04-15
688,Python,Programming Language,Data Scientist,Remote,2026-04-15
688,SQL,Programming Language,Data Scientist,Remote,2026-04-15
688,PyTorch,Machine Learning & AI,Data Scientist,Remote,2026-04-15
688,Scikit-learn,Machine Learning & AI,Data Scientist,Remote,2026-04-15
1198,Excel,BI & Visualization,Data Analyst,"Hyderabad, India",2026-04-15
1198,Power BI,BI & Visualization,Data Analyst,"Hyderabad, India",2026-04-15
1198,Tableau,BI & Visualization,Data Analyst,"Hyderabad, India",2026-04-15
1198,Git,DevOps,Data Analyst,"Hyderabad, India",2026-04-15
1198,Statistics,Analytics,Data Analyst,"Hyderabad, India",2026-04-15
1198,A/B Testing,Analytics,Data Analyst,"Hyderabad, India",2026-04-15
1244,JavaScript,Programming Language,Software Engineer,"San Francisco, CA",2026-04-15
1244,C++,Programming Language,Software Engineer,"San Francisco, CA",2026-04-15
1244,Kubernetes,DevOps,Software Engineer,"San Francisco, CA",2026-04-15
1244,Git,DevOps,Software Engineer,"San Francisco, CA",2026-04-15
1244,Linux,DevOps,Software Engineer,"San Francisco, CA",2026-04-15
1338,R,Programming Language,Data Analyst,Remote,2026-04-15
1338,Excel,BI & Visualization,Data Analyst,Remote,2026-04-15
1338,Power BI,BI & Visualization,Data Analyst,Remote,2026-04-15
1338,Tableau,BI & Visualization,Data Analyst,Remote,2026-04-15
1338,Git,DevOps,Data Analyst,Remote,2026-04-15
1338,Statistics,Analytics,Data Analyst,Remote,2026-04-15
1338,A/B Testing,Analytics,Data Analyst,Remote,2026-04-15
134,Python,Programming Language,ML Engineer,"Los Angeles, CA",2026-04-16
134,Airflow,Data Engineering,ML Engineer,"Los Angeles, CA",2026-04-16
134,Docker,DevOps,ML Engineer,"Los Angeles, CA",2026-04-16
134,Machine Learning,Machine Learning & AI,ML Engineer,"Los Angeles, CA",2026-04-16
134,PyTorch,Machine Learning & AI,ML Engineer,"Los Angeles, CA",2026-04-16
134,Scikit-learn,Machine Learning & AI,ML Engineer,"Los Angeles, CA",2026-04-16
134,Computer Vision,Machine Learning & AI,ML Engineer,"Los Angeles, CA",2026-04-16
424,Redshift,Cloud & Data Warehousing,Data Engineer,Remote,2026-04-16
424,BigQuery,Cloud & Data Warehousing,Data Engineer,Remote,2026-04-16
424,Spark,Big Data,Data Engineer,Remote,2026-04-16
424,dbt,Data Engineering,Data Engineer,Remote,2026-04-16
424,Docker,DevOps,Data Engineer,Remote,2026-04-16
442,Python,Programming Language,Data Scientist,"Hyderabad, India",2026-04-16
442,Spark,Big Data,Data Scientist,"Hyderabad, India",2026-04-16
442,Machine Learning,Machine Learning & AI,Data Scientist,"Hyderabad, India",2026-04-16
442,Computer Vision,Machine Learning & AI,Data Scientist,"Hyderabad, India",2026-04-16
442,Statistics,Analytics,Data Scientist,"Hyderabad, India",2026-04-16
442,A/B Testing,Analytics,Data Scientist,"Hyderabad, India",2026-04-16
759,Python,Programming Language,Data Engineer,"Dublin, Ireland",2026-04-16
759,GCP,Cloud,Data Engineer,"Dublin, Ireland",2026-04-16
759,BigQuery,Cloud & Data Warehousing,Data Engineer,"Dublin, Ireland",2026-04-16
759,Spark,Big Data,Data Engineer,"Dublin, Ireland",2026-04-16
759,Kafka,Big Data,Data Engineer,"Dublin, Ireland",2026-04-16
759,Airflow,Data Engineering,Data Engineer,"Dublin, Ireland",2026-04-16
759,ETL,Data Engineering,Data Engineer,"Dublin, Ireland",2026-04-16
186,Python,Programming Language,ML Engineer,Singapore,2026-04-17
186,AWS,Cloud,ML Engineer,Singapore,2026-04-17
186,Docker,DevOps,ML Engineer,Singapore,2026-04-17
186,Kubernetes,DevOps,ML Engineer,Singapore,2026-04-17
186,Machine Learning,Machine Learning & AI,ML Engineer,Singapore,2026-04-17
186,Deep Learning,Machine Learning & AI,ML Engineer,Singapore,2026-04-17
186,PyTorch,Machine Learning & AI,ML Engineer,Singapore,2026-04-17
331,Python,Programming Language,Data Analyst,"Washington, DC",2026-04-17
331,R,Programming Language,Data Analyst,"Washington, DC",2026-04-17
331,SQL,Programming Language,Data Analyst,"Washington, DC",2026-04-17
331,Excel,BI & Visualization,Data Analyst,"Washington, DC",2026-04-17
331,Power BI,BI & Visualization,Data Analyst,"Washington, DC",2026-04-17
423,Python,Programming Language,ML Engineer,"Delhi, India",2026-04-17
423,Spark,Big Data,ML Engineer,"Delhi, India",2026-04-17
423,Docker,DevOps,ML Engineer,"Delhi, India",2026-04-17
423,Machine Learning,Machine Learning & AI,ML Engineer,"Delhi, India",2026-04-17
423,TensorFlow,Machine Learning & AI,ML Engineer,"Delhi, India",2026-04-17
423,PyTorch,Machine Learning & AI,ML Engineer,"Delhi, India",2026-04-17
423,Computer Vision,Machine Learning & AI,ML Engineer,"Delhi, India",2026-04-17
1774,Python,Programming Language,Data Engineer,"San Francisco, CA",2026-04-17
1774,SQL,Programming Language,Data Engineer,"San Francisco, CA",2026-04-17
1774,GCP,Cloud,Data Engineer,"San Francisco, CA",2026-04-17
1774,BigQuery,Cloud & Data Warehousing,Data Engineer,"San Francisco, CA",2026-04-17
1774,Spark,Big Data,Data Engineer,"San Francisco, CA",2026-04-17
1774,Hadoop,Big Data,Data Engineer,"San Francisco, CA",2026-04-17
1774,Airflow,Data Engineering,Data Engineer,"San Francisco, CA",2026-04-17
1868,R,Programming Language,Data Scientist,"Toronto, Canada",2026-04-17
1868,SQL,Programming Language,Data Scientist,"Toronto, Canada",2026-04-17
1868,AWS,Cloud,Data Scientist,"Toronto, Canada",2026-04-17
1868,Machine Learning,Machine Learning & AI,Data Scientist,"Toronto, Canada",2026-04-17
1868,Scikit-learn,Machine Learning & AI,Data Scientist,"Toronto, Canada",2026-04-17
1868,Computer Vision,Machine Learning & AI,Data Scientist,"Toronto, Canada",2026-04-17
1868,Statistics,Analytics,Data Scientist,"Toronto, Canada",2026-04-17
253,Python,Programming Language,ML Engineer,"San Francisco, CA",2026-04-18
253,AWS,Cloud,ML Engineer,"San Francisco, CA",2026-04-18
253,Azure,Cloud,ML Engineer,"San Francisco, CA",2026-04-18
253,Docker,DevOps,ML Engineer,"San Francisco, CA",2026-04-18
253,Kubernetes,DevOps,ML Engineer,"San Francisco, CA",2026-04-18
253,Machine Learning,Machine Learning & AI,ML Engineer,"San Francisco, CA",2026-04-18
253,PyTorch,Machine Learning & AI,ML Engineer,"San Francisco, CA",2026-04-18
492,AWS,Cloud,Data Engineer,"Mumbai, India",2026-04-18
492,Azure,Cloud,Data Engineer,"Mumbai, India",2026-04-18
492,Redshift,Cloud & Data Warehousing,Data Engineer,"Mumbai, India",2026-04-18
492,Kafka,Big Data,Data Engineer,"Mumbai, India",2026-04-18
492,Docker,DevOps,Data Engineer,"Mumbai, India",2026-04-18
492,ETL,Data Engineering,Data Engineer,"Mumbai, India",2026-04-18
646,Python,Programming Language,Data Engineer,"Seattle, WA",2026-04-18
646,SQL,Programming Language,Data Engineer,"Seattle, WA",2026-04-18
646,AWS,Cloud,Data Engineer,"Seattle, WA",2026-04-18
646,Spark,Big Data,Data Engineer,"Seattle, WA",2026-04-18
646,Hadoop,Big Data,Data Engineer,"Seattle, WA",2026-04-18
646,Data Warehousing,Data Engineering,Data Engineer,"Seattle, WA",2026-04-18
1055,Python,Programming Language,Data Scientist,"San Francisco, CA",2026-04-18
1055,SQL,Programming Language,Data Scientist,"San Francisco, CA",2026-04-18
1055,Machine Learning,Machine Learning & AI,Data Scientist,"San Francisco, CA",2026-04-18
1055,Deep Learning,Machine Learning & AI,Data Scientist,"San Francisco, CA",2026-04-18
1055,TensorFlow,Machine Learning & AI,Data Scientist,"San Francisco, CA",2026-04-18
1055,PyTorch,Machine Learning & AI,Data Scientist,"San Francisco, CA",2026-04-18
1055,A/B Testing,Analytics,Data Scientist,"San Francisco, CA",2026-04-18
1768,Python,Programming Language,Data Engineer,"Hyderabad, India",2026-04-18
1768,Azure,Cloud,Data Engineer,"Hyderabad, India",2026-04-18
1768,Spark,Big Data,Data Engineer,"Hyderabad, India",2026-04-18
1768,Hadoop,Big Data,Data Engineer,"Hyderabad, India",2026-04-18
1768,Data Warehousing,Data Engineering,Data Engineer,"Hyderabad, India",2026-04-18
120,SQL,Programming Language,Data Analyst,"Hyderabad, India",2026-04-19
120,Excel,BI & Visualization,Data Analyst,"Hyderabad, India",2026-04-19
120,Power BI,BI & Visualization,Data Analyst,"Hyderabad, India",2026-04-19
120,Tableau,BI & Visualization,Data Analyst,"Hyderabad, India",2026-04-19
120,A/B Testing,Analytics,Data Analyst,"Hyderabad, India",2026-04-19
318,Python,Programming Language,Software Engineer,"Atlanta, GA",2026-04-19
318,Java,Programming Language,Software Engineer,"Atlanta, GA",2026-04-19
318,JavaScript,Programming Language,Software Engineer,"Atlanta, GA",2026-04-19
318,Git,DevOps,Software Engineer,"Atlanta, GA",2026-04-19
318,PostgreSQL,Databases,Software Engineer,"Atlanta, GA",2026-04-19
318,Linux,DevOps,Software Engineer,"Atlanta, GA",2026-04-19
411,Excel,BI & Visualization,Data Analyst,"Los Angeles, CA",2026-04-19
411,Power BI,BI & Visualization,Data Analyst,"Los Angeles, CA",2026-04-19
411,Tableau,BI & Visualization,Data Analyst,"Los Angeles, CA",2026-04-19
411,ETL,Data Engineering,Data Analyst,"Los Angeles, CA",2026-04-19
1766,SQL,Programming Language,Data Scientist,"Denver, CO",2026-04-19
1766,Power BI,BI & Visualization,Data Scientist,"Denver, CO",2026-04-19
1766,AWS,Cloud,Data Scientist,"Denver, CO",2026-04-19
1766,Machine Learning,Machine Learning & AI,Data Scientist,"Denver, CO",2026-04-19
1766,NLP,Machine Learning & AI,Data Scientist,"Denver, CO",2026-04-19
792,SQL,Programming Language,Data Analyst,"San Francisco, CA",2026-04-20
792,Excel,BI & Visualization,Data Analyst,"San Francisco, CA",2026-04-20
792,Power BI,BI & Visualization,Data Analyst,"San Francisco, CA",2026-04-20
792,Looker,BI & Visualization,Data Analyst,"San Francisco, CA",2026-04-20
792,Git,DevOps,Data Analyst,"San Francisco, CA",2026-04-20
792,A/B Testing,Analytics,Data Analyst,"San Francisco, CA",2026-04-20
1226,Python,Programming Language,Data Scientist,"Pune, India",2026-04-20
1226,SQL,Programming Language,Data Scientist,"Pune, India",2026-04-20
1226,Deep Learning,Machine Learning & AI,Data Scientist,"Pune, India",2026-04-20
1226,TensorFlow,Machine Learning & AI,Data Scientist,"Pune, India",2026-04-20
1226,Computer Vision,Machine Learning & AI,Data Scientist,"Pune, India",2026-04-20
1226,Statistics,Analytics,Data Scientist,"Pune, India",2026-04-20
1226,A/B Testing,Analytics,Data Scientist,"Pune, India",2026-04-20
1853,Tableau,BI & Visualization,Data Scientist,"Pune, India",2026-04-20
1853,Machine Learning,Machine Learning & AI,Data Scientist,"Pune, India",2026-04-20
1853,Deep Learning,Machine Learning & AI,Data Scientist,"Pune, India",2026-04-20
1853,PyTorch,Machine Learning & AI,Data Scientist,"Pune, India",2026-04-20
1853,A/B Testing,Analytics,Data Scientist,"Pune, India",2026-04-20
153,AWS,Cloud,ML Engineer,"Los Angeles, CA",2026-04-21
153,Docker,DevOps,ML Engineer,"Los Angeles, CA",2026-04-21
153,Git,DevOps,ML Engineer,"Los Angeles, CA",2026-04-21
153,Machine Learning,Machine Learning & AI,ML Engineer,"Los Angeles, CA",2026-04-21
153,TensorFlow,Machine Learning & AI,ML Engineer,"Los Angeles, CA",2026-04-21
153,PyTorch,Machine Learning & AI,ML Engineer,"Los Angeles, CA",2026-04-21
212,Python,Programming Language,Data Engineer,"Bengaluru, India",2026-04-21
212,SQL,Programming Language,Data Engineer,"Bengaluru, India",2026-04-21
212,AWS,Cloud,Data Engineer,"Bengaluru, India",2026-04-21
212,Spark,Big Data,Data Engineer,"Bengaluru, India",2026-04-21
212,Kafka,Big Data,Data Engineer,"Bengaluru, India",2026-04-21
212,ETL,Data Engineering,Data Engineer,"Bengaluru, India",2026-04-21
212,NoSQL,Databases,Data Engineer,"Bengaluru, India",2026-04-21
821,Python,Programming Language,ML Engineer,Singapore,2026-04-21
821,Docker,DevOps,ML Engineer,Singapore,2026-04-21
821,Git,DevOps,ML Engineer,Singapore,2026-04-21
821,Machine Learning,Machine Learning & AI,ML Engineer,Singapore,2026-04-21
821,Deep Learning,Machine Learning & AI,ML Engineer,Singapore,2026-04-21
821,NLP,Machine Learning & AI,ML Engineer,Singapore,2026-04-21
821,Computer Vision,Machine Learning & AI,ML Engineer,Singapore,2026-04-21
884,SQL,Programming Language,Data Engineer,"New York, NY",2026-04-21
884,AWS,Cloud,Data Engineer,"New York, NY",2026-04-21
884,Azure,Cloud,Data Engineer,"New York, NY",2026-04-21
884,Airflow,Data Engineering,Data Engineer,"New York, NY",2026-04-21
884,dbt,Data Engineering,Data Engineer,"New York, NY",2026-04-21
884,Docker,DevOps,Data Engineer,"New York, NY",2026-04-21
884,ETL,Data Engineering,Data Engineer,"New York, NY",2026-04-21
995,Python,Programming Language,Data Analyst,"Toronto, Canada",2026-04-21
995,Power BI,BI & Visualization,Data Analyst,"Toronto, Canada",2026-04-21
995,GCP,Cloud,Data Analyst,"Toronto, Canada",2026-04-21
995,Git,DevOps,Data Analyst,"Toronto, Canada",2026-04-21
1538,Azure,Cloud,ML Engineer,Remote,2026-04-21
1538,Spark,Big Data,ML Engineer,Remote,2026-04-21
1538,Docker,DevOps,ML Engineer,Remote,2026-04-21
1538,Git,DevOps,ML Engineer,Remote,2026-04-21
1538,Deep Learning,Machine Learning & AI,ML Engineer,Remote,2026-04-21
1538,NLP,Machine Learning & AI,ML Engineer,Remote,2026-04-21
1899,SQL,Programming Language,Data Engineer,Remote,2026-04-21
1899,Azure,Cloud,Data Engineer,Remote,2026-04-21
1899,Snowflake,Cloud & Data Warehousing,Data Engineer,Remote,2026-04-21
1899,Airflow,Data Engineering,Data Engineer,Remote,2026-04-21
1899,ETL,Data Engineering,Data Engineer,Remote,2026-04-21
1899,Data Warehousing,Data Engineering,Data Engineer,Remote,2026-04-21
108,Python,Programming Language,ML Engineer,"New York, NY",2026-04-22
108,Kubernetes,DevOps,ML Engineer,"New York, NY",2026-04-22
108,Machine Learning,Machine Learning & AI,ML Engineer,"New York, NY",2026-04-22
108,Deep Learning,Machine Learning & AI,ML Engineer,"New York, NY",2026-04-22
108,PyTorch,Machine Learning & AI,ML Engineer,"New York, NY",2026-04-22
108,Scikit-learn,Machine Learning & AI,ML Engineer,"New York, NY",2026-04-22
108,Computer Vision,Machine Learning & AI,ML Engineer,"New York, NY",2026-04-22
308,R,Programming Language,Data Analyst,Remote,2026-04-22
308,SQL,Programming Language,Data Analyst,Remote,2026-04-22
308,Excel,BI & Visualization,Data Analyst,Remote,2026-04-22
308,Power BI,BI & Visualization,Data Analyst,Remote,2026-04-22
308,Tableau,BI & Visualization,Data Analyst,Remote,2026-04-22
308,Looker,BI & Visualization,Data Analyst,Remote,2026-04-22
447,Python,Programming Language,Software Engineer,"Hyderabad, India",2026-04-22
447,C++,Programming Language,Software Engineer,"Hyderabad, India",2026-04-22
447,PostgreSQL,Databases,Software Engineer,"Hyderabad, India",2026-04-22
447,Linux,DevOps,Software Engineer,"Hyderabad, India",2026-04-22
447,REST API,Software Engineering,Software Engineer,"Hyderabad, India",2026-04-22
451,Python,Programming Language,Data Scientist,"San Francisco, CA",2026-04-22
451,SQL,Programming Language,Data Scientist,"San Francisco, CA",2026-04-22
451,Machine Learning,Machine Learning & AI,Data Scientist,"San Francisco, CA",2026-04-22
451,Scikit-learn,Machine Learning & AI,Data Scientist,"San Francisco, CA",2026-04-22
451,NLP,Machine Learning & AI,Data Scientist,"San Francisco, CA",2026-04-22
1116,SQL,Programming Language,Data Analyst,"Los Angeles, CA",2026-04-22
1116,Tableau,BI & Visualization,Data Analyst,"Los Angeles, CA",2026-04-22
1116,Looker,BI & Visualization,Data Analyst,"Los Angeles, CA",2026-04-22
1116,A/B Testing,Analytics,Data Analyst,"Los Angeles, CA",2026-04-22
1661,Snowflake,Cloud & Data Warehousing,Data Engineer,"Toronto, Canada",2026-04-22
1661,Hadoop,Big Data,Data Engineer,"Toronto, Canada",2026-04-22
1661,Kafka,Big Data,Data Engineer,"Toronto, Canada",2026-04-22
1661,ETL,Data Engineering,Data Engineer,"Toronto, Canada",2026-04-22
1661,Data Warehousing,Data Engineering,Data Engineer,"Toronto, Canada",2026-04-22
326,SQL,Programming Language,Data Analyst,"Toronto, Canada",2026-04-23
326,Power BI,BI & Visualization,Data Analyst,"Toronto, Canada",2026-04-23
326,Statistics,Analytics,Data Analyst,"Toronto, Canada",2026-04-23
326,Data Warehousing,Data Engineering,Data Analyst,"Toronto, Canada",2026-04-23
1624,Docker,DevOps,ML Engineer,"San Francisco, CA",2026-04-23
1624,Kubernetes,DevOps,ML Engineer,"San Francisco, CA",2026-04-23
1624,Git,DevOps,ML Engineer,"San Francisco, CA",2026-04-23
1624,TensorFlow,Machine Learning & AI,ML Engineer,"San Francisco, CA",2026-04-23
1624,PyTorch,Machine Learning & AI,ML Engineer,"San Francisco, CA",2026-04-23
1624,Scikit-learn,Machine Learning & AI,ML Engineer,"San Francisco, CA",2026-04-23
1800,JavaScript,Programming Language,Software Engineer,"London, UK",2026-04-23
1800,Git,DevOps,Software Engineer,"London, UK",2026-04-23
1800,MongoDB,Databases,Software Engineer,"London, UK",2026-04-23
1800,REST API,Software Engineering,Software Engineer,"London, UK",2026-04-23
1800,Agile,Soft Skills & Methodology,Software Engineer,"London, UK",2026-04-23
620,Python,Programming Language,ML Engineer,"Bengaluru, India",2026-04-24
620,Spark,Big Data,ML Engineer,"Bengaluru, India",2026-04-24
620,Docker,DevOps,ML Engineer,"Bengaluru, India",2026-04-24
620,Machine Learning,Machine Learning & AI,ML Engineer,"Bengaluru, India",2026-04-24
620,PyTorch,Machine Learning & AI,ML Engineer,"Bengaluru, India",2026-04-24
620,Scikit-learn,Machine Learning & AI,ML Engineer,"Bengaluru, India",2026-04-24
620,Computer Vision,Machine Learning & AI,ML Engineer,"Bengaluru, India",2026-04-24
1829,Airflow,Data Engineering,ML Engineer,Singapore,2026-04-24
1829,Docker,DevOps,ML Engineer,Singapore,2026-04-24
1829,Kubernetes,DevOps,ML Engineer,Singapore,2026-04-24
1829,Machine Learning,Machine Learning & AI,ML Engineer,Singapore,2026-04-24
1829,Deep Learning,Machine Learning & AI,ML Engineer,Singapore,2026-04-24
1829,PyTorch,Machine Learning & AI,ML Engineer,Singapore,2026-04-24
53,Python,Programming Language,Data Scientist,"Denver, CO",2026-04-25
53,R,Programming Language,Data Scientist,"Denver, CO",2026-04-25
53,SQL,Programming Language,Data Scientist,"Denver, CO",2026-04-25
53,Spark,Big Data,Data Scientist,"Denver, CO",2026-04-25
53,Scikit-learn,Machine Learning & AI,Data Scientist,"Denver, CO",2026-04-25
132,Python,Programming Language,Data Scientist,Remote,2026-04-25
132,AWS,Cloud,Data Scientist,Remote,2026-04-25
132,Deep Learning,Machine Learning & AI,Data Scientist,Remote,2026-04-25
132,Computer Vision,Machine Learning & AI,Data Scientist,Remote,2026-04-25
268,Spark,Big Data,ML Engineer,"Hyderabad, India",2026-04-25
268,Kubernetes,DevOps,ML Engineer,"Hyderabad, India",2026-04-25
268,Machine Learning,Machine Learning & AI,ML Engineer,"Hyderabad, India",2026-04-25
268,Deep Learning,Machine Learning & AI,ML Engineer,"Hyderabad, India",2026-04-25
268,NLP,Machine Learning & AI,ML Engineer,"Hyderabad, India",2026-04-25
580,Python,Programming Language,ML Engineer,"Hyderabad, India",2026-04-25
580,AWS,Cloud,ML Engineer,"Hyderabad, India",2026-04-25
580,Machine Learning,Machine Learning & AI,ML Engineer,"Hyderabad, India",2026-04-25
580,TensorFlow,Machine Learning & AI,ML Engineer,"Hyderabad, India",2026-04-25
580,NLP,Machine Learning & AI,ML Engineer,"Hyderabad, India",2026-04-25
580,Computer Vision,Machine Learning & AI,ML Engineer,"Hyderabad, India",2026-04-25
1135,Python,Programming Language,Data Analyst,Remote,2026-04-25
1135,SQL,Programming Language,Data Analyst,Remote,2026-04-25
1135,Excel,BI & Visualization,Data Analyst,Remote,2026-04-25
1135,Tableau,BI & Visualization,Data Analyst,Remote,2026-04-25
1135,A/B Testing,Analytics,Data Analyst,Remote,2026-04-25
1135,ETL,Data Engineering,Data Analyst,Remote,2026-04-25
1791,Python,Programming Language,Data Scientist,"New York, NY",2026-04-25
1791,Machine Learning,Machine Learning & AI,Data Scientist,"New York, NY",2026-04-25
1791,TensorFlow,Machine Learning & AI,Data Scientist,"New York, NY",2026-04-25
1791,Scikit-learn,Machine Learning & AI,Data Scientist,"New York, NY",2026-04-25
1791,Statistics,Analytics,Data Scientist,"New York, NY",2026-04-25
473,Python,Programming Language,Data Analyst,"Washington, DC",2026-04-26
473,Excel,BI & Visualization,Data Analyst,"Washington, DC",2026-04-26
473,Tableau,BI & Visualization,Data Analyst,"Washington, DC",2026-04-26
473,GCP,Cloud,Data Analyst,"Washington, DC",2026-04-26
473,Statistics,Analytics,Data Analyst,"Washington, DC",2026-04-26
473,A/B Testing,Analytics,Data Analyst,"Washington, DC",2026-04-26
744,AWS,Cloud,Data Engineer,Remote,2026-04-26
744,GCP,Cloud,Data Engineer,Remote,2026-04-26
744,Hadoop,Big Data,Data Engineer,Remote,2026-04-26
744,Airflow,Data Engineering,Data Engineer,Remote,2026-04-26
744,ETL,Data Engineering,Data Engineer,Remote,2026-04-26
754,Python,Programming Language,Data Engineer,"Austin, TX",2026-04-26
754,AWS,Cloud,Data Engineer,"Austin, TX",2026-04-26
754,Redshift,Cloud & Data Warehousing,Data Engineer,"Austin, TX",2026-04-26
754,Airflow,Data Engineering,Data Engineer,"Austin, TX",2026-04-26
1328,R,Programming Language,Data Analyst,"Pune, India",2026-04-26
1328,SQL,Programming Language,Data Analyst,"Pune, India",2026-04-26
1328,Power BI,BI & Visualization,Data Analyst,"Pune, India",2026-04-26
1328,Tableau,BI & Visualization,Data Analyst,"Pune, India",2026-04-26
1328,Statistics,Analytics,Data Analyst,"Pune, India",2026-04-26
1328,Data Warehousing,Data Engineering,Data Analyst,"Pune, India",2026-04-26
1328,MongoDB,Databases,Data Analyst,"Pune, India",2026-04-26
1568,Python,Programming Language,Data Analyst,"Bengaluru, India",2026-04-26
1568,SQL,Programming Language,Data Analyst,"Bengaluru, India",2026-04-26
1568,Tableau,BI & Visualization,Data Analyst,"Bengaluru, India",2026-04-26
1568,Git,DevOps,Data Analyst,"Bengaluru, India",2026-04-26
1568,Statistics,Analytics,Data Analyst,"Bengaluru, India",2026-04-26
1568,A/B Testing,Analytics,Data Analyst,"Bengaluru, India",2026-04-26
1850,Python,Programming Language,Data Engineer,"San Francisco, CA",2026-04-26
1850,SQL,Programming Language,Data Engineer,"San Francisco, CA",2026-04-26
1850,Redshift,Cloud & Data Warehousing,Data Engineer,"San Francisco, CA",2026-04-26
1850,Spark,Big Data,Data Engineer,"San Francisco, CA",2026-04-26
1850,Hadoop,Big Data,Data Engineer,"San Francisco, CA",2026-04-26
1850,Airflow,Data Engineering,Data Engineer,"San Francisco, CA",2026-04-26
1,Python,Programming Language,Data Analyst,"Chicago, IL",2026-04-27
1,SQL,Programming Language,Data Analyst,"Chicago, IL",2026-04-27
1,Power BI,BI & Visualization,Data Analyst,"Chicago, IL",2026-04-27
1,A/B Testing,Analytics,Data Analyst,"Chicago, IL",2026-04-27
1,MongoDB,Databases,Data Analyst,"Chicago, IL",2026-04-27
303,Tableau,BI & Visualization,Data Scientist,"Bengaluru, India",2026-04-27
303,Machine Learning,Machine Learning & AI,Data Scientist,"Bengaluru, India",2026-04-27
303,TensorFlow,Machine Learning & AI,Data Scientist,"Bengaluru, India",2026-04-27
303,Scikit-learn,Machine Learning & AI,Data Scientist,"Bengaluru, India",2026-04-27
606,Python,Programming Language,Software Engineer,Remote,2026-04-27
606,SQL,Programming Language,Software Engineer,Remote,2026-04-27
606,Java,Programming Language,Software Engineer,Remote,2026-04-27
606,Kubernetes,DevOps,Software Engineer,Remote,2026-04-27
606,Git,DevOps,Software Engineer,Remote,2026-04-27
606,Linux,DevOps,Software Engineer,Remote,2026-04-27
606,Agile,Soft Skills & Methodology,Software Engineer,Remote,2026-04-27
1269,Python,Programming Language,Data Engineer,"Boston, MA",2026-04-27
1269,SQL,Programming Language,Data Engineer,"Boston, MA",2026-04-27
1269,Kafka,Big Data,Data Engineer,"Boston, MA",2026-04-27
1269,dbt,Data Engineering,Data Engineer,"Boston, MA",2026-04-27
1378,SQL,Programming Language,Data Analyst,Remote,2026-04-27
1378,Excel,BI & Visualization,Data Analyst,Remote,2026-04-27
1378,Tableau,BI & Visualization,Data Analyst,Remote,2026-04-27
1378,Looker,BI & Visualization,Data Analyst,Remote,2026-04-27
1845,Python,Programming Language,Data Scientist,"New York, NY",2026-04-27
1845,Machine Learning,Machine Learning & AI,Data Scientist,"New York, NY",2026-04-27
1845,Deep Learning,Machine Learning & AI,Data Scientist,"New York, NY",2026-04-27
1845,Statistics,Analytics,Data Scientist,"New York, NY",2026-04-27
1895,R,Programming Language,Data Scientist,"New York, NY",2026-04-27
1895,Tableau,BI & Visualization,Data Scientist,"New York, NY",2026-04-27
1895,Spark,Big Data,Data Scientist,"New York, NY",2026-04-27
1895,Deep Learning,Machine Learning & AI,Data Scientist,"New York, NY",2026-04-27
1895,Scikit-learn,Machine Learning & AI,Data Scientist,"New York, NY",2026-04-27
211,Python,Programming Language,Data Scientist,Remote,2026-04-28
211,Spark,Big Data,Data Scientist,Remote,2026-04-28
211,Machine Learning,Machine Learning & AI,Data Scientist,Remote,2026-04-28
211,PyTorch,Machine Learning & AI,Data Scientist,Remote,2026-04-28
211,Scikit-learn,Machine Learning & AI,Data Scientist,Remote,2026-04-28
211,Statistics,Analytics,Data Scientist,Remote,2026-04-28
211,A/B Testing,Analytics,Data Scientist,Remote,2026-04-28
292,Python,Programming Language,Data Analyst,"Denver, CO",2026-04-28
292,SQL,Programming Language,Data Analyst,"Denver, CO",2026-04-28
292,Excel,BI & Visualization,Data Analyst,"Denver, CO",2026-04-28
292,Tableau,BI & Visualization,Data Analyst,"Denver, CO",2026-04-28
292,Statistics,Analytics,Data Analyst,"Denver, CO",2026-04-28
893,AWS,Cloud,Data Scientist,"Los Angeles, CA",2026-04-28
893,Machine Learning,Machine Learning & AI,Data Scientist,"Los Angeles, CA",2026-04-28
893,Deep Learning,Machine Learning & AI,Data Scientist,"Los Angeles, CA",2026-04-28
893,Statistics,Analytics,Data Scientist,"Los Angeles, CA",2026-04-28
893,A/B Testing,Analytics,Data Scientist,"Los Angeles, CA",2026-04-28
1131,Python,Programming Language,Software Engineer,"Berlin, Germany",2026-04-28
1131,AWS,Cloud,Software Engineer,"Berlin, Germany",2026-04-28
1131,Git,DevOps,Software Engineer,"Berlin, Germany",2026-04-28
1131,Linux,DevOps,Software Engineer,"Berlin, Germany",2026-04-28
1131,REST API,Software Engineering,Software Engineer,"Berlin, Germany",2026-04-28
1308,Python,Programming Language,ML Engineer,"Atlanta, GA",2026-04-28
1308,Airflow,Data Engineering,ML Engineer,"Atlanta, GA",2026-04-28
1308,Docker,DevOps,ML Engineer,"Atlanta, GA",2026-04-28
1308,Machine Learning,Machine Learning & AI,ML Engineer,"Atlanta, GA",2026-04-28
1308,TensorFlow,Machine Learning & AI,ML Engineer,"Atlanta, GA",2026-04-28
1308,Scikit-learn,Machine Learning & AI,ML Engineer,"Atlanta, GA",2026-04-28
1308,NLP,Machine Learning & AI,ML Engineer,"Atlanta, GA",2026-04-28
1342,Python,Programming Language,ML Engineer,Remote,2026-04-28
1342,Docker,DevOps,ML Engineer,Remote,2026-04-28
1342,Kubernetes,DevOps,ML Engineer,Remote,2026-04-28
1342,Deep Learning,Machine Learning & AI,ML Engineer,Remote,2026-04-28
1342,TensorFlow,Machine Learning & AI,ML Engineer,Remote,2026-04-28
1342,PyTorch,Machine Learning & AI,ML Engineer,Remote,2026-04-28
1748,Python,Programming Language,Data Engineer,"Boston, MA",2026-04-28
1748,SQL,Programming Language,Data Engineer,"Boston, MA",2026-04-28
1748,Spark,Big Data,Data Engineer,"Boston, MA",2026-04-28
1748,Kafka,Big Data,Data Engineer,"Boston, MA",2026-04-28
1748,Docker,DevOps,Data Engineer,"Boston, MA",2026-04-28
1748,ETL,Data Engineering,Data Engineer,"Boston, MA",2026-04-28
25,Python,Programming Language,Data Analyst,"Seattle, WA",2026-04-29
25,SQL,Programming Language,Data Analyst,"Seattle, WA",2026-04-29
25,Excel,BI & Visualization,Data Analyst,"Seattle, WA",2026-04-29
25,Tableau,BI & Visualization,Data Analyst,"Seattle, WA",2026-04-29
141,Python,Programming Language,ML Engineer,"Berlin, Germany",2026-04-29
141,Kubernetes,DevOps,ML Engineer,"Berlin, Germany",2026-04-29
141,Machine Learning,Machine Learning & AI,ML Engineer,"Berlin, Germany",2026-04-29
141,TensorFlow,Machine Learning & AI,ML Engineer,"Berlin, Germany",2026-04-29
141,Computer Vision,Machine Learning & AI,ML Engineer,"Berlin, Germany",2026-04-29
1365,AWS,Cloud,Software Engineer,"Toronto, Canada",2026-04-29
1365,NoSQL,Databases,Software Engineer,"Toronto, Canada",2026-04-29
1365,MongoDB,Databases,Software Engineer,"Toronto, Canada",2026-04-29
1365,Linux,DevOps,Software Engineer,"Toronto, Canada",2026-04-29
1365,REST API,Software Engineering,Software Engineer,"Toronto, Canada",2026-04-29
1365,Agile,Soft Skills & Methodology,Software Engineer,"Toronto, Canada",2026-04-29
1388,JavaScript,Programming Language,Software Engineer,"Mumbai, India",2026-04-29
1388,C++,Programming Language,Software Engineer,"Mumbai, India",2026-04-29
1388,Kubernetes,DevOps,Software Engineer,"Mumbai, India",2026-04-29
1388,Linux,DevOps,Software Engineer,"Mumbai, India",2026-04-29
1462,SQL,Programming Language,Data Analyst,"Boston, MA",2026-04-29
1462,Excel,BI & Visualization,Data Analyst,"Boston, MA",2026-04-29
1462,Tableau,BI & Visualization,Data Analyst,"Boston, MA",2026-04-29
1462,A/B Testing,Analytics,Data Analyst,"Boston, MA",2026-04-29
1491,Python,Programming Language,Data Scientist,Remote,2026-04-29
1491,SQL,Programming Language,Data Scientist,Remote,2026-04-29
1491,Deep Learning,Machine Learning & AI,Data Scientist,Remote,2026-04-29
1491,Scikit-learn,Machine Learning & AI,Data Scientist,Remote,2026-04-29
1491,NLP,Machine Learning & AI,Data Scientist,Remote,2026-04-29
1491,Computer Vision,Machine Learning & AI,Data Scientist,Remote,2026-04-29
1577,SQL,Programming Language,Data Engineer,"Toronto, Canada",2026-04-29
1577,GCP,Cloud,Data Engineer,"Toronto, Canada",2026-04-29
1577,Hadoop,Big Data,Data Engineer,"Toronto, Canada",2026-04-29
1577,Kafka,Big Data,Data Engineer,"Toronto, Canada",2026-04-29
1577,Airflow,Data Engineering,Data Engineer,"Toronto, Canada",2026-04-29
1577,dbt,Data Engineering,Data Engineer,"Toronto, Canada",2026-04-29
1577,ETL,Data Engineering,Data Engineer,"Toronto, Canada",2026-04-29
1632,Python,Programming Language,Data Analyst,"Hyderabad, India",2026-04-29
1632,Excel,BI & Visualization,Data Analyst,"Hyderabad, India",2026-04-29
1632,Tableau,BI & Visualization,Data Analyst,"Hyderabad, India",2026-04-29
1632,Statistics,Analytics,Data Analyst,"Hyderabad, India",2026-04-29
1632,A/B Testing,Analytics,Data Analyst,"Hyderabad, India",2026-04-29
1643,Docker,DevOps,ML Engineer,"Washington, DC",2026-04-29
1643,Git,DevOps,ML Engineer,"Washington, DC",2026-04-29
1643,Machine Learning,Machine Learning & AI,ML Engineer,"Washington, DC",2026-04-29
1643,Deep Learning,Machine Learning & AI,ML Engineer,"Washington, DC",2026-04-29
1643,Scikit-learn,Machine Learning & AI,ML Engineer,"Washington, DC",2026-04-29
1643,Computer Vision,Machine Learning & AI,ML Engineer,"Washington, DC",2026-04-29
83,Python,Programming Language,Data Engineer,"Bengaluru, India",2026-04-30
83,AWS,Cloud,Data Engineer,"Bengaluru, India",2026-04-30
83,Snowflake,Cloud & Data Warehousing,Data Engineer,"Bengaluru, India",2026-04-30
83,BigQuery,Cloud & Data Warehousing,Data Engineer,"Bengaluru, India",2026-04-30
83,Airflow,Data Engineering,Data Engineer,"Bengaluru, India",2026-04-30
83,dbt,Data Engineering,Data Engineer,"Bengaluru, India",2026-04-30
83,Data Warehousing,Data Engineering,Data Engineer,"Bengaluru, India",2026-04-30
401,AWS,Cloud,Data Engineer,"Los Angeles, CA",2026-04-30
401,Snowflake,Cloud & Data Warehousing,Data Engineer,"Los Angeles, CA",2026-04-30
401,Spark,Big Data,Data Engineer,"Los Angeles, CA",2026-04-30
401,Airflow,Data Engineering,Data Engineer,"Los Angeles, CA",2026-04-30
401,ETL,Data Engineering,Data Engineer,"Los Angeles, CA",2026-04-30
720,Python,Programming Language,ML Engineer,"Atlanta, GA",2026-04-30
720,Azure,Cloud,ML Engineer,"Atlanta, GA",2026-04-30
720,Machine Learning,Machine Learning & AI,ML Engineer,"Atlanta, GA",2026-04-30
720,Deep Learning,Machine Learning & AI,ML Engineer,"Atlanta, GA",2026-04-30
720,NLP,Machine Learning & AI,ML Engineer,"Atlanta, GA",2026-04-30
849,Python,Programming Language,Data Analyst,"Dublin, Ireland",2026-04-30
849,SQL,Programming Language,Data Analyst,"Dublin, Ireland",2026-04-30
849,Excel,BI & Visualization,Data Analyst,"Dublin, Ireland",2026-04-30
849,A/B Testing,Analytics,Data Analyst,"Dublin, Ireland",2026-04-30
896,Python,Programming Language,Software Engineer,"Delhi, India",2026-04-30
896,Java,Programming Language,Software Engineer,"Delhi, India",2026-04-30
896,JavaScript,Programming Language,Software Engineer,"Delhi, India",2026-04-30
896,Linux,DevOps,Software Engineer,"Delhi, India",2026-04-30
896,REST API,Software Engineering,Software Engineer,"Delhi, India",2026-04-30
1203,Python,Programming Language,Data Analyst,"Delhi, India",2026-04-30
1203,SQL,Programming Language,Data Analyst,"Delhi, India",2026-04-30
1203,Excel,BI & Visualization,Data Analyst,"Delhi, India",2026-04-30
1203,Power BI,BI & Visualization,Data Analyst,"Delhi, India",2026-04-30
1203,GCP,Cloud,Data Analyst,"Delhi, India",2026-04-30
1203,Statistics,Analytics,Data Analyst,"Delhi, India",2026-04-30
1203,Data Warehousing,Data Engineering,Data Analyst,"Delhi, India",2026-04-30
1830,Python,Programming Language,Data Scientist,"Seattle, WA",2026-04-30
1830,Tableau,BI & Visualization,Data Scientist,"Seattle, WA",2026-04-30
1830,AWS,Cloud,Data Scientist,"Seattle, WA",2026-04-30
1830,Machine Learning,Machine Learning & AI,Data Scientist,"Seattle, WA",2026-04-30
1830,TensorFlow,Machine Learning & AI,Data Scientist,"Seattle, WA",2026-04-30
1830,Computer Vision,Machine Learning & AI,Data Scientist,"Seattle, WA",2026-04-30
1641,R,Programming Language,Data Scientist,"Chicago, IL",2026-05-01
1641,SQL,Programming Language,Data Scientist,"Chicago, IL",2026-05-01
1641,Machine Learning,Machine Learning & AI,Data Scientist,"Chicago, IL",2026-05-01
1641,TensorFlow,Machine Learning & AI,Data Scientist,"Chicago, IL",2026-05-01
1641,Computer Vision,Machine Learning & AI,Data Scientist,"Chicago, IL",2026-05-01
1641,Statistics,Analytics,Data Scientist,"Chicago, IL",2026-05-01
1641,A/B Testing,Analytics,Data Scientist,"Chicago, IL",2026-05-01
572,Python,Programming Language,Data Engineer,"Seattle, WA",2026-05-02
572,SQL,Programming Language,Data Engineer,"Seattle, WA",2026-05-02
572,Snowflake,Cloud & Data Warehousing,Data Engineer,"Seattle, WA",2026-05-02
572,Kafka,Big Data,Data Engineer,"Seattle, WA",2026-05-02
572,Docker,DevOps,Data Engineer,"Seattle, WA",2026-05-02
572,ETL,Data Engineering,Data Engineer,"Seattle, WA",2026-05-02
717,Python,Programming Language,ML Engineer,Remote,2026-05-02
717,Kubernetes,DevOps,ML Engineer,Remote,2026-05-02
717,Machine Learning,Machine Learning & AI,ML Engineer,Remote,2026-05-02
717,Deep Learning,Machine Learning & AI,ML Engineer,Remote,2026-05-02
717,TensorFlow,Machine Learning & AI,ML Engineer,Remote,2026-05-02
717,NLP,Machine Learning & AI,ML Engineer,Remote,2026-05-02
1217,Java,Programming Language,Software Engineer,"San Francisco, CA",2026-05-02
1217,JavaScript,Programming Language,Software Engineer,"San Francisco, CA",2026-05-02
1217,Docker,DevOps,Software Engineer,"San Francisco, CA",2026-05-02
1217,REST API,Software Engineering,Software Engineer,"San Francisco, CA",2026-05-02
1323,Python,Programming Language,ML Engineer,"Chicago, IL",2026-05-02
1323,Git,DevOps,ML Engineer,"Chicago, IL",2026-05-02
1323,Machine Learning,Machine Learning & AI,ML Engineer,"Chicago, IL",2026-05-02
1323,TensorFlow,Machine Learning & AI,ML Engineer,"Chicago, IL",2026-05-02
1684,AWS,Cloud,ML Engineer,"Dublin, Ireland",2026-05-02
1684,Spark,Big Data,ML Engineer,"Dublin, Ireland",2026-05-02
1684,Git,DevOps,ML Engineer,"Dublin, Ireland",2026-05-02
1684,Machine Learning,Machine Learning & AI,ML Engineer,"Dublin, Ireland",2026-05-02
1684,NLP,Machine Learning & AI,ML Engineer,"Dublin, Ireland",2026-05-02
1816,Python,Programming Language,ML Engineer,"Los Angeles, CA",2026-05-02
1816,AWS,Cloud,ML Engineer,"Los Angeles, CA",2026-05-02
1816,Deep Learning,Machine Learning & AI,ML Engineer,"Los Angeles, CA",2026-05-02
1816,PyTorch,Machine Learning & AI,ML Engineer,"Los Angeles, CA",2026-05-02
1816,Scikit-learn,Machine Learning & AI,ML Engineer,"Los Angeles, CA",2026-05-02
390,Python,Programming Language,Software Engineer,Remote,2026-05-03
390,Java,Programming Language,Software Engineer,Remote,2026-05-03
390,C++,Programming Language,Software Engineer,Remote,2026-05-03
390,Docker,DevOps,Software Engineer,Remote,2026-05-03
390,Kubernetes,DevOps,Software Engineer,Remote,2026-05-03
390,MongoDB,Databases,Software Engineer,Remote,2026-05-03
390,REST API,Software Engineering,Software Engineer,Remote,2026-05-03
1020,Python,Programming Language,Data Scientist,"Atlanta, GA",2026-05-03
1020,Tableau,BI & Visualization,Data Scientist,"Atlanta, GA",2026-05-03
1020,Machine Learning,Machine Learning & AI,Data Scientist,"Atlanta, GA",2026-05-03
1020,TensorFlow,Machine Learning & AI,Data Scientist,"Atlanta, GA",2026-05-03
1020,Scikit-learn,Machine Learning & AI,Data Scientist,"Atlanta, GA",2026-05-03
1020,Statistics,Analytics,Data Scientist,"Atlanta, GA",2026-05-03
1020,A/B Testing,Analytics,Data Scientist,"Atlanta, GA",2026-05-03
1251,Python,Programming Language,Software Engineer,"Bengaluru, India",2026-05-03
1251,Java,Programming Language,Software Engineer,"Bengaluru, India",2026-05-03
1251,C++,Programming Language,Software Engineer,"Bengaluru, India",2026-05-03
1251,Git,DevOps,Software Engineer,"Bengaluru, India",2026-05-03
1251,REST API,Software Engineering,Software Engineer,"Bengaluru, India",2026-05-03
1266,Python,Programming Language,Data Engineer,"Seattle, WA",2026-05-03
1266,AWS,Cloud,Data Engineer,"Seattle, WA",2026-05-03
1266,Azure,Cloud,Data Engineer,"Seattle, WA",2026-05-03
1266,Spark,Big Data,Data Engineer,"Seattle, WA",2026-05-03
1266,Airflow,Data Engineering,Data Engineer,"Seattle, WA",2026-05-03
1345,Python,Programming Language,Data Analyst,"London, UK",2026-05-03
1345,SQL,Programming Language,Data Analyst,"London, UK",2026-05-03
1345,Excel,BI & Visualization,Data Analyst,"London, UK",2026-05-03
1345,Power BI,BI & Visualization,Data Analyst,"London, UK",2026-05-03
1345,Tableau,BI & Visualization,Data Analyst,"London, UK",2026-05-03
1345,ETL,Data Engineering,Data Analyst,"London, UK",2026-05-03
668,Spark,Big Data,ML Engineer,"London, UK",2026-05-04
668,Docker,DevOps,ML Engineer,"London, UK",2026-05-04
668,Kubernetes,DevOps,ML Engineer,"London, UK",2026-05-04
668,Deep Learning,Machine Learning & AI,ML Engineer,"London, UK",2026-05-04
668,TensorFlow,Machine Learning & AI,ML Engineer,"London, UK",2026-05-04
668,NLP,Machine Learning & AI,ML Engineer,"London, UK",2026-05-04
778,SQL,Programming Language,Software Engineer,"Seattle, WA",2026-05-04
778,Git,DevOps,Software Engineer,"Seattle, WA",2026-05-04
778,PostgreSQL,Databases,Software Engineer,"Seattle, WA",2026-05-04
778,REST API,Software Engineering,Software Engineer,"Seattle, WA",2026-05-04
882,Python,Programming Language,Data Analyst,"Denver, CO",2026-05-04
882,SQL,Programming Language,Data Analyst,"Denver, CO",2026-05-04
882,Excel,BI & Visualization,Data Analyst,"Denver, CO",2026-05-04
882,Power BI,BI & Visualization,Data Analyst,"Denver, CO",2026-05-04
882,Tableau,BI & Visualization,Data Analyst,"Denver, CO",2026-05-04
882,Looker,BI & Visualization,Data Analyst,"Denver, CO",2026-05-04
882,Data Warehousing,Data Engineering,Data Analyst,"Denver, CO",2026-05-04
1164,Python,Programming Language,Data Engineer,"Boston, MA",2026-05-04
1164,SQL,Programming Language,Data Engineer,"Boston, MA",2026-05-04
1164,AWS,Cloud,Data Engineer,"Boston, MA",2026-05-04
1164,Spark,Big Data,Data Engineer,"Boston, MA",2026-05-04
1164,ETL,Data Engineering,Data Engineer,"Boston, MA",2026-05-04
1164,Data Warehousing,Data Engineering,Data Engineer,"Boston, MA",2026-05-04
1183,Python,Programming Language,Data Scientist,"Seattle, WA",2026-05-04
1183,R,Programming Language,Data Scientist,"Seattle, WA",2026-05-04
1183,SQL,Programming Language,Data Scientist,"Seattle, WA",2026-05-04
1183,AWS,Cloud,Data Scientist,"Seattle, WA",2026-05-04
1183,Spark,Big Data,Data Scientist,"Seattle, WA",2026-05-04
1183,Deep Learning,Machine Learning & AI,Data Scientist,"Seattle, WA",2026-05-04
1183,Statistics,Analytics,Data Scientist,"Seattle, WA",2026-05-04
1663,Python,Programming Language,Software Engineer,"Chicago, IL",2026-05-04
1663,SQL,Programming Language,Software Engineer,"Chicago, IL",2026-05-04
1663,Java,Programming Language,Software Engineer,"Chicago, IL",2026-05-04
1663,Docker,DevOps,Software Engineer,"Chicago, IL",2026-05-04
1663,Git,DevOps,Software Engineer,"Chicago, IL",2026-05-04
1663,REST API,Software Engineering,Software Engineer,"Chicago, IL",2026-05-04
1663,Agile,Soft Skills & Methodology,Software Engineer,"Chicago, IL",2026-05-04
526,Python,Programming Language,ML Engineer,"Bengaluru, India",2026-05-05
526,Docker,DevOps,ML Engineer,"Bengaluru, India",2026-05-05
526,Machine Learning,Machine Learning & AI,ML Engineer,"Bengaluru, India",2026-05-05
526,Deep Learning,Machine Learning & AI,ML Engineer,"Bengaluru, India",2026-05-05
526,TensorFlow,Machine Learning & AI,ML Engineer,"Bengaluru, India",2026-05-05
526,PyTorch,Machine Learning & AI,ML Engineer,"Bengaluru, India",2026-05-05
526,Scikit-learn,Machine Learning & AI,ML Engineer,"Bengaluru, India",2026-05-05
1172,AWS,Cloud,Data Engineer,"Pune, India",2026-05-05
1172,Spark,Big Data,Data Engineer,"Pune, India",2026-05-05
1172,Kafka,Big Data,Data Engineer,"Pune, India",2026-05-05
1172,dbt,Data Engineering,Data Engineer,"Pune, India",2026-05-05
1172,Docker,DevOps,Data Engineer,"Pune, India",2026-05-05
1831,Python,Programming Language,Data Engineer,"New York, NY",2026-05-05
1831,AWS,Cloud,Data Engineer,"New York, NY",2026-05-05
1831,Spark,Big Data,Data Engineer,"New York, NY",2026-05-05
1831,Hadoop,Big Data,Data Engineer,"New York, NY",2026-05-05
1831,dbt,Data Engineering,Data Engineer,"New York, NY",2026-05-05
1831,Docker,DevOps,Data Engineer,"New York, NY",2026-05-05
1831,Data Warehousing,Data Engineering,Data Engineer,"New York, NY",2026-05-05
426,Redshift,Cloud & Data Warehousing,Data Engineer,"Boston, MA",2026-05-06
426,Spark,Big Data,Data Engineer,"Boston, MA",2026-05-06
426,Hadoop,Big Data,Data Engineer,"Boston, MA",2026-05-06
426,Kafka,Big Data,Data Engineer,"Boston, MA",2026-05-06
426,dbt,Data Engineering,Data Engineer,"Boston, MA",2026-05-06
470,Python,Programming Language,Software Engineer,"San Francisco, CA",2026-05-06
470,Java,Programming Language,Software Engineer,"San Francisco, CA",2026-05-06
470,C++,Programming Language,Software Engineer,"San Francisco, CA",2026-05-06
470,Kubernetes,DevOps,Software Engineer,"San Francisco, CA",2026-05-06
470,PostgreSQL,Databases,Software Engineer,"San Francisco, CA",2026-05-06
578,Python,Programming Language,Data Scientist,"Toronto, Canada",2026-05-06
578,AWS,Cloud,Data Scientist,"Toronto, Canada",2026-05-06
578,Spark,Big Data,Data Scientist,"Toronto, Canada",2026-05-06
578,Machine Learning,Machine Learning & AI,Data Scientist,"Toronto, Canada",2026-05-06
578,TensorFlow,Machine Learning & AI,Data Scientist,"Toronto, Canada",2026-05-06
578,NLP,Machine Learning & AI,Data Scientist,"Toronto, Canada",2026-05-06
578,A/B Testing,Analytics,Data Scientist,"Toronto, Canada",2026-05-06
1073,JavaScript,Programming Language,Software Engineer,"Pune, India",2026-05-06
1073,C++,Programming Language,Software Engineer,"Pune, India",2026-05-06
1073,Docker,DevOps,Software Engineer,"Pune, India",2026-05-06
1073,Git,DevOps,Software Engineer,"Pune, India",2026-05-06
1073,Linux,DevOps,Software Engineer,"Pune, India",2026-05-06
1073,REST API,Software Engineering,Software Engineer,"Pune, India",2026-05-06
1195,SQL,Programming Language,Data Engineer,"Atlanta, GA",2026-05-06
1195,Snowflake,Cloud & Data Warehousing,Data Engineer,"Atlanta, GA",2026-05-06
1195,BigQuery,Cloud & Data Warehousing,Data Engineer,"Atlanta, GA",2026-05-06
1195,Airflow,Data Engineering,Data Engineer,"Atlanta, GA",2026-05-06
1195,dbt,Data Engineering,Data Engineer,"Atlanta, GA",2026-05-06
1228,SQL,Programming Language,Data Scientist,"Boston, MA",2026-05-06
1228,AWS,Cloud,Data Scientist,"Boston, MA",2026-05-06
1228,Machine Learning,Machine Learning & AI,Data Scientist,"Boston, MA",2026-05-06
1228,NLP,Machine Learning & AI,Data Scientist,"Boston, MA",2026-05-06
1488,Python,Programming Language,Data Scientist,"Delhi, India",2026-05-06
1488,SQL,Programming Language,Data Scientist,"Delhi, India",2026-05-06
1488,PyTorch,Machine Learning & AI,Data Scientist,"Delhi, India",2026-05-06
1488,Statistics,Analytics,Data Scientist,"Delhi, India",2026-05-06
39,SQL,Programming Language,Software Engineer,Remote,2026-05-07
39,Java,Programming Language,Software Engineer,Remote,2026-05-07
39,JavaScript,Programming Language,Software Engineer,Remote,2026-05-07
39,C++,Programming Language,Software Engineer,Remote,2026-05-07
39,Git,DevOps,Software Engineer,Remote,2026-05-07
39,Linux,DevOps,Software Engineer,Remote,2026-05-07
314,SQL,Programming Language,Software Engineer,"Seattle, WA",2026-05-07
314,Docker,DevOps,Software Engineer,"Seattle, WA",2026-05-07
314,Git,DevOps,Software Engineer,"Seattle, WA",2026-05-07
314,NoSQL,Databases,Software Engineer,"Seattle, WA",2026-05-07
314,REST API,Software Engineering,Software Engineer,"Seattle, WA",2026-05-07
314,Agile,Soft Skills & Methodology,Software Engineer,"Seattle, WA",2026-05-07
626,C++,Programming Language,Software Engineer,"Atlanta, GA",2026-05-07
626,Docker,DevOps,Software Engineer,"Atlanta, GA",2026-05-07
626,Git,DevOps,Software Engineer,"Atlanta, GA",2026-05-07
626,MongoDB,Databases,Software Engineer,"Atlanta, GA",2026-05-07
626,PostgreSQL,Databases,Software Engineer,"Atlanta, GA",2026-05-07
626,REST API,Software Engineering,Software Engineer,"Atlanta, GA",2026-05-07
626,Agile,Soft Skills & Methodology,Software Engineer,"Atlanta, GA",2026-05-07
1231,Python,Programming Language,Data Scientist,"Toronto, Canada",2026-05-07
1231,Machine Learning,Machine Learning & AI,Data Scientist,"Toronto, Canada",2026-05-07
1231,NLP,Machine Learning & AI,Data Scientist,"Toronto, Canada",2026-05-07
1231,Computer Vision,Machine Learning & AI,Data Scientist,"Toronto, Canada",2026-05-07
1231,A/B Testing,Analytics,Data Scientist,"Toronto, Canada",2026-05-07
1718,Python,Programming Language,ML Engineer,"Austin, TX",2026-05-07
1718,Docker,DevOps,ML Engineer,"Austin, TX",2026-05-07
1718,Kubernetes,DevOps,ML Engineer,"Austin, TX",2026-05-07
1718,Machine Learning,Machine Learning & AI,ML Engineer,"Austin, TX",2026-05-07
1718,Deep Learning,Machine Learning & AI,ML Engineer,"Austin, TX",2026-05-07
1718,TensorFlow,Machine Learning & AI,ML Engineer,"Austin, TX",2026-05-07
1718,Scikit-learn,Machine Learning & AI,ML Engineer,"Austin, TX",2026-05-07
1842,Python,Programming Language,Data Analyst,"New York, NY",2026-05-07
1842,SQL,Programming Language,Data Analyst,"New York, NY",2026-05-07
1842,Git,DevOps,Data Analyst,"New York, NY",2026-05-07
1842,Statistics,Analytics,Data Analyst,"New York, NY",2026-05-07
1842,ETL,Data Engineering,Data Analyst,"New York, NY",2026-05-07
1842,Data Warehousing,Data Engineering,Data Analyst,"New York, NY",2026-05-07
452,Snowflake,Cloud & Data Warehousing,Data Engineer,Remote,2026-05-08
452,BigQuery,Cloud & Data Warehousing,Data Engineer,Remote,2026-05-08
452,Kafka,Big Data,Data Engineer,Remote,2026-05-08
452,dbt,Data Engineering,Data Engineer,Remote,2026-05-08
452,Data Warehousing,Data Engineering,Data Engineer,Remote,2026-05-08
755,Python,Programming Language,ML Engineer,"London, UK",2026-05-08
755,AWS,Cloud,ML Engineer,"London, UK",2026-05-08
755,Docker,DevOps,ML Engineer,"London, UK",2026-05-08
755,Machine Learning,Machine Learning & AI,ML Engineer,"London, UK",2026-05-08
755,Scikit-learn,Machine Learning & AI,ML Engineer,"London, UK",2026-05-08
871,AWS,Cloud,Data Engineer,"Seattle, WA",2026-05-08
871,Hadoop,Big Data,Data Engineer,"Seattle, WA",2026-05-08
871,Kafka,Big Data,Data Engineer,"Seattle, WA",2026-05-08
871,Airflow,Data Engineering,Data Engineer,"Seattle, WA",2026-05-08
871,dbt,Data Engineering,Data Engineer,"Seattle, WA",2026-05-08
871,Docker,DevOps,Data Engineer,"Seattle, WA",2026-05-08
871,ETL,Data Engineering,Data Engineer,"Seattle, WA",2026-05-08
871,Data Warehousing,Data Engineering,Data Engineer,"Seattle, WA",2026-05-08
1197,JavaScript,Programming Language,Software Engineer,"Washington, DC",2026-05-08
1197,C++,Programming Language,Software Engineer,"Washington, DC",2026-05-08
1197,Git,DevOps,Software Engineer,"Washington, DC",2026-05-08
1197,Linux,DevOps,Software Engineer,"Washington, DC",2026-05-08
1404,Python,Programming Language,Data Analyst,"Austin, TX",2026-05-08
1404,Excel,BI & Visualization,Data Analyst,"Austin, TX",2026-05-08
1404,Power BI,BI & Visualization,Data Analyst,"Austin, TX",2026-05-08
1404,Data Warehousing,Data Engineering,Data Analyst,"Austin, TX",2026-05-08
240,Python,Programming Language,ML Engineer,"San Francisco, CA",2026-05-09
240,AWS,Cloud,ML Engineer,"San Francisco, CA",2026-05-09
240,Docker,DevOps,ML Engineer,"San Francisco, CA",2026-05-09
240,Kubernetes,DevOps,ML Engineer,"San Francisco, CA",2026-05-09
240,Scikit-learn,Machine Learning & AI,ML Engineer,"San Francisco, CA",2026-05-09
490,Java,Programming Language,Software Engineer,"Austin, TX",2026-05-09
490,JavaScript,Programming Language,Software Engineer,"Austin, TX",2026-05-09
490,Git,DevOps,Software Engineer,"Austin, TX",2026-05-09
490,Linux,DevOps,Software Engineer,"Austin, TX",2026-05-09
886,Python,Programming Language,Data Scientist,"Delhi, India",2026-05-09
886,R,Programming Language,Data Scientist,"Delhi, India",2026-05-09
886,SQL,Programming Language,Data Scientist,"Delhi, India",2026-05-09
886,Tableau,BI & Visualization,Data Scientist,"Delhi, India",2026-05-09
886,Machine Learning,Machine Learning & AI,Data Scientist,"Delhi, India",2026-05-09
886,Scikit-learn,Machine Learning & AI,Data Scientist,"Delhi, India",2026-05-09
886,Statistics,Analytics,Data Scientist,"Delhi, India",2026-05-09
1008,Spark,Big Data,Data Engineer,"New York, NY",2026-05-09
1008,Kafka,Big Data,Data Engineer,"New York, NY",2026-05-09
1008,Airflow,Data Engineering,Data Engineer,"New York, NY",2026-05-09
1008,Docker,DevOps,Data Engineer,"New York, NY",2026-05-09
1008,ETL,Data Engineering,Data Engineer,"New York, NY",2026-05-09
1008,Data Warehousing,Data Engineering,Data Engineer,"New York, NY",2026-05-09
1155,SQL,Programming Language,Data Analyst,"Austin, TX",2026-05-09
1155,Tableau,BI & Visualization,Data Analyst,"Austin, TX",2026-05-09
1155,GCP,Cloud,Data Analyst,"Austin, TX",2026-05-09
1155,A/B Testing,Analytics,Data Analyst,"Austin, TX",2026-05-09
1155,ETL,Data Engineering,Data Analyst,"Austin, TX",2026-05-09
1179,R,Programming Language,Data Analyst,"New York, NY",2026-05-09
1179,SQL,Programming Language,Data Analyst,"New York, NY",2026-05-09
1179,GCP,Cloud,Data Analyst,"New York, NY",2026-05-09
1179,A/B Testing,Analytics,Data Analyst,"New York, NY",2026-05-09
1179,ETL,Data Engineering,Data Analyst,"New York, NY",2026-05-09
1179,MongoDB,Databases,Data Analyst,"New York, NY",2026-05-09
1540,Python,Programming Language,Data Scientist,"Mumbai, India",2026-05-09
1540,R,Programming Language,Data Scientist,"Mumbai, India",2026-05-09
1540,SQL,Programming Language,Data Scientist,"Mumbai, India",2026-05-09
1540,Machine Learning,Machine Learning & AI,Data Scientist,"Mumbai, India",2026-05-09
1540,PyTorch,Machine Learning & AI,Data Scientist,"Mumbai, India",2026-05-09
1540,Statistics,Analytics,Data Scientist,"Mumbai, India",2026-05-09
1540,A/B Testing,Analytics,Data Scientist,"Mumbai, India",2026-05-09
1703,SQL,Programming Language,Data Engineer,"Chicago, IL",2026-05-09
1703,BigQuery,Cloud & Data Warehousing,Data Engineer,"Chicago, IL",2026-05-09
1703,Hadoop,Big Data,Data Engineer,"Chicago, IL",2026-05-09
1703,Docker,DevOps,Data Engineer,"Chicago, IL",2026-05-09
1703,ETL,Data Engineering,Data Engineer,"Chicago, IL",2026-05-09
1914,SQL,Programming Language,Data Engineer,"Chicago, IL",2026-05-09
1914,Snowflake,Cloud & Data Warehousing,Data Engineer,"Chicago, IL",2026-05-09
1914,Docker,DevOps,Data Engineer,"Chicago, IL",2026-05-09
1914,ETL,Data Engineering,Data Engineer,"Chicago, IL",2026-05-09
1914,Data Warehousing,Data Engineering,Data Engineer,"Chicago, IL",2026-05-09
1943,SQL,Programming Language,Data Scientist,Singapore,2026-05-09
1943,Deep Learning,Machine Learning & AI,Data Scientist,Singapore,2026-05-09
1943,Scikit-learn,Machine Learning & AI,Data Scientist,Singapore,2026-05-09
1943,NLP,Machine Learning & AI,Data Scientist,Singapore,2026-05-09
1943,Statistics,Analytics,Data Scientist,Singapore,2026-05-09
189,Python,Programming Language,Data Scientist,"San Francisco, CA",2026-05-10
189,AWS,Cloud,Data Scientist,"San Francisco, CA",2026-05-10
189,Machine Learning,Machine Learning & AI,Data Scientist,"San Francisco, CA",2026-05-10
189,Computer Vision,Machine Learning & AI,Data Scientist,"San Francisco, CA",2026-05-10
189,A/B Testing,Analytics,Data Scientist,"San Francisco, CA",2026-05-10
590,Spark,Big Data,ML Engineer,"Seattle, WA",2026-05-10
590,Git,DevOps,ML Engineer,"Seattle, WA",2026-05-10
590,Machine Learning,Machine Learning & AI,ML Engineer,"Seattle, WA",2026-05-10
590,Deep Learning,Machine Learning & AI,ML Engineer,"Seattle, WA",2026-05-10
590,TensorFlow,Machine Learning & AI,ML Engineer,"Seattle, WA",2026-05-10
590,Scikit-learn,Machine Learning & AI,ML Engineer,"Seattle, WA",2026-05-10
590,NLP,Machine Learning & AI,ML Engineer,"Seattle, WA",2026-05-10
961,Python,Programming Language,Data Analyst,"New York, NY",2026-05-10
961,SQL,Programming Language,Data Analyst,"New York, NY",2026-05-10
961,Excel,BI & Visualization,Data Analyst,"New York, NY",2026-05-10
961,Power BI,BI & Visualization,Data Analyst,"New York, NY",2026-05-10
961,Git,DevOps,Data Analyst,"New York, NY",2026-05-10
961,Data Warehousing,Data Engineering,Data Analyst,"New York, NY",2026-05-10
1232,SQL,Programming Language,Data Engineer,"Boston, MA",2026-05-10
1232,Azure,Cloud,Data Engineer,"Boston, MA",2026-05-10
1232,BigQuery,Cloud & Data Warehousing,Data Engineer,"Boston, MA",2026-05-10
1232,Spark,Big Data,Data Engineer,"Boston, MA",2026-05-10
1232,Kafka,Big Data,Data Engineer,"Boston, MA",2026-05-10
1429,Python,Programming Language,Data Engineer,"Chicago, IL",2026-05-10
1429,AWS,Cloud,Data Engineer,"Chicago, IL",2026-05-10
1429,Kafka,Big Data,Data Engineer,"Chicago, IL",2026-05-10
1429,Airflow,Data Engineering,Data Engineer,"Chicago, IL",2026-05-10
1429,dbt,Data Engineering,Data Engineer,"Chicago, IL",2026-05-10
1429,ETL,Data Engineering,Data Engineer,"Chicago, IL",2026-05-10
1793,BigQuery,Cloud & Data Warehousing,Data Engineer,"San Francisco, CA",2026-05-10
1793,Kafka,Big Data,Data Engineer,"San Francisco, CA",2026-05-10
1793,ETL,Data Engineering,Data Engineer,"San Francisco, CA",2026-05-10
1793,Data Warehousing,Data Engineering,Data Engineer,"San Francisco, CA",2026-05-10
1966,R,Programming Language,Data Scientist,"Hyderabad, India",2026-05-10
1966,AWS,Cloud,Data Scientist,"Hyderabad, India",2026-05-10
1966,Spark,Big Data,Data Scientist,"Hyderabad, India",2026-05-10
1966,Statistics,Analytics,Data Scientist,"Hyderabad, India",2026-05-10
1966,A/B Testing,Analytics,Data Scientist,"Hyderabad, India",2026-05-10
657,Python,Programming Language,Data Scientist,Singapore,2026-05-11
657,Machine Learning,Machine Learning & AI,Data Scientist,Singapore,2026-05-11
657,Deep Learning,Machine Learning & AI,Data Scientist,Singapore,2026-05-11
657,PyTorch,Machine Learning & AI,Data Scientist,Singapore,2026-05-11
657,Statistics,Analytics,Data Scientist,Singapore,2026-05-11
729,Python,Programming Language,Data Scientist,"Pune, India",2026-05-11
729,AWS,Cloud,Data Scientist,"Pune, India",2026-05-11
729,Machine Learning,Machine Learning & AI,Data Scientist,"Pune, India",2026-05-11
729,Statistics,Analytics,Data Scientist,"Pune, India",2026-05-11
729,A/B Testing,Analytics,Data Scientist,"Pune, India",2026-05-11
508,JavaScript,Programming Language,Software Engineer,"Washington, DC",2026-05-12
508,Kubernetes,DevOps,Software Engineer,"Washington, DC",2026-05-12
508,Git,DevOps,Software Engineer,"Washington, DC",2026-05-12
508,Linux,DevOps,Software Engineer,"Washington, DC",2026-05-12
566,SQL,Programming Language,Software Engineer,"Delhi, India",2026-05-12
566,JavaScript,Programming Language,Software Engineer,"Delhi, India",2026-05-12
566,C++,Programming Language,Software Engineer,"Delhi, India",2026-05-12
566,Git,DevOps,Software Engineer,"Delhi, India",2026-05-12
566,NoSQL,Databases,Software Engineer,"Delhi, India",2026-05-12
566,REST API,Software Engineering,Software Engineer,"Delhi, India",2026-05-12
1206,Python,Programming Language,Data Engineer,"Atlanta, GA",2026-05-12
1206,SQL,Programming Language,Data Engineer,"Atlanta, GA",2026-05-12
1206,AWS,Cloud,Data Engineer,"Atlanta, GA",2026-05-12
1206,Snowflake,Cloud & Data Warehousing,Data Engineer,"Atlanta, GA",2026-05-12
1206,BigQuery,Cloud & Data Warehousing,Data Engineer,"Atlanta, GA",2026-05-12
1206,Spark,Big Data,Data Engineer,"Atlanta, GA",2026-05-12
1206,ETL,Data Engineering,Data Engineer,"Atlanta, GA",2026-05-12
1910,Docker,DevOps,Software Engineer,"Austin, TX",2026-05-12
1910,Kubernetes,DevOps,Software Engineer,"Austin, TX",2026-05-12
1910,Git,DevOps,Software Engineer,"Austin, TX",2026-05-12
1910,NoSQL,Databases,Software Engineer,"Austin, TX",2026-05-12
1910,Linux,DevOps,Software Engineer,"Austin, TX",2026-05-12
97,Python,Programming Language,ML Engineer,"Seattle, WA",2026-05-13
97,Docker,DevOps,ML Engineer,"Seattle, WA",2026-05-13
97,Kubernetes,DevOps,ML Engineer,"Seattle, WA",2026-05-13
97,Git,DevOps,ML Engineer,"Seattle, WA",2026-05-13
97,TensorFlow,Machine Learning & AI,ML Engineer,"Seattle, WA",2026-05-13
97,Scikit-learn,Machine Learning & AI,ML Engineer,"Seattle, WA",2026-05-13
287,Python,Programming Language,ML Engineer,"Mumbai, India",2026-05-13
287,Docker,DevOps,ML Engineer,"Mumbai, India",2026-05-13
287,Kubernetes,DevOps,ML Engineer,"Mumbai, India",2026-05-13
287,Machine Learning,Machine Learning & AI,ML Engineer,"Mumbai, India",2026-05-13
287,TensorFlow,Machine Learning & AI,ML Engineer,"Mumbai, India",2026-05-13
1129,R,Programming Language,Data Analyst,"Denver, CO",2026-05-13
1129,SQL,Programming Language,Data Analyst,"Denver, CO",2026-05-13
1129,Excel,BI & Visualization,Data Analyst,"Denver, CO",2026-05-13
1129,Power BI,BI & Visualization,Data Analyst,"Denver, CO",2026-05-13
1129,Looker,BI & Visualization,Data Analyst,"Denver, CO",2026-05-13
1129,Statistics,Analytics,Data Analyst,"Denver, CO",2026-05-13
1129,Data Warehousing,Data Engineering,Data Analyst,"Denver, CO",2026-05-13
1350,Python,Programming Language,Data Analyst,"Toronto, Canada",2026-05-13
1350,SQL,Programming Language,Data Analyst,"Toronto, Canada",2026-05-13
1350,Power BI,BI & Visualization,Data Analyst,"Toronto, Canada",2026-05-13
1350,Tableau,BI & Visualization,Data Analyst,"Toronto, Canada",2026-05-13
1350,A/B Testing,Analytics,Data Analyst,"Toronto, Canada",2026-05-13
1350,Data Warehousing,Data Engineering,Data Analyst,"Toronto, Canada",2026-05-13
1350,MongoDB,Databases,Data Analyst,"Toronto, Canada",2026-05-13
1555,SQL,Programming Language,Data Scientist,"Berlin, Germany",2026-05-13
1555,Machine Learning,Machine Learning & AI,Data Scientist,"Berlin, Germany",2026-05-13
1555,Deep Learning,Machine Learning & AI,Data Scientist,"Berlin, Germany",2026-05-13
1555,A/B Testing,Analytics,Data Scientist,"Berlin, Germany",2026-05-13
1802,Python,Programming Language,Software Engineer,"Boston, MA",2026-05-13
1802,SQL,Programming Language,Software Engineer,"Boston, MA",2026-05-13
1802,JavaScript,Programming Language,Software Engineer,"Boston, MA",2026-05-13
1802,C++,Programming Language,Software Engineer,"Boston, MA",2026-05-13
1802,NoSQL,Databases,Software Engineer,"Boston, MA",2026-05-13
1802,MongoDB,Databases,Software Engineer,"Boston, MA",2026-05-13
1802,Linux,DevOps,Software Engineer,"Boston, MA",2026-05-13
123,Python,Programming Language,Data Scientist,"San Francisco, CA",2026-05-14
123,SQL,Programming Language,Data Scientist,"San Francisco, CA",2026-05-14
123,PyTorch,Machine Learning & AI,Data Scientist,"San Francisco, CA",2026-05-14
123,NLP,Machine Learning & AI,Data Scientist,"San Francisco, CA",2026-05-14
123,A/B Testing,Analytics,Data Scientist,"San Francisco, CA",2026-05-14
315,Kubernetes,DevOps,ML Engineer,"Delhi, India",2026-05-14
315,Machine Learning,Machine Learning & AI,ML Engineer,"Delhi, India",2026-05-14
315,PyTorch,Machine Learning & AI,ML Engineer,"Delhi, India",2026-05-14
315,Scikit-learn,Machine Learning & AI,ML Engineer,"Delhi, India",2026-05-14
315,NLP,Machine Learning & AI,ML Engineer,"Delhi, India",2026-05-14
317,Python,Programming Language,ML Engineer,"Seattle, WA",2026-05-14
317,Docker,DevOps,ML Engineer,"Seattle, WA",2026-05-14
317,Git,DevOps,ML Engineer,"Seattle, WA",2026-05-14
317,Deep Learning,Machine Learning & AI,ML Engineer,"Seattle, WA",2026-05-14
467,Python,Programming Language,Data Scientist,"Boston, MA",2026-05-14
467,Spark,Big Data,Data Scientist,"Boston, MA",2026-05-14
467,Machine Learning,Machine Learning & AI,Data Scientist,"Boston, MA",2026-05-14
467,Deep Learning,Machine Learning & AI,Data Scientist,"Boston, MA",2026-05-14
467,TensorFlow,Machine Learning & AI,Data Scientist,"Boston, MA",2026-05-14
467,Computer Vision,Machine Learning & AI,Data Scientist,"Boston, MA",2026-05-14
467,Statistics,Analytics,Data Scientist,"Boston, MA",2026-05-14
503,R,Programming Language,Data Analyst,Remote,2026-05-14
503,SQL,Programming Language,Data Analyst,Remote,2026-05-14
503,Excel,BI & Visualization,Data Analyst,Remote,2026-05-14
503,Tableau,BI & Visualization,Data Analyst,Remote,2026-05-14
503,Looker,BI & Visualization,Data Analyst,Remote,2026-05-14
503,GCP,Cloud,Data Analyst,Remote,2026-05-14
1238,Machine Learning,Machine Learning & AI,Data Scientist,"Austin, TX",2026-05-14
1238,Deep Learning,Machine Learning & AI,Data Scientist,"Austin, TX",2026-05-14
1238,NLP,Machine Learning & AI,Data Scientist,"Austin, TX",2026-05-14
1238,A/B Testing,Analytics,Data Scientist,"Austin, TX",2026-05-14
316,SQL,Programming Language,Software Engineer,Singapore,2026-05-15
316,Java,Programming Language,Software Engineer,Singapore,2026-05-15
316,AWS,Cloud,Software Engineer,Singapore,2026-05-15
316,REST API,Software Engineering,Software Engineer,Singapore,2026-05-15
316,Agile,Soft Skills & Methodology,Software Engineer,Singapore,2026-05-15
450,Spark,Big Data,ML Engineer,"San Francisco, CA",2026-05-15
450,Docker,DevOps,ML Engineer,"San Francisco, CA",2026-05-15
450,Kubernetes,DevOps,ML Engineer,"San Francisco, CA",2026-05-15
450,Machine Learning,Machine Learning & AI,ML Engineer,"San Francisco, CA",2026-05-15
450,TensorFlow,Machine Learning & AI,ML Engineer,"San Francisco, CA",2026-05-15
450,PyTorch,Machine Learning & AI,ML Engineer,"San Francisco, CA",2026-05-15
450,Scikit-learn,Machine Learning & AI,ML Engineer,"San Francisco, CA",2026-05-15
549,SQL,Programming Language,Data Engineer,"Hyderabad, India",2026-05-15
549,GCP,Cloud,Data Engineer,"Hyderabad, India",2026-05-15
549,dbt,Data Engineering,Data Engineer,"Hyderabad, India",2026-05-15
549,Docker,DevOps,Data Engineer,"Hyderabad, India",2026-05-15
911,SQL,Programming Language,Data Engineer,"New York, NY",2026-05-15
911,Azure,Cloud,Data Engineer,"New York, NY",2026-05-15
911,Spark,Big Data,Data Engineer,"New York, NY",2026-05-15
911,Kafka,Big Data,Data Engineer,"New York, NY",2026-05-15
1492,Python,Programming Language,Software Engineer,"London, UK",2026-05-15
1492,Git,DevOps,Software Engineer,"London, UK",2026-05-15
1492,PostgreSQL,Databases,Software Engineer,"London, UK",2026-05-15
1492,Linux,DevOps,Software Engineer,"London, UK",2026-05-15
1946,Python,Programming Language,Data Analyst,"London, UK",2026-05-15
1946,SQL,Programming Language,Data Analyst,"London, UK",2026-05-15
1946,Tableau,BI & Visualization,Data Analyst,"London, UK",2026-05-15
1946,Statistics,Analytics,Data Analyst,"London, UK",2026-05-15
1946,ETL,Data Engineering,Data Analyst,"London, UK",2026-05-15
441,Python,Programming Language,Data Engineer,"Seattle, WA",2026-05-16
441,SQL,Programming Language,Data Engineer,"Seattle, WA",2026-05-16
441,Azure,Cloud,Data Engineer,"Seattle, WA",2026-05-16
441,Snowflake,Cloud & Data Warehousing,Data Engineer,"Seattle, WA",2026-05-16
441,Spark,Big Data,Data Engineer,"Seattle, WA",2026-05-16
441,ETL,Data Engineering,Data Engineer,"Seattle, WA",2026-05-16
791,SQL,Programming Language,Software Engineer,"Hyderabad, India",2026-05-16
791,JavaScript,Programming Language,Software Engineer,"Hyderabad, India",2026-05-16
791,Kubernetes,DevOps,Software Engineer,"Hyderabad, India",2026-05-16
791,Git,DevOps,Software Engineer,"Hyderabad, India",2026-05-16
1453,Snowflake,Cloud & Data Warehousing,Data Engineer,"London, UK",2026-05-16
1453,Airflow,Data Engineering,Data Engineer,"London, UK",2026-05-16
1453,dbt,Data Engineering,Data Engineer,"London, UK",2026-05-16
1453,Docker,DevOps,Data Engineer,"London, UK",2026-05-16
1453,ETL,Data Engineering,Data Engineer,"London, UK",2026-05-16
1504,Python,Programming Language,Data Scientist,"New York, NY",2026-05-16
1504,SQL,Programming Language,Data Scientist,"New York, NY",2026-05-16
1504,Spark,Big Data,Data Scientist,"New York, NY",2026-05-16
1504,Machine Learning,Machine Learning & AI,Data Scientist,"New York, NY",2026-05-16
1504,Deep Learning,Machine Learning & AI,Data Scientist,"New York, NY",2026-05-16
1504,Scikit-learn,Machine Learning & AI,Data Scientist,"New York, NY",2026-05-16
1711,Python,Programming Language,ML Engineer,"Washington, DC",2026-05-16
1711,Kubernetes,DevOps,ML Engineer,"Washington, DC",2026-05-16
1711,Machine Learning,Machine Learning & AI,ML Engineer,"Washington, DC",2026-05-16
1711,TensorFlow,Machine Learning & AI,ML Engineer,"Washington, DC",2026-05-16
1856,JavaScript,Programming Language,Software Engineer,Remote,2026-05-16
1856,Docker,DevOps,Software Engineer,Remote,2026-05-16
1856,Git,DevOps,Software Engineer,Remote,2026-05-16
1856,MongoDB,Databases,Software Engineer,Remote,2026-05-16
1856,Linux,DevOps,Software Engineer,Remote,2026-05-16
1856,REST API,Software Engineering,Software Engineer,Remote,2026-05-16
1933,R,Programming Language,Data Analyst,"Los Angeles, CA",2026-05-16
1933,SQL,Programming Language,Data Analyst,"Los Angeles, CA",2026-05-16
1933,Excel,BI & Visualization,Data Analyst,"Los Angeles, CA",2026-05-16
1933,Looker,BI & Visualization,Data Analyst,"Los Angeles, CA",2026-05-16
1933,Statistics,Analytics,Data Analyst,"Los Angeles, CA",2026-05-16
667,SQL,Programming Language,Software Engineer,"Los Angeles, CA",2026-05-17
667,Git,DevOps,Software Engineer,"Los Angeles, CA",2026-05-17
667,NoSQL,Databases,Software Engineer,"Los Angeles, CA",2026-05-17
667,REST API,Software Engineering,Software Engineer,"Los Angeles, CA",2026-05-17
681,AWS,Cloud,ML Engineer,Singapore,2026-05-18
681,Azure,Cloud,ML Engineer,Singapore,2026-05-18
681,Docker,DevOps,ML Engineer,Singapore,2026-05-18
681,Machine Learning,Machine Learning & AI,ML Engineer,Singapore,2026-05-18
681,NLP,Machine Learning & AI,ML Engineer,Singapore,2026-05-18
1789,Python,Programming Language,Data Scientist,"Berlin, Germany",2026-05-18
1789,R,Programming Language,Data Scientist,"Berlin, Germany",2026-05-18
1789,SQL,Programming Language,Data Scientist,"Berlin, Germany",2026-05-18
1789,Spark,Big Data,Data Scientist,"Berlin, Germany",2026-05-18
1789,Machine Learning,Machine Learning & AI,Data Scientist,"Berlin, Germany",2026-05-18
510,Redshift,Cloud & Data Warehousing,Data Engineer,"San Francisco, CA",2026-05-19
510,Spark,Big Data,Data Engineer,"San Francisco, CA",2026-05-19
510,ETL,Data Engineering,Data Engineer,"San Francisco, CA",2026-05-19
510,Data Warehousing,Data Engineering,Data Engineer,"San Francisco, CA",2026-05-19
846,Python,Programming Language,Software Engineer,"Mumbai, India",2026-05-19
846,JavaScript,Programming Language,Software Engineer,"Mumbai, India",2026-05-19
846,C++,Programming Language,Software Engineer,"Mumbai, India",2026-05-19
846,Git,DevOps,Software Engineer,"Mumbai, India",2026-05-19
846,PostgreSQL,Databases,Software Engineer,"Mumbai, India",2026-05-19
846,Agile,Soft Skills & Methodology,Software Engineer,"Mumbai, India",2026-05-19
986,C++,Programming Language,Software Engineer,"London, UK",2026-05-19
986,AWS,Cloud,Software Engineer,"London, UK",2026-05-19
986,Kubernetes,DevOps,Software Engineer,"London, UK",2026-05-19
986,REST API,Software Engineering,Software Engineer,"London, UK",2026-05-19
1339,Tableau,BI & Visualization,Data Analyst,"Bengaluru, India",2026-05-19
1339,Git,DevOps,Data Analyst,"Bengaluru, India",2026-05-19
1339,Statistics,Analytics,Data Analyst,"Bengaluru, India",2026-05-19
1339,A/B Testing,Analytics,Data Analyst,"Bengaluru, India",2026-05-19
1339,MongoDB,Databases,Data Analyst,"Bengaluru, India",2026-05-19
1380,Python,Programming Language,Data Scientist,"Boston, MA",2026-05-19
1380,R,Programming Language,Data Scientist,"Boston, MA",2026-05-19
1380,Machine Learning,Machine Learning & AI,Data Scientist,"Boston, MA",2026-05-19
1380,Deep Learning,Machine Learning & AI,Data Scientist,"Boston, MA",2026-05-19
1380,Scikit-learn,Machine Learning & AI,Data Scientist,"Boston, MA",2026-05-19
1380,Statistics,Analytics,Data Scientist,"Boston, MA",2026-05-19
1380,A/B Testing,Analytics,Data Scientist,"Boston, MA",2026-05-19
1548,Python,Programming Language,Data Engineer,"Hyderabad, India",2026-05-19
1548,AWS,Cloud,Data Engineer,"Hyderabad, India",2026-05-19
1548,Hadoop,Big Data,Data Engineer,"Hyderabad, India",2026-05-19
1548,Kafka,Big Data,Data Engineer,"Hyderabad, India",2026-05-19
1548,Airflow,Data Engineering,Data Engineer,"Hyderabad, India",2026-05-19
1548,Data Warehousing,Data Engineering,Data Engineer,"Hyderabad, India",2026-05-19
1574,SQL,Programming Language,Data Analyst,"San Francisco, CA",2026-05-19
1574,Excel,BI & Visualization,Data Analyst,"San Francisco, CA",2026-05-19
1574,Power BI,BI & Visualization,Data Analyst,"San Francisco, CA",2026-05-19
1574,Looker,BI & Visualization,Data Analyst,"San Francisco, CA",2026-05-19
1574,Git,DevOps,Data Analyst,"San Francisco, CA",2026-05-19
1574,ETL,Data Engineering,Data Analyst,"San Francisco, CA",2026-05-19
1746,SQL,Programming Language,Software Engineer,"Hyderabad, India",2026-05-19
1746,Java,Programming Language,Software Engineer,"Hyderabad, India",2026-05-19
1746,JavaScript,Programming Language,Software Engineer,"Hyderabad, India",2026-05-19
1746,C++,Programming Language,Software Engineer,"Hyderabad, India",2026-05-19
1746,MongoDB,Databases,Software Engineer,"Hyderabad, India",2026-05-19
1746,Agile,Soft Skills & Methodology,Software Engineer,"Hyderabad, India",2026-05-19
329,R,Programming Language,Data Analyst,"Mumbai, India",2026-05-20
329,SQL,Programming Language,Data Analyst,"Mumbai, India",2026-05-20
329,Excel,BI & Visualization,Data Analyst,"Mumbai, India",2026-05-20
329,Statistics,Analytics,Data Analyst,"Mumbai, India",2026-05-20
1459,Python,Programming Language,Data Scientist,"New York, NY",2026-05-20
1459,Spark,Big Data,Data Scientist,"New York, NY",2026-05-20
1459,Machine Learning,Machine Learning & AI,Data Scientist,"New York, NY",2026-05-20
1459,NLP,Machine Learning & AI,Data Scientist,"New York, NY",2026-05-20
1677,Python,Programming Language,Data Scientist,"Seattle, WA",2026-05-20
1677,R,Programming Language,Data Scientist,"Seattle, WA",2026-05-20
1677,SQL,Programming Language,Data Scientist,"Seattle, WA",2026-05-20
1677,AWS,Cloud,Data Scientist,"Seattle, WA",2026-05-20
1677,Deep Learning,Machine Learning & AI,Data Scientist,"Seattle, WA",2026-05-20
1677,TensorFlow,Machine Learning & AI,Data Scientist,"Seattle, WA",2026-05-20
1687,Python,Programming Language,Software Engineer,"Atlanta, GA",2026-05-20
1687,JavaScript,Programming Language,Software Engineer,"Atlanta, GA",2026-05-20
1687,Git,DevOps,Software Engineer,"Atlanta, GA",2026-05-20
1687,REST API,Software Engineering,Software Engineer,"Atlanta, GA",2026-05-20
1757,TensorFlow,Machine Learning & AI,Data Scientist,"Bengaluru, India",2026-05-20
1757,PyTorch,Machine Learning & AI,Data Scientist,"Bengaluru, India",2026-05-20
1757,Scikit-learn,Machine Learning & AI,Data Scientist,"Bengaluru, India",2026-05-20
1757,Statistics,Analytics,Data Scientist,"Bengaluru, India",2026-05-20
1757,A/B Testing,Analytics,Data Scientist,"Bengaluru, India",2026-05-20
970,Python,Programming Language,Data Engineer,"New York, NY",2026-05-21
970,SQL,Programming Language,Data Engineer,"New York, NY",2026-05-21
970,BigQuery,Cloud & Data Warehousing,Data Engineer,"New York, NY",2026-05-21
970,Airflow,Data Engineering,Data Engineer,"New York, NY",2026-05-21
970,dbt,Data Engineering,Data Engineer,"New York, NY",2026-05-21
970,ETL,Data Engineering,Data Engineer,"New York, NY",2026-05-21
1639,Docker,DevOps,ML Engineer,"Los Angeles, CA",2026-05-21
1639,Kubernetes,DevOps,ML Engineer,"Los Angeles, CA",2026-05-21
1639,Git,DevOps,ML Engineer,"Los Angeles, CA",2026-05-21
1639,Machine Learning,Machine Learning & AI,ML Engineer,"Los Angeles, CA",2026-05-21
1639,Deep Learning,Machine Learning & AI,ML Engineer,"Los Angeles, CA",2026-05-21
1639,Scikit-learn,Machine Learning & AI,ML Engineer,"Los Angeles, CA",2026-05-21
1639,Computer Vision,Machine Learning & AI,ML Engineer,"Los Angeles, CA",2026-05-21
159,Python,Programming Language,ML Engineer,"Boston, MA",2026-05-22
159,AWS,Cloud,ML Engineer,"Boston, MA",2026-05-22
159,Spark,Big Data,ML Engineer,"Boston, MA",2026-05-22
159,Docker,DevOps,ML Engineer,"Boston, MA",2026-05-22
159,Kubernetes,DevOps,ML Engineer,"Boston, MA",2026-05-22
159,TensorFlow,Machine Learning & AI,ML Engineer,"Boston, MA",2026-05-22
222,Python,Programming Language,ML Engineer,"Toronto, Canada",2026-05-22
222,AWS,Cloud,ML Engineer,"Toronto, Canada",2026-05-22
222,Docker,DevOps,ML Engineer,"Toronto, Canada",2026-05-22
222,Machine Learning,Machine Learning & AI,ML Engineer,"Toronto, Canada",2026-05-22
222,Deep Learning,Machine Learning & AI,ML Engineer,"Toronto, Canada",2026-05-22
222,NLP,Machine Learning & AI,ML Engineer,"Toronto, Canada",2026-05-22
222,Computer Vision,Machine Learning & AI,ML Engineer,"Toronto, Canada",2026-05-22
310,Python,Programming Language,ML Engineer,Remote,2026-05-22
310,AWS,Cloud,ML Engineer,Remote,2026-05-22
310,Airflow,Data Engineering,ML Engineer,Remote,2026-05-22
310,Docker,DevOps,ML Engineer,Remote,2026-05-22
310,Kubernetes,DevOps,ML Engineer,Remote,2026-05-22
310,Machine Learning,Machine Learning & AI,ML Engineer,Remote,2026-05-22
310,PyTorch,Machine Learning & AI,ML Engineer,Remote,2026-05-22
310,Computer Vision,Machine Learning & AI,ML Engineer,Remote,2026-05-22
435,JavaScript,Programming Language,Software Engineer,"Chicago, IL",2026-05-22
435,AWS,Cloud,Software Engineer,"Chicago, IL",2026-05-22
435,NoSQL,Databases,Software Engineer,"Chicago, IL",2026-05-22
435,Linux,DevOps,Software Engineer,"Chicago, IL",2026-05-22
529,Airflow,Data Engineering,ML Engineer,"San Francisco, CA",2026-05-22
529,Kubernetes,DevOps,ML Engineer,"San Francisco, CA",2026-05-22
529,Scikit-learn,Machine Learning & AI,ML Engineer,"San Francisco, CA",2026-05-22
529,Computer Vision,Machine Learning & AI,ML Engineer,"San Francisco, CA",2026-05-22
595,Python,Programming Language,ML Engineer,"Bengaluru, India",2026-05-22
595,AWS,Cloud,ML Engineer,"Bengaluru, India",2026-05-22
595,Azure,Cloud,ML Engineer,"Bengaluru, India",2026-05-22
595,Deep Learning,Machine Learning & AI,ML Engineer,"Bengaluru, India",2026-05-22
998,SQL,Programming Language,Data Scientist,"San Francisco, CA",2026-05-22
998,Machine Learning,Machine Learning & AI,Data Scientist,"San Francisco, CA",2026-05-22
998,PyTorch,Machine Learning & AI,Data Scientist,"San Francisco, CA",2026-05-22
998,Scikit-learn,Machine Learning & AI,Data Scientist,"San Francisco, CA",2026-05-22
998,A/B Testing,Analytics,Data Scientist,"San Francisco, CA",2026-05-22
1134,Java,Programming Language,Software Engineer,"Hyderabad, India",2026-05-22
1134,AWS,Cloud,Software Engineer,"Hyderabad, India",2026-05-22
1134,MongoDB,Databases,Software Engineer,"Hyderabad, India",2026-05-22
1134,REST API,Software Engineering,Software Engineer,"Hyderabad, India",2026-05-22
1200,Python,Programming Language,ML Engineer,"Toronto, Canada",2026-05-22
1200,AWS,Cloud,ML Engineer,"Toronto, Canada",2026-05-22
1200,Spark,Big Data,ML Engineer,"Toronto, Canada",2026-05-22
1200,Machine Learning,Machine Learning & AI,ML Engineer,"Toronto, Canada",2026-05-22
1200,PyTorch,Machine Learning & AI,ML Engineer,"Toronto, Canada",2026-05-22
1200,NLP,Machine Learning & AI,ML Engineer,"Toronto, Canada",2026-05-22
1200,Computer Vision,Machine Learning & AI,ML Engineer,"Toronto, Canada",2026-05-22
106,Python,Programming Language,ML Engineer,"Austin, TX",2026-05-23
106,AWS,Cloud,ML Engineer,"Austin, TX",2026-05-23
106,Machine Learning,Machine Learning & AI,ML Engineer,"Austin, TX",2026-05-23
106,Deep Learning,Machine Learning & AI,ML Engineer,"Austin, TX",2026-05-23
1288,SQL,Programming Language,Data Engineer,"Hyderabad, India",2026-05-23
1288,GCP,Cloud,Data Engineer,"Hyderabad, India",2026-05-23
1288,Snowflake,Cloud & Data Warehousing,Data Engineer,"Hyderabad, India",2026-05-23
1288,Redshift,Cloud & Data Warehousing,Data Engineer,"Hyderabad, India",2026-05-23
1288,Spark,Big Data,Data Engineer,"Hyderabad, India",2026-05-23
1288,Kafka,Big Data,Data Engineer,"Hyderabad, India",2026-05-23
1288,Data Warehousing,Data Engineering,Data Engineer,"Hyderabad, India",2026-05-23
1691,Python,Programming Language,Data Engineer,"Los Angeles, CA",2026-05-23
1691,GCP,Cloud,Data Engineer,"Los Angeles, CA",2026-05-23
1691,Snowflake,Cloud & Data Warehousing,Data Engineer,"Los Angeles, CA",2026-05-23
1691,Redshift,Cloud & Data Warehousing,Data Engineer,"Los Angeles, CA",2026-05-23
1691,BigQuery,Cloud & Data Warehousing,Data Engineer,"Los Angeles, CA",2026-05-23
1691,ETL,Data Engineering,Data Engineer,"Los Angeles, CA",2026-05-23
1691,NoSQL,Databases,Data Engineer,"Los Angeles, CA",2026-05-23
504,Python,Programming Language,Data Engineer,"Bengaluru, India",2026-05-24
504,SQL,Programming Language,Data Engineer,"Bengaluru, India",2026-05-24
504,AWS,Cloud,Data Engineer,"Bengaluru, India",2026-05-24
504,Snowflake,Cloud & Data Warehousing,Data Engineer,"Bengaluru, India",2026-05-24
504,Kafka,Big Data,Data Engineer,"Bengaluru, India",2026-05-24
767,Python,Programming Language,Data Scientist,"Atlanta, GA",2026-05-24
767,Machine Learning,Machine Learning & AI,Data Scientist,"Atlanta, GA",2026-05-24
767,TensorFlow,Machine Learning & AI,Data Scientist,"Atlanta, GA",2026-05-24
767,PyTorch,Machine Learning & AI,Data Scientist,"Atlanta, GA",2026-05-24
767,Scikit-learn,Machine Learning & AI,Data Scientist,"Atlanta, GA",2026-05-24
767,A/B Testing,Analytics,Data Scientist,"Atlanta, GA",2026-05-24
890,SQL,Programming Language,Data Analyst,"Washington, DC",2026-05-24
890,Power BI,BI & Visualization,Data Analyst,"Washington, DC",2026-05-24
890,Tableau,BI & Visualization,Data Analyst,"Washington, DC",2026-05-24
890,Looker,BI & Visualization,Data Analyst,"Washington, DC",2026-05-24
890,Statistics,Analytics,Data Analyst,"Washington, DC",2026-05-24
890,Data Warehousing,Data Engineering,Data Analyst,"Washington, DC",2026-05-24
891,Python,Programming Language,Software Engineer,Remote,2026-05-24
891,JavaScript,Programming Language,Software Engineer,Remote,2026-05-24
891,C++,Programming Language,Software Engineer,Remote,2026-05-24
891,Docker,DevOps,Software Engineer,Remote,2026-05-24
891,Agile,Soft Skills & Methodology,Software Engineer,Remote,2026-05-24
1052,SQL,Programming Language,Data Analyst,"San Francisco, CA",2026-05-24
1052,Excel,BI & Visualization,Data Analyst,"San Francisco, CA",2026-05-24
1052,Power BI,BI & Visualization,Data Analyst,"San Francisco, CA",2026-05-24
1052,Git,DevOps,Data Analyst,"San Francisco, CA",2026-05-24
1052,Statistics,Analytics,Data Analyst,"San Francisco, CA",2026-05-24
1052,A/B Testing,Analytics,Data Analyst,"San Francisco, CA",2026-05-24
1052,ETL,Data Engineering,Data Analyst,"San Francisco, CA",2026-05-24
1359,AWS,Cloud,ML Engineer,"Bengaluru, India",2026-05-24
1359,Machine Learning,Machine Learning & AI,ML Engineer,"Bengaluru, India",2026-05-24
1359,Deep Learning,Machine Learning & AI,ML Engineer,"Bengaluru, India",2026-05-24
1359,Scikit-learn,Machine Learning & AI,ML Engineer,"Bengaluru, India",2026-05-24
1359,NLP,Machine Learning & AI,ML Engineer,"Bengaluru, India",2026-05-24
1359,Computer Vision,Machine Learning & AI,ML Engineer,"Bengaluru, India",2026-05-24
1475,Python,Programming Language,ML Engineer,"San Francisco, CA",2026-05-24
1475,Airflow,Data Engineering,ML Engineer,"San Francisco, CA",2026-05-24
1475,Machine Learning,Machine Learning & AI,ML Engineer,"San Francisco, CA",2026-05-24
1475,Deep Learning,Machine Learning & AI,ML Engineer,"San Francisco, CA",2026-05-24
1475,PyTorch,Machine Learning & AI,ML Engineer,"San Francisco, CA",2026-05-24
1475,Scikit-learn,Machine Learning & AI,ML Engineer,"San Francisco, CA",2026-05-24
247,SQL,Programming Language,Software Engineer,"Bengaluru, India",2026-05-25
247,Java,Programming Language,Software Engineer,"Bengaluru, India",2026-05-25
247,JavaScript,Programming Language,Software Engineer,"Bengaluru, India",2026-05-25
247,Kubernetes,DevOps,Software Engineer,"Bengaluru, India",2026-05-25
247,REST API,Software Engineering,Software Engineer,"Bengaluru, India",2026-05-25
378,SQL,Programming Language,Data Analyst,"Bengaluru, India",2026-05-25
378,Excel,BI & Visualization,Data Analyst,"Bengaluru, India",2026-05-25
378,Power BI,BI & Visualization,Data Analyst,"Bengaluru, India",2026-05-25
378,Tableau,BI & Visualization,Data Analyst,"Bengaluru, India",2026-05-25
378,Looker,BI & Visualization,Data Analyst,"Bengaluru, India",2026-05-25
378,Statistics,Analytics,Data Analyst,"Bengaluru, India",2026-05-25
378,Data Warehousing,Data Engineering,Data Analyst,"Bengaluru, India",2026-05-25
1285,Python,Programming Language,Data Scientist,"Mumbai, India",2026-05-25
1285,Spark,Big Data,Data Scientist,"Mumbai, India",2026-05-25
1285,Machine Learning,Machine Learning & AI,Data Scientist,"Mumbai, India",2026-05-25
1285,PyTorch,Machine Learning & AI,Data Scientist,"Mumbai, India",2026-05-25
1320,JavaScript,Programming Language,Software Engineer,"Los Angeles, CA",2026-05-25
1320,NoSQL,Databases,Software Engineer,"Los Angeles, CA",2026-05-25
1320,MongoDB,Databases,Software Engineer,"Los Angeles, CA",2026-05-25
1320,Linux,DevOps,Software Engineer,"Los Angeles, CA",2026-05-25
1320,Agile,Soft Skills & Methodology,Software Engineer,"Los Angeles, CA",2026-05-25
1700,Python,Programming Language,ML Engineer,Remote,2026-05-25
1700,Git,DevOps,ML Engineer,Remote,2026-05-25
1700,Machine Learning,Machine Learning & AI,ML Engineer,Remote,2026-05-25
1700,Deep Learning,Machine Learning & AI,ML Engineer,Remote,2026-05-25
1916,Java,Programming Language,Software Engineer,"Denver, CO",2026-05-25
1916,JavaScript,Programming Language,Software Engineer,"Denver, CO",2026-05-25
1916,Git,DevOps,Software Engineer,"Denver, CO",2026-05-25
1916,REST API,Software Engineering,Software Engineer,"Denver, CO",2026-05-25
1979,R,Programming Language,Data Analyst,"Los Angeles, CA",2026-05-25
1979,SQL,Programming Language,Data Analyst,"Los Angeles, CA",2026-05-25
1979,Power BI,BI & Visualization,Data Analyst,"Los Angeles, CA",2026-05-25
1979,GCP,Cloud,Data Analyst,"Los Angeles, CA",2026-05-25
1979,Statistics,Analytics,Data Analyst,"Los Angeles, CA",2026-05-25
1979,Data Warehousing,Data Engineering,Data Analyst,"Los Angeles, CA",2026-05-25
462,Python,Programming Language,Data Analyst,"Delhi, India",2026-05-26
462,SQL,Programming Language,Data Analyst,"Delhi, India",2026-05-26
462,Power BI,BI & Visualization,Data Analyst,"Delhi, India",2026-05-26
462,Tableau,BI & Visualization,Data Analyst,"Delhi, India",2026-05-26
462,Looker,BI & Visualization,Data Analyst,"Delhi, India",2026-05-26
462,Git,DevOps,Data Analyst,"Delhi, India",2026-05-26
462,Data Warehousing,Data Engineering,Data Analyst,"Delhi, India",2026-05-26
664,Python,Programming Language,ML Engineer,Remote,2026-05-26
664,Docker,DevOps,ML Engineer,Remote,2026-05-26
664,Machine Learning,Machine Learning & AI,ML Engineer,Remote,2026-05-26
664,TensorFlow,Machine Learning & AI,ML Engineer,Remote,2026-05-26
664,PyTorch,Machine Learning & AI,ML Engineer,Remote,2026-05-26
664,Scikit-learn,Machine Learning & AI,ML Engineer,Remote,2026-05-26
1120,Python,Programming Language,Data Engineer,"Pune, India",2026-05-26
1120,SQL,Programming Language,Data Engineer,"Pune, India",2026-05-26
1120,Snowflake,Cloud & Data Warehousing,Data Engineer,"Pune, India",2026-05-26
1120,ETL,Data Engineering,Data Engineer,"Pune, India",2026-05-26
1435,Python,Programming Language,Data Scientist,"Bengaluru, India",2026-05-26
1435,R,Programming Language,Data Scientist,"Bengaluru, India",2026-05-26
1435,SQL,Programming Language,Data Scientist,"Bengaluru, India",2026-05-26
1435,Machine Learning,Machine Learning & AI,Data Scientist,"Bengaluru, India",2026-05-26
1435,Deep Learning,Machine Learning & AI,Data Scientist,"Bengaluru, India",2026-05-26
1435,Scikit-learn,Machine Learning & AI,Data Scientist,"Bengaluru, India",2026-05-26
1435,Computer Vision,Machine Learning & AI,Data Scientist,"Bengaluru, India",2026-05-26
1613,SQL,Programming Language,Data Analyst,"New York, NY",2026-05-26
1613,Tableau,BI & Visualization,Data Analyst,"New York, NY",2026-05-26
1613,Statistics,Analytics,Data Analyst,"New York, NY",2026-05-26
1613,Data Warehousing,Data Engineering,Data Analyst,"New York, NY",2026-05-26
1644,SQL,Programming Language,Data Engineer,"Bengaluru, India",2026-05-26
1644,AWS,Cloud,Data Engineer,"Bengaluru, India",2026-05-26
1644,GCP,Cloud,Data Engineer,"Bengaluru, India",2026-05-26
1644,dbt,Data Engineering,Data Engineer,"Bengaluru, India",2026-05-26
1644,ETL,Data Engineering,Data Engineer,"Bengaluru, India",2026-05-26
1764,Python,Programming Language,Data Engineer,"Hyderabad, India",2026-05-26
1764,SQL,Programming Language,Data Engineer,"Hyderabad, India",2026-05-26
1764,Snowflake,Cloud & Data Warehousing,Data Engineer,"Hyderabad, India",2026-05-26
1764,Spark,Big Data,Data Engineer,"Hyderabad, India",2026-05-26
1764,dbt,Data Engineering,Data Engineer,"Hyderabad, India",2026-05-26
1764,ETL,Data Engineering,Data Engineer,"Hyderabad, India",2026-05-26
1764,NoSQL,Databases,Data Engineer,"Hyderabad, India",2026-05-26
1941,Python,Programming Language,Data Engineer,"Bengaluru, India",2026-05-26
1941,SQL,Programming Language,Data Engineer,"Bengaluru, India",2026-05-26
1941,AWS,Cloud,Data Engineer,"Bengaluru, India",2026-05-26
1941,BigQuery,Cloud & Data Warehousing,Data Engineer,"Bengaluru, India",2026-05-26
1941,Airflow,Data Engineering,Data Engineer,"Bengaluru, India",2026-05-26
1941,ETL,Data Engineering,Data Engineer,"Bengaluru, India",2026-05-26
296,Python,Programming Language,Software Engineer,"Bengaluru, India",2026-05-27
296,Java,Programming Language,Software Engineer,"Bengaluru, India",2026-05-27
296,JavaScript,Programming Language,Software Engineer,"Bengaluru, India",2026-05-27
296,Docker,DevOps,Software Engineer,"Bengaluru, India",2026-05-27
296,Kubernetes,DevOps,Software Engineer,"Bengaluru, India",2026-05-27
296,REST API,Software Engineering,Software Engineer,"Bengaluru, India",2026-05-27
413,Python,Programming Language,Data Analyst,"Mumbai, India",2026-05-28
413,R,Programming Language,Data Analyst,"Mumbai, India",2026-05-28
413,SQL,Programming Language,Data Analyst,"Mumbai, India",2026-05-28
413,Excel,BI & Visualization,Data Analyst,"Mumbai, India",2026-05-28
413,Tableau,BI & Visualization,Data Analyst,"Mumbai, India",2026-05-28
413,Statistics,Analytics,Data Analyst,"Mumbai, India",2026-05-28
413,A/B Testing,Analytics,Data Analyst,"Mumbai, India",2026-05-28
494,R,Programming Language,Data Analyst,"Atlanta, GA",2026-05-28
494,Excel,BI & Visualization,Data Analyst,"Atlanta, GA",2026-05-28
494,Power BI,BI & Visualization,Data Analyst,"Atlanta, GA",2026-05-28
494,Tableau,BI & Visualization,Data Analyst,"Atlanta, GA",2026-05-28
494,ETL,Data Engineering,Data Analyst,"Atlanta, GA",2026-05-28
1157,Python,Programming Language,ML Engineer,"Los Angeles, CA",2026-05-28
1157,Spark,Big Data,ML Engineer,"Los Angeles, CA",2026-05-28
1157,Deep Learning,Machine Learning & AI,ML Engineer,"Los Angeles, CA",2026-05-28
1157,PyTorch,Machine Learning & AI,ML Engineer,"Los Angeles, CA",2026-05-28
1833,Java,Programming Language,Software Engineer,"Bengaluru, India",2026-05-28
1833,PostgreSQL,Databases,Software Engineer,"Bengaluru, India",2026-05-28
1833,Linux,DevOps,Software Engineer,"Bengaluru, India",2026-05-28
1833,REST API,Software Engineering,Software Engineer,"Bengaluru, India",2026-05-28
1833,Agile,Soft Skills & Methodology,Software Engineer,"Bengaluru, India",2026-05-28
210,JavaScript,Programming Language,Software Engineer,"San Francisco, CA",2026-05-29
210,AWS,Cloud,Software Engineer,"San Francisco, CA",2026-05-29
210,Git,DevOps,Software Engineer,"San Francisco, CA",2026-05-29
210,PostgreSQL,Databases,Software Engineer,"San Francisco, CA",2026-05-29
210,Linux,DevOps,Software Engineer,"San Francisco, CA",2026-05-29
210,Agile,Soft Skills & Methodology,Software Engineer,"San Francisco, CA",2026-05-29
245,Python,Programming Language,Data Analyst,"Boston, MA",2026-05-29
245,R,Programming Language,Data Analyst,"Boston, MA",2026-05-29
245,SQL,Programming Language,Data Analyst,"Boston, MA",2026-05-29
245,Excel,BI & Visualization,Data Analyst,"Boston, MA",2026-05-29
245,Power BI,BI & Visualization,Data Analyst,"Boston, MA",2026-05-29
245,Statistics,Analytics,Data Analyst,"Boston, MA",2026-05-29
915,Python,Programming Language,ML Engineer,"Hyderabad, India",2026-05-29
915,Spark,Big Data,ML Engineer,"Hyderabad, India",2026-05-29
915,Docker,DevOps,ML Engineer,"Hyderabad, India",2026-05-29
915,Kubernetes,DevOps,ML Engineer,"Hyderabad, India",2026-05-29
915,Deep Learning,Machine Learning & AI,ML Engineer,"Hyderabad, India",2026-05-29
915,Computer Vision,Machine Learning & AI,ML Engineer,"Hyderabad, India",2026-05-29
1004,Python,Programming Language,Data Scientist,Singapore,2026-05-29
1004,R,Programming Language,Data Scientist,Singapore,2026-05-29
1004,Spark,Big Data,Data Scientist,Singapore,2026-05-29
1004,Machine Learning,Machine Learning & AI,Data Scientist,Singapore,2026-05-29
1004,Deep Learning,Machine Learning & AI,Data Scientist,Singapore,2026-05-29
1004,Statistics,Analytics,Data Scientist,Singapore,2026-05-29
1004,A/B Testing,Analytics,Data Scientist,Singapore,2026-05-29
1296,Python,Programming Language,Data Analyst,"Austin, TX",2026-05-29
1296,Excel,BI & Visualization,Data Analyst,"Austin, TX",2026-05-29
1296,Power BI,BI & Visualization,Data Analyst,"Austin, TX",2026-05-29
1296,Tableau,BI & Visualization,Data Analyst,"Austin, TX",2026-05-29
1397,Excel,BI & Visualization,Data Analyst,"Austin, TX",2026-05-29
1397,Tableau,BI & Visualization,Data Analyst,"Austin, TX",2026-05-29
1397,Statistics,Analytics,Data Analyst,"Austin, TX",2026-05-29
1397,ETL,Data Engineering,Data Analyst,"Austin, TX",2026-05-29
1410,AWS,Cloud,Data Scientist,"Pune, India",2026-05-29
1410,Deep Learning,Machine Learning & AI,Data Scientist,"Pune, India",2026-05-29
1410,TensorFlow,Machine Learning & AI,Data Scientist,"Pune, India",2026-05-29
1410,PyTorch,Machine Learning & AI,Data Scientist,"Pune, India",2026-05-29
1410,Scikit-learn,Machine Learning & AI,Data Scientist,"Pune, India",2026-05-29
1410,Statistics,Analytics,Data Scientist,"Pune, India",2026-05-29
1999,SQL,Programming Language,Data Analyst,"Seattle, WA",2026-05-29
1999,Excel,BI & Visualization,Data Analyst,"Seattle, WA",2026-05-29
1999,Looker,BI & Visualization,Data Analyst,"Seattle, WA",2026-05-29
1999,A/B Testing,Analytics,Data Analyst,"Seattle, WA",2026-05-29
4,Python,Programming Language,Software Engineer,"London, UK",2026-05-30
4,SQL,Programming Language,Software Engineer,"London, UK",2026-05-30
4,Java,Programming Language,Software Engineer,"London, UK",2026-05-30
4,JavaScript,Programming Language,Software Engineer,"London, UK",2026-05-30
4,C++,Programming Language,Software Engineer,"London, UK",2026-05-30
4,Docker,DevOps,Software Engineer,"London, UK",2026-05-30
4,PostgreSQL,Databases,Software Engineer,"London, UK",2026-05-30
70,Python,Programming Language,Software Engineer,"Los Angeles, CA",2026-05-30
70,JavaScript,Programming Language,Software Engineer,"Los Angeles, CA",2026-05-30
70,AWS,Cloud,Software Engineer,"Los Angeles, CA",2026-05-30
70,Docker,DevOps,Software Engineer,"Los Angeles, CA",2026-05-30
70,Git,DevOps,Software Engineer,"Los Angeles, CA",2026-05-30
70,PostgreSQL,Databases,Software Engineer,"Los Angeles, CA",2026-05-30
70,REST API,Software Engineering,Software Engineer,"Los Angeles, CA",2026-05-30
291,Python,Programming Language,Data Analyst,"Washington, DC",2026-05-30
291,R,Programming Language,Data Analyst,"Washington, DC",2026-05-30
291,SQL,Programming Language,Data Analyst,"Washington, DC",2026-05-30
291,Power BI,BI & Visualization,Data Analyst,"Washington, DC",2026-05-30
291,A/B Testing,Analytics,Data Analyst,"Washington, DC",2026-05-30
291,ETL,Data Engineering,Data Analyst,"Washington, DC",2026-05-30
291,MongoDB,Databases,Data Analyst,"Washington, DC",2026-05-30
571,Python,Programming Language,Data Scientist,"Berlin, Germany",2026-05-30
571,SQL,Programming Language,Data Scientist,"Berlin, Germany",2026-05-30
571,Machine Learning,Machine Learning & AI,Data Scientist,"Berlin, Germany",2026-05-30
571,Scikit-learn,Machine Learning & AI,Data Scientist,"Berlin, Germany",2026-05-30
571,NLP,Machine Learning & AI,Data Scientist,"Berlin, Germany",2026-05-30
571,Statistics,Analytics,Data Scientist,"Berlin, Germany",2026-05-30
571,A/B Testing,Analytics,Data Scientist,"Berlin, Germany",2026-05-30
1769,SQL,Programming Language,Data Analyst,"Toronto, Canada",2026-05-30
1769,Power BI,BI & Visualization,Data Analyst,"Toronto, Canada",2026-05-30
1769,Looker,BI & Visualization,Data Analyst,"Toronto, Canada",2026-05-30
1769,Git,DevOps,Data Analyst,"Toronto, Canada",2026-05-30
1769,Statistics,Analytics,Data Analyst,"Toronto, Canada",2026-05-30
1821,Excel,BI & Visualization,Data Analyst,"San Francisco, CA",2026-05-30
1821,Power BI,BI & Visualization,Data Analyst,"San Francisco, CA",2026-05-30
1821,Tableau,BI & Visualization,Data Analyst,"San Francisco, CA",2026-05-30
1821,Data Warehousing,Data Engineering,Data Analyst,"San Francisco, CA",2026-05-30
176,R,Programming Language,Data Scientist,"Los Angeles, CA",2026-05-31
176,Machine Learning,Machine Learning & AI,Data Scientist,"Los Angeles, CA",2026-05-31
176,Deep Learning,Machine Learning & AI,Data Scientist,"Los Angeles, CA",2026-05-31
176,Scikit-learn,Machine Learning & AI,Data Scientist,"Los Angeles, CA",2026-05-31
176,NLP,Machine Learning & AI,Data Scientist,"Los Angeles, CA",2026-05-31
176,Computer Vision,Machine Learning & AI,Data Scientist,"Los Angeles, CA",2026-05-31
455,Python,Programming Language,ML Engineer,"San Francisco, CA",2026-05-31
455,Docker,DevOps,ML Engineer,"San Francisco, CA",2026-05-31
455,Kubernetes,DevOps,ML Engineer,"San Francisco, CA",2026-05-31
455,Git,DevOps,ML Engineer,"San Francisco, CA",2026-05-31
455,Machine Learning,Machine Learning & AI,ML Engineer,"San Francisco, CA",2026-05-31
455,PyTorch,Machine Learning & AI,ML Engineer,"San Francisco, CA",2026-05-31
455,Scikit-learn,Machine Learning & AI,ML Engineer,"San Francisco, CA",2026-05-31
584,AWS,Cloud,Data Engineer,"New York, NY",2026-05-31
584,Redshift,Cloud & Data Warehousing,Data Engineer,"New York, NY",2026-05-31
584,Spark,Big Data,Data Engineer,"New York, NY",2026-05-31
584,Kafka,Big Data,Data Engineer,"New York, NY",2026-05-31
584,ETL,Data Engineering,Data Engineer,"New York, NY",2026-05-31
713,SQL,Programming Language,Software Engineer,"Boston, MA",2026-05-31
713,Java,Programming Language,Software Engineer,"Boston, MA",2026-05-31
713,JavaScript,Programming Language,Software Engineer,"Boston, MA",2026-05-31
713,AWS,Cloud,Software Engineer,"Boston, MA",2026-05-31
713,Docker,DevOps,Software Engineer,"Boston, MA",2026-05-31
713,Git,DevOps,Software Engineer,"Boston, MA",2026-05-31
713,Agile,Soft Skills & Methodology,Software Engineer,"Boston, MA",2026-05-31
742,Python,Programming Language,ML Engineer,"Atlanta, GA",2026-05-31
742,AWS,Cloud,ML Engineer,"Atlanta, GA",2026-05-31
742,Kubernetes,DevOps,ML Engineer,"Atlanta, GA",2026-05-31
742,Git,DevOps,ML Engineer,"Atlanta, GA",2026-05-31
1202,Python,Programming Language,Data Engineer,"Seattle, WA",2026-05-31
1202,AWS,Cloud,Data Engineer,"Seattle, WA",2026-05-31
1202,BigQuery,Cloud & Data Warehousing,Data Engineer,"Seattle, WA",2026-05-31
1202,Spark,Big Data,Data Engineer,"Seattle, WA",2026-05-31
1202,Hadoop,Big Data,Data Engineer,"Seattle, WA",2026-05-31
1202,dbt,Data Engineering,Data Engineer,"Seattle, WA",2026-05-31
1393,Java,Programming Language,Software Engineer,"Toronto, Canada",2026-05-31
1393,Docker,DevOps,Software Engineer,"Toronto, Canada",2026-05-31
1393,MongoDB,Databases,Software Engineer,"Toronto, Canada",2026-05-31
1393,Agile,Soft Skills & Methodology,Software Engineer,"Toronto, Canada",2026-05-31
1964,Python,Programming Language,Data Analyst,"Boston, MA",2026-05-31
1964,R,Programming Language,Data Analyst,"Boston, MA",2026-05-31
1964,SQL,Programming Language,Data Analyst,"Boston, MA",2026-05-31
1964,Excel,BI & Visualization,Data Analyst,"Boston, MA",2026-05-31
1964,Tableau,BI & Visualization,Data Analyst,"Boston, MA",2026-05-31
1964,Statistics,Analytics,Data Analyst,"Boston, MA",2026-05-31
1964,A/B Testing,Analytics,Data Analyst,"Boston, MA",2026-05-31
171,Python,Programming Language,ML Engineer,"Bengaluru, India",2026-06-01
171,AWS,Cloud,ML Engineer,"Bengaluru, India",2026-06-01
171,Git,DevOps,ML Engineer,"Bengaluru, India",2026-06-01
171,Machine Learning,Machine Learning & AI,ML Engineer,"Bengaluru, India",2026-06-01
171,Deep Learning,Machine Learning & AI,ML Engineer,"Bengaluru, India",2026-06-01
171,Scikit-learn,Machine Learning & AI,ML Engineer,"Bengaluru, India",2026-06-01
171,Computer Vision,Machine Learning & AI,ML Engineer,"Bengaluru, India",2026-06-01
177,Python,Programming Language,Software Engineer,"Dublin, Ireland",2026-06-01
177,SQL,Programming Language,Software Engineer,"Dublin, Ireland",2026-06-01
177,Java,Programming Language,Software Engineer,"Dublin, Ireland",2026-06-01
177,JavaScript,Programming Language,Software Engineer,"Dublin, Ireland",2026-06-01
177,MongoDB,Databases,Software Engineer,"Dublin, Ireland",2026-06-01
203,SQL,Programming Language,Data Engineer,Remote,2026-06-01
203,Kafka,Big Data,Data Engineer,Remote,2026-06-01
203,Airflow,Data Engineering,Data Engineer,Remote,2026-06-01
203,ETL,Data Engineering,Data Engineer,Remote,2026-06-01
410,Python,Programming Language,ML Engineer,Remote,2026-06-01
410,AWS,Cloud,ML Engineer,Remote,2026-06-01
410,Docker,DevOps,ML Engineer,Remote,2026-06-01
410,Machine Learning,Machine Learning & AI,ML Engineer,Remote,2026-06-01
410,Deep Learning,Machine Learning & AI,ML Engineer,Remote,2026-06-01
410,PyTorch,Machine Learning & AI,ML Engineer,Remote,2026-06-01
1754,Python,Programming Language,ML Engineer,"Washington, DC",2026-06-01
1754,Airflow,Data Engineering,ML Engineer,"Washington, DC",2026-06-01
1754,Docker,DevOps,ML Engineer,"Washington, DC",2026-06-01
1754,PyTorch,Machine Learning & AI,ML Engineer,"Washington, DC",2026-06-01
1754,Computer Vision,Machine Learning & AI,ML Engineer,"Washington, DC",2026-06-01
1779,Python,Programming Language,Data Engineer,"Mumbai, India",2026-06-01
1779,SQL,Programming Language,Data Engineer,"Mumbai, India",2026-06-01
1779,GCP,Cloud,Data Engineer,"Mumbai, India",2026-06-01
1779,dbt,Data Engineering,Data Engineer,"Mumbai, India",2026-06-01
1779,ETL,Data Engineering,Data Engineer,"Mumbai, India",2026-06-01
1839,Python,Programming Language,Data Scientist,"San Francisco, CA",2026-06-01
1839,TensorFlow,Machine Learning & AI,Data Scientist,"San Francisco, CA",2026-06-01
1839,PyTorch,Machine Learning & AI,Data Scientist,"San Francisco, CA",2026-06-01
1839,Scikit-learn,Machine Learning & AI,Data Scientist,"San Francisco, CA",2026-06-01
1839,NLP,Machine Learning & AI,Data Scientist,"San Francisco, CA",2026-06-01
19,Airflow,Data Engineering,ML Engineer,"Hyderabad, India",2026-06-02
19,Docker,DevOps,ML Engineer,"Hyderabad, India",2026-06-02
19,Machine Learning,Machine Learning & AI,ML Engineer,"Hyderabad, India",2026-06-02
19,Deep Learning,Machine Learning & AI,ML Engineer,"Hyderabad, India",2026-06-02
19,TensorFlow,Machine Learning & AI,ML Engineer,"Hyderabad, India",2026-06-02
19,PyTorch,Machine Learning & AI,ML Engineer,"Hyderabad, India",2026-06-02
19,Computer Vision,Machine Learning & AI,ML Engineer,"Hyderabad, India",2026-06-02
322,Java,Programming Language,Software Engineer,"Los Angeles, CA",2026-06-02
322,JavaScript,Programming Language,Software Engineer,"Los Angeles, CA",2026-06-02
322,Docker,DevOps,Software Engineer,"Los Angeles, CA",2026-06-02
322,PostgreSQL,Databases,Software Engineer,"Los Angeles, CA",2026-06-02
322,Linux,DevOps,Software Engineer,"Los Angeles, CA",2026-06-02
522,Python,Programming Language,Data Analyst,"Washington, DC",2026-06-02
522,Tableau,BI & Visualization,Data Analyst,"Washington, DC",2026-06-02
522,Looker,BI & Visualization,Data Analyst,"Washington, DC",2026-06-02
522,Statistics,Analytics,Data Analyst,"Washington, DC",2026-06-02
522,ETL,Data Engineering,Data Analyst,"Washington, DC",2026-06-02
933,SQL,Programming Language,Data Engineer,"Berlin, Germany",2026-06-02
933,Snowflake,Cloud & Data Warehousing,Data Engineer,"Berlin, Germany",2026-06-02
933,Spark,Big Data,Data Engineer,"Berlin, Germany",2026-06-02
933,Kafka,Big Data,Data Engineer,"Berlin, Germany",2026-06-02
933,Airflow,Data Engineering,Data Engineer,"Berlin, Germany",2026-06-02
933,ETL,Data Engineering,Data Engineer,"Berlin, Germany",2026-06-02
966,Python,Programming Language,Data Scientist,"Mumbai, India",2026-06-02
966,R,Programming Language,Data Scientist,"Mumbai, India",2026-06-02
966,Machine Learning,Machine Learning & AI,Data Scientist,"Mumbai, India",2026-06-02
966,TensorFlow,Machine Learning & AI,Data Scientist,"Mumbai, India",2026-06-02
966,Computer Vision,Machine Learning & AI,Data Scientist,"Mumbai, India",2026-06-02
966,A/B Testing,Analytics,Data Scientist,"Mumbai, India",2026-06-02
1236,Python,Programming Language,Data Analyst,"Hyderabad, India",2026-06-02
1236,SQL,Programming Language,Data Analyst,"Hyderabad, India",2026-06-02
1236,Power BI,BI & Visualization,Data Analyst,"Hyderabad, India",2026-06-02
1236,Tableau,BI & Visualization,Data Analyst,"Hyderabad, India",2026-06-02
1236,Looker,BI & Visualization,Data Analyst,"Hyderabad, India",2026-06-02
1305,Python,Programming Language,Software Engineer,"Los Angeles, CA",2026-06-02
1305,AWS,Cloud,Software Engineer,"Los Angeles, CA",2026-06-02
1305,Docker,DevOps,Software Engineer,"Los Angeles, CA",2026-06-02
1305,Kubernetes,DevOps,Software Engineer,"Los Angeles, CA",2026-06-02
1305,Git,DevOps,Software Engineer,"Los Angeles, CA",2026-06-02
1305,REST API,Software Engineering,Software Engineer,"Los Angeles, CA",2026-06-02
1327,SQL,Programming Language,Data Engineer,"Bengaluru, India",2026-06-02
1327,AWS,Cloud,Data Engineer,"Bengaluru, India",2026-06-02
1327,Snowflake,Cloud & Data Warehousing,Data Engineer,"Bengaluru, India",2026-06-02
1327,BigQuery,Cloud & Data Warehousing,Data Engineer,"Bengaluru, India",2026-06-02
1327,Hadoop,Big Data,Data Engineer,"Bengaluru, India",2026-06-02
1327,ETL,Data Engineering,Data Engineer,"Bengaluru, India",2026-06-02
1327,Data Warehousing,Data Engineering,Data Engineer,"Bengaluru, India",2026-06-02
1337,Excel,BI & Visualization,Data Analyst,"Seattle, WA",2026-06-02
1337,Power BI,BI & Visualization,Data Analyst,"Seattle, WA",2026-06-02
1337,Tableau,BI & Visualization,Data Analyst,"Seattle, WA",2026-06-02
1337,Statistics,Analytics,Data Analyst,"Seattle, WA",2026-06-02
1337,ETL,Data Engineering,Data Analyst,"Seattle, WA",2026-06-02
1412,R,Programming Language,Data Scientist,"San Francisco, CA",2026-06-02
1412,Spark,Big Data,Data Scientist,"San Francisco, CA",2026-06-02
1412,TensorFlow,Machine Learning & AI,Data Scientist,"San Francisco, CA",2026-06-02
1412,Scikit-learn,Machine Learning & AI,Data Scientist,"San Francisco, CA",2026-06-02
1412,Computer Vision,Machine Learning & AI,Data Scientist,"San Francisco, CA",2026-06-02
1412,Statistics,Analytics,Data Scientist,"San Francisco, CA",2026-06-02
1412,A/B Testing,Analytics,Data Scientist,"San Francisco, CA",2026-06-02
1873,R,Programming Language,Data Analyst,"Hyderabad, India",2026-06-02
1873,Excel,BI & Visualization,Data Analyst,"Hyderabad, India",2026-06-02
1873,Power BI,BI & Visualization,Data Analyst,"Hyderabad, India",2026-06-02
1873,Tableau,BI & Visualization,Data Analyst,"Hyderabad, India",2026-06-02
1948,Python,Programming Language,Data Scientist,"Atlanta, GA",2026-06-02
1948,R,Programming Language,Data Scientist,"Atlanta, GA",2026-06-02
1948,SQL,Programming Language,Data Scientist,"Atlanta, GA",2026-06-02
1948,Tableau,BI & Visualization,Data Scientist,"Atlanta, GA",2026-06-02
1948,Spark,Big Data,Data Scientist,"Atlanta, GA",2026-06-02
1948,NLP,Machine Learning & AI,Data Scientist,"Atlanta, GA",2026-06-02
509,Python,Programming Language,ML Engineer,Singapore,2026-06-03
509,Airflow,Data Engineering,ML Engineer,Singapore,2026-06-03
509,Deep Learning,Machine Learning & AI,ML Engineer,Singapore,2026-06-03
509,TensorFlow,Machine Learning & AI,ML Engineer,Singapore,2026-06-03
509,PyTorch,Machine Learning & AI,ML Engineer,Singapore,2026-06-03
909,Python,Programming Language,ML Engineer,"San Francisco, CA",2026-06-03
909,AWS,Cloud,ML Engineer,"San Francisco, CA",2026-06-03
909,Docker,DevOps,ML Engineer,"San Francisco, CA",2026-06-03
909,Kubernetes,DevOps,ML Engineer,"San Francisco, CA",2026-06-03
909,Machine Learning,Machine Learning & AI,ML Engineer,"San Francisco, CA",2026-06-03
1028,Spark,Big Data,ML Engineer,"London, UK",2026-06-03
1028,Docker,DevOps,ML Engineer,"London, UK",2026-06-03
1028,Machine Learning,Machine Learning & AI,ML Engineer,"London, UK",2026-06-03
1028,Deep Learning,Machine Learning & AI,ML Engineer,"London, UK",2026-06-03
1028,Scikit-learn,Machine Learning & AI,ML Engineer,"London, UK",2026-06-03
1028,NLP,Machine Learning & AI,ML Engineer,"London, UK",2026-06-03
1028,Computer Vision,Machine Learning & AI,ML Engineer,"London, UK",2026-06-03
1409,Python,Programming Language,Data Engineer,"Chicago, IL",2026-06-03
1409,Snowflake,Cloud & Data Warehousing,Data Engineer,"Chicago, IL",2026-06-03
1409,Redshift,Cloud & Data Warehousing,Data Engineer,"Chicago, IL",2026-06-03
1409,Airflow,Data Engineering,Data Engineer,"Chicago, IL",2026-06-03
1409,ETL,Data Engineering,Data Engineer,"Chicago, IL",2026-06-03
1409,Data Warehousing,Data Engineering,Data Engineer,"Chicago, IL",2026-06-03
1409,NoSQL,Databases,Data Engineer,"Chicago, IL",2026-06-03
1546,Python,Programming Language,Data Engineer,"Austin, TX",2026-06-03
1546,SQL,Programming Language,Data Engineer,"Austin, TX",2026-06-03
1546,Redshift,Cloud & Data Warehousing,Data Engineer,"Austin, TX",2026-06-03
1546,BigQuery,Cloud & Data Warehousing,Data Engineer,"Austin, TX",2026-06-03
1546,Hadoop,Big Data,Data Engineer,"Austin, TX",2026-06-03
1546,ETL,Data Engineering,Data Engineer,"Austin, TX",2026-06-03
1662,Python,Programming Language,Data Engineer,"Boston, MA",2026-06-03
1662,GCP,Cloud,Data Engineer,"Boston, MA",2026-06-03
1662,Snowflake,Cloud & Data Warehousing,Data Engineer,"Boston, MA",2026-06-03
1662,NoSQL,Databases,Data Engineer,"Boston, MA",2026-06-03
109,SQL,Programming Language,Data Engineer,"Seattle, WA",2026-06-04
109,AWS,Cloud,Data Engineer,"Seattle, WA",2026-06-04
109,Snowflake,Cloud & Data Warehousing,Data Engineer,"Seattle, WA",2026-06-04
109,Redshift,Cloud & Data Warehousing,Data Engineer,"Seattle, WA",2026-06-04
109,dbt,Data Engineering,Data Engineer,"Seattle, WA",2026-06-04
109,ETL,Data Engineering,Data Engineer,"Seattle, WA",2026-06-04
215,Python,Programming Language,Data Analyst,"Seattle, WA",2026-06-04
215,R,Programming Language,Data Analyst,"Seattle, WA",2026-06-04
215,SQL,Programming Language,Data Analyst,"Seattle, WA",2026-06-04
215,Excel,BI & Visualization,Data Analyst,"Seattle, WA",2026-06-04
215,Tableau,BI & Visualization,Data Analyst,"Seattle, WA",2026-06-04
215,Git,DevOps,Data Analyst,"Seattle, WA",2026-06-04
215,A/B Testing,Analytics,Data Analyst,"Seattle, WA",2026-06-04
481,SQL,Programming Language,Software Engineer,"San Francisco, CA",2026-06-04
481,Java,Programming Language,Software Engineer,"San Francisco, CA",2026-06-04
481,JavaScript,Programming Language,Software Engineer,"San Francisco, CA",2026-06-04
481,AWS,Cloud,Software Engineer,"San Francisco, CA",2026-06-04
481,Docker,DevOps,Software Engineer,"San Francisco, CA",2026-06-04
608,SQL,Programming Language,Data Analyst,"Chicago, IL",2026-06-04
608,Power BI,BI & Visualization,Data Analyst,"Chicago, IL",2026-06-04
608,Tableau,BI & Visualization,Data Analyst,"Chicago, IL",2026-06-04
608,ETL,Data Engineering,Data Analyst,"Chicago, IL",2026-06-04
608,MongoDB,Databases,Data Analyst,"Chicago, IL",2026-06-04
617,Docker,DevOps,Software Engineer,"Los Angeles, CA",2026-06-04
617,MongoDB,Databases,Software Engineer,"Los Angeles, CA",2026-06-04
617,Linux,DevOps,Software Engineer,"Los Angeles, CA",2026-06-04
617,Agile,Soft Skills & Methodology,Software Engineer,"Los Angeles, CA",2026-06-04
991,Python,Programming Language,Software Engineer,"Seattle, WA",2026-06-04
991,Java,Programming Language,Software Engineer,"Seattle, WA",2026-06-04
991,Docker,DevOps,Software Engineer,"Seattle, WA",2026-06-04
991,Linux,DevOps,Software Engineer,"Seattle, WA",2026-06-04
991,Agile,Soft Skills & Methodology,Software Engineer,"Seattle, WA",2026-06-04
1382,Python,Programming Language,Data Analyst,Singapore,2026-06-04
1382,Excel,BI & Visualization,Data Analyst,Singapore,2026-06-04
1382,Power BI,BI & Visualization,Data Analyst,Singapore,2026-06-04
1382,Tableau,BI & Visualization,Data Analyst,Singapore,2026-06-04
1382,Statistics,Analytics,Data Analyst,Singapore,2026-06-04
1408,SQL,Programming Language,Software Engineer,"Berlin, Germany",2026-06-04
1408,Git,DevOps,Software Engineer,"Berlin, Germany",2026-06-04
1408,REST API,Software Engineering,Software Engineer,"Berlin, Germany",2026-06-04
1408,Agile,Soft Skills & Methodology,Software Engineer,"Berlin, Germany",2026-06-04
1517,Python,Programming Language,Data Engineer,"Washington, DC",2026-06-04
1517,SQL,Programming Language,Data Engineer,"Washington, DC",2026-06-04
1517,GCP,Cloud,Data Engineer,"Washington, DC",2026-06-04
1517,Spark,Big Data,Data Engineer,"Washington, DC",2026-06-04
1517,ETL,Data Engineering,Data Engineer,"Washington, DC",2026-06-04
1517,Data Warehousing,Data Engineering,Data Engineer,"Washington, DC",2026-06-04
477,SQL,Programming Language,Software Engineer,Remote,2026-06-05
477,JavaScript,Programming Language,Software Engineer,Remote,2026-06-05
477,MongoDB,Databases,Software Engineer,Remote,2026-06-05
477,REST API,Software Engineering,Software Engineer,Remote,2026-06-05
1508,Python,Programming Language,Data Scientist,"Austin, TX",2026-06-05
1508,Machine Learning,Machine Learning & AI,Data Scientist,"Austin, TX",2026-06-05
1508,PyTorch,Machine Learning & AI,Data Scientist,"Austin, TX",2026-06-05
1508,Statistics,Analytics,Data Scientist,"Austin, TX",2026-06-05
321,SQL,Programming Language,Data Engineer,Singapore,2026-06-06
321,AWS,Cloud,Data Engineer,Singapore,2026-06-06
321,Snowflake,Cloud & Data Warehousing,Data Engineer,Singapore,2026-06-06
321,ETL,Data Engineering,Data Engineer,Singapore,2026-06-06
686,SQL,Programming Language,Data Analyst,"Toronto, Canada",2026-06-06
686,Power BI,BI & Visualization,Data Analyst,"Toronto, Canada",2026-06-06
686,Tableau,BI & Visualization,Data Analyst,"Toronto, Canada",2026-06-06
686,Data Warehousing,Data Engineering,Data Analyst,"Toronto, Canada",2026-06-06
748,SQL,Programming Language,Software Engineer,Remote,2026-06-06
748,Java,Programming Language,Software Engineer,Remote,2026-06-06
748,JavaScript,Programming Language,Software Engineer,Remote,2026-06-06
748,Docker,DevOps,Software Engineer,Remote,2026-06-06
748,REST API,Software Engineering,Software Engineer,Remote,2026-06-06
1424,Python,Programming Language,Data Analyst,Remote,2026-06-06
1424,Power BI,BI & Visualization,Data Analyst,Remote,2026-06-06
1424,Tableau,BI & Visualization,Data Analyst,Remote,2026-06-06
1424,A/B Testing,Analytics,Data Analyst,Remote,2026-06-06
1424,ETL,Data Engineering,Data Analyst,Remote,2026-06-06
1739,Python,Programming Language,Data Analyst,"San Francisco, CA",2026-06-06
1739,SQL,Programming Language,Data Analyst,"San Francisco, CA",2026-06-06
1739,Power BI,BI & Visualization,Data Analyst,"San Francisco, CA",2026-06-06
1739,Tableau,BI & Visualization,Data Analyst,"San Francisco, CA",2026-06-06
1739,Looker,BI & Visualization,Data Analyst,"San Francisco, CA",2026-06-06
1739,GCP,Cloud,Data Analyst,"San Francisco, CA",2026-06-06
1739,A/B Testing,Analytics,Data Analyst,"San Francisco, CA",2026-06-06
129,Python,Programming Language,Data Analyst,"New York, NY",2026-06-07
129,R,Programming Language,Data Analyst,"New York, NY",2026-06-07
129,SQL,Programming Language,Data Analyst,"New York, NY",2026-06-07
129,Excel,BI & Visualization,Data Analyst,"New York, NY",2026-06-07
129,Power BI,BI & Visualization,Data Analyst,"New York, NY",2026-06-07
129,Tableau,BI & Visualization,Data Analyst,"New York, NY",2026-06-07
129,Data Warehousing,Data Engineering,Data Analyst,"New York, NY",2026-06-07
941,SQL,Programming Language,Data Analyst,"Denver, CO",2026-06-07
941,Tableau,BI & Visualization,Data Analyst,"Denver, CO",2026-06-07
941,Git,DevOps,Data Analyst,"Denver, CO",2026-06-07
941,Statistics,Analytics,Data Analyst,"Denver, CO",2026-06-07
960,Python,Programming Language,Software Engineer,"San Francisco, CA",2026-06-07
960,SQL,Programming Language,Software Engineer,"San Francisco, CA",2026-06-07
960,JavaScript,Programming Language,Software Engineer,"San Francisco, CA",2026-06-07
960,AWS,Cloud,Software Engineer,"San Francisco, CA",2026-06-07
960,Kubernetes,DevOps,Software Engineer,"San Francisco, CA",2026-06-07
960,Git,DevOps,Software Engineer,"San Francisco, CA",2026-06-07
960,REST API,Software Engineering,Software Engineer,"San Francisco, CA",2026-06-07
1111,Python,Programming Language,Data Analyst,"Austin, TX",2026-06-07
1111,Excel,BI & Visualization,Data Analyst,"Austin, TX",2026-06-07
1111,Looker,BI & Visualization,Data Analyst,"Austin, TX",2026-06-07
1111,Git,DevOps,Data Analyst,"Austin, TX",2026-06-07
1111,A/B Testing,Analytics,Data Analyst,"Austin, TX",2026-06-07
1264,SQL,Programming Language,Data Engineer,"Austin, TX",2026-06-07
1264,AWS,Cloud,Data Engineer,"Austin, TX",2026-06-07
1264,Snowflake,Cloud & Data Warehousing,Data Engineer,"Austin, TX",2026-06-07
1264,Airflow,Data Engineering,Data Engineer,"Austin, TX",2026-06-07
1521,Java,Programming Language,Software Engineer,"Delhi, India",2026-06-07
1521,JavaScript,Programming Language,Software Engineer,"Delhi, India",2026-06-07
1521,Git,DevOps,Software Engineer,"Delhi, India",2026-06-07
1521,MongoDB,Databases,Software Engineer,"Delhi, India",2026-06-07
1521,REST API,Software Engineering,Software Engineer,"Delhi, India",2026-06-07
1621,Azure,Cloud,Data Engineer,"Austin, TX",2026-06-07
1621,Snowflake,Cloud & Data Warehousing,Data Engineer,"Austin, TX",2026-06-07
1621,ETL,Data Engineering,Data Engineer,"Austin, TX",2026-06-07
1621,Data Warehousing,Data Engineering,Data Engineer,"Austin, TX",2026-06-07
1849,Python,Programming Language,Data Scientist,"San Francisco, CA",2026-06-07
1849,SQL,Programming Language,Data Scientist,"San Francisco, CA",2026-06-07
1849,AWS,Cloud,Data Scientist,"San Francisco, CA",2026-06-07
1849,Machine Learning,Machine Learning & AI,Data Scientist,"San Francisco, CA",2026-06-07
1849,Deep Learning,Machine Learning & AI,Data Scientist,"San Francisco, CA",2026-06-07
175,Python,Programming Language,Data Scientist,"Atlanta, GA",2026-06-08
175,Machine Learning,Machine Learning & AI,Data Scientist,"Atlanta, GA",2026-06-08
175,TensorFlow,Machine Learning & AI,Data Scientist,"Atlanta, GA",2026-06-08
175,A/B Testing,Analytics,Data Scientist,"Atlanta, GA",2026-06-08
373,Spark,Big Data,ML Engineer,"Denver, CO",2026-06-08
373,Machine Learning,Machine Learning & AI,ML Engineer,"Denver, CO",2026-06-08
373,Deep Learning,Machine Learning & AI,ML Engineer,"Denver, CO",2026-06-08
373,TensorFlow,Machine Learning & AI,ML Engineer,"Denver, CO",2026-06-08
373,PyTorch,Machine Learning & AI,ML Engineer,"Denver, CO",2026-06-08
373,Scikit-learn,Machine Learning & AI,ML Engineer,"Denver, CO",2026-06-08
373,NLP,Machine Learning & AI,ML Engineer,"Denver, CO",2026-06-08
736,Python,Programming Language,Software Engineer,"Washington, DC",2026-06-08
736,Java,Programming Language,Software Engineer,"Washington, DC",2026-06-08
736,AWS,Cloud,Software Engineer,"Washington, DC",2026-06-08
736,MongoDB,Databases,Software Engineer,"Washington, DC",2026-06-08
762,Python,Programming Language,Software Engineer,"Bengaluru, India",2026-06-08
762,SQL,Programming Language,Software Engineer,"Bengaluru, India",2026-06-08
762,Java,Programming Language,Software Engineer,"Bengaluru, India",2026-06-08
762,C++,Programming Language,Software Engineer,"Bengaluru, India",2026-06-08
762,Docker,DevOps,Software Engineer,"Bengaluru, India",2026-06-08
762,Git,DevOps,Software Engineer,"Bengaluru, India",2026-06-08
762,Linux,DevOps,Software Engineer,"Bengaluru, India",2026-06-08
946,Python,Programming Language,Data Analyst,Singapore,2026-06-08
946,SQL,Programming Language,Data Analyst,Singapore,2026-06-08
946,Excel,BI & Visualization,Data Analyst,Singapore,2026-06-08
946,Tableau,BI & Visualization,Data Analyst,Singapore,2026-06-08
946,Looker,BI & Visualization,Data Analyst,Singapore,2026-06-08
1113,Python,Programming Language,Data Analyst,"San Francisco, CA",2026-06-08
1113,SQL,Programming Language,Data Analyst,"San Francisco, CA",2026-06-08
1113,Excel,BI & Visualization,Data Analyst,"San Francisco, CA",2026-06-08
1113,Power BI,BI & Visualization,Data Analyst,"San Francisco, CA",2026-06-08
1113,Tableau,BI & Visualization,Data Analyst,"San Francisco, CA",2026-06-08
1113,Looker,BI & Visualization,Data Analyst,"San Francisco, CA",2026-06-08
1113,Statistics,Analytics,Data Analyst,"San Francisco, CA",2026-06-08
1230,Python,Programming Language,Data Analyst,"Pune, India",2026-06-08
1230,SQL,Programming Language,Data Analyst,"Pune, India",2026-06-08
1230,Excel,BI & Visualization,Data Analyst,"Pune, India",2026-06-08
1230,Power BI,BI & Visualization,Data Analyst,"Pune, India",2026-06-08
1230,Tableau,BI & Visualization,Data Analyst,"Pune, India",2026-06-08
1669,Python,Programming Language,Software Engineer,"Pune, India",2026-06-08
1669,Java,Programming Language,Software Engineer,"Pune, India",2026-06-08
1669,JavaScript,Programming Language,Software Engineer,"Pune, India",2026-06-08
1669,Docker,DevOps,Software Engineer,"Pune, India",2026-06-08
1669,Kubernetes,DevOps,Software Engineer,"Pune, India",2026-06-08
1669,REST API,Software Engineering,Software Engineer,"Pune, India",2026-06-08
13,AWS,Cloud,Data Engineer,"San Francisco, CA",2026-06-09
13,Azure,Cloud,Data Engineer,"San Francisco, CA",2026-06-09
13,Spark,Big Data,Data Engineer,"San Francisco, CA",2026-06-09
13,Airflow,Data Engineering,Data Engineer,"San Francisco, CA",2026-06-09
13,ETL,Data Engineering,Data Engineer,"San Francisco, CA",2026-06-09
214,SQL,Programming Language,Data Analyst,"Mumbai, India",2026-06-09
214,Excel,BI & Visualization,Data Analyst,"Mumbai, India",2026-06-09
214,Power BI,BI & Visualization,Data Analyst,"Mumbai, India",2026-06-09
214,Tableau,BI & Visualization,Data Analyst,"Mumbai, India",2026-06-09
214,Looker,BI & Visualization,Data Analyst,"Mumbai, India",2026-06-09
214,Git,DevOps,Data Analyst,"Mumbai, India",2026-06-09
214,Statistics,Analytics,Data Analyst,"Mumbai, India",2026-06-09
607,Python,Programming Language,Data Engineer,"New York, NY",2026-06-09
607,SQL,Programming Language,Data Engineer,"New York, NY",2026-06-09
607,AWS,Cloud,Data Engineer,"New York, NY",2026-06-09
607,Snowflake,Cloud & Data Warehousing,Data Engineer,"New York, NY",2026-06-09
607,BigQuery,Cloud & Data Warehousing,Data Engineer,"New York, NY",2026-06-09
607,Spark,Big Data,Data Engineer,"New York, NY",2026-06-09
607,Hadoop,Big Data,Data Engineer,"New York, NY",2026-06-09
1090,Python,Programming Language,ML Engineer,"Bengaluru, India",2026-06-09
1090,AWS,Cloud,ML Engineer,"Bengaluru, India",2026-06-09
1090,Kubernetes,DevOps,ML Engineer,"Bengaluru, India",2026-06-09
1090,Git,DevOps,ML Engineer,"Bengaluru, India",2026-06-09
1090,Machine Learning,Machine Learning & AI,ML Engineer,"Bengaluru, India",2026-06-09
1090,Deep Learning,Machine Learning & AI,ML Engineer,"Bengaluru, India",2026-06-09
1090,TensorFlow,Machine Learning & AI,ML Engineer,"Bengaluru, India",2026-06-09
1259,Snowflake,Cloud & Data Warehousing,Data Engineer,"Delhi, India",2026-06-09
1259,BigQuery,Cloud & Data Warehousing,Data Engineer,"Delhi, India",2026-06-09
1259,dbt,Data Engineering,Data Engineer,"Delhi, India",2026-06-09
1259,Docker,DevOps,Data Engineer,"Delhi, India",2026-06-09
1524,AWS,Cloud,Data Engineer,"Berlin, Germany",2026-06-09
1524,Spark,Big Data,Data Engineer,"Berlin, Germany",2026-06-09
1524,Kafka,Big Data,Data Engineer,"Berlin, Germany",2026-06-09
1524,Data Warehousing,Data Engineering,Data Engineer,"Berlin, Germany",2026-06-09
1524,NoSQL,Databases,Data Engineer,"Berlin, Germany",2026-06-09
555,Python,Programming Language,ML Engineer,"Berlin, Germany",2026-06-10
555,AWS,Cloud,ML Engineer,"Berlin, Germany",2026-06-10
555,Docker,DevOps,ML Engineer,"Berlin, Germany",2026-06-10
555,Machine Learning,Machine Learning & AI,ML Engineer,"Berlin, Germany",2026-06-10
555,TensorFlow,Machine Learning & AI,ML Engineer,"Berlin, Germany",2026-06-10
555,PyTorch,Machine Learning & AI,ML Engineer,"Berlin, Germany",2026-06-10
555,NLP,Machine Learning & AI,ML Engineer,"Berlin, Germany",2026-06-10
872,Python,Programming Language,ML Engineer,"Hyderabad, India",2026-06-10
872,Azure,Cloud,ML Engineer,"Hyderabad, India",2026-06-10
872,Docker,DevOps,ML Engineer,"Hyderabad, India",2026-06-10
872,Machine Learning,Machine Learning & AI,ML Engineer,"Hyderabad, India",2026-06-10
872,TensorFlow,Machine Learning & AI,ML Engineer,"Hyderabad, India",2026-06-10
872,PyTorch,Machine Learning & AI,ML Engineer,"Hyderabad, India",2026-06-10
903,Python,Programming Language,Data Analyst,"London, UK",2026-06-10
903,Excel,BI & Visualization,Data Analyst,"London, UK",2026-06-10
903,Power BI,BI & Visualization,Data Analyst,"London, UK",2026-06-10
903,Tableau,BI & Visualization,Data Analyst,"London, UK",2026-06-10
903,Looker,BI & Visualization,Data Analyst,"London, UK",2026-06-10
903,Statistics,Analytics,Data Analyst,"London, UK",2026-06-10
931,Python,Programming Language,Data Engineer,"London, UK",2026-06-10
931,AWS,Cloud,Data Engineer,"London, UK",2026-06-10
931,Azure,Cloud,Data Engineer,"London, UK",2026-06-10
931,Hadoop,Big Data,Data Engineer,"London, UK",2026-06-10
931,ETL,Data Engineering,Data Engineer,"London, UK",2026-06-10
1484,Python,Programming Language,Data Engineer,"Austin, TX",2026-06-10
1484,AWS,Cloud,Data Engineer,"Austin, TX",2026-06-10
1484,Azure,Cloud,Data Engineer,"Austin, TX",2026-06-10
1484,Snowflake,Cloud & Data Warehousing,Data Engineer,"Austin, TX",2026-06-10
1484,BigQuery,Cloud & Data Warehousing,Data Engineer,"Austin, TX",2026-06-10
1484,Hadoop,Big Data,Data Engineer,"Austin, TX",2026-06-10
1484,dbt,Data Engineering,Data Engineer,"Austin, TX",2026-06-10
1520,AWS,Cloud,ML Engineer,"New York, NY",2026-06-10
1520,Spark,Big Data,ML Engineer,"New York, NY",2026-06-10
1520,Docker,DevOps,ML Engineer,"New York, NY",2026-06-10
1520,Git,DevOps,ML Engineer,"New York, NY",2026-06-10
1520,Machine Learning,Machine Learning & AI,ML Engineer,"New York, NY",2026-06-10
1520,Deep Learning,Machine Learning & AI,ML Engineer,"New York, NY",2026-06-10
1520,TensorFlow,Machine Learning & AI,ML Engineer,"New York, NY",2026-06-10
301,Python,Programming Language,Data Analyst,"Austin, TX",2026-06-11
301,SQL,Programming Language,Data Analyst,"Austin, TX",2026-06-11
301,Power BI,BI & Visualization,Data Analyst,"Austin, TX",2026-06-11
301,Tableau,BI & Visualization,Data Analyst,"Austin, TX",2026-06-11
301,Looker,BI & Visualization,Data Analyst,"Austin, TX",2026-06-11
301,Statistics,Analytics,Data Analyst,"Austin, TX",2026-06-11
301,Data Warehousing,Data Engineering,Data Analyst,"Austin, TX",2026-06-11
351,Azure,Cloud,ML Engineer,Remote,2026-06-11
351,Airflow,Data Engineering,ML Engineer,Remote,2026-06-11
351,Git,DevOps,ML Engineer,Remote,2026-06-11
351,Machine Learning,Machine Learning & AI,ML Engineer,Remote,2026-06-11
351,Deep Learning,Machine Learning & AI,ML Engineer,Remote,2026-06-11
351,TensorFlow,Machine Learning & AI,ML Engineer,Remote,2026-06-11
385,Python,Programming Language,ML Engineer,"Toronto, Canada",2026-06-11
385,AWS,Cloud,ML Engineer,"Toronto, Canada",2026-06-11
385,Azure,Cloud,ML Engineer,"Toronto, Canada",2026-06-11
385,Git,DevOps,ML Engineer,"Toronto, Canada",2026-06-11
385,Machine Learning,Machine Learning & AI,ML Engineer,"Toronto, Canada",2026-06-11
385,TensorFlow,Machine Learning & AI,ML Engineer,"Toronto, Canada",2026-06-11
385,PyTorch,Machine Learning & AI,ML Engineer,"Toronto, Canada",2026-06-11
1534,Python,Programming Language,Data Scientist,Remote,2026-06-11
1534,Machine Learning,Machine Learning & AI,Data Scientist,Remote,2026-06-11
1534,TensorFlow,Machine Learning & AI,Data Scientist,Remote,2026-06-11
1534,PyTorch,Machine Learning & AI,Data Scientist,Remote,2026-06-11
1534,Scikit-learn,Machine Learning & AI,Data Scientist,Remote,2026-06-11
1671,Python,Programming Language,ML Engineer,Remote,2026-06-11
1671,Docker,DevOps,ML Engineer,Remote,2026-06-11
1671,Git,DevOps,ML Engineer,Remote,2026-06-11
1671,Machine Learning,Machine Learning & AI,ML Engineer,Remote,2026-06-11
1671,Deep Learning,Machine Learning & AI,ML Engineer,Remote,2026-06-11
285,SQL,Programming Language,Data Engineer,"Bengaluru, India",2026-06-12
285,AWS,Cloud,Data Engineer,"Bengaluru, India",2026-06-12
285,Snowflake,Cloud & Data Warehousing,Data Engineer,"Bengaluru, India",2026-06-12
285,Redshift,Cloud & Data Warehousing,Data Engineer,"Bengaluru, India",2026-06-12
285,Spark,Big Data,Data Engineer,"Bengaluru, India",2026-06-12
285,Kafka,Big Data,Data Engineer,"Bengaluru, India",2026-06-12
285,Airflow,Data Engineering,Data Engineer,"Bengaluru, India",2026-06-12
372,Docker,DevOps,ML Engineer,"San Francisco, CA",2026-06-12
372,Git,DevOps,ML Engineer,"San Francisco, CA",2026-06-12
372,Deep Learning,Machine Learning & AI,ML Engineer,"San Francisco, CA",2026-06-12
372,PyTorch,Machine Learning & AI,ML Engineer,"San Francisco, CA",2026-06-12
372,NLP,Machine Learning & AI,ML Engineer,"San Francisco, CA",2026-06-12
372,Computer Vision,Machine Learning & AI,ML Engineer,"San Francisco, CA",2026-06-12
399,Python,Programming Language,ML Engineer,"London, UK",2026-06-12
399,AWS,Cloud,ML Engineer,"London, UK",2026-06-12
399,TensorFlow,Machine Learning & AI,ML Engineer,"London, UK",2026-06-12
399,PyTorch,Machine Learning & AI,ML Engineer,"London, UK",2026-06-12
399,Scikit-learn,Machine Learning & AI,ML Engineer,"London, UK",2026-06-12
611,SQL,Programming Language,Data Analyst,"Hyderabad, India",2026-06-12
611,Excel,BI & Visualization,Data Analyst,"Hyderabad, India",2026-06-12
611,Statistics,Analytics,Data Analyst,"Hyderabad, India",2026-06-12
611,Data Warehousing,Data Engineering,Data Analyst,"Hyderabad, India",2026-06-12
777,Python,Programming Language,Data Engineer,"Chicago, IL",2026-06-12
777,SQL,Programming Language,Data Engineer,"Chicago, IL",2026-06-12
777,Spark,Big Data,Data Engineer,"Chicago, IL",2026-06-12
777,ETL,Data Engineering,Data Engineer,"Chicago, IL",2026-06-12
1010,AWS,Cloud,ML Engineer,Singapore,2026-06-12
1010,Docker,DevOps,ML Engineer,Singapore,2026-06-12
1010,Kubernetes,DevOps,ML Engineer,Singapore,2026-06-12
1010,Deep Learning,Machine Learning & AI,ML Engineer,Singapore,2026-06-12
1010,PyTorch,Machine Learning & AI,ML Engineer,Singapore,2026-06-12
1010,NLP,Machine Learning & AI,ML Engineer,Singapore,2026-06-12
1250,Python,Programming Language,Data Scientist,"Austin, TX",2026-06-12
1250,SQL,Programming Language,Data Scientist,"Austin, TX",2026-06-12
1250,Spark,Big Data,Data Scientist,"Austin, TX",2026-06-12
1250,TensorFlow,Machine Learning & AI,Data Scientist,"Austin, TX",2026-06-12
1250,NLP,Machine Learning & AI,Data Scientist,"Austin, TX",2026-06-12
1906,Python,Programming Language,Data Engineer,"London, UK",2026-06-12
1906,SQL,Programming Language,Data Engineer,"London, UK",2026-06-12
1906,AWS,Cloud,Data Engineer,"London, UK",2026-06-12
1906,Snowflake,Cloud & Data Warehousing,Data Engineer,"London, UK",2026-06-12
1906,Spark,Big Data,Data Engineer,"London, UK",2026-06-12
1906,Airflow,Data Engineering,Data Engineer,"London, UK",2026-06-12
1906,ETL,Data Engineering,Data Engineer,"London, UK",2026-06-12
119,Python,Programming Language,Data Engineer,"Chicago, IL",2026-06-13
119,Azure,Cloud,Data Engineer,"Chicago, IL",2026-06-13
119,Snowflake,Cloud & Data Warehousing,Data Engineer,"Chicago, IL",2026-06-13
119,Redshift,Cloud & Data Warehousing,Data Engineer,"Chicago, IL",2026-06-13
119,Spark,Big Data,Data Engineer,"Chicago, IL",2026-06-13
119,Data Warehousing,Data Engineering,Data Engineer,"Chicago, IL",2026-06-13
396,Excel,BI & Visualization,Data Analyst,"Washington, DC",2026-06-13
396,Power BI,BI & Visualization,Data Analyst,"Washington, DC",2026-06-13
396,Looker,BI & Visualization,Data Analyst,"Washington, DC",2026-06-13
396,Statistics,Analytics,Data Analyst,"Washington, DC",2026-06-13
396,ETL,Data Engineering,Data Analyst,"Washington, DC",2026-06-13
616,JavaScript,Programming Language,Software Engineer,"Atlanta, GA",2026-06-13
616,Docker,DevOps,Software Engineer,"Atlanta, GA",2026-06-13
616,Git,DevOps,Software Engineer,"Atlanta, GA",2026-06-13
616,PostgreSQL,Databases,Software Engineer,"Atlanta, GA",2026-06-13
769,AWS,Cloud,Data Engineer,"Austin, TX",2026-06-13
769,Hadoop,Big Data,Data Engineer,"Austin, TX",2026-06-13
769,Kafka,Big Data,Data Engineer,"Austin, TX",2026-06-13
769,ETL,Data Engineering,Data Engineer,"Austin, TX",2026-06-13
769,NoSQL,Databases,Data Engineer,"Austin, TX",2026-06-13
910,Python,Programming Language,ML Engineer,"Bengaluru, India",2026-06-13
910,AWS,Cloud,ML Engineer,"Bengaluru, India",2026-06-13
910,Spark,Big Data,ML Engineer,"Bengaluru, India",2026-06-13
910,Docker,DevOps,ML Engineer,"Bengaluru, India",2026-06-13
910,TensorFlow,Machine Learning & AI,ML Engineer,"Bengaluru, India",2026-06-13
910,PyTorch,Machine Learning & AI,ML Engineer,"Bengaluru, India",2026-06-13
910,Scikit-learn,Machine Learning & AI,ML Engineer,"Bengaluru, India",2026-06-13
1651,Python,Programming Language,Data Analyst,"Pune, India",2026-06-13
1651,SQL,Programming Language,Data Analyst,"Pune, India",2026-06-13
1651,Excel,BI & Visualization,Data Analyst,"Pune, India",2026-06-13
1651,Power BI,BI & Visualization,Data Analyst,"Pune, India",2026-06-13
1651,Tableau,BI & Visualization,Data Analyst,"Pune, India",2026-06-13
1651,Data Warehousing,Data Engineering,Data Analyst,"Pune, India",2026-06-13
182,SQL,Programming Language,Data Analyst,"Los Angeles, CA",2026-06-14
182,Excel,BI & Visualization,Data Analyst,"Los Angeles, CA",2026-06-14
182,Power BI,BI & Visualization,Data Analyst,"Los Angeles, CA",2026-06-14
182,Tableau,BI & Visualization,Data Analyst,"Los Angeles, CA",2026-06-14
182,Looker,BI & Visualization,Data Analyst,"Los Angeles, CA",2026-06-14
182,GCP,Cloud,Data Analyst,"Los Angeles, CA",2026-06-14
182,Statistics,Analytics,Data Analyst,"Los Angeles, CA",2026-06-14
244,Python,Programming Language,Data Scientist,"Hyderabad, India",2026-06-14
244,R,Programming Language,Data Scientist,"Hyderabad, India",2026-06-14
244,Deep Learning,Machine Learning & AI,Data Scientist,"Hyderabad, India",2026-06-14
244,TensorFlow,Machine Learning & AI,Data Scientist,"Hyderabad, India",2026-06-14
244,NLP,Machine Learning & AI,Data Scientist,"Hyderabad, India",2026-06-14
244,Statistics,Analytics,Data Scientist,"Hyderabad, India",2026-06-14
244,A/B Testing,Analytics,Data Scientist,"Hyderabad, India",2026-06-14
429,Python,Programming Language,Software Engineer,"Los Angeles, CA",2026-06-14
429,SQL,Programming Language,Software Engineer,"Los Angeles, CA",2026-06-14
429,NoSQL,Databases,Software Engineer,"Los Angeles, CA",2026-06-14
429,Linux,DevOps,Software Engineer,"Los Angeles, CA",2026-06-14
429,Agile,Soft Skills & Methodology,Software Engineer,"Los Angeles, CA",2026-06-14
437,Excel,BI & Visualization,Data Analyst,Remote,2026-06-14
437,Tableau,BI & Visualization,Data Analyst,Remote,2026-06-14
437,GCP,Cloud,Data Analyst,Remote,2026-06-14
437,Statistics,Analytics,Data Analyst,Remote,2026-06-14
437,A/B Testing,Analytics,Data Analyst,Remote,2026-06-14
704,SQL,Programming Language,Data Analyst,"New York, NY",2026-06-14
704,Excel,BI & Visualization,Data Analyst,"New York, NY",2026-06-14
704,Tableau,BI & Visualization,Data Analyst,"New York, NY",2026-06-14
704,A/B Testing,Analytics,Data Analyst,"New York, NY",2026-06-14
704,Data Warehousing,Data Engineering,Data Analyst,"New York, NY",2026-06-14
728,Python,Programming Language,Data Engineer,"London, UK",2026-06-14
728,SQL,Programming Language,Data Engineer,"London, UK",2026-06-14
728,Snowflake,Cloud & Data Warehousing,Data Engineer,"London, UK",2026-06-14
728,Spark,Big Data,Data Engineer,"London, UK",2026-06-14
728,ETL,Data Engineering,Data Engineer,"London, UK",2026-06-14
728,Data Warehousing,Data Engineering,Data Engineer,"London, UK",2026-06-14
1407,Python,Programming Language,ML Engineer,"Denver, CO",2026-06-14
1407,Machine Learning,Machine Learning & AI,ML Engineer,"Denver, CO",2026-06-14
1407,NLP,Machine Learning & AI,ML Engineer,"Denver, CO",2026-06-14
1407,Computer Vision,Machine Learning & AI,ML Engineer,"Denver, CO",2026-06-14
1186,SQL,Programming Language,Software Engineer,"San Francisco, CA",2026-06-15
1186,AWS,Cloud,Software Engineer,"San Francisco, CA",2026-06-15
1186,Kubernetes,DevOps,Software Engineer,"San Francisco, CA",2026-06-15
1186,Git,DevOps,Software Engineer,"San Francisco, CA",2026-06-15
1186,MongoDB,Databases,Software Engineer,"San Francisco, CA",2026-06-15
1186,REST API,Software Engineering,Software Engineer,"San Francisco, CA",2026-06-15
1312,Python,Programming Language,Software Engineer,"Washington, DC",2026-06-15
1312,SQL,Programming Language,Software Engineer,"Washington, DC",2026-06-15
1312,JavaScript,Programming Language,Software Engineer,"Washington, DC",2026-06-15
1312,C++,Programming Language,Software Engineer,"Washington, DC",2026-06-15
1312,Git,DevOps,Software Engineer,"Washington, DC",2026-06-15
1312,Linux,DevOps,Software Engineer,"Washington, DC",2026-06-15
100,Python,Programming Language,Data Analyst,"Mumbai, India",2026-06-16
100,SQL,Programming Language,Data Analyst,"Mumbai, India",2026-06-16
100,Excel,BI & Visualization,Data Analyst,"Mumbai, India",2026-06-16
100,GCP,Cloud,Data Analyst,"Mumbai, India",2026-06-16
100,Statistics,Analytics,Data Analyst,"Mumbai, India",2026-06-16
100,A/B Testing,Analytics,Data Analyst,"Mumbai, India",2026-06-16
100,Data Warehousing,Data Engineering,Data Analyst,"Mumbai, India",2026-06-16
414,Java,Programming Language,Software Engineer,"Austin, TX",2026-06-16
414,JavaScript,Programming Language,Software Engineer,"Austin, TX",2026-06-16
414,Git,DevOps,Software Engineer,"Austin, TX",2026-06-16
414,Linux,DevOps,Software Engineer,"Austin, TX",2026-06-16
414,REST API,Software Engineering,Software Engineer,"Austin, TX",2026-06-16
414,Agile,Soft Skills & Methodology,Software Engineer,"Austin, TX",2026-06-16
671,Python,Programming Language,Data Scientist,"Los Angeles, CA",2026-06-16
671,SQL,Programming Language,Data Scientist,"Los Angeles, CA",2026-06-16
671,Machine Learning,Machine Learning & AI,Data Scientist,"Los Angeles, CA",2026-06-16
671,NLP,Machine Learning & AI,Data Scientist,"Los Angeles, CA",2026-06-16
671,A/B Testing,Analytics,Data Scientist,"Los Angeles, CA",2026-06-16
1399,Python,Programming Language,Data Scientist,"Bengaluru, India",2026-06-16
1399,R,Programming Language,Data Scientist,"Bengaluru, India",2026-06-16
1399,NLP,Machine Learning & AI,Data Scientist,"Bengaluru, India",2026-06-16
1399,Statistics,Analytics,Data Scientist,"Bengaluru, India",2026-06-16
1399,A/B Testing,Analytics,Data Scientist,"Bengaluru, India",2026-06-16
1609,Python,Programming Language,Data Engineer,"Bengaluru, India",2026-06-16
1609,AWS,Cloud,Data Engineer,"Bengaluru, India",2026-06-16
1609,GCP,Cloud,Data Engineer,"Bengaluru, India",2026-06-16
1609,dbt,Data Engineering,Data Engineer,"Bengaluru, India",2026-06-16
1609,ETL,Data Engineering,Data Engineer,"Bengaluru, India",2026-06-16
1627,Python,Programming Language,Software Engineer,"Los Angeles, CA",2026-06-16
1627,SQL,Programming Language,Software Engineer,"Los Angeles, CA",2026-06-16
1627,JavaScript,Programming Language,Software Engineer,"Los Angeles, CA",2026-06-16
1627,AWS,Cloud,Software Engineer,"Los Angeles, CA",2026-06-16
1627,Git,DevOps,Software Engineer,"Los Angeles, CA",2026-06-16
1627,MongoDB,Databases,Software Engineer,"Los Angeles, CA",2026-06-16
1627,REST API,Software Engineering,Software Engineer,"Los Angeles, CA",2026-06-16
1858,SQL,Programming Language,Data Engineer,Remote,2026-06-16
1858,Kafka,Big Data,Data Engineer,Remote,2026-06-16
1858,dbt,Data Engineering,Data Engineer,Remote,2026-06-16
1858,NoSQL,Databases,Data Engineer,Remote,2026-06-16
1859,SQL,Programming Language,Data Analyst,"Delhi, India",2026-06-16
1859,Excel,BI & Visualization,Data Analyst,"Delhi, India",2026-06-16
1859,Power BI,BI & Visualization,Data Analyst,"Delhi, India",2026-06-16
1859,Git,DevOps,Data Analyst,"Delhi, India",2026-06-16
1859,A/B Testing,Analytics,Data Analyst,"Delhi, India",2026-06-16
1859,ETL,Data Engineering,Data Analyst,"Delhi, India",2026-06-16
226,Python,Programming Language,Data Analyst,"Boston, MA",2026-06-17
226,SQL,Programming Language,Data Analyst,"Boston, MA",2026-06-17
226,Excel,BI & Visualization,Data Analyst,"Boston, MA",2026-06-17
226,Tableau,BI & Visualization,Data Analyst,"Boston, MA",2026-06-17
226,Looker,BI & Visualization,Data Analyst,"Boston, MA",2026-06-17
226,Git,DevOps,Data Analyst,"Boston, MA",2026-06-17
1031,R,Programming Language,Data Analyst,Singapore,2026-06-17
1031,SQL,Programming Language,Data Analyst,Singapore,2026-06-17
1031,Excel,BI & Visualization,Data Analyst,Singapore,2026-06-17
1031,Tableau,BI & Visualization,Data Analyst,Singapore,2026-06-17
1031,Statistics,Analytics,Data Analyst,Singapore,2026-06-17
1031,ETL,Data Engineering,Data Analyst,Singapore,2026-06-17
1088,SQL,Programming Language,Data Analyst,"Pune, India",2026-06-17
1088,Excel,BI & Visualization,Data Analyst,"Pune, India",2026-06-17
1088,Power BI,BI & Visualization,Data Analyst,"Pune, India",2026-06-17
1088,Tableau,BI & Visualization,Data Analyst,"Pune, India",2026-06-17
1088,Looker,BI & Visualization,Data Analyst,"Pune, India",2026-06-17
1088,GCP,Cloud,Data Analyst,"Pune, India",2026-06-17
1088,Git,DevOps,Data Analyst,"Pune, India",2026-06-17
1224,SQL,Programming Language,Data Analyst,"Hyderabad, India",2026-06-17
1224,Excel,BI & Visualization,Data Analyst,"Hyderabad, India",2026-06-17
1224,Power BI,BI & Visualization,Data Analyst,"Hyderabad, India",2026-06-17
1224,Tableau,BI & Visualization,Data Analyst,"Hyderabad, India",2026-06-17
1224,Git,DevOps,Data Analyst,"Hyderabad, India",2026-06-17
1224,Statistics,Analytics,Data Analyst,"Hyderabad, India",2026-06-17
1253,Python,Programming Language,Data Scientist,"San Francisco, CA",2026-06-17
1253,Tableau,BI & Visualization,Data Scientist,"San Francisco, CA",2026-06-17
1253,Machine Learning,Machine Learning & AI,Data Scientist,"San Francisco, CA",2026-06-17
1253,PyTorch,Machine Learning & AI,Data Scientist,"San Francisco, CA",2026-06-17
1253,Statistics,Analytics,Data Scientist,"San Francisco, CA",2026-06-17
1253,A/B Testing,Analytics,Data Scientist,"San Francisco, CA",2026-06-17
1306,R,Programming Language,Data Analyst,"San Francisco, CA",2026-06-17
1306,SQL,Programming Language,Data Analyst,"San Francisco, CA",2026-06-17
1306,Excel,BI & Visualization,Data Analyst,"San Francisco, CA",2026-06-17
1306,Data Warehousing,Data Engineering,Data Analyst,"San Francisco, CA",2026-06-17
1375,Python,Programming Language,Software Engineer,"Pune, India",2026-06-17
1375,Java,Programming Language,Software Engineer,"Pune, India",2026-06-17
1375,C++,Programming Language,Software Engineer,"Pune, India",2026-06-17
1375,PostgreSQL,Databases,Software Engineer,"Pune, India",2026-06-17
1437,Python,Programming Language,ML Engineer,"Toronto, Canada",2026-06-17
1437,Spark,Big Data,ML Engineer,"Toronto, Canada",2026-06-17
1437,Airflow,Data Engineering,ML Engineer,"Toronto, Canada",2026-06-17
1437,Kubernetes,DevOps,ML Engineer,"Toronto, Canada",2026-06-17
1437,Deep Learning,Machine Learning & AI,ML Engineer,"Toronto, Canada",2026-06-17
1437,TensorFlow,Machine Learning & AI,ML Engineer,"Toronto, Canada",2026-06-17
1437,Computer Vision,Machine Learning & AI,ML Engineer,"Toronto, Canada",2026-06-17
906,Python,Programming Language,ML Engineer,"Bengaluru, India",2026-06-18
906,Spark,Big Data,ML Engineer,"Bengaluru, India",2026-06-18
906,Docker,DevOps,ML Engineer,"Bengaluru, India",2026-06-18
906,Git,DevOps,ML Engineer,"Bengaluru, India",2026-06-18
906,Deep Learning,Machine Learning & AI,ML Engineer,"Bengaluru, India",2026-06-18
906,TensorFlow,Machine Learning & AI,ML Engineer,"Bengaluru, India",2026-06-18
906,Computer Vision,Machine Learning & AI,ML Engineer,"Bengaluru, India",2026-06-18
964,Azure,Cloud,ML Engineer,"Los Angeles, CA",2026-06-18
964,Docker,DevOps,ML Engineer,"Los Angeles, CA",2026-06-18
964,Kubernetes,DevOps,ML Engineer,"Los Angeles, CA",2026-06-18
964,Machine Learning,Machine Learning & AI,ML Engineer,"Los Angeles, CA",2026-06-18
964,Deep Learning,Machine Learning & AI,ML Engineer,"Los Angeles, CA",2026-06-18
964,PyTorch,Machine Learning & AI,ML Engineer,"Los Angeles, CA",2026-06-18
1533,SQL,Programming Language,Data Engineer,Singapore,2026-06-18
1533,GCP,Cloud,Data Engineer,Singapore,2026-06-18
1533,Spark,Big Data,Data Engineer,Singapore,2026-06-18
1533,Hadoop,Big Data,Data Engineer,Singapore,2026-06-18
397,SQL,Programming Language,Data Analyst,"Boston, MA",2026-06-19
397,Excel,BI & Visualization,Data Analyst,"Boston, MA",2026-06-19
397,Power BI,BI & Visualization,Data Analyst,"Boston, MA",2026-06-19
397,Tableau,BI & Visualization,Data Analyst,"Boston, MA",2026-06-19
397,Statistics,Analytics,Data Analyst,"Boston, MA",2026-06-19
397,Data Warehousing,Data Engineering,Data Analyst,"Boston, MA",2026-06-19
397,MongoDB,Databases,Data Analyst,"Boston, MA",2026-06-19
432,Python,Programming Language,Data Scientist,"Boston, MA",2026-06-19
432,R,Programming Language,Data Scientist,"Boston, MA",2026-06-19
432,Deep Learning,Machine Learning & AI,Data Scientist,"Boston, MA",2026-06-19
432,TensorFlow,Machine Learning & AI,Data Scientist,"Boston, MA",2026-06-19
432,PyTorch,Machine Learning & AI,Data Scientist,"Boston, MA",2026-06-19
432,A/B Testing,Analytics,Data Scientist,"Boston, MA",2026-06-19
567,SQL,Programming Language,Data Analyst,"Delhi, India",2026-06-19
567,Excel,BI & Visualization,Data Analyst,"Delhi, India",2026-06-19
567,Power BI,BI & Visualization,Data Analyst,"Delhi, India",2026-06-19
567,Git,DevOps,Data Analyst,"Delhi, India",2026-06-19
567,ETL,Data Engineering,Data Analyst,"Delhi, India",2026-06-19
567,Data Warehousing,Data Engineering,Data Analyst,"Delhi, India",2026-06-19
567,MongoDB,Databases,Data Analyst,"Delhi, India",2026-06-19
1107,Python,Programming Language,Data Scientist,Remote,2026-06-19
1107,SQL,Programming Language,Data Scientist,Remote,2026-06-19
1107,NLP,Machine Learning & AI,Data Scientist,Remote,2026-06-19
1107,Statistics,Analytics,Data Scientist,Remote,2026-06-19
1107,A/B Testing,Analytics,Data Scientist,Remote,2026-06-19
1785,SQL,Programming Language,Data Scientist,"Hyderabad, India",2026-06-19
1785,AWS,Cloud,Data Scientist,"Hyderabad, India",2026-06-19
1785,TensorFlow,Machine Learning & AI,Data Scientist,"Hyderabad, India",2026-06-19
1785,Scikit-learn,Machine Learning & AI,Data Scientist,"Hyderabad, India",2026-06-19
1785,A/B Testing,Analytics,Data Scientist,"Hyderabad, India",2026-06-19
1909,Python,Programming Language,Data Analyst,"Denver, CO",2026-06-19
1909,Excel,BI & Visualization,Data Analyst,"Denver, CO",2026-06-19
1909,Power BI,BI & Visualization,Data Analyst,"Denver, CO",2026-06-19
1909,Looker,BI & Visualization,Data Analyst,"Denver, CO",2026-06-19
1911,R,Programming Language,Data Scientist,Remote,2026-06-19
1911,Machine Learning,Machine Learning & AI,Data Scientist,Remote,2026-06-19
1911,Deep Learning,Machine Learning & AI,Data Scientist,Remote,2026-06-19
1911,TensorFlow,Machine Learning & AI,Data Scientist,Remote,2026-06-19
1911,PyTorch,Machine Learning & AI,Data Scientist,Remote,2026-06-19
1911,Scikit-learn,Machine Learning & AI,Data Scientist,Remote,2026-06-19
103,SQL,Programming Language,Software Engineer,Remote,2026-06-20
103,Java,Programming Language,Software Engineer,Remote,2026-06-20
103,JavaScript,Programming Language,Software Engineer,Remote,2026-06-20
103,Docker,DevOps,Software Engineer,Remote,2026-06-20
103,Git,DevOps,Software Engineer,Remote,2026-06-20
103,Linux,DevOps,Software Engineer,Remote,2026-06-20
103,Agile,Soft Skills & Methodology,Software Engineer,Remote,2026-06-20
507,AWS,Cloud,ML Engineer,"Washington, DC",2026-06-20
507,Docker,DevOps,ML Engineer,"Washington, DC",2026-06-20
507,Machine Learning,Machine Learning & AI,ML Engineer,"Washington, DC",2026-06-20
507,TensorFlow,Machine Learning & AI,ML Engineer,"Washington, DC",2026-06-20
507,PyTorch,Machine Learning & AI,ML Engineer,"Washington, DC",2026-06-20
507,Scikit-learn,Machine Learning & AI,ML Engineer,"Washington, DC",2026-06-20
507,Computer Vision,Machine Learning & AI,ML Engineer,"Washington, DC",2026-06-20
879,SQL,Programming Language,Data Engineer,"Seattle, WA",2026-06-20
879,Azure,Cloud,Data Engineer,"Seattle, WA",2026-06-20
879,Airflow,Data Engineering,Data Engineer,"Seattle, WA",2026-06-20
879,dbt,Data Engineering,Data Engineer,"Seattle, WA",2026-06-20
969,Python,Programming Language,Data Analyst,Remote,2026-06-20
969,SQL,Programming Language,Data Analyst,Remote,2026-06-20
969,Excel,BI & Visualization,Data Analyst,Remote,2026-06-20
969,Power BI,BI & Visualization,Data Analyst,Remote,2026-06-20
969,Tableau,BI & Visualization,Data Analyst,Remote,2026-06-20
969,Statistics,Analytics,Data Analyst,Remote,2026-06-20
969,A/B Testing,Analytics,Data Analyst,Remote,2026-06-20
117,Python,Programming Language,Data Engineer,"Seattle, WA",2026-06-21
117,SQL,Programming Language,Data Engineer,"Seattle, WA",2026-06-21
117,AWS,Cloud,Data Engineer,"Seattle, WA",2026-06-21
117,Azure,Cloud,Data Engineer,"Seattle, WA",2026-06-21
117,GCP,Cloud,Data Engineer,"Seattle, WA",2026-06-21
117,Spark,Big Data,Data Engineer,"Seattle, WA",2026-06-21
117,Hadoop,Big Data,Data Engineer,"Seattle, WA",2026-06-21
150,SQL,Programming Language,Data Analyst,Remote,2026-06-21
150,Git,DevOps,Data Analyst,Remote,2026-06-21
150,A/B Testing,Analytics,Data Analyst,Remote,2026-06-21
150,Data Warehousing,Data Engineering,Data Analyst,Remote,2026-06-21
417,Airflow,Data Engineering,ML Engineer,"Mumbai, India",2026-06-21
417,Kubernetes,DevOps,ML Engineer,"Mumbai, India",2026-06-21
417,Machine Learning,Machine Learning & AI,ML Engineer,"Mumbai, India",2026-06-21
417,TensorFlow,Machine Learning & AI,ML Engineer,"Mumbai, India",2026-06-21
417,PyTorch,Machine Learning & AI,ML Engineer,"Mumbai, India",2026-06-21
521,Python,Programming Language,Data Analyst,"New York, NY",2026-06-21
521,SQL,Programming Language,Data Analyst,"New York, NY",2026-06-21
521,Excel,BI & Visualization,Data Analyst,"New York, NY",2026-06-21
521,Power BI,BI & Visualization,Data Analyst,"New York, NY",2026-06-21
521,Tableau,BI & Visualization,Data Analyst,"New York, NY",2026-06-21
521,Statistics,Analytics,Data Analyst,"New York, NY",2026-06-21
521,ETL,Data Engineering,Data Analyst,"New York, NY",2026-06-21
558,Python,Programming Language,Software Engineer,"Boston, MA",2026-06-21
558,SQL,Programming Language,Software Engineer,"Boston, MA",2026-06-21
558,Java,Programming Language,Software Engineer,"Boston, MA",2026-06-21
558,JavaScript,Programming Language,Software Engineer,"Boston, MA",2026-06-21
558,Docker,DevOps,Software Engineer,"Boston, MA",2026-06-21
558,NoSQL,Databases,Software Engineer,"Boston, MA",2026-06-21
84,Python,Programming Language,Data Scientist,Remote,2026-06-22
84,SQL,Programming Language,Data Scientist,Remote,2026-06-22
84,Deep Learning,Machine Learning & AI,Data Scientist,Remote,2026-06-22
84,PyTorch,Machine Learning & AI,Data Scientist,Remote,2026-06-22
84,Statistics,Analytics,Data Scientist,Remote,2026-06-22
121,Python,Programming Language,Data Analyst,"San Francisco, CA",2026-06-22
121,R,Programming Language,Data Analyst,"San Francisco, CA",2026-06-22
121,SQL,Programming Language,Data Analyst,"San Francisco, CA",2026-06-22
121,Excel,BI & Visualization,Data Analyst,"San Francisco, CA",2026-06-22
121,Power BI,BI & Visualization,Data Analyst,"San Francisco, CA",2026-06-22
121,Statistics,Analytics,Data Analyst,"San Francisco, CA",2026-06-22
121,A/B Testing,Analytics,Data Analyst,"San Francisco, CA",2026-06-22
145,Python,Programming Language,Data Engineer,Singapore,2026-06-22
145,AWS,Cloud,Data Engineer,Singapore,2026-06-22
145,Snowflake,Cloud & Data Warehousing,Data Engineer,Singapore,2026-06-22
145,Redshift,Cloud & Data Warehousing,Data Engineer,Singapore,2026-06-22
145,BigQuery,Cloud & Data Warehousing,Data Engineer,Singapore,2026-06-22
145,Hadoop,Big Data,Data Engineer,Singapore,2026-06-22
145,Data Warehousing,Data Engineering,Data Engineer,Singapore,2026-06-22
524,Java,Programming Language,Software Engineer,"San Francisco, CA",2026-06-22
524,AWS,Cloud,Software Engineer,"San Francisco, CA",2026-06-22
524,Kubernetes,DevOps,Software Engineer,"San Francisco, CA",2026-06-22
524,Git,DevOps,Software Engineer,"San Francisco, CA",2026-06-22
1048,Python,Programming Language,Software Engineer,"Bengaluru, India",2026-06-22
1048,SQL,Programming Language,Software Engineer,"Bengaluru, India",2026-06-22
1048,Java,Programming Language,Software Engineer,"Bengaluru, India",2026-06-22
1048,JavaScript,Programming Language,Software Engineer,"Bengaluru, India",2026-06-22
1048,Git,DevOps,Software Engineer,"Bengaluru, India",2026-06-22
1048,MongoDB,Databases,Software Engineer,"Bengaluru, India",2026-06-22
1048,Linux,DevOps,Software Engineer,"Bengaluru, India",2026-06-22
305,Python,Programming Language,Data Engineer,"Chicago, IL",2026-06-23
305,Azure,Cloud,Data Engineer,"Chicago, IL",2026-06-23
305,Spark,Big Data,Data Engineer,"Chicago, IL",2026-06-23
305,ETL,Data Engineering,Data Engineer,"Chicago, IL",2026-06-23
947,Tableau,BI & Visualization,Data Scientist,"Los Angeles, CA",2026-06-23
947,AWS,Cloud,Data Scientist,"Los Angeles, CA",2026-06-23
947,Machine Learning,Machine Learning & AI,Data Scientist,"Los Angeles, CA",2026-06-23
947,Computer Vision,Machine Learning & AI,Data Scientist,"Los Angeles, CA",2026-06-23
1054,SQL,Programming Language,Data Analyst,"New York, NY",2026-06-23
1054,Excel,BI & Visualization,Data Analyst,"New York, NY",2026-06-23
1054,Power BI,BI & Visualization,Data Analyst,"New York, NY",2026-06-23
1054,Statistics,Analytics,Data Analyst,"New York, NY",2026-06-23
1638,Python,Programming Language,Software Engineer,"San Francisco, CA",2026-06-23
1638,JavaScript,Programming Language,Software Engineer,"San Francisco, CA",2026-06-23
1638,C++,Programming Language,Software Engineer,"San Francisco, CA",2026-06-23
1638,Docker,DevOps,Software Engineer,"San Francisco, CA",2026-06-23
1638,Git,DevOps,Software Engineer,"San Francisco, CA",2026-06-23
1638,REST API,Software Engineering,Software Engineer,"San Francisco, CA",2026-06-23
1835,Python,Programming Language,Software Engineer,"Seattle, WA",2026-06-23
1835,SQL,Programming Language,Software Engineer,"Seattle, WA",2026-06-23
1835,Java,Programming Language,Software Engineer,"Seattle, WA",2026-06-23
1835,JavaScript,Programming Language,Software Engineer,"Seattle, WA",2026-06-23
1835,Kubernetes,DevOps,Software Engineer,"Seattle, WA",2026-06-23
1835,PostgreSQL,Databases,Software Engineer,"Seattle, WA",2026-06-23
1835,Agile,Soft Skills & Methodology,Software Engineer,"Seattle, WA",2026-06-23
158,Python,Programming Language,Data Scientist,"Berlin, Germany",2026-06-24
158,Machine Learning,Machine Learning & AI,Data Scientist,"Berlin, Germany",2026-06-24
158,TensorFlow,Machine Learning & AI,Data Scientist,"Berlin, Germany",2026-06-24
158,Statistics,Analytics,Data Scientist,"Berlin, Germany",2026-06-24
179,Python,Programming Language,Data Scientist,"Denver, CO",2026-06-24
179,Machine Learning,Machine Learning & AI,Data Scientist,"Denver, CO",2026-06-24
179,TensorFlow,Machine Learning & AI,Data Scientist,"Denver, CO",2026-06-24
179,Scikit-learn,Machine Learning & AI,Data Scientist,"Denver, CO",2026-06-24
179,NLP,Machine Learning & AI,Data Scientist,"Denver, CO",2026-06-24
179,Statistics,Analytics,Data Scientist,"Denver, CO",2026-06-24
527,Python,Programming Language,Data Analyst,"San Francisco, CA",2026-06-24
527,R,Programming Language,Data Analyst,"San Francisco, CA",2026-06-24
527,SQL,Programming Language,Data Analyst,"San Francisco, CA",2026-06-24
527,Power BI,BI & Visualization,Data Analyst,"San Francisco, CA",2026-06-24
527,Tableau,BI & Visualization,Data Analyst,"San Francisco, CA",2026-06-24
527,A/B Testing,Analytics,Data Analyst,"San Francisco, CA",2026-06-24
527,MongoDB,Databases,Data Analyst,"San Francisco, CA",2026-06-24
1194,SQL,Programming Language,Data Scientist,"Atlanta, GA",2026-06-24
1194,Machine Learning,Machine Learning & AI,Data Scientist,"Atlanta, GA",2026-06-24
1194,PyTorch,Machine Learning & AI,Data Scientist,"Atlanta, GA",2026-06-24
1194,Scikit-learn,Machine Learning & AI,Data Scientist,"Atlanta, GA",2026-06-24
1194,Statistics,Analytics,Data Scientist,"Atlanta, GA",2026-06-24
1499,Excel,BI & Visualization,Data Analyst,"Pune, India",2026-06-24
1499,Power BI,BI & Visualization,Data Analyst,"Pune, India",2026-06-24
1499,Git,DevOps,Data Analyst,"Pune, India",2026-06-24
1499,Data Warehousing,Data Engineering,Data Analyst,"Pune, India",2026-06-24
1499,MongoDB,Databases,Data Analyst,"Pune, India",2026-06-24
52,R,Programming Language,Data Scientist,"Berlin, Germany",2026-06-25
52,SQL,Programming Language,Data Scientist,"Berlin, Germany",2026-06-25
52,Spark,Big Data,Data Scientist,"Berlin, Germany",2026-06-25
52,TensorFlow,Machine Learning & AI,Data Scientist,"Berlin, Germany",2026-06-25
52,PyTorch,Machine Learning & AI,Data Scientist,"Berlin, Germany",2026-06-25
52,NLP,Machine Learning & AI,Data Scientist,"Berlin, Germany",2026-06-25
52,Statistics,Analytics,Data Scientist,"Berlin, Germany",2026-06-25
1615,Deep Learning,Machine Learning & AI,ML Engineer,"Hyderabad, India",2026-06-25
1615,TensorFlow,Machine Learning & AI,ML Engineer,"Hyderabad, India",2026-06-25
1615,Scikit-learn,Machine Learning & AI,ML Engineer,"Hyderabad, India",2026-06-25
1615,Computer Vision,Machine Learning & AI,ML Engineer,"Hyderabad, India",2026-06-25
44,SQL,Programming Language,Data Analyst,"San Francisco, CA",2026-06-26
44,Excel,BI & Visualization,Data Analyst,"San Francisco, CA",2026-06-26
44,Power BI,BI & Visualization,Data Analyst,"San Francisco, CA",2026-06-26
44,A/B Testing,Analytics,Data Analyst,"San Francisco, CA",2026-06-26
44,ETL,Data Engineering,Data Analyst,"San Francisco, CA",2026-06-26
88,Kubernetes,DevOps,ML Engineer,"Toronto, Canada",2026-06-26
88,Git,DevOps,ML Engineer,"Toronto, Canada",2026-06-26
88,Machine Learning,Machine Learning & AI,ML Engineer,"Toronto, Canada",2026-06-26
88,Deep Learning,Machine Learning & AI,ML Engineer,"Toronto, Canada",2026-06-26
88,TensorFlow,Machine Learning & AI,ML Engineer,"Toronto, Canada",2026-06-26
88,PyTorch,Machine Learning & AI,ML Engineer,"Toronto, Canada",2026-06-26
88,Scikit-learn,Machine Learning & AI,ML Engineer,"Toronto, Canada",2026-06-26
647,Python,Programming Language,Data Scientist,"Denver, CO",2026-06-26
647,R,Programming Language,Data Scientist,"Denver, CO",2026-06-26
647,Machine Learning,Machine Learning & AI,Data Scientist,"Denver, CO",2026-06-26
647,Deep Learning,Machine Learning & AI,Data Scientist,"Denver, CO",2026-06-26
695,Docker,DevOps,ML Engineer,"Mumbai, India",2026-06-26
695,Deep Learning,Machine Learning & AI,ML Engineer,"Mumbai, India",2026-06-26
695,TensorFlow,Machine Learning & AI,ML Engineer,"Mumbai, India",2026-06-26
695,Scikit-learn,Machine Learning & AI,ML Engineer,"Mumbai, India",2026-06-26
695,NLP,Machine Learning & AI,ML Engineer,"Mumbai, India",2026-06-26
695,Computer Vision,Machine Learning & AI,ML Engineer,"Mumbai, India",2026-06-26
855,Python,Programming Language,Software Engineer,"Hyderabad, India",2026-06-26
855,JavaScript,Programming Language,Software Engineer,"Hyderabad, India",2026-06-26
855,AWS,Cloud,Software Engineer,"Hyderabad, India",2026-06-26
855,Docker,DevOps,Software Engineer,"Hyderabad, India",2026-06-26
855,Git,DevOps,Software Engineer,"Hyderabad, India",2026-06-26
855,REST API,Software Engineering,Software Engineer,"Hyderabad, India",2026-06-26
855,Agile,Soft Skills & Methodology,Software Engineer,"Hyderabad, India",2026-06-26
1274,Python,Programming Language,Software Engineer,"Hyderabad, India",2026-06-26
1274,Java,Programming Language,Software Engineer,"Hyderabad, India",2026-06-26
1274,JavaScript,Programming Language,Software Engineer,"Hyderabad, India",2026-06-26
1274,C++,Programming Language,Software Engineer,"Hyderabad, India",2026-06-26
1274,AWS,Cloud,Software Engineer,"Hyderabad, India",2026-06-26
1274,REST API,Software Engineering,Software Engineer,"Hyderabad, India",2026-06-26
1274,Agile,Soft Skills & Methodology,Software Engineer,"Hyderabad, India",2026-06-26
1349,Python,Programming Language,Data Scientist,"San Francisco, CA",2026-06-26
1349,AWS,Cloud,Data Scientist,"San Francisco, CA",2026-06-26
1349,Machine Learning,Machine Learning & AI,Data Scientist,"San Francisco, CA",2026-06-26
1349,PyTorch,Machine Learning & AI,Data Scientist,"San Francisco, CA",2026-06-26
1349,Computer Vision,Machine Learning & AI,Data Scientist,"San Francisco, CA",2026-06-26
1403,Python,Programming Language,Data Analyst,"Austin, TX",2026-06-26
1403,SQL,Programming Language,Data Analyst,"Austin, TX",2026-06-26
1403,Power BI,BI & Visualization,Data Analyst,"Austin, TX",2026-06-26
1403,A/B Testing,Analytics,Data Analyst,"Austin, TX",2026-06-26
1728,R,Programming Language,Data Scientist,"Mumbai, India",2026-06-26
1728,SQL,Programming Language,Data Scientist,"Mumbai, India",2026-06-26
1728,Spark,Big Data,Data Scientist,"Mumbai, India",2026-06-26
1728,Machine Learning,Machine Learning & AI,Data Scientist,"Mumbai, India",2026-06-26
1728,TensorFlow,Machine Learning & AI,Data Scientist,"Mumbai, India",2026-06-26
1728,NLP,Machine Learning & AI,Data Scientist,"Mumbai, India",2026-06-26
1728,Computer Vision,Machine Learning & AI,Data Scientist,"Mumbai, India",2026-06-26
221,AWS,Cloud,ML Engineer,"Pune, India",2026-06-27
221,Spark,Big Data,ML Engineer,"Pune, India",2026-06-27
221,Docker,DevOps,ML Engineer,"Pune, India",2026-06-27
221,Git,DevOps,ML Engineer,"Pune, India",2026-06-27
221,TensorFlow,Machine Learning & AI,ML Engineer,"Pune, India",2026-06-27
221,Computer Vision,Machine Learning & AI,ML Engineer,"Pune, India",2026-06-27
553,Python,Programming Language,Software Engineer,"Toronto, Canada",2026-06-27
553,SQL,Programming Language,Software Engineer,"Toronto, Canada",2026-06-27
553,Java,Programming Language,Software Engineer,"Toronto, Canada",2026-06-27
553,JavaScript,Programming Language,Software Engineer,"Toronto, Canada",2026-06-27
553,C++,Programming Language,Software Engineer,"Toronto, Canada",2026-06-27
553,Docker,DevOps,Software Engineer,"Toronto, Canada",2026-06-27
553,Agile,Soft Skills & Methodology,Software Engineer,"Toronto, Canada",2026-06-27
1191,SQL,Programming Language,Data Engineer,"San Francisco, CA",2026-06-27
1191,Snowflake,Cloud & Data Warehousing,Data Engineer,"San Francisco, CA",2026-06-27
1191,Hadoop,Big Data,Data Engineer,"San Francisco, CA",2026-06-27
1191,Kafka,Big Data,Data Engineer,"San Francisco, CA",2026-06-27
1191,Docker,DevOps,Data Engineer,"San Francisco, CA",2026-06-27
1419,Python,Programming Language,Data Scientist,"New York, NY",2026-06-27
1419,Power BI,BI & Visualization,Data Scientist,"New York, NY",2026-06-27
1419,Machine Learning,Machine Learning & AI,Data Scientist,"New York, NY",2026-06-27
1419,NLP,Machine Learning & AI,Data Scientist,"New York, NY",2026-06-27
1419,Computer Vision,Machine Learning & AI,Data Scientist,"New York, NY",2026-06-27
1419,Statistics,Analytics,Data Scientist,"New York, NY",2026-06-27
1928,Snowflake,Cloud & Data Warehousing,Data Engineer,"New York, NY",2026-06-27
1928,BigQuery,Cloud & Data Warehousing,Data Engineer,"New York, NY",2026-06-27
1928,Kafka,Big Data,Data Engineer,"New York, NY",2026-06-27
1928,dbt,Data Engineering,Data Engineer,"New York, NY",2026-06-27
1928,Docker,DevOps,Data Engineer,"New York, NY",2026-06-27
1928,Data Warehousing,Data Engineering,Data Engineer,"New York, NY",2026-06-27
1952,Python,Programming Language,ML Engineer,"San Francisco, CA",2026-06-27
1952,Spark,Big Data,ML Engineer,"San Francisco, CA",2026-06-27
1952,Kubernetes,DevOps,ML Engineer,"San Francisco, CA",2026-06-27
1952,Machine Learning,Machine Learning & AI,ML Engineer,"San Francisco, CA",2026-06-27
1952,PyTorch,Machine Learning & AI,ML Engineer,"San Francisco, CA",2026-06-27
380,Redshift,Cloud & Data Warehousing,Data Engineer,Remote,2026-06-28
380,Spark,Big Data,Data Engineer,Remote,2026-06-28
380,Kafka,Big Data,Data Engineer,Remote,2026-06-28
380,Airflow,Data Engineering,Data Engineer,Remote,2026-06-28
380,ETL,Data Engineering,Data Engineer,Remote,2026-06-28
398,SQL,Programming Language,Data Analyst,"San Francisco, CA",2026-06-28
398,Excel,BI & Visualization,Data Analyst,"San Francisco, CA",2026-06-28
398,Tableau,BI & Visualization,Data Analyst,"San Francisco, CA",2026-06-28
398,MongoDB,Databases,Data Analyst,"San Francisco, CA",2026-06-28
1212,Java,Programming Language,Software Engineer,"Delhi, India",2026-06-28
1212,JavaScript,Programming Language,Software Engineer,"Delhi, India",2026-06-28
1212,Docker,DevOps,Software Engineer,"Delhi, India",2026-06-28
1212,Kubernetes,DevOps,Software Engineer,"Delhi, India",2026-06-28
1212,Git,DevOps,Software Engineer,"Delhi, India",2026-06-28
1212,PostgreSQL,Databases,Software Engineer,"Delhi, India",2026-06-28
1212,REST API,Software Engineering,Software Engineer,"Delhi, India",2026-06-28
1801,Python,Programming Language,ML Engineer,"Bengaluru, India",2026-06-28
1801,AWS,Cloud,ML Engineer,"Bengaluru, India",2026-06-28
1801,Docker,DevOps,ML Engineer,"Bengaluru, India",2026-06-28
1801,Kubernetes,DevOps,ML Engineer,"Bengaluru, India",2026-06-28
1801,PyTorch,Machine Learning & AI,ML Engineer,"Bengaluru, India",2026-06-28
1801,Scikit-learn,Machine Learning & AI,ML Engineer,"Bengaluru, India",2026-06-28
8,Python,Programming Language,Data Scientist,Singapore,2026-06-29
8,R,Programming Language,Data Scientist,Singapore,2026-06-29
8,SQL,Programming Language,Data Scientist,Singapore,2026-06-29
8,Machine Learning,Machine Learning & AI,Data Scientist,Singapore,2026-06-29
8,Deep Learning,Machine Learning & AI,Data Scientist,Singapore,2026-06-29
8,NLP,Machine Learning & AI,Data Scientist,Singapore,2026-06-29
8,Statistics,Analytics,Data Scientist,Singapore,2026-06-29
280,SQL,Programming Language,Data Analyst,"Delhi, India",2026-06-29
280,Excel,BI & Visualization,Data Analyst,"Delhi, India",2026-06-29
280,Power BI,BI & Visualization,Data Analyst,"Delhi, India",2026-06-29
280,Looker,BI & Visualization,Data Analyst,"Delhi, India",2026-06-29
280,Data Warehousing,Data Engineering,Data Analyst,"Delhi, India",2026-06-29
482,Python,Programming Language,Software Engineer,"Bengaluru, India",2026-06-29
482,Git,DevOps,Software Engineer,"Bengaluru, India",2026-06-29
482,NoSQL,Databases,Software Engineer,"Bengaluru, India",2026-06-29
482,PostgreSQL,Databases,Software Engineer,"Bengaluru, India",2026-06-29
482,Linux,DevOps,Software Engineer,"Bengaluru, India",2026-06-29
482,REST API,Software Engineering,Software Engineer,"Bengaluru, India",2026-06-29
1370,Python,Programming Language,Data Scientist,Remote,2026-06-29
1370,SQL,Programming Language,Data Scientist,Remote,2026-06-29
1370,Scikit-learn,Machine Learning & AI,Data Scientist,Remote,2026-06-29
1370,NLP,Machine Learning & AI,Data Scientist,Remote,2026-06-29
1370,Statistics,Analytics,Data Scientist,Remote,2026-06-29
1836,Python,Programming Language,Data Engineer,Remote,2026-06-29
1836,AWS,Cloud,Data Engineer,Remote,2026-06-29
1836,Azure,Cloud,Data Engineer,Remote,2026-06-29
1836,Redshift,Cloud & Data Warehousing,Data Engineer,Remote,2026-06-29
1836,Airflow,Data Engineering,Data Engineer,Remote,2026-06-29
1836,dbt,Data Engineering,Data Engineer,Remote,2026-06-29
659,AWS,Cloud,ML Engineer,"New York, NY",2026-06-30
659,Git,DevOps,ML Engineer,"New York, NY",2026-06-30
659,Machine Learning,Machine Learning & AI,ML Engineer,"New York, NY",2026-06-30
659,Scikit-learn,Machine Learning & AI,ML Engineer,"New York, NY",2026-06-30
659,NLP,Machine Learning & AI,ML Engineer,"New York, NY",2026-06-30
847,Python,Programming Language,Data Analyst,"New York, NY",2026-06-30
847,R,Programming Language,Data Analyst,"New York, NY",2026-06-30
847,Power BI,BI & Visualization,Data Analyst,"New York, NY",2026-06-30
847,Tableau,BI & Visualization,Data Analyst,"New York, NY",2026-06-30
953,Python,Programming Language,Data Scientist,Remote,2026-06-30
953,SQL,Programming Language,Data Scientist,Remote,2026-06-30
953,Machine Learning,Machine Learning & AI,Data Scientist,Remote,2026-06-30
953,Deep Learning,Machine Learning & AI,Data Scientist,Remote,2026-06-30
953,NLP,Machine Learning & AI,Data Scientist,Remote,2026-06-30
1074,Python,Programming Language,Data Engineer,"Delhi, India",2026-06-30
1074,AWS,Cloud,Data Engineer,"Delhi, India",2026-06-30
1074,Snowflake,Cloud & Data Warehousing,Data Engineer,"Delhi, India",2026-06-30
1074,Spark,Big Data,Data Engineer,"Delhi, India",2026-06-30
1074,ETL,Data Engineering,Data Engineer,"Delhi, India",2026-06-30
468,Python,Programming Language,ML Engineer,"Chicago, IL",2026-07-01
468,Azure,Cloud,ML Engineer,"Chicago, IL",2026-07-01
468,Machine Learning,Machine Learning & AI,ML Engineer,"Chicago, IL",2026-07-01
468,Deep Learning,Machine Learning & AI,ML Engineer,"Chicago, IL",2026-07-01
468,PyTorch,Machine Learning & AI,ML Engineer,"Chicago, IL",2026-07-01
1619,SQL,Programming Language,Data Scientist,"Hyderabad, India",2026-07-01
1619,AWS,Cloud,Data Scientist,"Hyderabad, India",2026-07-01
1619,PyTorch,Machine Learning & AI,Data Scientist,"Hyderabad, India",2026-07-01
1619,Computer Vision,Machine Learning & AI,Data Scientist,"Hyderabad, India",2026-07-01
1619,A/B Testing,Analytics,Data Scientist,"Hyderabad, India",2026-07-01
1721,SQL,Programming Language,Data Engineer,"London, UK",2026-07-01
1721,Redshift,Cloud & Data Warehousing,Data Engineer,"London, UK",2026-07-01
1721,BigQuery,Cloud & Data Warehousing,Data Engineer,"London, UK",2026-07-01
1721,Spark,Big Data,Data Engineer,"London, UK",2026-07-01
1721,Hadoop,Big Data,Data Engineer,"London, UK",2026-07-01
1721,dbt,Data Engineering,Data Engineer,"London, UK",2026-07-01
1721,ETL,Data Engineering,Data Engineer,"London, UK",2026-07-01
428,Python,Programming Language,ML Engineer,"San Francisco, CA",2026-07-02
428,Docker,DevOps,ML Engineer,"San Francisco, CA",2026-07-02
428,Deep Learning,Machine Learning & AI,ML Engineer,"San Francisco, CA",2026-07-02
428,TensorFlow,Machine Learning & AI,ML Engineer,"San Francisco, CA",2026-07-02
428,Computer Vision,Machine Learning & AI,ML Engineer,"San Francisco, CA",2026-07-02
721,Python,Programming Language,Data Scientist,"Mumbai, India",2026-07-02
721,Machine Learning,Machine Learning & AI,Data Scientist,"Mumbai, India",2026-07-02
721,Deep Learning,Machine Learning & AI,Data Scientist,"Mumbai, India",2026-07-02
721,NLP,Machine Learning & AI,Data Scientist,"Mumbai, India",2026-07-02
721,Computer Vision,Machine Learning & AI,Data Scientist,"Mumbai, India",2026-07-02
721,A/B Testing,Analytics,Data Scientist,"Mumbai, India",2026-07-02
1143,Python,Programming Language,Data Analyst,"Hyderabad, India",2026-07-02
1143,R,Programming Language,Data Analyst,"Hyderabad, India",2026-07-02
1143,SQL,Programming Language,Data Analyst,"Hyderabad, India",2026-07-02
1143,Excel,BI & Visualization,Data Analyst,"Hyderabad, India",2026-07-02
1143,Tableau,BI & Visualization,Data Analyst,"Hyderabad, India",2026-07-02
1143,A/B Testing,Analytics,Data Analyst,"Hyderabad, India",2026-07-02
1143,ETL,Data Engineering,Data Analyst,"Hyderabad, India",2026-07-02
1291,Python,Programming Language,Software Engineer,"Chicago, IL",2026-07-02
1291,SQL,Programming Language,Software Engineer,"Chicago, IL",2026-07-02
1291,JavaScript,Programming Language,Software Engineer,"Chicago, IL",2026-07-02
1291,C++,Programming Language,Software Engineer,"Chicago, IL",2026-07-02
1291,AWS,Cloud,Software Engineer,"Chicago, IL",2026-07-02
2,R,Programming Language,Data Analyst,"New York, NY",2026-07-03
2,SQL,Programming Language,Data Analyst,"New York, NY",2026-07-03
2,Excel,BI & Visualization,Data Analyst,"New York, NY",2026-07-03
2,Git,DevOps,Data Analyst,"New York, NY",2026-07-03
2,A/B Testing,Analytics,Data Analyst,"New York, NY",2026-07-03
5,Python,Programming Language,Data Scientist,"Boston, MA",2026-07-03
5,SQL,Programming Language,Data Scientist,"Boston, MA",2026-07-03
5,AWS,Cloud,Data Scientist,"Boston, MA",2026-07-03
5,Deep Learning,Machine Learning & AI,Data Scientist,"Boston, MA",2026-07-03
5,TensorFlow,Machine Learning & AI,Data Scientist,"Boston, MA",2026-07-03
5,NLP,Machine Learning & AI,Data Scientist,"Boston, MA",2026-07-03
5,Statistics,Analytics,Data Scientist,"Boston, MA",2026-07-03
32,R,Programming Language,Data Analyst,"Toronto, Canada",2026-07-03
32,Excel,BI & Visualization,Data Analyst,"Toronto, Canada",2026-07-03
32,Power BI,BI & Visualization,Data Analyst,"Toronto, Canada",2026-07-03
32,Git,DevOps,Data Analyst,"Toronto, Canada",2026-07-03
32,Data Warehousing,Data Engineering,Data Analyst,"Toronto, Canada",2026-07-03
168,Python,Programming Language,Data Engineer,"Toronto, Canada",2026-07-03
168,SQL,Programming Language,Data Engineer,"Toronto, Canada",2026-07-03
168,GCP,Cloud,Data Engineer,"Toronto, Canada",2026-07-03
168,Redshift,Cloud & Data Warehousing,Data Engineer,"Toronto, Canada",2026-07-03
168,BigQuery,Cloud & Data Warehousing,Data Engineer,"Toronto, Canada",2026-07-03
168,Airflow,Data Engineering,Data Engineer,"Toronto, Canada",2026-07-03
168,NoSQL,Databases,Data Engineer,"Toronto, Canada",2026-07-03
389,Python,Programming Language,Data Engineer,"New York, NY",2026-07-03
389,GCP,Cloud,Data Engineer,"New York, NY",2026-07-03
389,BigQuery,Cloud & Data Warehousing,Data Engineer,"New York, NY",2026-07-03
389,Spark,Big Data,Data Engineer,"New York, NY",2026-07-03
389,Hadoop,Big Data,Data Engineer,"New York, NY",2026-07-03
389,Docker,DevOps,Data Engineer,"New York, NY",2026-07-03
389,ETL,Data Engineering,Data Engineer,"New York, NY",2026-07-03
143,SQL,Programming Language,Data Analyst,"Delhi, India",2026-07-04
143,Excel,BI & Visualization,Data Analyst,"Delhi, India",2026-07-04
143,Power BI,BI & Visualization,Data Analyst,"Delhi, India",2026-07-04
143,Tableau,BI & Visualization,Data Analyst,"Delhi, India",2026-07-04
143,A/B Testing,Analytics,Data Analyst,"Delhi, India",2026-07-04
143,Data Warehousing,Data Engineering,Data Analyst,"Delhi, India",2026-07-04
433,Airflow,Data Engineering,ML Engineer,Singapore,2026-07-04
433,Kubernetes,DevOps,ML Engineer,Singapore,2026-07-04
433,PyTorch,Machine Learning & AI,ML Engineer,Singapore,2026-07-04
433,Scikit-learn,Machine Learning & AI,ML Engineer,Singapore,2026-07-04
433,NLP,Machine Learning & AI,ML Engineer,Singapore,2026-07-04
816,Docker,DevOps,ML Engineer,"Pune, India",2026-07-04
816,Machine Learning,Machine Learning & AI,ML Engineer,"Pune, India",2026-07-04
816,Deep Learning,Machine Learning & AI,ML Engineer,"Pune, India",2026-07-04
816,PyTorch,Machine Learning & AI,ML Engineer,"Pune, India",2026-07-04
816,NLP,Machine Learning & AI,ML Engineer,"Pune, India",2026-07-04
1199,AWS,Cloud,Data Engineer,"New York, NY",2026-07-04
1199,BigQuery,Cloud & Data Warehousing,Data Engineer,"New York, NY",2026-07-04
1199,Spark,Big Data,Data Engineer,"New York, NY",2026-07-04
1199,Hadoop,Big Data,Data Engineer,"New York, NY",2026-07-04
1199,Kafka,Big Data,Data Engineer,"New York, NY",2026-07-04
1199,ETL,Data Engineering,Data Engineer,"New York, NY",2026-07-04
1316,Python,Programming Language,ML Engineer,"Boston, MA",2026-07-04
1316,Airflow,Data Engineering,ML Engineer,"Boston, MA",2026-07-04
1316,Docker,DevOps,ML Engineer,"Boston, MA",2026-07-04
1316,PyTorch,Machine Learning & AI,ML Engineer,"Boston, MA",2026-07-04
1680,Python,Programming Language,Data Analyst,Remote,2026-07-04
1680,Power BI,BI & Visualization,Data Analyst,Remote,2026-07-04
1680,Tableau,BI & Visualization,Data Analyst,Remote,2026-07-04
1680,GCP,Cloud,Data Analyst,Remote,2026-07-04
1680,Git,DevOps,Data Analyst,Remote,2026-07-04
1699,SQL,Programming Language,Software Engineer,"San Francisco, CA",2026-07-04
1699,C++,Programming Language,Software Engineer,"San Francisco, CA",2026-07-04
1699,Docker,DevOps,Software Engineer,"San Francisco, CA",2026-07-04
1699,MongoDB,Databases,Software Engineer,"San Francisco, CA",2026-07-04
1699,Linux,DevOps,Software Engineer,"San Francisco, CA",2026-07-04
1707,Java,Programming Language,Software Engineer,"Berlin, Germany",2026-07-04
1707,AWS,Cloud,Software Engineer,"Berlin, Germany",2026-07-04
1707,Docker,DevOps,Software Engineer,"Berlin, Germany",2026-07-04
1707,Kubernetes,DevOps,Software Engineer,"Berlin, Germany",2026-07-04
1707,PostgreSQL,Databases,Software Engineer,"Berlin, Germany",2026-07-04
1969,Python,Programming Language,Data Analyst,"Boston, MA",2026-07-04
1969,Excel,BI & Visualization,Data Analyst,"Boston, MA",2026-07-04
1969,Power BI,BI & Visualization,Data Analyst,"Boston, MA",2026-07-04
1969,Tableau,BI & Visualization,Data Analyst,"Boston, MA",2026-07-04
1969,Git,DevOps,Data Analyst,"Boston, MA",2026-07-04
1969,Statistics,Analytics,Data Analyst,"Boston, MA",2026-07-04
282,Docker,DevOps,ML Engineer,"New York, NY",2026-07-05
282,Kubernetes,DevOps,ML Engineer,"New York, NY",2026-07-05
282,TensorFlow,Machine Learning & AI,ML Engineer,"New York, NY",2026-07-05
282,PyTorch,Machine Learning & AI,ML Engineer,"New York, NY",2026-07-05
282,Computer Vision,Machine Learning & AI,ML Engineer,"New York, NY",2026-07-05
460,Python,Programming Language,Data Scientist,"Austin, TX",2026-07-05
460,SQL,Programming Language,Data Scientist,"Austin, TX",2026-07-05
460,Machine Learning,Machine Learning & AI,Data Scientist,"Austin, TX",2026-07-05
460,PyTorch,Machine Learning & AI,Data Scientist,"Austin, TX",2026-07-05
460,Scikit-learn,Machine Learning & AI,Data Scientist,"Austin, TX",2026-07-05
460,A/B Testing,Analytics,Data Scientist,"Austin, TX",2026-07-05
512,SQL,Programming Language,Software Engineer,"Berlin, Germany",2026-07-05
512,Java,Programming Language,Software Engineer,"Berlin, Germany",2026-07-05
512,C++,Programming Language,Software Engineer,"Berlin, Germany",2026-07-05
512,MongoDB,Databases,Software Engineer,"Berlin, Germany",2026-07-05
512,Linux,DevOps,Software Engineer,"Berlin, Germany",2026-07-05
675,AWS,Cloud,ML Engineer,"Bengaluru, India",2026-07-05
675,Azure,Cloud,ML Engineer,"Bengaluru, India",2026-07-05
675,Docker,DevOps,ML Engineer,"Bengaluru, India",2026-07-05
675,Kubernetes,DevOps,ML Engineer,"Bengaluru, India",2026-07-05
675,TensorFlow,Machine Learning & AI,ML Engineer,"Bengaluru, India",2026-07-05
675,PyTorch,Machine Learning & AI,ML Engineer,"Bengaluru, India",2026-07-05
675,Computer Vision,Machine Learning & AI,ML Engineer,"Bengaluru, India",2026-07-05
1875,Python,Programming Language,Data Engineer,"Bengaluru, India",2026-07-05
1875,AWS,Cloud,Data Engineer,"Bengaluru, India",2026-07-05
1875,Hadoop,Big Data,Data Engineer,"Bengaluru, India",2026-07-05
1875,Airflow,Data Engineering,Data Engineer,"Bengaluru, India",2026-07-05
1875,Docker,DevOps,Data Engineer,"Bengaluru, India",2026-07-05
1875,ETL,Data Engineering,Data Engineer,"Bengaluru, India",2026-07-05
381,SQL,Programming Language,Data Engineer,Singapore,2026-07-06
381,Snowflake,Cloud & Data Warehousing,Data Engineer,Singapore,2026-07-06
381,BigQuery,Cloud & Data Warehousing,Data Engineer,Singapore,2026-07-06
381,Spark,Big Data,Data Engineer,Singapore,2026-07-06
381,Airflow,Data Engineering,Data Engineer,Singapore,2026-07-06
381,dbt,Data Engineering,Data Engineer,Singapore,2026-07-06
381,ETL,Data Engineering,Data Engineer,Singapore,2026-07-06
579,Python,Programming Language,Data Analyst,"Boston, MA",2026-07-06
579,Tableau,BI & Visualization,Data Analyst,"Boston, MA",2026-07-06
579,Statistics,Analytics,Data Analyst,"Boston, MA",2026-07-06
579,MongoDB,Databases,Data Analyst,"Boston, MA",2026-07-06
635,Python,Programming Language,Data Scientist,Remote,2026-07-06
635,R,Programming Language,Data Scientist,Remote,2026-07-06
635,SQL,Programming Language,Data Scientist,Remote,2026-07-06
635,Machine Learning,Machine Learning & AI,Data Scientist,Remote,2026-07-06
635,NLP,Machine Learning & AI,Data Scientist,Remote,2026-07-06
635,Computer Vision,Machine Learning & AI,Data Scientist,Remote,2026-07-06
927,AWS,Cloud,ML Engineer,Singapore,2026-07-06
927,Spark,Big Data,ML Engineer,Singapore,2026-07-06
927,Machine Learning,Machine Learning & AI,ML Engineer,Singapore,2026-07-06
927,TensorFlow,Machine Learning & AI,ML Engineer,Singapore,2026-07-06
927,PyTorch,Machine Learning & AI,ML Engineer,Singapore,2026-07-06
1413,Python,Programming Language,Data Scientist,Singapore,2026-07-06
1413,SQL,Programming Language,Data Scientist,Singapore,2026-07-06
1413,Tableau,BI & Visualization,Data Scientist,Singapore,2026-07-06
1413,Spark,Big Data,Data Scientist,Singapore,2026-07-06
1413,Machine Learning,Machine Learning & AI,Data Scientist,Singapore,2026-07-06
1413,Deep Learning,Machine Learning & AI,Data Scientist,Singapore,2026-07-06
1413,NLP,Machine Learning & AI,Data Scientist,Singapore,2026-07-06
1628,Python,Programming Language,Data Analyst,"Bengaluru, India",2026-07-06
1628,R,Programming Language,Data Analyst,"Bengaluru, India",2026-07-06
1628,SQL,Programming Language,Data Analyst,"Bengaluru, India",2026-07-06
1628,Excel,BI & Visualization,Data Analyst,"Bengaluru, India",2026-07-06
1628,Looker,BI & Visualization,Data Analyst,"Bengaluru, India",2026-07-06
358,Kubernetes,DevOps,ML Engineer,"Hyderabad, India",2026-07-07
358,Git,DevOps,ML Engineer,"Hyderabad, India",2026-07-07
358,Deep Learning,Machine Learning & AI,ML Engineer,"Hyderabad, India",2026-07-07
358,PyTorch,Machine Learning & AI,ML Engineer,"Hyderabad, India",2026-07-07
358,Scikit-learn,Machine Learning & AI,ML Engineer,"Hyderabad, India",2026-07-07
362,dbt,Data Engineering,Data Engineer,"Los Angeles, CA",2026-07-07
362,Docker,DevOps,Data Engineer,"Los Angeles, CA",2026-07-07
362,ETL,Data Engineering,Data Engineer,"Los Angeles, CA",2026-07-07
362,Data Warehousing,Data Engineering,Data Engineer,"Los Angeles, CA",2026-07-07
733,Spark,Big Data,ML Engineer,"Delhi, India",2026-07-07
733,Airflow,Data Engineering,ML Engineer,"Delhi, India",2026-07-07
733,Deep Learning,Machine Learning & AI,ML Engineer,"Delhi, India",2026-07-07
733,TensorFlow,Machine Learning & AI,ML Engineer,"Delhi, India",2026-07-07
766,Python,Programming Language,Data Analyst,"Pune, India",2026-07-07
766,R,Programming Language,Data Analyst,"Pune, India",2026-07-07
766,SQL,Programming Language,Data Analyst,"Pune, India",2026-07-07
766,Excel,BI & Visualization,Data Analyst,"Pune, India",2026-07-07
766,Tableau,BI & Visualization,Data Analyst,"Pune, India",2026-07-07
766,GCP,Cloud,Data Analyst,"Pune, India",2026-07-07
766,Statistics,Analytics,Data Analyst,"Pune, India",2026-07-07
1373,Java,Programming Language,Software Engineer,Singapore,2026-07-07
1373,JavaScript,Programming Language,Software Engineer,Singapore,2026-07-07
1373,Git,DevOps,Software Engineer,Singapore,2026-07-07
1373,NoSQL,Databases,Software Engineer,Singapore,2026-07-07
1373,REST API,Software Engineering,Software Engineer,Singapore,2026-07-07
1379,Python,Programming Language,Data Analyst,"San Francisco, CA",2026-07-07
1379,Excel,BI & Visualization,Data Analyst,"San Francisco, CA",2026-07-07
1379,Tableau,BI & Visualization,Data Analyst,"San Francisco, CA",2026-07-07
1379,Looker,BI & Visualization,Data Analyst,"San Francisco, CA",2026-07-07
1525,Python,Programming Language,Data Engineer,"Chicago, IL",2026-07-07
1525,AWS,Cloud,Data Engineer,"Chicago, IL",2026-07-07
1525,Azure,Cloud,Data Engineer,"Chicago, IL",2026-07-07
1525,Kafka,Big Data,Data Engineer,"Chicago, IL",2026-07-07
1525,Airflow,Data Engineering,Data Engineer,"Chicago, IL",2026-07-07
1525,dbt,Data Engineering,Data Engineer,"Chicago, IL",2026-07-07
1525,ETL,Data Engineering,Data Engineer,"Chicago, IL",2026-07-07
1589,Python,Programming Language,Data Analyst,Remote,2026-07-07
1589,SQL,Programming Language,Data Analyst,Remote,2026-07-07
1589,Power BI,BI & Visualization,Data Analyst,Remote,2026-07-07
1589,Statistics,Analytics,Data Analyst,Remote,2026-07-07
1589,ETL,Data Engineering,Data Analyst,Remote,2026-07-07
377,Python,Programming Language,Data Engineer,"Washington, DC",2026-07-08
377,Snowflake,Cloud & Data Warehousing,Data Engineer,"Washington, DC",2026-07-08
377,dbt,Data Engineering,Data Engineer,"Washington, DC",2026-07-08
377,Data Warehousing,Data Engineering,Data Engineer,"Washington, DC",2026-07-08
622,Python,Programming Language,ML Engineer,"Seattle, WA",2026-07-08
622,AWS,Cloud,ML Engineer,"Seattle, WA",2026-07-08
622,Machine Learning,Machine Learning & AI,ML Engineer,"Seattle, WA",2026-07-08
622,TensorFlow,Machine Learning & AI,ML Engineer,"Seattle, WA",2026-07-08
622,PyTorch,Machine Learning & AI,ML Engineer,"Seattle, WA",2026-07-08
622,Computer Vision,Machine Learning & AI,ML Engineer,"Seattle, WA",2026-07-08
1660,Python,Programming Language,Data Scientist,"Hyderabad, India",2026-07-08
1660,SQL,Programming Language,Data Scientist,"Hyderabad, India",2026-07-08
1660,Machine Learning,Machine Learning & AI,Data Scientist,"Hyderabad, India",2026-07-08
1660,Scikit-learn,Machine Learning & AI,Data Scientist,"Hyderabad, India",2026-07-08
1660,Computer Vision,Machine Learning & AI,Data Scientist,"Hyderabad, India",2026-07-08
1978,Python,Programming Language,Data Scientist,"Chicago, IL",2026-07-08
1978,R,Programming Language,Data Scientist,"Chicago, IL",2026-07-08
1978,SQL,Programming Language,Data Scientist,"Chicago, IL",2026-07-08
1978,PyTorch,Machine Learning & AI,Data Scientist,"Chicago, IL",2026-07-08
1978,Scikit-learn,Machine Learning & AI,Data Scientist,"Chicago, IL",2026-07-08
1978,A/B Testing,Analytics,Data Scientist,"Chicago, IL",2026-07-08
163,Python,Programming Language,Data Engineer,"San Francisco, CA",2026-07-09
163,SQL,Programming Language,Data Engineer,"San Francisco, CA",2026-07-09
163,Snowflake,Cloud & Data Warehousing,Data Engineer,"San Francisco, CA",2026-07-09
163,Redshift,Cloud & Data Warehousing,Data Engineer,"San Francisco, CA",2026-07-09
163,BigQuery,Cloud & Data Warehousing,Data Engineer,"San Francisco, CA",2026-07-09
163,dbt,Data Engineering,Data Engineer,"San Francisco, CA",2026-07-09
1035,Python,Programming Language,Software Engineer,"San Francisco, CA",2026-07-09
1035,Java,Programming Language,Software Engineer,"San Francisco, CA",2026-07-09
1035,Kubernetes,DevOps,Software Engineer,"San Francisco, CA",2026-07-09
1035,Git,DevOps,Software Engineer,"San Francisco, CA",2026-07-09
1035,NoSQL,Databases,Software Engineer,"San Francisco, CA",2026-07-09
1035,PostgreSQL,Databases,Software Engineer,"San Francisco, CA",2026-07-09
1035,Agile,Soft Skills & Methodology,Software Engineer,"San Francisco, CA",2026-07-09
1139,Python,Programming Language,ML Engineer,"Austin, TX",2026-07-09
1139,Machine Learning,Machine Learning & AI,ML Engineer,"Austin, TX",2026-07-09
1139,Deep Learning,Machine Learning & AI,ML Engineer,"Austin, TX",2026-07-09
1139,TensorFlow,Machine Learning & AI,ML Engineer,"Austin, TX",2026-07-09
1139,PyTorch,Machine Learning & AI,ML Engineer,"Austin, TX",2026-07-09
1567,SQL,Programming Language,Data Engineer,"Hyderabad, India",2026-07-09
1567,AWS,Cloud,Data Engineer,"Hyderabad, India",2026-07-09
1567,Snowflake,Cloud & Data Warehousing,Data Engineer,"Hyderabad, India",2026-07-09
1567,Redshift,Cloud & Data Warehousing,Data Engineer,"Hyderabad, India",2026-07-09
1567,BigQuery,Cloud & Data Warehousing,Data Engineer,"Hyderabad, India",2026-07-09
1567,Spark,Big Data,Data Engineer,"Hyderabad, India",2026-07-09
1567,ETL,Data Engineering,Data Engineer,"Hyderabad, India",2026-07-09
1567,Data Warehousing,Data Engineering,Data Engineer,"Hyderabad, India",2026-07-09
1991,Python,Programming Language,Data Analyst,"San Francisco, CA",2026-07-09
1991,Excel,BI & Visualization,Data Analyst,"San Francisco, CA",2026-07-09
1991,A/B Testing,Analytics,Data Analyst,"San Francisco, CA",2026-07-09
1991,ETL,Data Engineering,Data Analyst,"San Francisco, CA",2026-07-09
1991,Data Warehousing,Data Engineering,Data Analyst,"San Francisco, CA",2026-07-09
21,Python,Programming Language,Data Scientist,"Dublin, Ireland",2026-07-10
21,R,Programming Language,Data Scientist,"Dublin, Ireland",2026-07-10
21,Deep Learning,Machine Learning & AI,Data Scientist,"Dublin, Ireland",2026-07-10
21,A/B Testing,Analytics,Data Scientist,"Dublin, Ireland",2026-07-10
277,Python,Programming Language,ML Engineer,Remote,2026-07-10
277,Spark,Big Data,ML Engineer,Remote,2026-07-10
277,Machine Learning,Machine Learning & AI,ML Engineer,Remote,2026-07-10
277,TensorFlow,Machine Learning & AI,ML Engineer,Remote,2026-07-10
277,Scikit-learn,Machine Learning & AI,ML Engineer,Remote,2026-07-10
277,NLP,Machine Learning & AI,ML Engineer,Remote,2026-07-10
277,Computer Vision,Machine Learning & AI,ML Engineer,Remote,2026-07-10
707,SQL,Programming Language,Data Analyst,"Bengaluru, India",2026-07-10
707,Excel,BI & Visualization,Data Analyst,"Bengaluru, India",2026-07-10
707,Power BI,BI & Visualization,Data Analyst,"Bengaluru, India",2026-07-10
707,Looker,BI & Visualization,Data Analyst,"Bengaluru, India",2026-07-10
707,GCP,Cloud,Data Analyst,"Bengaluru, India",2026-07-10
707,Git,DevOps,Data Analyst,"Bengaluru, India",2026-07-10
707,Statistics,Analytics,Data Analyst,"Bengaluru, India",2026-07-10
1178,Python,Programming Language,ML Engineer,"Bengaluru, India",2026-07-10
1178,Spark,Big Data,ML Engineer,"Bengaluru, India",2026-07-10
1178,Kubernetes,DevOps,ML Engineer,"Bengaluru, India",2026-07-10
1178,PyTorch,Machine Learning & AI,ML Engineer,"Bengaluru, India",2026-07-10
1178,Scikit-learn,Machine Learning & AI,ML Engineer,"Bengaluru, India",2026-07-10
1178,NLP,Machine Learning & AI,ML Engineer,"Bengaluru, India",2026-07-10
1452,Python,Programming Language,Data Analyst,"Bengaluru, India",2026-07-10
1452,SQL,Programming Language,Data Analyst,"Bengaluru, India",2026-07-10
1452,Excel,BI & Visualization,Data Analyst,"Bengaluru, India",2026-07-10
1452,Tableau,BI & Visualization,Data Analyst,"Bengaluru, India",2026-07-10
1452,Git,DevOps,Data Analyst,"Bengaluru, India",2026-07-10
1452,A/B Testing,Analytics,Data Analyst,"Bengaluru, India",2026-07-10
1452,MongoDB,Databases,Data Analyst,"Bengaluru, India",2026-07-10
1593,Python,Programming Language,Software Engineer,"New York, NY",2026-07-10
1593,AWS,Cloud,Software Engineer,"New York, NY",2026-07-10
1593,Git,DevOps,Software Engineer,"New York, NY",2026-07-10
1593,PostgreSQL,Databases,Software Engineer,"New York, NY",2026-07-10
1593,Linux,DevOps,Software Engineer,"New York, NY",2026-07-10
1593,Agile,Soft Skills & Methodology,Software Engineer,"New York, NY",2026-07-10
1743,Python,Programming Language,ML Engineer,"London, UK",2026-07-10
1743,Kubernetes,DevOps,ML Engineer,"London, UK",2026-07-10
1743,Machine Learning,Machine Learning & AI,ML Engineer,"London, UK",2026-07-10
1743,Deep Learning,Machine Learning & AI,ML Engineer,"London, UK",2026-07-10
1743,TensorFlow,Machine Learning & AI,ML Engineer,"London, UK",2026-07-10
1743,NLP,Machine Learning & AI,ML Engineer,"London, UK",2026-07-10
1743,Computer Vision,Machine Learning & AI,ML Engineer,"London, UK",2026-07-10
193,Python,Programming Language,Data Analyst,"Toronto, Canada",2026-07-11
193,R,Programming Language,Data Analyst,"Toronto, Canada",2026-07-11
193,Statistics,Analytics,Data Analyst,"Toronto, Canada",2026-07-11
193,MongoDB,Databases,Data Analyst,"Toronto, Canada",2026-07-11
420,Machine Learning,Machine Learning & AI,Data Scientist,"Boston, MA",2026-07-11
420,TensorFlow,Machine Learning & AI,Data Scientist,"Boston, MA",2026-07-11
420,PyTorch,Machine Learning & AI,Data Scientist,"Boston, MA",2026-07-11
420,Scikit-learn,Machine Learning & AI,Data Scientist,"Boston, MA",2026-07-11
420,NLP,Machine Learning & AI,Data Scientist,"Boston, MA",2026-07-11
420,A/B Testing,Analytics,Data Scientist,"Boston, MA",2026-07-11
939,Python,Programming Language,ML Engineer,"Pune, India",2026-07-11
939,Git,DevOps,ML Engineer,"Pune, India",2026-07-11
939,TensorFlow,Machine Learning & AI,ML Engineer,"Pune, India",2026-07-11
939,PyTorch,Machine Learning & AI,ML Engineer,"Pune, India",2026-07-11
939,Computer Vision,Machine Learning & AI,ML Engineer,"Pune, India",2026-07-11
984,Python,Programming Language,Software Engineer,"Seattle, WA",2026-07-11
984,Java,Programming Language,Software Engineer,"Seattle, WA",2026-07-11
984,JavaScript,Programming Language,Software Engineer,"Seattle, WA",2026-07-11
984,Docker,DevOps,Software Engineer,"Seattle, WA",2026-07-11
984,Git,DevOps,Software Engineer,"Seattle, WA",2026-07-11
984,REST API,Software Engineering,Software Engineer,"Seattle, WA",2026-07-11
1033,Python,Programming Language,Software Engineer,"Los Angeles, CA",2026-07-11
1033,SQL,Programming Language,Software Engineer,"Los Angeles, CA",2026-07-11
1033,Git,DevOps,Software Engineer,"Los Angeles, CA",2026-07-11
1033,Linux,DevOps,Software Engineer,"Los Angeles, CA",2026-07-11
1033,Agile,Soft Skills & Methodology,Software Engineer,"Los Angeles, CA",2026-07-11
1046,SQL,Programming Language,Data Engineer,"New York, NY",2026-07-11
1046,BigQuery,Cloud & Data Warehousing,Data Engineer,"New York, NY",2026-07-11
1046,Airflow,Data Engineering,Data Engineer,"New York, NY",2026-07-11
1046,ETL,Data Engineering,Data Engineer,"New York, NY",2026-07-11
1210,SQL,Programming Language,Data Analyst,"Atlanta, GA",2026-07-11
1210,Excel,BI & Visualization,Data Analyst,"Atlanta, GA",2026-07-11
1210,Power BI,BI & Visualization,Data Analyst,"Atlanta, GA",2026-07-11
1210,A/B Testing,Analytics,Data Analyst,"Atlanta, GA",2026-07-11
1402,SQL,Programming Language,Data Engineer,"San Francisco, CA",2026-07-11
1402,AWS,Cloud,Data Engineer,"San Francisco, CA",2026-07-11
1402,Snowflake,Cloud & Data Warehousing,Data Engineer,"San Francisco, CA",2026-07-11
1402,Spark,Big Data,Data Engineer,"San Francisco, CA",2026-07-11
1402,dbt,Data Engineering,Data Engineer,"San Francisco, CA",2026-07-11
1402,Data Warehousing,Data Engineering,Data Engineer,"San Francisco, CA",2026-07-11
1576,AWS,Cloud,Data Engineer,"Pune, India",2026-07-11
1576,Snowflake,Cloud & Data Warehousing,Data Engineer,"Pune, India",2026-07-11
1576,Redshift,Cloud & Data Warehousing,Data Engineer,"Pune, India",2026-07-11
1576,Airflow,Data Engineering,Data Engineer,"Pune, India",2026-07-11
1576,dbt,Data Engineering,Data Engineer,"Pune, India",2026-07-11
1576,ETL,Data Engineering,Data Engineer,"Pune, India",2026-07-11
1598,Python,Programming Language,Data Analyst,"Denver, CO",2026-07-11
1598,SQL,Programming Language,Data Analyst,"Denver, CO",2026-07-11
1598,Excel,BI & Visualization,Data Analyst,"Denver, CO",2026-07-11
1598,Tableau,BI & Visualization,Data Analyst,"Denver, CO",2026-07-11
1598,Git,DevOps,Data Analyst,"Denver, CO",2026-07-11
1598,Statistics,Analytics,Data Analyst,"Denver, CO",2026-07-11
1598,Data Warehousing,Data Engineering,Data Analyst,"Denver, CO",2026-07-11
31,Python,Programming Language,Data Scientist,"Seattle, WA",2026-07-12
31,SQL,Programming Language,Data Scientist,"Seattle, WA",2026-07-12
31,Tableau,BI & Visualization,Data Scientist,"Seattle, WA",2026-07-12
31,Machine Learning,Machine Learning & AI,Data Scientist,"Seattle, WA",2026-07-12
31,PyTorch,Machine Learning & AI,Data Scientist,"Seattle, WA",2026-07-12
31,Scikit-learn,Machine Learning & AI,Data Scientist,"Seattle, WA",2026-07-12
31,A/B Testing,Analytics,Data Scientist,"Seattle, WA",2026-07-12
438,Python,Programming Language,Data Analyst,"Seattle, WA",2026-07-12
438,Excel,BI & Visualization,Data Analyst,"Seattle, WA",2026-07-12
438,Tableau,BI & Visualization,Data Analyst,"Seattle, WA",2026-07-12
438,Statistics,Analytics,Data Analyst,"Seattle, WA",2026-07-12
465,Python,Programming Language,ML Engineer,"Austin, TX",2026-07-12
465,AWS,Cloud,ML Engineer,"Austin, TX",2026-07-12
465,Machine Learning,Machine Learning & AI,ML Engineer,"Austin, TX",2026-07-12
465,Deep Learning,Machine Learning & AI,ML Engineer,"Austin, TX",2026-07-12
851,AWS,Cloud,ML Engineer,"Pune, India",2026-07-12
851,Spark,Big Data,ML Engineer,"Pune, India",2026-07-12
851,Kubernetes,DevOps,ML Engineer,"Pune, India",2026-07-12
851,Machine Learning,Machine Learning & AI,ML Engineer,"Pune, India",2026-07-12
851,Deep Learning,Machine Learning & AI,ML Engineer,"Pune, India",2026-07-12
851,PyTorch,Machine Learning & AI,ML Engineer,"Pune, India",2026-07-12
851,Scikit-learn,Machine Learning & AI,ML Engineer,"Pune, India",2026-07-12
1302,Python,Programming Language,ML Engineer,"Hyderabad, India",2026-07-12
1302,Spark,Big Data,ML Engineer,"Hyderabad, India",2026-07-12
1302,Kubernetes,DevOps,ML Engineer,"Hyderabad, India",2026-07-12
1302,Machine Learning,Machine Learning & AI,ML Engineer,"Hyderabad, India",2026-07-12
1302,TensorFlow,Machine Learning & AI,ML Engineer,"Hyderabad, India",2026-07-12
1302,PyTorch,Machine Learning & AI,ML Engineer,"Hyderabad, India",2026-07-12
1483,Python,Programming Language,Data Analyst,Remote,2026-07-12
1483,R,Programming Language,Data Analyst,Remote,2026-07-12
1483,SQL,Programming Language,Data Analyst,Remote,2026-07-12
1483,Excel,BI & Visualization,Data Analyst,Remote,2026-07-12
1483,Statistics,Analytics,Data Analyst,Remote,2026-07-12
1483,A/B Testing,Analytics,Data Analyst,Remote,2026-07-12
1629,AWS,Cloud,ML Engineer,"Berlin, Germany",2026-07-12
1629,Docker,DevOps,ML Engineer,"Berlin, Germany",2026-07-12
1629,Machine Learning,Machine Learning & AI,ML Engineer,"Berlin, Germany",2026-07-12
1629,TensorFlow,Machine Learning & AI,ML Engineer,"Berlin, Germany",2026-07-12
1629,PyTorch,Machine Learning & AI,ML Engineer,"Berlin, Germany",2026-07-12
1629,Scikit-learn,Machine Learning & AI,ML Engineer,"Berlin, Germany",2026-07-12
1629,NLP,Machine Learning & AI,ML Engineer,"Berlin, Germany",2026-07-12
1996,Python,Programming Language,Data Scientist,"Mumbai, India",2026-07-12
1996,R,Programming Language,Data Scientist,"Mumbai, India",2026-07-12
1996,Power BI,BI & Visualization,Data Scientist,"Mumbai, India",2026-07-12
1996,Deep Learning,Machine Learning & AI,Data Scientist,"Mumbai, India",2026-07-12
1996,Statistics,Analytics,Data Scientist,"Mumbai, India",2026-07-12
41,SQL,Programming Language,Data Engineer,Remote,2026-07-13
41,Spark,Big Data,Data Engineer,Remote,2026-07-13
41,Airflow,Data Engineering,Data Engineer,Remote,2026-07-13
41,dbt,Data Engineering,Data Engineer,Remote,2026-07-13
41,ETL,Data Engineering,Data Engineer,Remote,2026-07-13
102,Python,Programming Language,Data Engineer,"Atlanta, GA",2026-07-13
102,Azure,Cloud,Data Engineer,"Atlanta, GA",2026-07-13
102,GCP,Cloud,Data Engineer,"Atlanta, GA",2026-07-13
102,Hadoop,Big Data,Data Engineer,"Atlanta, GA",2026-07-13
192,Python,Programming Language,ML Engineer,"Denver, CO",2026-07-13
192,Azure,Cloud,ML Engineer,"Denver, CO",2026-07-13
192,Spark,Big Data,ML Engineer,"Denver, CO",2026-07-13
192,Docker,DevOps,ML Engineer,"Denver, CO",2026-07-13
192,Kubernetes,DevOps,ML Engineer,"Denver, CO",2026-07-13
192,TensorFlow,Machine Learning & AI,ML Engineer,"Denver, CO",2026-07-13
1552,C++,Programming Language,Software Engineer,"New York, NY",2026-07-13
1552,AWS,Cloud,Software Engineer,"New York, NY",2026-07-13
1552,Docker,DevOps,Software Engineer,"New York, NY",2026-07-13
1552,Git,DevOps,Software Engineer,"New York, NY",2026-07-13
1552,NoSQL,Databases,Software Engineer,"New York, NY",2026-07-13
1552,MongoDB,Databases,Software Engineer,"New York, NY",2026-07-13
1552,REST API,Software Engineering,Software Engineer,"New York, NY",2026-07-13
1823,SQL,Programming Language,Data Engineer,"Pune, India",2026-07-13
1823,AWS,Cloud,Data Engineer,"Pune, India",2026-07-13
1823,Spark,Big Data,Data Engineer,"Pune, India",2026-07-13
1823,Airflow,Data Engineering,Data Engineer,"Pune, India",2026-07-13
1823,Data Warehousing,Data Engineering,Data Engineer,"Pune, India",2026-07-13
26,SQL,Programming Language,Data Scientist,Singapore,2026-07-14
26,Deep Learning,Machine Learning & AI,Data Scientist,Singapore,2026-07-14
26,PyTorch,Machine Learning & AI,Data Scientist,Singapore,2026-07-14
26,NLP,Machine Learning & AI,Data Scientist,Singapore,2026-07-14
26,Computer Vision,Machine Learning & AI,Data Scientist,Singapore,2026-07-14
183,SQL,Programming Language,Software Engineer,"Berlin, Germany",2026-07-14
183,Java,Programming Language,Software Engineer,"Berlin, Germany",2026-07-14
183,C++,Programming Language,Software Engineer,"Berlin, Germany",2026-07-14
183,AWS,Cloud,Software Engineer,"Berlin, Germany",2026-07-14
183,Git,DevOps,Software Engineer,"Berlin, Germany",2026-07-14
183,NoSQL,Databases,Software Engineer,"Berlin, Germany",2026-07-14
183,Agile,Soft Skills & Methodology,Software Engineer,"Berlin, Germany",2026-07-14
815,SQL,Programming Language,Data Engineer,Remote,2026-07-15
815,Snowflake,Cloud & Data Warehousing,Data Engineer,Remote,2026-07-15
815,Spark,Big Data,Data Engineer,Remote,2026-07-15
815,ETL,Data Engineering,Data Engineer,Remote,2026-07-15
859,Snowflake,Cloud & Data Warehousing,Data Engineer,"Berlin, Germany",2026-07-15
859,Spark,Big Data,Data Engineer,"Berlin, Germany",2026-07-15
859,Kafka,Big Data,Data Engineer,"Berlin, Germany",2026-07-15
859,Airflow,Data Engineering,Data Engineer,"Berlin, Germany",2026-07-15
859,dbt,Data Engineering,Data Engineer,"Berlin, Germany",2026-07-15
1079,Tableau,BI & Visualization,Data Scientist,"Berlin, Germany",2026-07-15
1079,Machine Learning,Machine Learning & AI,Data Scientist,"Berlin, Germany",2026-07-15
1079,Scikit-learn,Machine Learning & AI,Data Scientist,"Berlin, Germany",2026-07-15
1079,Statistics,Analytics,Data Scientist,"Berlin, Germany",2026-07-15
1369,SQL,Programming Language,Data Scientist,"Hyderabad, India",2026-07-15
1369,AWS,Cloud,Data Scientist,"Hyderabad, India",2026-07-15
1369,Machine Learning,Machine Learning & AI,Data Scientist,"Hyderabad, India",2026-07-15
1369,Scikit-learn,Machine Learning & AI,Data Scientist,"Hyderabad, India",2026-07-15
1369,A/B Testing,Analytics,Data Scientist,"Hyderabad, India",2026-07-15
37,SQL,Programming Language,Data Analyst,"New York, NY",2026-07-16
37,Power BI,BI & Visualization,Data Analyst,"New York, NY",2026-07-16
37,Looker,BI & Visualization,Data Analyst,"New York, NY",2026-07-16
37,Statistics,Analytics,Data Analyst,"New York, NY",2026-07-16
37,Data Warehousing,Data Engineering,Data Analyst,"New York, NY",2026-07-16
191,Python,Programming Language,ML Engineer,"San Francisco, CA",2026-07-16
191,Kubernetes,DevOps,ML Engineer,"San Francisco, CA",2026-07-16
191,Machine Learning,Machine Learning & AI,ML Engineer,"San Francisco, CA",2026-07-16
191,Deep Learning,Machine Learning & AI,ML Engineer,"San Francisco, CA",2026-07-16
191,TensorFlow,Machine Learning & AI,ML Engineer,"San Francisco, CA",2026-07-16
191,PyTorch,Machine Learning & AI,ML Engineer,"San Francisco, CA",2026-07-16
191,Computer Vision,Machine Learning & AI,ML Engineer,"San Francisco, CA",2026-07-16
479,SQL,Programming Language,Data Scientist,"Boston, MA",2026-07-16
479,Computer Vision,Machine Learning & AI,Data Scientist,"Boston, MA",2026-07-16
479,Statistics,Analytics,Data Scientist,"Boston, MA",2026-07-16
479,A/B Testing,Analytics,Data Scientist,"Boston, MA",2026-07-16
738,Python,Programming Language,Data Analyst,Remote,2026-07-16
738,SQL,Programming Language,Data Analyst,Remote,2026-07-16
738,Excel,BI & Visualization,Data Analyst,Remote,2026-07-16
738,Power BI,BI & Visualization,Data Analyst,Remote,2026-07-16
738,Tableau,BI & Visualization,Data Analyst,Remote,2026-07-16
738,Statistics,Analytics,Data Analyst,Remote,2026-07-16
738,ETL,Data Engineering,Data Analyst,Remote,2026-07-16
935,SQL,Programming Language,Data Analyst,"Chicago, IL",2026-07-16
935,Power BI,BI & Visualization,Data Analyst,"Chicago, IL",2026-07-16
935,Tableau,BI & Visualization,Data Analyst,"Chicago, IL",2026-07-16
935,Git,DevOps,Data Analyst,"Chicago, IL",2026-07-16
935,Statistics,Analytics,Data Analyst,"Chicago, IL",2026-07-16
935,ETL,Data Engineering,Data Analyst,"Chicago, IL",2026-07-16
1561,Python,Programming Language,ML Engineer,"Mumbai, India",2026-07-16
1561,AWS,Cloud,ML Engineer,"Mumbai, India",2026-07-16
1561,PyTorch,Machine Learning & AI,ML Engineer,"Mumbai, India",2026-07-16
1561,Scikit-learn,Machine Learning & AI,ML Engineer,"Mumbai, India",2026-07-16
1561,Computer Vision,Machine Learning & AI,ML Engineer,"Mumbai, India",2026-07-16
198,Python,Programming Language,Software Engineer,"Pune, India",2026-07-17
198,Java,Programming Language,Software Engineer,"Pune, India",2026-07-17
198,JavaScript,Programming Language,Software Engineer,"Pune, India",2026-07-17
198,Docker,DevOps,Software Engineer,"Pune, India",2026-07-17
198,Kubernetes,DevOps,Software Engineer,"Pune, India",2026-07-17
198,NoSQL,Databases,Software Engineer,"Pune, India",2026-07-17
1988,Python,Programming Language,Data Analyst,"Austin, TX",2026-07-17
1988,R,Programming Language,Data Analyst,"Austin, TX",2026-07-17
1988,SQL,Programming Language,Data Analyst,"Austin, TX",2026-07-17
1988,Excel,BI & Visualization,Data Analyst,"Austin, TX",2026-07-17
1988,Statistics,Analytics,Data Analyst,"Austin, TX",2026-07-17
602,R,Programming Language,Data Analyst,"Washington, DC",2026-07-18
602,SQL,Programming Language,Data Analyst,"Washington, DC",2026-07-18
602,Excel,BI & Visualization,Data Analyst,"Washington, DC",2026-07-18
602,Power BI,BI & Visualization,Data Analyst,"Washington, DC",2026-07-18
602,A/B Testing,Analytics,Data Analyst,"Washington, DC",2026-07-18
602,ETL,Data Engineering,Data Analyst,"Washington, DC",2026-07-18
1646,Spark,Big Data,ML Engineer,"London, UK",2026-07-18
1646,Docker,DevOps,ML Engineer,"London, UK",2026-07-18
1646,Git,DevOps,ML Engineer,"London, UK",2026-07-18
1646,Deep Learning,Machine Learning & AI,ML Engineer,"London, UK",2026-07-18
195,Python,Programming Language,ML Engineer,"Bengaluru, India",2026-07-19
195,AWS,Cloud,ML Engineer,"Bengaluru, India",2026-07-19
195,Spark,Big Data,ML Engineer,"Bengaluru, India",2026-07-19
195,Deep Learning,Machine Learning & AI,ML Engineer,"Bengaluru, India",2026-07-19
195,TensorFlow,Machine Learning & AI,ML Engineer,"Bengaluru, India",2026-07-19
195,PyTorch,Machine Learning & AI,ML Engineer,"Bengaluru, India",2026-07-19
195,Scikit-learn,Machine Learning & AI,ML Engineer,"Bengaluru, India",2026-07-19
561,Python,Programming Language,Data Scientist,"Seattle, WA",2026-07-19
561,SQL,Programming Language,Data Scientist,"Seattle, WA",2026-07-19
561,AWS,Cloud,Data Scientist,"Seattle, WA",2026-07-19
561,PyTorch,Machine Learning & AI,Data Scientist,"Seattle, WA",2026-07-19
561,Statistics,Analytics,Data Scientist,"Seattle, WA",2026-07-19
561,A/B Testing,Analytics,Data Scientist,"Seattle, WA",2026-07-19
1994,Python,Programming Language,Data Engineer,"Mumbai, India",2026-07-19
1994,Spark,Big Data,Data Engineer,"Mumbai, India",2026-07-19
1994,Hadoop,Big Data,Data Engineer,"Mumbai, India",2026-07-19
1994,Kafka,Big Data,Data Engineer,"Mumbai, India",2026-07-19
1994,Airflow,Data Engineering,Data Engineer,"Mumbai, India",2026-07-19
1994,dbt,Data Engineering,Data Engineer,"Mumbai, India",2026-07-19
1994,ETL,Data Engineering,Data Engineer,"Mumbai, India",2026-07-19
33,Python,Programming Language,Data Engineer,Singapore,2026-07-20
33,Snowflake,Cloud & Data Warehousing,Data Engineer,Singapore,2026-07-20
33,BigQuery,Cloud & Data Warehousing,Data Engineer,Singapore,2026-07-20
33,Airflow,Data Engineering,Data Engineer,Singapore,2026-07-20
33,Docker,DevOps,Data Engineer,Singapore,2026-07-20
325,Redshift,Cloud & Data Warehousing,Data Engineer,Remote,2026-07-20
325,Spark,Big Data,Data Engineer,Remote,2026-07-20
325,Airflow,Data Engineering,Data Engineer,Remote,2026-07-20
325,ETL,Data Engineering,Data Engineer,Remote,2026-07-20
1112,Python,Programming Language,Data Scientist,"Mumbai, India",2026-07-20
1112,SQL,Programming Language,Data Scientist,"Mumbai, India",2026-07-20
1112,Machine Learning,Machine Learning & AI,Data Scientist,"Mumbai, India",2026-07-20
1112,Deep Learning,Machine Learning & AI,Data Scientist,"Mumbai, India",2026-07-20
1112,TensorFlow,Machine Learning & AI,Data Scientist,"Mumbai, India",2026-07-20
1112,Statistics,Analytics,Data Scientist,"Mumbai, India",2026-07-20
231,Azure,Cloud,Data Engineer,Remote,2026-07-21
231,Spark,Big Data,Data Engineer,Remote,2026-07-21
231,Hadoop,Big Data,Data Engineer,Remote,2026-07-21
231,Data Warehousing,Data Engineering,Data Engineer,Remote,2026-07-21
313,Airflow,Data Engineering,ML Engineer,"Berlin, Germany",2026-07-21
313,Docker,DevOps,ML Engineer,"Berlin, Germany",2026-07-21
313,Kubernetes,DevOps,ML Engineer,"Berlin, Germany",2026-07-21
313,Machine Learning,Machine Learning & AI,ML Engineer,"Berlin, Germany",2026-07-21
313,Deep Learning,Machine Learning & AI,ML Engineer,"Berlin, Germany",2026-07-21
313,TensorFlow,Machine Learning & AI,ML Engineer,"Berlin, Germany",2026-07-21
313,PyTorch,Machine Learning & AI,ML Engineer,"Berlin, Germany",2026-07-21
313,NLP,Machine Learning & AI,ML Engineer,"Berlin, Germany",2026-07-21
632,SQL,Programming Language,Software Engineer,Remote,2026-07-21
632,JavaScript,Programming Language,Software Engineer,Remote,2026-07-21
632,Docker,DevOps,Software Engineer,Remote,2026-07-21
632,Kubernetes,DevOps,Software Engineer,Remote,2026-07-21
632,Linux,DevOps,Software Engineer,Remote,2026-07-21
937,Python,Programming Language,Software Engineer,"Austin, TX",2026-07-21
937,SQL,Programming Language,Software Engineer,"Austin, TX",2026-07-21
937,JavaScript,Programming Language,Software Engineer,"Austin, TX",2026-07-21
937,Docker,DevOps,Software Engineer,"Austin, TX",2026-07-21
937,PostgreSQL,Databases,Software Engineer,"Austin, TX",2026-07-21
1154,Python,Programming Language,Software Engineer,"Mumbai, India",2026-07-21
1154,SQL,Programming Language,Software Engineer,"Mumbai, India",2026-07-21
1154,JavaScript,Programming Language,Software Engineer,"Mumbai, India",2026-07-21
1154,NoSQL,Databases,Software Engineer,"Mumbai, India",2026-07-21
1154,REST API,Software Engineering,Software Engineer,"Mumbai, India",2026-07-21
1193,Python,Programming Language,ML Engineer,"New York, NY",2026-07-21
1193,Spark,Big Data,ML Engineer,"New York, NY",2026-07-21
1193,Docker,DevOps,ML Engineer,"New York, NY",2026-07-21
1193,Git,DevOps,ML Engineer,"New York, NY",2026-07-21
1193,Deep Learning,Machine Learning & AI,ML Engineer,"New York, NY",2026-07-21
1193,TensorFlow,Machine Learning & AI,ML Engineer,"New York, NY",2026-07-21
1193,NLP,Machine Learning & AI,ML Engineer,"New York, NY",2026-07-21
1904,SQL,Programming Language,Data Analyst,"Bengaluru, India",2026-07-21
1904,Tableau,BI & Visualization,Data Analyst,"Bengaluru, India",2026-07-21
1904,Looker,BI & Visualization,Data Analyst,"Bengaluru, India",2026-07-21
1904,GCP,Cloud,Data Analyst,"Bengaluru, India",2026-07-21
1904,Git,DevOps,Data Analyst,"Bengaluru, India",2026-07-21
1904,A/B Testing,Analytics,Data Analyst,"Bengaluru, India",2026-07-21
11,Python,Programming Language,Data Scientist,"Toronto, Canada",2026-07-22
11,TensorFlow,Machine Learning & AI,Data Scientist,"Toronto, Canada",2026-07-22
11,Scikit-learn,Machine Learning & AI,Data Scientist,"Toronto, Canada",2026-07-22
11,Computer Vision,Machine Learning & AI,Data Scientist,"Toronto, Canada",2026-07-22
11,A/B Testing,Analytics,Data Scientist,"Toronto, Canada",2026-07-22
412,SQL,Programming Language,Data Engineer,"Hyderabad, India",2026-07-22
412,Snowflake,Cloud & Data Warehousing,Data Engineer,"Hyderabad, India",2026-07-22
412,Redshift,Cloud & Data Warehousing,Data Engineer,"Hyderabad, India",2026-07-22
412,BigQuery,Cloud & Data Warehousing,Data Engineer,"Hyderabad, India",2026-07-22
412,dbt,Data Engineering,Data Engineer,"Hyderabad, India",2026-07-22
412,ETL,Data Engineering,Data Engineer,"Hyderabad, India",2026-07-22
448,Python,Programming Language,Data Scientist,"Toronto, Canada",2026-07-22
448,SQL,Programming Language,Data Scientist,"Toronto, Canada",2026-07-22
448,Machine Learning,Machine Learning & AI,Data Scientist,"Toronto, Canada",2026-07-22
448,TensorFlow,Machine Learning & AI,Data Scientist,"Toronto, Canada",2026-07-22
448,Statistics,Analytics,Data Scientist,"Toronto, Canada",2026-07-22
923,Power BI,BI & Visualization,Data Scientist,"San Francisco, CA",2026-07-22
923,Machine Learning,Machine Learning & AI,Data Scientist,"San Francisco, CA",2026-07-22
923,Scikit-learn,Machine Learning & AI,Data Scientist,"San Francisco, CA",2026-07-22
923,NLP,Machine Learning & AI,Data Scientist,"San Francisco, CA",2026-07-22
923,Statistics,Analytics,Data Scientist,"San Francisco, CA",2026-07-22
1391,Python,Programming Language,Data Engineer,"Toronto, Canada",2026-07-22
1391,AWS,Cloud,Data Engineer,"Toronto, Canada",2026-07-22
1391,Spark,Big Data,Data Engineer,"Toronto, Canada",2026-07-22
1391,Airflow,Data Engineering,Data Engineer,"Toronto, Canada",2026-07-22
1391,NoSQL,Databases,Data Engineer,"Toronto, Canada",2026-07-22
1788,Python,Programming Language,Software Engineer,Singapore,2026-07-22
1788,SQL,Programming Language,Software Engineer,Singapore,2026-07-22
1788,JavaScript,Programming Language,Software Engineer,Singapore,2026-07-22
1788,Docker,DevOps,Software Engineer,Singapore,2026-07-22
1788,PostgreSQL,Databases,Software Engineer,Singapore,2026-07-22
1788,Linux,DevOps,Software Engineer,Singapore,2026-07-22
1788,REST API,Software Engineering,Software Engineer,Singapore,2026-07-22
338,SQL,Programming Language,Data Analyst,Remote,2026-07-23
338,Excel,BI & Visualization,Data Analyst,Remote,2026-07-23
338,Power BI,BI & Visualization,Data Analyst,Remote,2026-07-23
338,A/B Testing,Analytics,Data Analyst,Remote,2026-07-23
560,Python,Programming Language,Software Engineer,"Atlanta, GA",2026-07-23
560,Java,Programming Language,Software Engineer,"Atlanta, GA",2026-07-23
560,Git,DevOps,Software Engineer,"Atlanta, GA",2026-07-23
560,REST API,Software Engineering,Software Engineer,"Atlanta, GA",2026-07-23
564,Python,Programming Language,Data Engineer,Remote,2026-07-23
564,Spark,Big Data,Data Engineer,Remote,2026-07-23
564,ETL,Data Engineering,Data Engineer,Remote,2026-07-23
564,NoSQL,Databases,Data Engineer,Remote,2026-07-23
650,AWS,Cloud,Data Engineer,"Hyderabad, India",2026-07-23
650,Redshift,Cloud & Data Warehousing,Data Engineer,"Hyderabad, India",2026-07-23
650,Spark,Big Data,Data Engineer,"Hyderabad, India",2026-07-23
650,Kafka,Big Data,Data Engineer,"Hyderabad, India",2026-07-23
650,Airflow,Data Engineering,Data Engineer,"Hyderabad, India",2026-07-23
650,Docker,DevOps,Data Engineer,"Hyderabad, India",2026-07-23
650,ETL,Data Engineering,Data Engineer,"Hyderabad, India",2026-07-23
965,Python,Programming Language,Data Scientist,"New York, NY",2026-07-23
965,NLP,Machine Learning & AI,Data Scientist,"New York, NY",2026-07-23
965,Statistics,Analytics,Data Scientist,"New York, NY",2026-07-23
965,A/B Testing,Analytics,Data Scientist,"New York, NY",2026-07-23
1142,Python,Programming Language,Data Analyst,Remote,2026-07-23
1142,Excel,BI & Visualization,Data Analyst,Remote,2026-07-23
1142,Looker,BI & Visualization,Data Analyst,Remote,2026-07-23
1142,Git,DevOps,Data Analyst,Remote,2026-07-23
1142,A/B Testing,Analytics,Data Analyst,Remote,2026-07-23
1142,Data Warehousing,Data Engineering,Data Analyst,Remote,2026-07-23
1716,SQL,Programming Language,Data Scientist,"Berlin, Germany",2026-07-23
1716,AWS,Cloud,Data Scientist,"Berlin, Germany",2026-07-23
1716,Machine Learning,Machine Learning & AI,Data Scientist,"Berlin, Germany",2026-07-23
1716,A/B Testing,Analytics,Data Scientist,"Berlin, Germany",2026-07-23
170,AWS,Cloud,ML Engineer,"Los Angeles, CA",2026-07-24
170,Docker,DevOps,ML Engineer,"Los Angeles, CA",2026-07-24
170,Machine Learning,Machine Learning & AI,ML Engineer,"Los Angeles, CA",2026-07-24
170,Deep Learning,Machine Learning & AI,ML Engineer,"Los Angeles, CA",2026-07-24
170,PyTorch,Machine Learning & AI,ML Engineer,"Los Angeles, CA",2026-07-24
170,Computer Vision,Machine Learning & AI,ML Engineer,"Los Angeles, CA",2026-07-24
768,Python,Programming Language,Data Scientist,"London, UK",2026-07-24
768,SQL,Programming Language,Data Scientist,"London, UK",2026-07-24
768,AWS,Cloud,Data Scientist,"London, UK",2026-07-24
768,Machine Learning,Machine Learning & AI,Data Scientist,"London, UK",2026-07-24
768,Scikit-learn,Machine Learning & AI,Data Scientist,"London, UK",2026-07-24
768,NLP,Machine Learning & AI,Data Scientist,"London, UK",2026-07-24
768,A/B Testing,Analytics,Data Scientist,"London, UK",2026-07-24
883,JavaScript,Programming Language,Software Engineer,"San Francisco, CA",2026-07-24
883,Docker,DevOps,Software Engineer,"San Francisco, CA",2026-07-24
883,Git,DevOps,Software Engineer,"San Francisco, CA",2026-07-24
883,MongoDB,Databases,Software Engineer,"San Francisco, CA",2026-07-24
883,PostgreSQL,Databases,Software Engineer,"San Francisco, CA",2026-07-24
1021,Spark,Big Data,ML Engineer,"Bengaluru, India",2026-07-24
1021,Kubernetes,DevOps,ML Engineer,"Bengaluru, India",2026-07-24
1021,Machine Learning,Machine Learning & AI,ML Engineer,"Bengaluru, India",2026-07-24
1021,PyTorch,Machine Learning & AI,ML Engineer,"Bengaluru, India",2026-07-24
1021,Scikit-learn,Machine Learning & AI,ML Engineer,"Bengaluru, India",2026-07-24
1021,NLP,Machine Learning & AI,ML Engineer,"Bengaluru, India",2026-07-24
1321,Azure,Cloud,ML Engineer,"Denver, CO",2026-07-24
1321,Git,DevOps,ML Engineer,"Denver, CO",2026-07-24
1321,Machine Learning,Machine Learning & AI,ML Engineer,"Denver, CO",2026-07-24
1321,Deep Learning,Machine Learning & AI,ML Engineer,"Denver, CO",2026-07-24
1321,TensorFlow,Machine Learning & AI,ML Engineer,"Denver, CO",2026-07-24
1321,PyTorch,Machine Learning & AI,ML Engineer,"Denver, CO",2026-07-24
1321,Computer Vision,Machine Learning & AI,ML Engineer,"Denver, CO",2026-07-24
1341,Python,Programming Language,Data Analyst,"San Francisco, CA",2026-07-24
1341,Excel,BI & Visualization,Data Analyst,"San Francisco, CA",2026-07-24
1341,Power BI,BI & Visualization,Data Analyst,"San Francisco, CA",2026-07-24
1341,Looker,BI & Visualization,Data Analyst,"San Francisco, CA",2026-07-24
1341,Git,DevOps,Data Analyst,"San Francisco, CA",2026-07-24
1341,ETL,Data Engineering,Data Analyst,"San Francisco, CA",2026-07-24
1341,Data Warehousing,Data Engineering,Data Analyst,"San Francisco, CA",2026-07-24
1448,Python,Programming Language,Data Engineer,"Pune, India",2026-07-24
1448,SQL,Programming Language,Data Engineer,"Pune, India",2026-07-24
1448,Snowflake,Cloud & Data Warehousing,Data Engineer,"Pune, India",2026-07-24
1448,Spark,Big Data,Data Engineer,"Pune, India",2026-07-24
1448,Hadoop,Big Data,Data Engineer,"Pune, India",2026-07-24
1448,Kafka,Big Data,Data Engineer,"Pune, India",2026-07-24
1448,Data Warehousing,Data Engineering,Data Engineer,"Pune, India",2026-07-24
1560,Python,Programming Language,ML Engineer,"Bengaluru, India",2026-07-24
1560,AWS,Cloud,ML Engineer,"Bengaluru, India",2026-07-24
1560,Airflow,Data Engineering,ML Engineer,"Bengaluru, India",2026-07-24
1560,Docker,DevOps,ML Engineer,"Bengaluru, India",2026-07-24
1560,Machine Learning,Machine Learning & AI,ML Engineer,"Bengaluru, India",2026-07-24
1560,Deep Learning,Machine Learning & AI,ML Engineer,"Bengaluru, India",2026-07-24
1560,TensorFlow,Machine Learning & AI,ML Engineer,"Bengaluru, India",2026-07-24
1681,SQL,Programming Language,Data Engineer,"San Francisco, CA",2026-07-24
1681,Snowflake,Cloud & Data Warehousing,Data Engineer,"San Francisco, CA",2026-07-24
1681,Spark,Big Data,Data Engineer,"San Francisco, CA",2026-07-24
1681,Hadoop,Big Data,Data Engineer,"San Francisco, CA",2026-07-24
1681,ETL,Data Engineering,Data Engineer,"San Francisco, CA",2026-07-24
1792,Python,Programming Language,Data Engineer,"Bengaluru, India",2026-07-24
1792,SQL,Programming Language,Data Engineer,"Bengaluru, India",2026-07-24
1792,GCP,Cloud,Data Engineer,"Bengaluru, India",2026-07-24
1792,Redshift,Cloud & Data Warehousing,Data Engineer,"Bengaluru, India",2026-07-24
1792,Airflow,Data Engineering,Data Engineer,"Bengaluru, India",2026-07-24
1792,Data Warehousing,Data Engineering,Data Engineer,"Bengaluru, India",2026-07-24
279,Python,Programming Language,Software Engineer,"Seattle, WA",2026-07-25
279,Java,Programming Language,Software Engineer,"Seattle, WA",2026-07-25
279,Docker,DevOps,Software Engineer,"Seattle, WA",2026-07-25
279,Git,DevOps,Software Engineer,"Seattle, WA",2026-07-25
279,REST API,Software Engineering,Software Engineer,"Seattle, WA",2026-07-25
760,SQL,Programming Language,Data Engineer,"Pune, India",2026-07-25
760,Spark,Big Data,Data Engineer,"Pune, India",2026-07-25
760,Airflow,Data Engineering,Data Engineer,"Pune, India",2026-07-25
760,ETL,Data Engineering,Data Engineer,"Pune, India",2026-07-25
760,Data Warehousing,Data Engineering,Data Engineer,"Pune, India",2026-07-25
760,NoSQL,Databases,Data Engineer,"Pune, India",2026-07-25
1013,Python,Programming Language,Data Scientist,Singapore,2026-07-25
1013,SQL,Programming Language,Data Scientist,Singapore,2026-07-25
1013,Tableau,BI & Visualization,Data Scientist,Singapore,2026-07-25
1013,Machine Learning,Machine Learning & AI,Data Scientist,Singapore,2026-07-25
1013,Deep Learning,Machine Learning & AI,Data Scientist,Singapore,2026-07-25
1013,PyTorch,Machine Learning & AI,Data Scientist,Singapore,2026-07-25
1013,Statistics,Analytics,Data Scientist,Singapore,2026-07-25
1474,Python,Programming Language,Data Engineer,"Austin, TX",2026-07-25
1474,SQL,Programming Language,Data Engineer,"Austin, TX",2026-07-25
1474,Azure,Cloud,Data Engineer,"Austin, TX",2026-07-25
1474,Redshift,Cloud & Data Warehousing,Data Engineer,"Austin, TX",2026-07-25
1474,BigQuery,Cloud & Data Warehousing,Data Engineer,"Austin, TX",2026-07-25
1474,Airflow,Data Engineering,Data Engineer,"Austin, TX",2026-07-25
1474,ETL,Data Engineering,Data Engineer,"Austin, TX",2026-07-25
1497,Python,Programming Language,Data Analyst,"Denver, CO",2026-07-25
1497,R,Programming Language,Data Analyst,"Denver, CO",2026-07-25
1497,Excel,BI & Visualization,Data Analyst,"Denver, CO",2026-07-25
1497,Power BI,BI & Visualization,Data Analyst,"Denver, CO",2026-07-25
1497,Tableau,BI & Visualization,Data Analyst,"Denver, CO",2026-07-25
1497,Looker,BI & Visualization,Data Analyst,"Denver, CO",2026-07-25
1497,Git,DevOps,Data Analyst,"Denver, CO",2026-07-25
1992,Python,Programming Language,Data Analyst,"Seattle, WA",2026-07-25
1992,Excel,BI & Visualization,Data Analyst,"Seattle, WA",2026-07-25
1992,Tableau,BI & Visualization,Data Analyst,"Seattle, WA",2026-07-25
1992,Statistics,Analytics,Data Analyst,"Seattle, WA",2026-07-25
15,Machine Learning,Machine Learning & AI,Data Scientist,"San Francisco, CA",2026-07-26
15,Deep Learning,Machine Learning & AI,Data Scientist,"San Francisco, CA",2026-07-26
15,NLP,Machine Learning & AI,Data Scientist,"San Francisco, CA",2026-07-26
15,Computer Vision,Machine Learning & AI,Data Scientist,"San Francisco, CA",2026-07-26
65,Azure,Cloud,ML Engineer,"San Francisco, CA",2026-07-27
65,Spark,Big Data,ML Engineer,"San Francisco, CA",2026-07-27
65,Machine Learning,Machine Learning & AI,ML Engineer,"San Francisco, CA",2026-07-27
65,Deep Learning,Machine Learning & AI,ML Engineer,"San Francisco, CA",2026-07-27
65,Computer Vision,Machine Learning & AI,ML Engineer,"San Francisco, CA",2026-07-27
421,Python,Programming Language,Data Analyst,"Berlin, Germany",2026-07-27
421,Excel,BI & Visualization,Data Analyst,"Berlin, Germany",2026-07-27
421,GCP,Cloud,Data Analyst,"Berlin, Germany",2026-07-27
421,Statistics,Analytics,Data Analyst,"Berlin, Germany",2026-07-27
421,A/B Testing,Analytics,Data Analyst,"Berlin, Germany",2026-07-27
421,ETL,Data Engineering,Data Analyst,"Berlin, Germany",2026-07-27
421,Data Warehousing,Data Engineering,Data Analyst,"Berlin, Germany",2026-07-27
516,Python,Programming Language,Software Engineer,"Austin, TX",2026-07-27
516,Java,Programming Language,Software Engineer,"Austin, TX",2026-07-27
516,JavaScript,Programming Language,Software Engineer,"Austin, TX",2026-07-27
516,C++,Programming Language,Software Engineer,"Austin, TX",2026-07-27
516,AWS,Cloud,Software Engineer,"Austin, TX",2026-07-27
516,Docker,DevOps,Software Engineer,"Austin, TX",2026-07-27
530,Python,Programming Language,ML Engineer,"San Francisco, CA",2026-07-27
530,Deep Learning,Machine Learning & AI,ML Engineer,"San Francisco, CA",2026-07-27
530,TensorFlow,Machine Learning & AI,ML Engineer,"San Francisco, CA",2026-07-27
530,PyTorch,Machine Learning & AI,ML Engineer,"San Francisco, CA",2026-07-27
548,AWS,Cloud,Software Engineer,"Mumbai, India",2026-07-27
548,Docker,DevOps,Software Engineer,"Mumbai, India",2026-07-27
548,MongoDB,Databases,Software Engineer,"Mumbai, India",2026-07-27
548,Linux,DevOps,Software Engineer,"Mumbai, India",2026-07-27
548,REST API,Software Engineering,Software Engineer,"Mumbai, India",2026-07-27
1507,SQL,Programming Language,Data Analyst,"Washington, DC",2026-07-27
1507,Power BI,BI & Visualization,Data Analyst,"Washington, DC",2026-07-27
1507,Tableau,BI & Visualization,Data Analyst,"Washington, DC",2026-07-27
1507,Data Warehousing,Data Engineering,Data Analyst,"Washington, DC",2026-07-27
1844,Python,Programming Language,Data Analyst,Remote,2026-07-27
1844,SQL,Programming Language,Data Analyst,Remote,2026-07-27
1844,Excel,BI & Visualization,Data Analyst,Remote,2026-07-27
1844,Power BI,BI & Visualization,Data Analyst,Remote,2026-07-27
1844,Tableau,BI & Visualization,Data Analyst,Remote,2026-07-27
1844,GCP,Cloud,Data Analyst,Remote,2026-07-27
1844,Git,DevOps,Data Analyst,Remote,2026-07-27
57,R,Programming Language,Data Analyst,"Austin, TX",2026-07-28
57,SQL,Programming Language,Data Analyst,"Austin, TX",2026-07-28
57,Excel,BI & Visualization,Data Analyst,"Austin, TX",2026-07-28
57,Tableau,BI & Visualization,Data Analyst,"Austin, TX",2026-07-28
57,Git,DevOps,Data Analyst,"Austin, TX",2026-07-28
57,Statistics,Analytics,Data Analyst,"Austin, TX",2026-07-28
57,Data Warehousing,Data Engineering,Data Analyst,"Austin, TX",2026-07-28
427,SQL,Programming Language,Data Analyst,"Chicago, IL",2026-07-28
427,Excel,BI & Visualization,Data Analyst,"Chicago, IL",2026-07-28
427,Power BI,BI & Visualization,Data Analyst,"Chicago, IL",2026-07-28
427,Tableau,BI & Visualization,Data Analyst,"Chicago, IL",2026-07-28
427,Statistics,Analytics,Data Analyst,"Chicago, IL",2026-07-28
1036,Python,Programming Language,ML Engineer,"New York, NY",2026-07-28
1036,Azure,Cloud,ML Engineer,"New York, NY",2026-07-28
1036,Spark,Big Data,ML Engineer,"New York, NY",2026-07-28
1036,Machine Learning,Machine Learning & AI,ML Engineer,"New York, NY",2026-07-28
1036,Deep Learning,Machine Learning & AI,ML Engineer,"New York, NY",2026-07-28
1036,Scikit-learn,Machine Learning & AI,ML Engineer,"New York, NY",2026-07-28
1036,Computer Vision,Machine Learning & AI,ML Engineer,"New York, NY",2026-07-28
1151,SQL,Programming Language,Data Engineer,"San Francisco, CA",2026-07-28
1151,Snowflake,Cloud & Data Warehousing,Data Engineer,"San Francisco, CA",2026-07-28
1151,Spark,Big Data,Data Engineer,"San Francisco, CA",2026-07-28
1151,ETL,Data Engineering,Data Engineer,"San Francisco, CA",2026-07-28
1300,SQL,Programming Language,Software Engineer,"San Francisco, CA",2026-07-28
1300,Java,Programming Language,Software Engineer,"San Francisco, CA",2026-07-28
1300,Docker,DevOps,Software Engineer,"San Francisco, CA",2026-07-28
1300,MongoDB,Databases,Software Engineer,"San Francisco, CA",2026-07-28
1300,REST API,Software Engineering,Software Engineer,"San Francisco, CA",2026-07-28
194,Python,Programming Language,Software Engineer,"Hyderabad, India",2026-07-29
194,JavaScript,Programming Language,Software Engineer,"Hyderabad, India",2026-07-29
194,Docker,DevOps,Software Engineer,"Hyderabad, India",2026-07-29
194,Git,DevOps,Software Engineer,"Hyderabad, India",2026-07-29
194,Linux,DevOps,Software Engineer,"Hyderabad, India",2026-07-29
194,REST API,Software Engineering,Software Engineer,"Hyderabad, India",2026-07-29
194,Agile,Soft Skills & Methodology,Software Engineer,"Hyderabad, India",2026-07-29
648,Python,Programming Language,Software Engineer,Singapore,2026-07-29
648,SQL,Programming Language,Software Engineer,Singapore,2026-07-29
648,Java,Programming Language,Software Engineer,Singapore,2026-07-29
648,JavaScript,Programming Language,Software Engineer,Singapore,2026-07-29
648,Docker,DevOps,Software Engineer,Singapore,2026-07-29
648,Git,DevOps,Software Engineer,Singapore,2026-07-29
648,REST API,Software Engineering,Software Engineer,Singapore,2026-07-29
866,Python,Programming Language,ML Engineer,"Berlin, Germany",2026-07-29
866,AWS,Cloud,ML Engineer,"Berlin, Germany",2026-07-29
866,Airflow,Data Engineering,ML Engineer,"Berlin, Germany",2026-07-29
866,Kubernetes,DevOps,ML Engineer,"Berlin, Germany",2026-07-29
866,Machine Learning,Machine Learning & AI,ML Engineer,"Berlin, Germany",2026-07-29
866,TensorFlow,Machine Learning & AI,ML Engineer,"Berlin, Germany",2026-07-29
866,PyTorch,Machine Learning & AI,ML Engineer,"Berlin, Germany",2026-07-29
866,Computer Vision,Machine Learning & AI,ML Engineer,"Berlin, Germany",2026-07-29
1255,AWS,Cloud,ML Engineer,"Hyderabad, India",2026-07-29
1255,Git,DevOps,ML Engineer,"Hyderabad, India",2026-07-29
1255,Machine Learning,Machine Learning & AI,ML Engineer,"Hyderabad, India",2026-07-29
1255,Deep Learning,Machine Learning & AI,ML Engineer,"Hyderabad, India",2026-07-29
1255,PyTorch,Machine Learning & AI,ML Engineer,"Hyderabad, India",2026-07-29
1515,Python,Programming Language,Software Engineer,"Boston, MA",2026-07-29
1515,SQL,Programming Language,Software Engineer,"Boston, MA",2026-07-29
1515,JavaScript,Programming Language,Software Engineer,"Boston, MA",2026-07-29
1515,AWS,Cloud,Software Engineer,"Boston, MA",2026-07-29
1515,Docker,DevOps,Software Engineer,"Boston, MA",2026-07-29
1515,Agile,Soft Skills & Methodology,Software Engineer,"Boston, MA",2026-07-29
1924,R,Programming Language,Data Scientist,"Berlin, Germany",2026-07-29
1924,PyTorch,Machine Learning & AI,Data Scientist,"Berlin, Germany",2026-07-29
1924,Scikit-learn,Machine Learning & AI,Data Scientist,"Berlin, Germany",2026-07-29
1924,Computer Vision,Machine Learning & AI,Data Scientist,"Berlin, Germany",2026-07-29
1924,Statistics,Analytics,Data Scientist,"Berlin, Germany",2026-07-29
1924,A/B Testing,Analytics,Data Scientist,"Berlin, Germany",2026-07-29
697,AWS,Cloud,ML Engineer,"Seattle, WA",2026-07-30
697,Spark,Big Data,ML Engineer,"Seattle, WA",2026-07-30
697,Airflow,Data Engineering,ML Engineer,"Seattle, WA",2026-07-30
697,Docker,DevOps,ML Engineer,"Seattle, WA",2026-07-30
697,Deep Learning,Machine Learning & AI,ML Engineer,"Seattle, WA",2026-07-30
697,TensorFlow,Machine Learning & AI,ML Engineer,"Seattle, WA",2026-07-30
697,Scikit-learn,Machine Learning & AI,ML Engineer,"Seattle, WA",2026-07-30
862,Python,Programming Language,ML Engineer,"Austin, TX",2026-07-30
862,Kubernetes,DevOps,ML Engineer,"Austin, TX",2026-07-30
862,Machine Learning,Machine Learning & AI,ML Engineer,"Austin, TX",2026-07-30
862,Deep Learning,Machine Learning & AI,ML Engineer,"Austin, TX",2026-07-30
862,TensorFlow,Machine Learning & AI,ML Engineer,"Austin, TX",2026-07-30
862,PyTorch,Machine Learning & AI,ML Engineer,"Austin, TX",2026-07-30
862,Scikit-learn,Machine Learning & AI,ML Engineer,"Austin, TX",2026-07-30
862,NLP,Machine Learning & AI,ML Engineer,"Austin, TX",2026-07-30
1227,Python,Programming Language,ML Engineer,"Berlin, Germany",2026-07-30
1227,Spark,Big Data,ML Engineer,"Berlin, Germany",2026-07-30
1227,Docker,DevOps,ML Engineer,"Berlin, Germany",2026-07-30
1227,Kubernetes,DevOps,ML Engineer,"Berlin, Germany",2026-07-30
1227,PyTorch,Machine Learning & AI,ML Engineer,"Berlin, Germany",2026-07-30
1227,Scikit-learn,Machine Learning & AI,ML Engineer,"Berlin, Germany",2026-07-30
1227,NLP,Machine Learning & AI,ML Engineer,"Berlin, Germany",2026-07-30
1772,Python,Programming Language,Data Analyst,"Toronto, Canada",2026-07-30
1772,R,Programming Language,Data Analyst,"Toronto, Canada",2026-07-30
1772,Excel,BI & Visualization,Data Analyst,"Toronto, Canada",2026-07-30
1772,Looker,BI & Visualization,Data Analyst,"Toronto, Canada",2026-07-30
1772,A/B Testing,Analytics,Data Analyst,"Toronto, Canada",2026-07-30
1772,Data Warehousing,Data Engineering,Data Analyst,"Toronto, Canada",2026-07-30
204,Python,Programming Language,Software Engineer,"Dublin, Ireland",2026-07-31
204,JavaScript,Programming Language,Software Engineer,"Dublin, Ireland",2026-07-31
204,AWS,Cloud,Software Engineer,"Dublin, Ireland",2026-07-31
204,Git,DevOps,Software Engineer,"Dublin, Ireland",2026-07-31
204,NoSQL,Databases,Software Engineer,"Dublin, Ireland",2026-07-31
204,MongoDB,Databases,Software Engineer,"Dublin, Ireland",2026-07-31
263,SQL,Programming Language,Software Engineer,"New York, NY",2026-07-31
263,JavaScript,Programming Language,Software Engineer,"New York, NY",2026-07-31
263,C++,Programming Language,Software Engineer,"New York, NY",2026-07-31
263,AWS,Cloud,Software Engineer,"New York, NY",2026-07-31
263,Git,DevOps,Software Engineer,"New York, NY",2026-07-31
631,Python,Programming Language,ML Engineer,"San Francisco, CA",2026-07-31
631,Docker,DevOps,ML Engineer,"San Francisco, CA",2026-07-31
631,Kubernetes,DevOps,ML Engineer,"San Francisco, CA",2026-07-31
631,Machine Learning,Machine Learning & AI,ML Engineer,"San Francisco, CA",2026-07-31
631,Deep Learning,Machine Learning & AI,ML Engineer,"San Francisco, CA",2026-07-31
631,TensorFlow,Machine Learning & AI,ML Engineer,"San Francisco, CA",2026-07-31
631,Computer Vision,Machine Learning & AI,ML Engineer,"San Francisco, CA",2026-07-31
857,R,Programming Language,Data Scientist,"New York, NY",2026-07-31
857,SQL,Programming Language,Data Scientist,"New York, NY",2026-07-31
857,Machine Learning,Machine Learning & AI,Data Scientist,"New York, NY",2026-07-31
857,Deep Learning,Machine Learning & AI,Data Scientist,"New York, NY",2026-07-31
857,NLP,Machine Learning & AI,Data Scientist,"New York, NY",2026-07-31
857,Statistics,Analytics,Data Scientist,"New York, NY",2026-07-31
857,A/B Testing,Analytics,Data Scientist,"New York, NY",2026-07-31
1240,Azure,Cloud,ML Engineer,"New York, NY",2026-07-31
1240,Kubernetes,DevOps,ML Engineer,"New York, NY",2026-07-31
1240,Machine Learning,Machine Learning & AI,ML Engineer,"New York, NY",2026-07-31
1240,Deep Learning,Machine Learning & AI,ML Engineer,"New York, NY",2026-07-31
1240,PyTorch,Machine Learning & AI,ML Engineer,"New York, NY",2026-07-31
1944,Python,Programming Language,Data Engineer,"San Francisco, CA",2026-07-31
1944,SQL,Programming Language,Data Engineer,"San Francisco, CA",2026-07-31
1944,Snowflake,Cloud & Data Warehousing,Data Engineer,"San Francisco, CA",2026-07-31
1944,BigQuery,Cloud & Data Warehousing,Data Engineer,"San Francisco, CA",2026-07-31
1944,Spark,Big Data,Data Engineer,"San Francisco, CA",2026-07-31
1944,ETL,Data Engineering,Data Engineer,"San Francisco, CA",2026-07-31
1944,Data Warehousing,Data Engineering,Data Engineer,"San Francisco, CA",2026-07-31
283,Machine Learning,Machine Learning & AI,Data Scientist,Remote,2026-08-01
283,Deep Learning,Machine Learning & AI,Data Scientist,Remote,2026-08-01
283,TensorFlow,Machine Learning & AI,Data Scientist,Remote,2026-08-01
283,NLP,Machine Learning & AI,Data Scientist,Remote,2026-08-01
283,Computer Vision,Machine Learning & AI,Data Scientist,Remote,2026-08-01
283,Statistics,Analytics,Data Scientist,Remote,2026-08-01
283,A/B Testing,Analytics,Data Scientist,Remote,2026-08-01
787,Python,Programming Language,ML Engineer,Remote,2026-08-01
787,AWS,Cloud,ML Engineer,Remote,2026-08-01
787,Docker,DevOps,ML Engineer,Remote,2026-08-01
787,Kubernetes,DevOps,ML Engineer,Remote,2026-08-01
787,Git,DevOps,ML Engineer,Remote,2026-08-01
787,Deep Learning,Machine Learning & AI,ML Engineer,Remote,2026-08-01
833,Python,Programming Language,Data Engineer,"Chicago, IL",2026-08-01
833,SQL,Programming Language,Data Engineer,"Chicago, IL",2026-08-01
833,Spark,Big Data,Data Engineer,"Chicago, IL",2026-08-01
833,Airflow,Data Engineering,Data Engineer,"Chicago, IL",2026-08-01
833,dbt,Data Engineering,Data Engineer,"Chicago, IL",2026-08-01
833,ETL,Data Engineering,Data Engineer,"Chicago, IL",2026-08-01
1080,Python,Programming Language,Data Engineer,"New York, NY",2026-08-01
1080,SQL,Programming Language,Data Engineer,"New York, NY",2026-08-01
1080,Snowflake,Cloud & Data Warehousing,Data Engineer,"New York, NY",2026-08-01
1080,Kafka,Big Data,Data Engineer,"New York, NY",2026-08-01
1080,dbt,Data Engineering,Data Engineer,"New York, NY",2026-08-01
1324,Python,Programming Language,Data Scientist,"Bengaluru, India",2026-08-01
1324,SQL,Programming Language,Data Scientist,"Bengaluru, India",2026-08-01
1324,Machine Learning,Machine Learning & AI,Data Scientist,"Bengaluru, India",2026-08-01
1324,Deep Learning,Machine Learning & AI,Data Scientist,"Bengaluru, India",2026-08-01
1324,TensorFlow,Machine Learning & AI,Data Scientist,"Bengaluru, India",2026-08-01
1324,Scikit-learn,Machine Learning & AI,Data Scientist,"Bengaluru, India",2026-08-01
1324,Computer Vision,Machine Learning & AI,Data Scientist,"Bengaluru, India",2026-08-01
1705,Python,Programming Language,Data Engineer,"Toronto, Canada",2026-08-01
1705,AWS,Cloud,Data Engineer,"Toronto, Canada",2026-08-01
1705,Snowflake,Cloud & Data Warehousing,Data Engineer,"Toronto, Canada",2026-08-01
1705,BigQuery,Cloud & Data Warehousing,Data Engineer,"Toronto, Canada",2026-08-01
1705,Kafka,Big Data,Data Engineer,"Toronto, Canada",2026-08-01
1705,Airflow,Data Engineering,Data Engineer,"Toronto, Canada",2026-08-01
1705,ETL,Data Engineering,Data Engineer,"Toronto, Canada",2026-08-01
1738,Python,Programming Language,Data Analyst,"Denver, CO",2026-08-01
1738,SQL,Programming Language,Data Analyst,"Denver, CO",2026-08-01
1738,Excel,BI & Visualization,Data Analyst,"Denver, CO",2026-08-01
1738,GCP,Cloud,Data Analyst,"Denver, CO",2026-08-01
1738,Statistics,Analytics,Data Analyst,"Denver, CO",2026-08-01
1738,A/B Testing,Analytics,Data Analyst,"Denver, CO",2026-08-01
1738,Data Warehousing,Data Engineering,Data Analyst,"Denver, CO",2026-08-01
828,Python,Programming Language,ML Engineer,"Hyderabad, India",2026-08-02
828,Spark,Big Data,ML Engineer,"Hyderabad, India",2026-08-02
828,Kubernetes,DevOps,ML Engineer,"Hyderabad, India",2026-08-02
828,TensorFlow,Machine Learning & AI,ML Engineer,"Hyderabad, India",2026-08-02
848,SQL,Programming Language,Data Scientist,"Seattle, WA",2026-08-02
848,Machine Learning,Machine Learning & AI,Data Scientist,"Seattle, WA",2026-08-02
848,PyTorch,Machine Learning & AI,Data Scientist,"Seattle, WA",2026-08-02
848,Computer Vision,Machine Learning & AI,Data Scientist,"Seattle, WA",2026-08-02
917,Docker,DevOps,ML Engineer,"Bengaluru, India",2026-08-02
917,Git,DevOps,ML Engineer,"Bengaluru, India",2026-08-02
917,Machine Learning,Machine Learning & AI,ML Engineer,"Bengaluru, India",2026-08-02
917,Deep Learning,Machine Learning & AI,ML Engineer,"Bengaluru, India",2026-08-02
917,TensorFlow,Machine Learning & AI,ML Engineer,"Bengaluru, India",2026-08-02
917,Scikit-learn,Machine Learning & AI,ML Engineer,"Bengaluru, India",2026-08-02
1211,Python,Programming Language,Data Engineer,"Seattle, WA",2026-08-02
1211,SQL,Programming Language,Data Engineer,"Seattle, WA",2026-08-02
1211,BigQuery,Cloud & Data Warehousing,Data Engineer,"Seattle, WA",2026-08-02
1211,Spark,Big Data,Data Engineer,"Seattle, WA",2026-08-02
1211,Airflow,Data Engineering,Data Engineer,"Seattle, WA",2026-08-02
1287,Python,Programming Language,Data Scientist,"Atlanta, GA",2026-08-02
1287,SQL,Programming Language,Data Scientist,"Atlanta, GA",2026-08-02
1287,Spark,Big Data,Data Scientist,"Atlanta, GA",2026-08-02
1287,Deep Learning,Machine Learning & AI,Data Scientist,"Atlanta, GA",2026-08-02
1689,Python,Programming Language,ML Engineer,"Hyderabad, India",2026-08-02
1689,AWS,Cloud,ML Engineer,"Hyderabad, India",2026-08-02
1689,Docker,DevOps,ML Engineer,"Hyderabad, India",2026-08-02
1689,Kubernetes,DevOps,ML Engineer,"Hyderabad, India",2026-08-02
1689,Machine Learning,Machine Learning & AI,ML Engineer,"Hyderabad, India",2026-08-02
1689,Deep Learning,Machine Learning & AI,ML Engineer,"Hyderabad, India",2026-08-02
1852,SQL,Programming Language,Data Engineer,"San Francisco, CA",2026-08-02
1852,AWS,Cloud,Data Engineer,"San Francisco, CA",2026-08-02
1852,Snowflake,Cloud & Data Warehousing,Data Engineer,"San Francisco, CA",2026-08-02
1852,BigQuery,Cloud & Data Warehousing,Data Engineer,"San Francisco, CA",2026-08-02
1852,dbt,Data Engineering,Data Engineer,"San Francisco, CA",2026-08-02
1852,ETL,Data Engineering,Data Engineer,"San Francisco, CA",2026-08-02
1852,Data Warehousing,Data Engineering,Data Engineer,"San Francisco, CA",2026-08-02
458,SQL,Programming Language,Software Engineer,Remote,2026-08-03
458,Java,Programming Language,Software Engineer,Remote,2026-08-03
458,Git,DevOps,Software Engineer,Remote,2026-08-03
458,Linux,DevOps,Software Engineer,Remote,2026-08-03
458,Agile,Soft Skills & Methodology,Software Engineer,Remote,2026-08-03
838,Machine Learning,Machine Learning & AI,Data Scientist,"Berlin, Germany",2026-08-03
838,TensorFlow,Machine Learning & AI,Data Scientist,"Berlin, Germany",2026-08-03
838,Scikit-learn,Machine Learning & AI,Data Scientist,"Berlin, Germany",2026-08-03
838,NLP,Machine Learning & AI,Data Scientist,"Berlin, Germany",2026-08-03
838,Computer Vision,Machine Learning & AI,Data Scientist,"Berlin, Germany",2026-08-03
838,A/B Testing,Analytics,Data Scientist,"Berlin, Germany",2026-08-03
1096,Python,Programming Language,Data Analyst,"Los Angeles, CA",2026-08-03
1096,SQL,Programming Language,Data Analyst,"Los Angeles, CA",2026-08-03
1096,Power BI,BI & Visualization,Data Analyst,"Los Angeles, CA",2026-08-03
1096,Statistics,Analytics,Data Analyst,"Los Angeles, CA",2026-08-03
1096,Data Warehousing,Data Engineering,Data Analyst,"Los Angeles, CA",2026-08-03
1188,Python,Programming Language,ML Engineer,"Bengaluru, India",2026-08-03
1188,AWS,Cloud,ML Engineer,"Bengaluru, India",2026-08-03
1188,Docker,DevOps,ML Engineer,"Bengaluru, India",2026-08-03
1188,Deep Learning,Machine Learning & AI,ML Engineer,"Bengaluru, India",2026-08-03
1188,Scikit-learn,Machine Learning & AI,ML Engineer,"Bengaluru, India",2026-08-03
232,JavaScript,Programming Language,Software Engineer,"Austin, TX",2026-08-04
232,C++,Programming Language,Software Engineer,"Austin, TX",2026-08-04
232,AWS,Cloud,Software Engineer,"Austin, TX",2026-08-04
232,Kubernetes,DevOps,Software Engineer,"Austin, TX",2026-08-04
232,Linux,DevOps,Software Engineer,"Austin, TX",2026-08-04
446,Python,Programming Language,Data Scientist,"Hyderabad, India",2026-08-04
446,SQL,Programming Language,Data Scientist,"Hyderabad, India",2026-08-04
446,Tableau,BI & Visualization,Data Scientist,"Hyderabad, India",2026-08-04
446,Machine Learning,Machine Learning & AI,Data Scientist,"Hyderabad, India",2026-08-04
446,Scikit-learn,Machine Learning & AI,Data Scientist,"Hyderabad, India",2026-08-04
446,Statistics,Analytics,Data Scientist,"Hyderabad, India",2026-08-04
1512,R,Programming Language,Data Scientist,"Denver, CO",2026-08-04
1512,Spark,Big Data,Data Scientist,"Denver, CO",2026-08-04
1512,Scikit-learn,Machine Learning & AI,Data Scientist,"Denver, CO",2026-08-04
1512,NLP,Machine Learning & AI,Data Scientist,"Denver, CO",2026-08-04
1512,Statistics,Analytics,Data Scientist,"Denver, CO",2026-08-04
1767,Azure,Cloud,ML Engineer,"New York, NY",2026-08-04
1767,Spark,Big Data,ML Engineer,"New York, NY",2026-08-04
1767,Machine Learning,Machine Learning & AI,ML Engineer,"New York, NY",2026-08-04
1767,TensorFlow,Machine Learning & AI,ML Engineer,"New York, NY",2026-08-04
1767,PyTorch,Machine Learning & AI,ML Engineer,"New York, NY",2026-08-04
133,Power BI,BI & Visualization,Data Analyst,"Mumbai, India",2026-08-05
133,Tableau,BI & Visualization,Data Analyst,"Mumbai, India",2026-08-05
133,Looker,BI & Visualization,Data Analyst,"Mumbai, India",2026-08-05
133,Git,DevOps,Data Analyst,"Mumbai, India",2026-08-05
248,JavaScript,Programming Language,Software Engineer,"New York, NY",2026-08-05
248,C++,Programming Language,Software Engineer,"New York, NY",2026-08-05
248,Docker,DevOps,Software Engineer,"New York, NY",2026-08-05
248,Linux,DevOps,Software Engineer,"New York, NY",2026-08-05
786,Python,Programming Language,ML Engineer,"Bengaluru, India",2026-08-05
786,Spark,Big Data,ML Engineer,"Bengaluru, India",2026-08-05
786,Docker,DevOps,ML Engineer,"Bengaluru, India",2026-08-05
786,Machine Learning,Machine Learning & AI,ML Engineer,"Bengaluru, India",2026-08-05
786,Computer Vision,Machine Learning & AI,ML Engineer,"Bengaluru, India",2026-08-05
1214,AWS,Cloud,Data Scientist,"New York, NY",2026-08-05
1214,Spark,Big Data,Data Scientist,"New York, NY",2026-08-05
1214,NLP,Machine Learning & AI,Data Scientist,"New York, NY",2026-08-05
1214,Statistics,Analytics,Data Scientist,"New York, NY",2026-08-05
1625,Python,Programming Language,Data Scientist,"London, UK",2026-08-05
1625,SQL,Programming Language,Data Scientist,"London, UK",2026-08-05
1625,Deep Learning,Machine Learning & AI,Data Scientist,"London, UK",2026-08-05
1625,PyTorch,Machine Learning & AI,Data Scientist,"London, UK",2026-08-05
1780,Python,Programming Language,ML Engineer,"Pune, India",2026-08-05
1780,Azure,Cloud,ML Engineer,"Pune, India",2026-08-05
1780,Docker,DevOps,ML Engineer,"Pune, India",2026-08-05
1780,Scikit-learn,Machine Learning & AI,ML Engineer,"Pune, India",2026-08-05
1780,NLP,Machine Learning & AI,ML Engineer,"Pune, India",2026-08-05
173,Python,Programming Language,Software Engineer,"Pune, India",2026-08-06
173,JavaScript,Programming Language,Software Engineer,"Pune, India",2026-08-06
173,AWS,Cloud,Software Engineer,"Pune, India",2026-08-06
173,Git,DevOps,Software Engineer,"Pune, India",2026-08-06
173,PostgreSQL,Databases,Software Engineer,"Pune, India",2026-08-06
173,Linux,DevOps,Software Engineer,"Pune, India",2026-08-06
669,Python,Programming Language,Data Analyst,"Bengaluru, India",2026-08-06
669,SQL,Programming Language,Data Analyst,"Bengaluru, India",2026-08-06
669,Power BI,BI & Visualization,Data Analyst,"Bengaluru, India",2026-08-06
669,Tableau,BI & Visualization,Data Analyst,"Bengaluru, India",2026-08-06
669,Git,DevOps,Data Analyst,"Bengaluru, India",2026-08-06
669,Statistics,Analytics,Data Analyst,"Bengaluru, India",2026-08-06
669,Data Warehousing,Data Engineering,Data Analyst,"Bengaluru, India",2026-08-06
1446,Python,Programming Language,Data Scientist,"New York, NY",2026-08-06
1446,SQL,Programming Language,Data Scientist,"New York, NY",2026-08-06
1446,AWS,Cloud,Data Scientist,"New York, NY",2026-08-06
1446,Computer Vision,Machine Learning & AI,Data Scientist,"New York, NY",2026-08-06
1446,Statistics,Analytics,Data Scientist,"New York, NY",2026-08-06
1569,Spark,Big Data,ML Engineer,Remote,2026-08-06
1569,Docker,DevOps,ML Engineer,Remote,2026-08-06
1569,Kubernetes,DevOps,ML Engineer,Remote,2026-08-06
1569,Machine Learning,Machine Learning & AI,ML Engineer,Remote,2026-08-06
1569,TensorFlow,Machine Learning & AI,ML Engineer,Remote,2026-08-06
1626,Python,Programming Language,Data Scientist,"Toronto, Canada",2026-08-06
1626,SQL,Programming Language,Data Scientist,"Toronto, Canada",2026-08-06
1626,Power BI,BI & Visualization,Data Scientist,"Toronto, Canada",2026-08-06
1626,TensorFlow,Machine Learning & AI,Data Scientist,"Toronto, Canada",2026-08-06
1626,PyTorch,Machine Learning & AI,Data Scientist,"Toronto, Canada",2026-08-06
1626,Statistics,Analytics,Data Scientist,"Toronto, Canada",2026-08-06
1843,Python,Programming Language,ML Engineer,"New York, NY",2026-08-06
1843,Airflow,Data Engineering,ML Engineer,"New York, NY",2026-08-06
1843,Docker,DevOps,ML Engineer,"New York, NY",2026-08-06
1843,Machine Learning,Machine Learning & AI,ML Engineer,"New York, NY",2026-08-06
1843,TensorFlow,Machine Learning & AI,ML Engineer,"New York, NY",2026-08-06
1843,PyTorch,Machine Learning & AI,ML Engineer,"New York, NY",2026-08-06
51,SQL,Programming Language,Data Scientist,"Dublin, Ireland",2026-08-07
51,Machine Learning,Machine Learning & AI,Data Scientist,"Dublin, Ireland",2026-08-07
51,PyTorch,Machine Learning & AI,Data Scientist,"Dublin, Ireland",2026-08-07
51,NLP,Machine Learning & AI,Data Scientist,"Dublin, Ireland",2026-08-07
51,Computer Vision,Machine Learning & AI,Data Scientist,"Dublin, Ireland",2026-08-07
148,Python,Programming Language,ML Engineer,"Seattle, WA",2026-08-07
148,AWS,Cloud,ML Engineer,"Seattle, WA",2026-08-07
148,Azure,Cloud,ML Engineer,"Seattle, WA",2026-08-07
148,Kubernetes,DevOps,ML Engineer,"Seattle, WA",2026-08-07
148,Git,DevOps,ML Engineer,"Seattle, WA",2026-08-07
148,Machine Learning,Machine Learning & AI,ML Engineer,"Seattle, WA",2026-08-07
148,PyTorch,Machine Learning & AI,ML Engineer,"Seattle, WA",2026-08-07
1980,Python,Programming Language,Software Engineer,Remote,2026-08-07
1980,SQL,Programming Language,Software Engineer,Remote,2026-08-07
1980,JavaScript,Programming Language,Software Engineer,Remote,2026-08-07
1980,MongoDB,Databases,Software Engineer,Remote,2026-08-07
1980,Linux,DevOps,Software Engineer,Remote,2026-08-07
1980,REST API,Software Engineering,Software Engineer,Remote,2026-08-07
1980,Agile,Soft Skills & Methodology,Software Engineer,Remote,2026-08-07
683,R,Programming Language,Data Analyst,Remote,2026-08-08
683,Power BI,BI & Visualization,Data Analyst,Remote,2026-08-08
683,Tableau,BI & Visualization,Data Analyst,Remote,2026-08-08
683,Looker,BI & Visualization,Data Analyst,Remote,2026-08-08
683,Statistics,Analytics,Data Analyst,Remote,2026-08-08
741,Docker,DevOps,Software Engineer,Remote,2026-08-08
741,Git,DevOps,Software Engineer,Remote,2026-08-08
741,NoSQL,Databases,Software Engineer,Remote,2026-08-08
741,REST API,Software Engineering,Software Engineer,Remote,2026-08-08
1461,Excel,BI & Visualization,Data Analyst,"New York, NY",2026-08-08
1461,Power BI,BI & Visualization,Data Analyst,"New York, NY",2026-08-08
1461,Looker,BI & Visualization,Data Analyst,"New York, NY",2026-08-08
1461,GCP,Cloud,Data Analyst,"New York, NY",2026-08-08
1461,Git,DevOps,Data Analyst,"New York, NY",2026-08-08
1539,Python,Programming Language,Software Engineer,"San Francisco, CA",2026-08-08
1539,SQL,Programming Language,Software Engineer,"San Francisco, CA",2026-08-08
1539,JavaScript,Programming Language,Software Engineer,"San Francisco, CA",2026-08-08
1539,REST API,Software Engineering,Software Engineer,"San Francisco, CA",2026-08-08
1539,Agile,Soft Skills & Methodology,Software Engineer,"San Francisco, CA",2026-08-08
1755,JavaScript,Programming Language,Software Engineer,Remote,2026-08-08
1755,C++,Programming Language,Software Engineer,Remote,2026-08-08
1755,AWS,Cloud,Software Engineer,Remote,2026-08-08
1755,Docker,DevOps,Software Engineer,Remote,2026-08-08
1755,REST API,Software Engineering,Software Engineer,Remote,2026-08-08
1755,Agile,Soft Skills & Methodology,Software Engineer,Remote,2026-08-08
113,R,Programming Language,Data Scientist,"Hyderabad, India",2026-08-09
113,SQL,Programming Language,Data Scientist,"Hyderabad, India",2026-08-09
113,Machine Learning,Machine Learning & AI,Data Scientist,"Hyderabad, India",2026-08-09
113,TensorFlow,Machine Learning & AI,Data Scientist,"Hyderabad, India",2026-08-09
113,Computer Vision,Machine Learning & AI,Data Scientist,"Hyderabad, India",2026-08-09
113,Statistics,Analytics,Data Scientist,"Hyderabad, India",2026-08-09
495,Python,Programming Language,Data Scientist,"Los Angeles, CA",2026-08-09
495,SQL,Programming Language,Data Scientist,"Los Angeles, CA",2026-08-09
495,Deep Learning,Machine Learning & AI,Data Scientist,"Los Angeles, CA",2026-08-09
495,Scikit-learn,Machine Learning & AI,Data Scientist,"Los Angeles, CA",2026-08-09
1505,SQL,Programming Language,Data Analyst,"Los Angeles, CA",2026-08-09
1505,Power BI,BI & Visualization,Data Analyst,"Los Angeles, CA",2026-08-09
1505,Git,DevOps,Data Analyst,"Los Angeles, CA",2026-08-09
1505,Statistics,Analytics,Data Analyst,"Los Angeles, CA",2026-08-09
1505,MongoDB,Databases,Data Analyst,"Los Angeles, CA",2026-08-09
1645,Python,Programming Language,Software Engineer,"Hyderabad, India",2026-08-09
1645,JavaScript,Programming Language,Software Engineer,"Hyderabad, India",2026-08-09
1645,C++,Programming Language,Software Engineer,"Hyderabad, India",2026-08-09
1645,Git,DevOps,Software Engineer,"Hyderabad, India",2026-08-09
20,Python,Programming Language,Software Engineer,"Boston, MA",2026-08-10
20,Docker,DevOps,Software Engineer,"Boston, MA",2026-08-10
20,Kubernetes,DevOps,Software Engineer,"Boston, MA",2026-08-10
20,Git,DevOps,Software Engineer,"Boston, MA",2026-08-10
701,Java,Programming Language,Software Engineer,"Austin, TX",2026-08-10
701,JavaScript,Programming Language,Software Engineer,"Austin, TX",2026-08-10
701,Kubernetes,DevOps,Software Engineer,"Austin, TX",2026-08-10
701,MongoDB,Databases,Software Engineer,"Austin, TX",2026-08-10
701,REST API,Software Engineering,Software Engineer,"Austin, TX",2026-08-10
701,Agile,Soft Skills & Methodology,Software Engineer,"Austin, TX",2026-08-10
1825,Python,Programming Language,ML Engineer,"Toronto, Canada",2026-08-10
1825,Spark,Big Data,ML Engineer,"Toronto, Canada",2026-08-10
1825,Docker,DevOps,ML Engineer,"Toronto, Canada",2026-08-10
1825,Machine Learning,Machine Learning & AI,ML Engineer,"Toronto, Canada",2026-08-10
1825,PyTorch,Machine Learning & AI,ML Engineer,"Toronto, Canada",2026-08-10
328,Python,Programming Language,Data Analyst,"Los Angeles, CA",2026-08-11
328,SQL,Programming Language,Data Analyst,"Los Angeles, CA",2026-08-11
328,Excel,BI & Visualization,Data Analyst,"Los Angeles, CA",2026-08-11
328,Tableau,BI & Visualization,Data Analyst,"Los Angeles, CA",2026-08-11
328,Looker,BI & Visualization,Data Analyst,"Los Angeles, CA",2026-08-11
328,A/B Testing,Analytics,Data Analyst,"Los Angeles, CA",2026-08-11
581,Python,Programming Language,Data Engineer,"Los Angeles, CA",2026-08-11
581,GCP,Cloud,Data Engineer,"Los Angeles, CA",2026-08-11
581,BigQuery,Cloud & Data Warehousing,Data Engineer,"Los Angeles, CA",2026-08-11
581,Spark,Big Data,Data Engineer,"Los Angeles, CA",2026-08-11
581,Kafka,Big Data,Data Engineer,"Los Angeles, CA",2026-08-11
581,Airflow,Data Engineering,Data Engineer,"Los Angeles, CA",2026-08-11
581,ETL,Data Engineering,Data Engineer,"Los Angeles, CA",2026-08-11
824,SQL,Programming Language,Data Scientist,"New York, NY",2026-08-11
824,AWS,Cloud,Data Scientist,"New York, NY",2026-08-11
824,Spark,Big Data,Data Scientist,"New York, NY",2026-08-11
824,Deep Learning,Machine Learning & AI,Data Scientist,"New York, NY",2026-08-11
824,PyTorch,Machine Learning & AI,Data Scientist,"New York, NY",2026-08-11
1441,SQL,Programming Language,Data Analyst,"San Francisco, CA",2026-08-11
1441,Excel,BI & Visualization,Data Analyst,"San Francisco, CA",2026-08-11
1441,Power BI,BI & Visualization,Data Analyst,"San Francisco, CA",2026-08-11
1441,Tableau,BI & Visualization,Data Analyst,"San Francisco, CA",2026-08-11
1441,Git,DevOps,Data Analyst,"San Francisco, CA",2026-08-11
1441,Statistics,Analytics,Data Analyst,"San Francisco, CA",2026-08-11
1441,ETL,Data Engineering,Data Analyst,"San Francisco, CA",2026-08-11
1694,SQL,Programming Language,Software Engineer,"Pune, India",2026-08-11
1694,Java,Programming Language,Software Engineer,"Pune, India",2026-08-11
1694,JavaScript,Programming Language,Software Engineer,"Pune, India",2026-08-11
1694,Docker,DevOps,Software Engineer,"Pune, India",2026-08-11
1694,Git,DevOps,Software Engineer,"Pune, India",2026-08-11
1694,MongoDB,Databases,Software Engineer,"Pune, India",2026-08-11
1737,Azure,Cloud,ML Engineer,"Denver, CO",2026-08-11
1737,Docker,DevOps,ML Engineer,"Denver, CO",2026-08-11
1737,Machine Learning,Machine Learning & AI,ML Engineer,"Denver, CO",2026-08-11
1737,Deep Learning,Machine Learning & AI,ML Engineer,"Denver, CO",2026-08-11
1737,TensorFlow,Machine Learning & AI,ML Engineer,"Denver, CO",2026-08-11
1737,PyTorch,Machine Learning & AI,ML Engineer,"Denver, CO",2026-08-11
1737,NLP,Machine Learning & AI,ML Engineer,"Denver, CO",2026-08-11
1861,Python,Programming Language,Data Scientist,"Seattle, WA",2026-08-11
1861,SQL,Programming Language,Data Scientist,"Seattle, WA",2026-08-11
1861,Tableau,BI & Visualization,Data Scientist,"Seattle, WA",2026-08-11
1861,Spark,Big Data,Data Scientist,"Seattle, WA",2026-08-11
1861,Machine Learning,Machine Learning & AI,Data Scientist,"Seattle, WA",2026-08-11
99,Docker,DevOps,ML Engineer,"Austin, TX",2026-08-12
99,Kubernetes,DevOps,ML Engineer,"Austin, TX",2026-08-12
99,Machine Learning,Machine Learning & AI,ML Engineer,"Austin, TX",2026-08-12
99,PyTorch,Machine Learning & AI,ML Engineer,"Austin, TX",2026-08-12
99,Computer Vision,Machine Learning & AI,ML Engineer,"Austin, TX",2026-08-12
636,Python,Programming Language,Data Engineer,"Austin, TX",2026-08-12
636,AWS,Cloud,Data Engineer,"Austin, TX",2026-08-12
636,Redshift,Cloud & Data Warehousing,Data Engineer,"Austin, TX",2026-08-12
636,BigQuery,Cloud & Data Warehousing,Data Engineer,"Austin, TX",2026-08-12
869,SQL,Programming Language,Data Analyst,"Pune, India",2026-08-12
869,Excel,BI & Visualization,Data Analyst,"Pune, India",2026-08-12
869,Power BI,BI & Visualization,Data Analyst,"Pune, India",2026-08-12
869,Statistics,Analytics,Data Analyst,"Pune, India",2026-08-12
869,Data Warehousing,Data Engineering,Data Analyst,"Pune, India",2026-08-12
1436,Python,Programming Language,Data Scientist,"Hyderabad, India",2026-08-12
1436,Tableau,BI & Visualization,Data Scientist,"Hyderabad, India",2026-08-12
1436,AWS,Cloud,Data Scientist,"Hyderabad, India",2026-08-12
1436,Deep Learning,Machine Learning & AI,Data Scientist,"Hyderabad, India",2026-08-12
1436,PyTorch,Machine Learning & AI,Data Scientist,"Hyderabad, India",2026-08-12
1436,A/B Testing,Analytics,Data Scientist,"Hyderabad, India",2026-08-12
652,SQL,Programming Language,Software Engineer,"Mumbai, India",2026-08-13
652,Java,Programming Language,Software Engineer,"Mumbai, India",2026-08-13
652,AWS,Cloud,Software Engineer,"Mumbai, India",2026-08-13
652,Git,DevOps,Software Engineer,"Mumbai, India",2026-08-13
652,PostgreSQL,Databases,Software Engineer,"Mumbai, India",2026-08-13
1149,AWS,Cloud,ML Engineer,"San Francisco, CA",2026-08-13
1149,Docker,DevOps,ML Engineer,"San Francisco, CA",2026-08-13
1149,TensorFlow,Machine Learning & AI,ML Engineer,"San Francisco, CA",2026-08-13
1149,NLP,Machine Learning & AI,ML Engineer,"San Francisco, CA",2026-08-13
1218,Python,Programming Language,Data Scientist,"Pune, India",2026-08-13
1218,SQL,Programming Language,Data Scientist,"Pune, India",2026-08-13
1218,AWS,Cloud,Data Scientist,"Pune, India",2026-08-13
1218,Machine Learning,Machine Learning & AI,Data Scientist,"Pune, India",2026-08-13
1218,Scikit-learn,Machine Learning & AI,Data Scientist,"Pune, India",2026-08-13
1218,Statistics,Analytics,Data Scientist,"Pune, India",2026-08-13
1218,A/B Testing,Analytics,Data Scientist,"Pune, India",2026-08-13
1335,Python,Programming Language,Data Analyst,"Denver, CO",2026-08-13
1335,SQL,Programming Language,Data Analyst,"Denver, CO",2026-08-13
1335,Excel,BI & Visualization,Data Analyst,"Denver, CO",2026-08-13
1335,Power BI,BI & Visualization,Data Analyst,"Denver, CO",2026-08-13
1335,Tableau,BI & Visualization,Data Analyst,"Denver, CO",2026-08-13
1371,SQL,Programming Language,Data Analyst,"New York, NY",2026-08-13
1371,Excel,BI & Visualization,Data Analyst,"New York, NY",2026-08-13
1371,A/B Testing,Analytics,Data Analyst,"New York, NY",2026-08-13
1371,MongoDB,Databases,Data Analyst,"New York, NY",2026-08-13
1729,SQL,Programming Language,Data Analyst,"Berlin, Germany",2026-08-13
1729,Excel,BI & Visualization,Data Analyst,"Berlin, Germany",2026-08-13
1729,Power BI,BI & Visualization,Data Analyst,"Berlin, Germany",2026-08-13
1729,Looker,BI & Visualization,Data Analyst,"Berlin, Germany",2026-08-13
1729,GCP,Cloud,Data Analyst,"Berlin, Germany",2026-08-13
1989,R,Programming Language,Data Analyst,"New York, NY",2026-08-13
1989,Excel,BI & Visualization,Data Analyst,"New York, NY",2026-08-13
1989,Power BI,BI & Visualization,Data Analyst,"New York, NY",2026-08-13
1989,Looker,BI & Visualization,Data Analyst,"New York, NY",2026-08-13
1989,Statistics,Analytics,Data Analyst,"New York, NY",2026-08-13
1989,ETL,Data Engineering,Data Analyst,"New York, NY",2026-08-13
290,Airflow,Data Engineering,ML Engineer,"Delhi, India",2026-08-14
290,Kubernetes,DevOps,ML Engineer,"Delhi, India",2026-08-14
290,Machine Learning,Machine Learning & AI,ML Engineer,"Delhi, India",2026-08-14
290,Deep Learning,Machine Learning & AI,ML Engineer,"Delhi, India",2026-08-14
290,TensorFlow,Machine Learning & AI,ML Engineer,"Delhi, India",2026-08-14
290,PyTorch,Machine Learning & AI,ML Engineer,"Delhi, India",2026-08-14
600,SQL,Programming Language,Software Engineer,"Denver, CO",2026-08-14
600,C++,Programming Language,Software Engineer,"Denver, CO",2026-08-14
600,Docker,DevOps,Software Engineer,"Denver, CO",2026-08-14
600,Git,DevOps,Software Engineer,"Denver, CO",2026-08-14
600,NoSQL,Databases,Software Engineer,"Denver, CO",2026-08-14
949,Kubernetes,DevOps,ML Engineer,"Chicago, IL",2026-08-14
949,Machine Learning,Machine Learning & AI,ML Engineer,"Chicago, IL",2026-08-14
949,Deep Learning,Machine Learning & AI,ML Engineer,"Chicago, IL",2026-08-14
949,Computer Vision,Machine Learning & AI,ML Engineer,"Chicago, IL",2026-08-14
1363,AWS,Cloud,ML Engineer,"Pune, India",2026-08-14
1363,Azure,Cloud,ML Engineer,"Pune, India",2026-08-14
1363,Docker,DevOps,ML Engineer,"Pune, India",2026-08-14
1363,Machine Learning,Machine Learning & AI,ML Engineer,"Pune, India",2026-08-14
1363,PyTorch,Machine Learning & AI,ML Engineer,"Pune, India",2026-08-14
1363,Scikit-learn,Machine Learning & AI,ML Engineer,"Pune, India",2026-08-14
1481,Python,Programming Language,Data Analyst,"New York, NY",2026-08-14
1481,SQL,Programming Language,Data Analyst,"New York, NY",2026-08-14
1481,Power BI,BI & Visualization,Data Analyst,"New York, NY",2026-08-14
1481,Looker,BI & Visualization,Data Analyst,"New York, NY",2026-08-14
1481,Data Warehousing,Data Engineering,Data Analyst,"New York, NY",2026-08-14
1730,C++,Programming Language,Software Engineer,"Mumbai, India",2026-08-14
1730,AWS,Cloud,Software Engineer,"Mumbai, India",2026-08-14
1730,Git,DevOps,Software Engineer,"Mumbai, India",2026-08-14
1730,MongoDB,Databases,Software Engineer,"Mumbai, India",2026-08-14
1730,PostgreSQL,Databases,Software Engineer,"Mumbai, India",2026-08-14
1730,REST API,Software Engineering,Software Engineer,"Mumbai, India",2026-08-14
1730,Agile,Soft Skills & Methodology,Software Engineer,"Mumbai, India",2026-08-14
1871,SQL,Programming Language,Data Scientist,"London, UK",2026-08-14
1871,Machine Learning,Machine Learning & AI,Data Scientist,"London, UK",2026-08-14
1871,Statistics,Analytics,Data Scientist,"London, UK",2026-08-14
1871,A/B Testing,Analytics,Data Scientist,"London, UK",2026-08-14
684,Python,Programming Language,ML Engineer,"Los Angeles, CA",2026-08-15
684,Spark,Big Data,ML Engineer,"Los Angeles, CA",2026-08-15
684,Docker,DevOps,ML Engineer,"Los Angeles, CA",2026-08-15
684,Machine Learning,Machine Learning & AI,ML Engineer,"Los Angeles, CA",2026-08-15
684,TensorFlow,Machine Learning & AI,ML Engineer,"Los Angeles, CA",2026-08-15
1126,SQL,Programming Language,Data Analyst,"New York, NY",2026-08-15
1126,Tableau,BI & Visualization,Data Analyst,"New York, NY",2026-08-15
1126,Looker,BI & Visualization,Data Analyst,"New York, NY",2026-08-15
1126,Statistics,Analytics,Data Analyst,"New York, NY",2026-08-15
1126,ETL,Data Engineering,Data Analyst,"New York, NY",2026-08-15
1284,Python,Programming Language,Data Scientist,"Delhi, India",2026-08-15
1284,SQL,Programming Language,Data Scientist,"Delhi, India",2026-08-15
1284,Machine Learning,Machine Learning & AI,Data Scientist,"Delhi, India",2026-08-15
1284,Deep Learning,Machine Learning & AI,Data Scientist,"Delhi, India",2026-08-15
1284,Scikit-learn,Machine Learning & AI,Data Scientist,"Delhi, India",2026-08-15
1284,Statistics,Analytics,Data Scientist,"Delhi, India",2026-08-15
1794,Python,Programming Language,Data Scientist,"Chicago, IL",2026-08-15
1794,Power BI,BI & Visualization,Data Scientist,"Chicago, IL",2026-08-15
1794,AWS,Cloud,Data Scientist,"Chicago, IL",2026-08-15
1794,Spark,Big Data,Data Scientist,"Chicago, IL",2026-08-15
1794,Machine Learning,Machine Learning & AI,Data Scientist,"Chicago, IL",2026-08-15
1794,Deep Learning,Machine Learning & AI,Data Scientist,"Chicago, IL",2026-08-15
1794,Statistics,Analytics,Data Scientist,"Chicago, IL",2026-08-15
623,Python,Programming Language,Data Engineer,"New York, NY",2026-08-16
623,Azure,Cloud,Data Engineer,"New York, NY",2026-08-16
623,Spark,Big Data,Data Engineer,"New York, NY",2026-08-16
623,NoSQL,Databases,Data Engineer,"New York, NY",2026-08-16
678,SQL,Programming Language,Data Engineer,"Seattle, WA",2026-08-16
678,Redshift,Cloud & Data Warehousing,Data Engineer,"Seattle, WA",2026-08-16
678,Spark,Big Data,Data Engineer,"Seattle, WA",2026-08-16
678,Airflow,Data Engineering,Data Engineer,"Seattle, WA",2026-08-16
678,Docker,DevOps,Data Engineer,"Seattle, WA",2026-08-16
678,NoSQL,Databases,Data Engineer,"Seattle, WA",2026-08-16
1248,Python,Programming Language,Data Scientist,"Mumbai, India",2026-08-16
1248,Machine Learning,Machine Learning & AI,Data Scientist,"Mumbai, India",2026-08-16
1248,PyTorch,Machine Learning & AI,Data Scientist,"Mumbai, India",2026-08-16
1248,Scikit-learn,Machine Learning & AI,Data Scientist,"Mumbai, India",2026-08-16
1248,NLP,Machine Learning & AI,Data Scientist,"Mumbai, India",2026-08-16
67,Python,Programming Language,Data Engineer,"Pune, India",2026-08-17
67,GCP,Cloud,Data Engineer,"Pune, India",2026-08-17
67,Snowflake,Cloud & Data Warehousing,Data Engineer,"Pune, India",2026-08-17
67,dbt,Data Engineering,Data Engineer,"Pune, India",2026-08-17
1460,Spark,Big Data,ML Engineer,"Hyderabad, India",2026-08-17
1460,Docker,DevOps,ML Engineer,"Hyderabad, India",2026-08-17
1460,TensorFlow,Machine Learning & AI,ML Engineer,"Hyderabad, India",2026-08-17
1460,PyTorch,Machine Learning & AI,ML Engineer,"Hyderabad, India",2026-08-17
1460,Scikit-learn,Machine Learning & AI,ML Engineer,"Hyderabad, India",2026-08-17
1556,Excel,BI & Visualization,Data Analyst,"Berlin, Germany",2026-08-17
1556,Power BI,BI & Visualization,Data Analyst,"Berlin, Germany",2026-08-17
1556,Git,DevOps,Data Analyst,"Berlin, Germany",2026-08-17
1556,Statistics,Analytics,Data Analyst,"Berlin, Germany",2026-08-17
1556,A/B Testing,Analytics,Data Analyst,"Berlin, Germany",2026-08-17
1556,Data Warehousing,Data Engineering,Data Analyst,"Berlin, Germany",2026-08-17
1935,Python,Programming Language,Data Scientist,Remote,2026-08-17
1935,Spark,Big Data,Data Scientist,Remote,2026-08-17
1935,NLP,Machine Learning & AI,Data Scientist,Remote,2026-08-17
1935,Statistics,Analytics,Data Scientist,Remote,2026-08-17
1935,A/B Testing,Analytics,Data Scientist,Remote,2026-08-17
124,Snowflake,Cloud & Data Warehousing,Data Engineer,"Chicago, IL",2026-08-18
124,BigQuery,Cloud & Data Warehousing,Data Engineer,"Chicago, IL",2026-08-18
124,Spark,Big Data,Data Engineer,"Chicago, IL",2026-08-18
124,Hadoop,Big Data,Data Engineer,"Chicago, IL",2026-08-18
124,dbt,Data Engineering,Data Engineer,"Chicago, IL",2026-08-18
124,ETL,Data Engineering,Data Engineer,"Chicago, IL",2026-08-18
299,Spark,Big Data,ML Engineer,"Atlanta, GA",2026-08-18
299,Git,DevOps,ML Engineer,"Atlanta, GA",2026-08-18
299,Deep Learning,Machine Learning & AI,ML Engineer,"Atlanta, GA",2026-08-18
299,TensorFlow,Machine Learning & AI,ML Engineer,"Atlanta, GA",2026-08-18
299,PyTorch,Machine Learning & AI,ML Engineer,"Atlanta, GA",2026-08-18
299,NLP,Machine Learning & AI,ML Engineer,"Atlanta, GA",2026-08-18
469,Python,Programming Language,Software Engineer,"New York, NY",2026-08-18
469,AWS,Cloud,Software Engineer,"New York, NY",2026-08-18
469,Docker,DevOps,Software Engineer,"New York, NY",2026-08-18
469,Git,DevOps,Software Engineer,"New York, NY",2026-08-18
469,MongoDB,Databases,Software Engineer,"New York, NY",2026-08-18
469,PostgreSQL,Databases,Software Engineer,"New York, NY",2026-08-18
469,Agile,Soft Skills & Methodology,Software Engineer,"New York, NY",2026-08-18
547,R,Programming Language,Data Analyst,"Pune, India",2026-08-18
547,SQL,Programming Language,Data Analyst,"Pune, India",2026-08-18
547,Excel,BI & Visualization,Data Analyst,"Pune, India",2026-08-18
547,Looker,BI & Visualization,Data Analyst,"Pune, India",2026-08-18
547,GCP,Cloud,Data Analyst,"Pune, India",2026-08-18
547,Data Warehousing,Data Engineering,Data Analyst,"Pune, India",2026-08-18
1261,Python,Programming Language,Data Engineer,"Pune, India",2026-08-18
1261,AWS,Cloud,Data Engineer,"Pune, India",2026-08-18
1261,Azure,Cloud,Data Engineer,"Pune, India",2026-08-18
1261,Redshift,Cloud & Data Warehousing,Data Engineer,"Pune, India",2026-08-18
1261,dbt,Data Engineering,Data Engineer,"Pune, India",2026-08-18
1261,ETL,Data Engineering,Data Engineer,"Pune, India",2026-08-18
676,Python,Programming Language,Data Engineer,"Boston, MA",2026-08-19
676,Snowflake,Cloud & Data Warehousing,Data Engineer,"Boston, MA",2026-08-19
676,Spark,Big Data,Data Engineer,"Boston, MA",2026-08-19
676,ETL,Data Engineering,Data Engineer,"Boston, MA",2026-08-19
676,NoSQL,Databases,Data Engineer,"Boston, MA",2026-08-19
782,SQL,Programming Language,Data Scientist,Remote,2026-08-19
782,Deep Learning,Machine Learning & AI,Data Scientist,Remote,2026-08-19
782,TensorFlow,Machine Learning & AI,Data Scientist,Remote,2026-08-19
782,A/B Testing,Analytics,Data Scientist,Remote,2026-08-19
1717,Docker,DevOps,ML Engineer,"Austin, TX",2026-08-19
1717,TensorFlow,Machine Learning & AI,ML Engineer,"Austin, TX",2026-08-19
1717,PyTorch,Machine Learning & AI,ML Engineer,"Austin, TX",2026-08-19
1717,Scikit-learn,Machine Learning & AI,ML Engineer,"Austin, TX",2026-08-19
1717,NLP,Machine Learning & AI,ML Engineer,"Austin, TX",2026-08-19
